<?xml version="1.0" encoding="utf-8" ?>
<kml xmlns="http://www.opengis.net/kml/2.2">
<Document id="root_doc">
<Schema name="bike_lanes_check" id="bike_lanes_check">
	<SimpleField name="WKT" type="string"></SimpleField>
	<SimpleField name="שם" type="int"></SimpleField>
	<SimpleField name="תיאור" type="int"></SimpleField>
	<SimpleField name="PartName" type="string"></SimpleField>
	<SimpleField name="StreetName" type="string"></SimpleField>
	<SimpleField name="status_tex" type="string"></SimpleField>
	<SimpleField name="openyear_n" type="string"></SimpleField>
	<SimpleField name="BPHTtype" type="int"></SimpleField>
	<SimpleField name="usable" type="int"></SimpleField>
	<SimpleField name="infra" type="int"></SimpleField>
	<SimpleField name="roadtype" type="int"></SimpleField>
	<SimpleField name="BPHdir" type="float"></SimpleField>
	<SimpleField name="BPHplace" type="float"></SimpleField>
	<SimpleField name="DIRtype" type="int"></SimpleField>
	<SimpleField name="DIRTraffic" type="int"></SimpleField>
	<SimpleField name="TOPOLOGY" type="int"></SimpleField>
	<SimpleField name="DIV_Veh" type="int"></SimpleField>
	<SimpleField name="DIV_Walk" type="int"></SimpleField>
	<SimpleField name="Signpost" type="int"></SimpleField>
	<SimpleField name="Parking" type="int"></SimpleField>
	<SimpleField name="LEVEL_" type="int"></SimpleField>
	<SimpleField name="PAINT" type="int"></SimpleField>
	<SimpleField name="TREES" type="int"></SimpleField>
	<SimpleField name="remarks" type="string"></SimpleField>
	<SimpleField name="globalID" type="string"></SimpleField>
	<SimpleField name="id" type="int"></SimpleField>
	<SimpleField name="GlobalID_2" type="string"></SimpleField>
	<SimpleField name="CreationDa" type="string"></SimpleField>
	<SimpleField name="Creator" type="string"></SimpleField>
	<SimpleField name="EditDate" type="string"></SimpleField>
	<SimpleField name="Editor" type="string"></SimpleField>
	<SimpleField name="Shape__Len" type="string"></SimpleField>
	<SimpleField name="Link" type="string"></SimpleField>
	<SimpleField name="Framework" type="string"></SimpleField>
	<SimpleField name="Engineer" type="string"></SimpleField>
	<SimpleField name="Director" type="string"></SimpleField>
	<SimpleField name="Architect" type="string"></SimpleField>
	<SimpleField name="respons" type="string"></SimpleField>
	<SimpleField name="V39" type="string"></SimpleField>
</Schema>
<Folder><name>bike_lanes_check</name>
  <Placemark>
	<name></name>
	<description>תיאור: &lt;br&gt;PartName: קק&quot;ל&lt;br&gt;StreetName: קק&quot;ל&lt;br&gt;status_tex: בדיקת היתכנות&lt;br&gt;openyear_n: 0&lt;br&gt;BPHTtype: 0&lt;br&gt;usable: 0&lt;br&gt;infra: 0&lt;br&gt;roadtype: 0&lt;br&gt;BPHdir: 0.00000000000&lt;br&gt;BPHplace: 0&lt;br&gt;DIRtype: 0&lt;br&gt;DIRTraffic: 0&lt;br&gt;TOPOLOGY: 0&lt;br&gt;DIV_Veh: 0&lt;br&gt;DIV_Walk: 0&lt;br&gt;Signpost: 0&lt;br&gt;Parking: 0&lt;br&gt;LEVEL_: 0&lt;br&gt;PAINT: 0&lt;br&gt;TREES: 0&lt;br&gt;remarks: מתוכנן כדרך משולבת&lt;br&gt;globalID: 0&lt;br&gt;id: 0&lt;br&gt;GlobalID_2: {c9f2a252-987c-4760-9c95-4575c612d643}&lt;br&gt;CreationDa: &lt;br&gt;Creator: &lt;br&gt;EditDate: &lt;br&gt;Editor: &lt;br&gt;Shape__Len: 81.96291187210&lt;br&gt;Link: https://jtmt.sharepoint.com/:b:/r/sites/ModelsDepartment/StrategicPlanningDepartment/DocLib1/%D7%A4%D7%A8%D7%95%D7%99%D7%99%D7%A7%D7%98%D7%99%D7%9D%20%D7%90%D7%95%D7%A4%D7%A0%D7%99%D7%99%D7%9D/%D7%A2%D7%99%D7%A8%D7%99%D7%99%D7%94/%D7%A2%D7%99%D7%A8%D7%99&lt;br&gt;Framework: בדיקת היתכנות&lt;br&gt;Engineer: &lt;br&gt;Director: רולי פלד&lt;br&gt;Architect: &lt;br&gt;respons: אורן</description>
	<Style><LineStyle><color>ff0000ff</color></LineStyle><PolyStyle><fill>0</fill></PolyStyle></Style>
	<ExtendedData><SchemaData schemaUrl="#bike_lanes_check">
		<SimpleData name="WKT">LINESTRING (35.21531 31.776922, 35.215787 31.777038, 35.216146 31.777113)</SimpleData>
		<SimpleData name="PartName">קק&quot;ל</SimpleData>
		<SimpleData name="StreetName">קק&quot;ל</SimpleData>
		<SimpleData name="status_tex">בדיקת היתכנות</SimpleData>
		<SimpleData name="openyear_n">0</SimpleData>
		<SimpleData name="BPHTtype">0</SimpleData>
		<SimpleData name="usable">0</SimpleData>
		<SimpleData name="infra">0</SimpleData>
		<SimpleData name="roadtype">0</SimpleData>
		<SimpleData name="BPHdir">0</SimpleData>
		<SimpleData name="BPHplace">0</SimpleData>
		<SimpleData name="DIRtype">0</SimpleData>
		<SimpleData name="DIRTraffic">0</SimpleData>
		<SimpleData name="TOPOLOGY">0</SimpleData>
		<SimpleData name="DIV_Veh">0</SimpleData>
		<SimpleData name="DIV_Walk">0</SimpleData>
		<SimpleData name="Signpost">0</SimpleData>
		<SimpleData name="Parking">0</SimpleData>
		<SimpleData name="LEVEL_">0</SimpleData>
		<SimpleData name="PAINT">0</SimpleData>
		<SimpleData name="TREES">0</SimpleData>
		<SimpleData name="remarks">מתוכנן כדרך משולבת</SimpleData>
		<SimpleData name="globalID">0</SimpleData>
		<SimpleData name="id">0</SimpleData>
		<SimpleData name="GlobalID_2">{c9f2a252-987c-4760-9c95-4575c612d643}</SimpleData>
		<SimpleData name="CreationDa"></SimpleData>
		<SimpleData name="Creator"></SimpleData>
		<SimpleData name="EditDate"></SimpleData>
		<SimpleData name="Editor"></SimpleData>
		<SimpleData name="Shape__Len">81.96291187210</SimpleData>
		<SimpleData name="Link">https://jtmt.sharepoint.com/:b:/r/sites/ModelsDepartment/StrategicPlanningDepartment/DocLib1/%D7%A4%D7%A8%D7%95%D7%99%D7%99%D7%A7%D7%98%D7%99%D7%9D%20%D7%90%D7%95%D7%A4%D7%A0%D7%99%D7%99%D7%9D/%D7%A2%D7%99%D7%A8%D7%99%D7%99%D7%94/%D7%A2%D7%99%D7%A8%D7%99</SimpleData>
		<SimpleData name="Framework">בדיקת היתכנות</SimpleData>
		<SimpleData name="Engineer"></SimpleData>
		<SimpleData name="Director">רולי פלד</SimpleData>
		<SimpleData name="Architect"></SimpleData>
		<SimpleData name="respons">אורן</SimpleData>
		<SimpleData name="V39"></SimpleData>
	</SchemaData></ExtendedData>
      <MultiGeometry><LineString><coordinates>35.21531,31.776922,0 35.215787,31.777038,0 35.216146,31.777113,0</coordinates></LineString></MultiGeometry>
  </Placemark>
  <Placemark>
	<name></name>
	<description>תיאור: &lt;br&gt;PartName: קק&quot;ל&lt;br&gt;StreetName: קק&quot;ל&lt;br&gt;status_tex: בדיקת היתכנות&lt;br&gt;openyear_n: 0&lt;br&gt;BPHTtype: 0&lt;br&gt;usable: 0&lt;br&gt;infra: 0&lt;br&gt;roadtype: 0&lt;br&gt;BPHdir: 0.00000000000&lt;br&gt;BPHplace: 0&lt;br&gt;DIRtype: 0&lt;br&gt;DIRTraffic: 0&lt;br&gt;TOPOLOGY: 0&lt;br&gt;DIV_Veh: 0&lt;br&gt;DIV_Walk: 0&lt;br&gt;Signpost: 0&lt;br&gt;Parking: 0&lt;br&gt;LEVEL_: 0&lt;br&gt;PAINT: 0&lt;br&gt;TREES: 0&lt;br&gt;remarks: משולב דרך משולבת ונתיב&lt;br&gt;globalID: 0&lt;br&gt;id: 0&lt;br&gt;GlobalID_2: {fb770a34-45da-4b89-a249-8eca44c64ba3}&lt;br&gt;CreationDa: &lt;br&gt;Creator: &lt;br&gt;EditDate: &lt;br&gt;Editor: &lt;br&gt;Shape__Len: 237.71408644300&lt;br&gt;Link: https://jtmt.sharepoint.com/:b:/r/sites/ModelsDepartment/StrategicPlanningDepartment/DocLib1/%D7%A4%D7%A8%D7%95%D7%99%D7%99%D7%A7%D7%98%D7%99%D7%9D%20%D7%90%D7%95%D7%A4%D7%A0%D7%99%D7%99%D7%9D/%D7%A2%D7%99%D7%A8%D7%99%D7%99%D7%94/%D7%A2%D7%99%D7%A8%D7%99&lt;br&gt;Framework: בדיקת היתכנות&lt;br&gt;Engineer: &lt;br&gt;Director: רולי פלד&lt;br&gt;Architect: &lt;br&gt;respons: אורן</description>
	<Style><LineStyle><color>ff0000ff</color></LineStyle><PolyStyle><fill>0</fill></PolyStyle></Style>
	<ExtendedData><SchemaData schemaUrl="#bike_lanes_check">
		<SimpleData name="WKT">LINESTRING (35.210648 31.776801, 35.211126 31.776805, 35.211554 31.776814, 35.212412 31.776839, 35.213057 31.776814, 35.213148 31.776781)</SimpleData>
		<SimpleData name="PartName">קק&quot;ל</SimpleData>
		<SimpleData name="StreetName">קק&quot;ל</SimpleData>
		<SimpleData name="status_tex">בדיקת היתכנות</SimpleData>
		<SimpleData name="openyear_n">0</SimpleData>
		<SimpleData name="BPHTtype">0</SimpleData>
		<SimpleData name="usable">0</SimpleData>
		<SimpleData name="infra">0</SimpleData>
		<SimpleData name="roadtype">0</SimpleData>
		<SimpleData name="BPHdir">0</SimpleData>
		<SimpleData name="BPHplace">0</SimpleData>
		<SimpleData name="DIRtype">0</SimpleData>
		<SimpleData name="DIRTraffic">0</SimpleData>
		<SimpleData name="TOPOLOGY">0</SimpleData>
		<SimpleData name="DIV_Veh">0</SimpleData>
		<SimpleData name="DIV_Walk">0</SimpleData>
		<SimpleData name="Signpost">0</SimpleData>
		<SimpleData name="Parking">0</SimpleData>
		<SimpleData name="LEVEL_">0</SimpleData>
		<SimpleData name="PAINT">0</SimpleData>
		<SimpleData name="TREES">0</SimpleData>
		<SimpleData name="remarks">משולב דרך משולבת ונתיב</SimpleData>
		<SimpleData name="globalID">0</SimpleData>
		<SimpleData name="id">0</SimpleData>
		<SimpleData name="GlobalID_2">{fb770a34-45da-4b89-a249-8eca44c64ba3}</SimpleData>
		<SimpleData name="CreationDa"></SimpleData>
		<SimpleData name="Creator"></SimpleData>
		<SimpleData name="EditDate"></SimpleData>
		<SimpleData name="Editor"></SimpleData>
		<SimpleData name="Shape__Len">237.71408644300</SimpleData>
		<SimpleData name="Link">https://jtmt.sharepoint.com/:b:/r/sites/ModelsDepartment/StrategicPlanningDepartment/DocLib1/%D7%A4%D7%A8%D7%95%D7%99%D7%99%D7%A7%D7%98%D7%99%D7%9D%20%D7%90%D7%95%D7%A4%D7%A0%D7%99%D7%99%D7%9D/%D7%A2%D7%99%D7%A8%D7%99%D7%99%D7%94/%D7%A2%D7%99%D7%A8%D7%99</SimpleData>
		<SimpleData name="Framework">בדיקת היתכנות</SimpleData>
		<SimpleData name="Engineer"></SimpleData>
		<SimpleData name="Director">רולי פלד</SimpleData>
		<SimpleData name="Architect"></SimpleData>
		<SimpleData name="respons">אורן</SimpleData>
		<SimpleData name="V39"></SimpleData>
	</SchemaData></ExtendedData>
      <MultiGeometry><LineString><coordinates>35.210648,31.776801,0 35.211126,31.776805,0 35.211554,31.776814,0 35.212412,31.776839,0 35.213057,31.776814,0 35.213148,31.776781,0</coordinates></LineString></MultiGeometry>
  </Placemark>
  <Placemark>
	<name></name>
	<description>תיאור: &lt;br&gt;PartName: נרקיס מזרחי&lt;br&gt;StreetName: נרקיס&lt;br&gt;status_tex: בדיקת היתכנות&lt;br&gt;openyear_n: 0&lt;br&gt;BPHTtype: 0&lt;br&gt;usable: 0&lt;br&gt;infra: 0&lt;br&gt;roadtype: 0&lt;br&gt;BPHdir: 0.00000000000&lt;br&gt;BPHplace: 0&lt;br&gt;DIRtype: 0&lt;br&gt;DIRTraffic: 0&lt;br&gt;TOPOLOGY: 0&lt;br&gt;DIV_Veh: 0&lt;br&gt;DIV_Walk: 0&lt;br&gt;Signpost: 0&lt;br&gt;Parking: 0&lt;br&gt;LEVEL_: 0&lt;br&gt;PAINT: 0&lt;br&gt;TREES: 0&lt;br&gt;remarks: מתוכנן כדרך משולבת&lt;br&gt;globalID: 0&lt;br&gt;id: 0&lt;br&gt;GlobalID_2: {d3607275-a81b-42b7-82d8-d3425606bd52}&lt;br&gt;CreationDa: &lt;br&gt;Creator: &lt;br&gt;EditDate: &lt;br&gt;Editor: &lt;br&gt;Shape__Len: 203.34459321500&lt;br&gt;Link: https://jtmt.sharepoint.com/:b:/r/sites/ModelsDepartment/StrategicPlanningDepartment/DocLib1/%D7%A4%D7%A8%D7%95%D7%99%D7%99%D7%A7%D7%98%D7%99%D7%9D%20%D7%90%D7%95%D7%A4%D7%A0%D7%99%D7%99%D7%9D/%D7%A2%D7%99%D7%A8%D7%99%D7%99%D7%94/%D7%A2%D7%99%D7%A8%D7%99&lt;br&gt;Framework: בדיקת היתכנות&lt;br&gt;Engineer: &lt;br&gt;Director: רולי פלד&lt;br&gt;Architect: &lt;br&gt;respons: אורן</description>
	<Style><LineStyle><color>ff0000ff</color></LineStyle><PolyStyle><fill>0</fill></PolyStyle></Style>
	<ExtendedData><SchemaData schemaUrl="#bike_lanes_check">
		<SimpleData name="WKT">LINESTRING (35.212395 31.779119, 35.212685 31.779066, 35.212937 31.779051, 35.213381 31.7791, 35.213863 31.779196, 35.214506 31.779303)</SimpleData>
		<SimpleData name="PartName">נרקיס מזרחי</SimpleData>
		<SimpleData name="StreetName">נרקיס</SimpleData>
		<SimpleData name="status_tex">בדיקת היתכנות</SimpleData>
		<SimpleData name="openyear_n">0</SimpleData>
		<SimpleData name="BPHTtype">0</SimpleData>
		<SimpleData name="usable">0</SimpleData>
		<SimpleData name="infra">0</SimpleData>
		<SimpleData name="roadtype">0</SimpleData>
		<SimpleData name="BPHdir">0</SimpleData>
		<SimpleData name="BPHplace">0</SimpleData>
		<SimpleData name="DIRtype">0</SimpleData>
		<SimpleData name="DIRTraffic">0</SimpleData>
		<SimpleData name="TOPOLOGY">0</SimpleData>
		<SimpleData name="DIV_Veh">0</SimpleData>
		<SimpleData name="DIV_Walk">0</SimpleData>
		<SimpleData name="Signpost">0</SimpleData>
		<SimpleData name="Parking">0</SimpleData>
		<SimpleData name="LEVEL_">0</SimpleData>
		<SimpleData name="PAINT">0</SimpleData>
		<SimpleData name="TREES">0</SimpleData>
		<SimpleData name="remarks">מתוכנן כדרך משולבת</SimpleData>
		<SimpleData name="globalID">0</SimpleData>
		<SimpleData name="id">0</SimpleData>
		<SimpleData name="GlobalID_2">{d3607275-a81b-42b7-82d8-d3425606bd52}</SimpleData>
		<SimpleData name="CreationDa"></SimpleData>
		<SimpleData name="Creator"></SimpleData>
		<SimpleData name="EditDate"></SimpleData>
		<SimpleData name="Editor"></SimpleData>
		<SimpleData name="Shape__Len">203.34459321500</SimpleData>
		<SimpleData name="Link">https://jtmt.sharepoint.com/:b:/r/sites/ModelsDepartment/StrategicPlanningDepartment/DocLib1/%D7%A4%D7%A8%D7%95%D7%99%D7%99%D7%A7%D7%98%D7%99%D7%9D%20%D7%90%D7%95%D7%A4%D7%A0%D7%99%D7%99%D7%9D/%D7%A2%D7%99%D7%A8%D7%99%D7%99%D7%94/%D7%A2%D7%99%D7%A8%D7%99</SimpleData>
		<SimpleData name="Framework">בדיקת היתכנות</SimpleData>
		<SimpleData name="Engineer"></SimpleData>
		<SimpleData name="Director">רולי פלד</SimpleData>
		<SimpleData name="Architect"></SimpleData>
		<SimpleData name="respons">אורן</SimpleData>
		<SimpleData name="V39"></SimpleData>
	</SchemaData></ExtendedData>
      <MultiGeometry><LineString><coordinates>35.212395,31.779119,0 35.212685,31.779066,0 35.212937,31.779051,0 35.213381,31.7791,0 35.213863,31.779196,0 35.214506,31.779303,0</coordinates></LineString></MultiGeometry>
  </Placemark>
  <Placemark>
	<name></name>
	<description>תיאור: &lt;br&gt;PartName: מעלות&lt;br&gt;StreetName: מעלות&lt;br&gt;status_tex: בדיקת היתכנות&lt;br&gt;openyear_n: 0&lt;br&gt;BPHTtype: 0&lt;br&gt;usable: 0&lt;br&gt;infra: 0&lt;br&gt;roadtype: 0&lt;br&gt;BPHdir: 0.00000000000&lt;br&gt;BPHplace: 0&lt;br&gt;DIRtype: 0&lt;br&gt;DIRTraffic: 0&lt;br&gt;TOPOLOGY: 0&lt;br&gt;DIV_Veh: 0&lt;br&gt;DIV_Walk: 0&lt;br&gt;Signpost: 0&lt;br&gt;Parking: 0&lt;br&gt;LEVEL_: 0&lt;br&gt;PAINT: 0&lt;br&gt;TREES: 0&lt;br&gt;remarks: מתוכנן כדרך משולבת&lt;br&gt;globalID: 0&lt;br&gt;id: 0&lt;br&gt;GlobalID_2: {ec6b4f79-8fea-4fe5-9ee6-d09131cd338b}&lt;br&gt;CreationDa: &lt;br&gt;Creator: &lt;br&gt;EditDate: &lt;br&gt;Editor: &lt;br&gt;Shape__Len: 96.83217521560&lt;br&gt;Link: https://jtmt.sharepoint.com/:b:/r/sites/ModelsDepartment/StrategicPlanningDepartment/DocLib1/%D7%A4%D7%A8%D7%95%D7%99%D7%99%D7%A7%D7%98%D7%99%D7%9D%20%D7%90%D7%95%D7%A4%D7%A0%D7%99%D7%99%D7%9D/%D7%A2%D7%99%D7%A8%D7%99%D7%99%D7%94/%D7%A2%D7%99%D7%A8%D7%99&lt;br&gt;Framework: בדיקת היתכנות&lt;br&gt;Engineer: &lt;br&gt;Director: רולי פלד&lt;br&gt;Architect: &lt;br&gt;respons: אורן</description>
	<Style><LineStyle><color>ff0000ff</color></LineStyle><PolyStyle><fill>0</fill></PolyStyle></Style>
	<ExtendedData><SchemaData schemaUrl="#bike_lanes_check">
		<SimpleData name="WKT">LINESTRING (35.214658 31.779348, 35.21513 31.779372, 35.215678 31.779339)</SimpleData>
		<SimpleData name="PartName">מעלות</SimpleData>
		<SimpleData name="StreetName">מעלות</SimpleData>
		<SimpleData name="status_tex">בדיקת היתכנות</SimpleData>
		<SimpleData name="openyear_n">0</SimpleData>
		<SimpleData name="BPHTtype">0</SimpleData>
		<SimpleData name="usable">0</SimpleData>
		<SimpleData name="infra">0</SimpleData>
		<SimpleData name="roadtype">0</SimpleData>
		<SimpleData name="BPHdir">0</SimpleData>
		<SimpleData name="BPHplace">0</SimpleData>
		<SimpleData name="DIRtype">0</SimpleData>
		<SimpleData name="DIRTraffic">0</SimpleData>
		<SimpleData name="TOPOLOGY">0</SimpleData>
		<SimpleData name="DIV_Veh">0</SimpleData>
		<SimpleData name="DIV_Walk">0</SimpleData>
		<SimpleData name="Signpost">0</SimpleData>
		<SimpleData name="Parking">0</SimpleData>
		<SimpleData name="LEVEL_">0</SimpleData>
		<SimpleData name="PAINT">0</SimpleData>
		<SimpleData name="TREES">0</SimpleData>
		<SimpleData name="remarks">מתוכנן כדרך משולבת</SimpleData>
		<SimpleData name="globalID">0</SimpleData>
		<SimpleData name="id">0</SimpleData>
		<SimpleData name="GlobalID_2">{ec6b4f79-8fea-4fe5-9ee6-d09131cd338b}</SimpleData>
		<SimpleData name="CreationDa"></SimpleData>
		<SimpleData name="Creator"></SimpleData>
		<SimpleData name="EditDate"></SimpleData>
		<SimpleData name="Editor"></SimpleData>
		<SimpleData name="Shape__Len">96.83217521560</SimpleData>
		<SimpleData name="Link">https://jtmt.sharepoint.com/:b:/r/sites/ModelsDepartment/StrategicPlanningDepartment/DocLib1/%D7%A4%D7%A8%D7%95%D7%99%D7%99%D7%A7%D7%98%D7%99%D7%9D%20%D7%90%D7%95%D7%A4%D7%A0%D7%99%D7%99%D7%9D/%D7%A2%D7%99%D7%A8%D7%99%D7%99%D7%94/%D7%A2%D7%99%D7%A8%D7%99</SimpleData>
		<SimpleData name="Framework">בדיקת היתכנות</SimpleData>
		<SimpleData name="Engineer"></SimpleData>
		<SimpleData name="Director">רולי פלד</SimpleData>
		<SimpleData name="Architect"></SimpleData>
		<SimpleData name="respons">אורן</SimpleData>
		<SimpleData name="V39"></SimpleData>
	</SchemaData></ExtendedData>
      <MultiGeometry><LineString><coordinates>35.214658,31.779348,0 35.21513,31.779372,0 35.215678,31.779339,0</coordinates></LineString></MultiGeometry>
  </Placemark>
  <Placemark>
	<name></name>
	<description>תיאור: &lt;br&gt;PartName: רבקה&lt;br&gt;StreetName: רבקה&lt;br&gt;status_tex: בדיקת היתכנות&lt;br&gt;openyear_n: 0&lt;br&gt;BPHTtype: 0&lt;br&gt;usable: 0&lt;br&gt;infra: 0&lt;br&gt;roadtype: 0&lt;br&gt;BPHdir: 0.00000000000&lt;br&gt;BPHplace: 0&lt;br&gt;DIRtype: 0&lt;br&gt;DIRTraffic: 0&lt;br&gt;TOPOLOGY: 0&lt;br&gt;DIV_Veh: 0&lt;br&gt;DIV_Walk: 0&lt;br&gt;Signpost: 0&lt;br&gt;Parking: 0&lt;br&gt;LEVEL_: 0&lt;br&gt;PAINT: 0&lt;br&gt;TREES: 0&lt;br&gt;remarks: מאיץ ד - לקראת תכנון מפורט. נעשתה בדיקת היתכנות&lt;br&gt;globalID: 0&lt;br&gt;id: 0&lt;br&gt;GlobalID_2: {48043596-6426-42c8-bad6-00d5b6f90926}&lt;br&gt;CreationDa: &lt;br&gt;Creator: &lt;br&gt;EditDate: &lt;br&gt;Editor: &lt;br&gt;Shape__Len: 186.76708495400&lt;br&gt;Link: https://jtmt.sharepoint.com/:p:/r/sites/ModelsDepartment/StrategicPlanningDepartment/DocLib1/%D7%A4%D7%A8%D7%95%D7%99%D7%99%D7%A7%D7%98%D7%99%D7%9D%20%D7%90%D7%95%D7%A4%D7%A0%D7%99%D7%99%D7%9D/%D7%AA%D7%9B%D7%A0%D7%99%D7%95%D7%AA%20%D7%9C%D7%9E%D7%99%D7%&lt;br&gt;Framework: מאיץ ד&lt;br&gt;Engineer: &lt;br&gt;Director: &lt;br&gt;Architect: &lt;br&gt;respons: אורן</description>
	<Style><LineStyle><color>ff0000ff</color></LineStyle><PolyStyle><fill>0</fill></PolyStyle></Style>
	<ExtendedData><SchemaData schemaUrl="#bike_lanes_check">
		<SimpleData name="WKT">LINESTRING (35.219499 31.754087, 35.218616 31.754424, 35.217687 31.75475)</SimpleData>
		<SimpleData name="PartName">רבקה</SimpleData>
		<SimpleData name="StreetName">רבקה</SimpleData>
		<SimpleData name="status_tex">בדיקת היתכנות</SimpleData>
		<SimpleData name="openyear_n">0</SimpleData>
		<SimpleData name="BPHTtype">0</SimpleData>
		<SimpleData name="usable">0</SimpleData>
		<SimpleData name="infra">0</SimpleData>
		<SimpleData name="roadtype">0</SimpleData>
		<SimpleData name="BPHdir">0</SimpleData>
		<SimpleData name="BPHplace">0</SimpleData>
		<SimpleData name="DIRtype">0</SimpleData>
		<SimpleData name="DIRTraffic">0</SimpleData>
		<SimpleData name="TOPOLOGY">0</SimpleData>
		<SimpleData name="DIV_Veh">0</SimpleData>
		<SimpleData name="DIV_Walk">0</SimpleData>
		<SimpleData name="Signpost">0</SimpleData>
		<SimpleData name="Parking">0</SimpleData>
		<SimpleData name="LEVEL_">0</SimpleData>
		<SimpleData name="PAINT">0</SimpleData>
		<SimpleData name="TREES">0</SimpleData>
		<SimpleData name="remarks">מאיץ ד - לקראת תכנון מפורט. נעשתה בדיקת היתכנות</SimpleData>
		<SimpleData name="globalID">0</SimpleData>
		<SimpleData name="id">0</SimpleData>
		<SimpleData name="GlobalID_2">{48043596-6426-42c8-bad6-00d5b6f90926}</SimpleData>
		<SimpleData name="CreationDa"></SimpleData>
		<SimpleData name="Creator"></SimpleData>
		<SimpleData name="EditDate"></SimpleData>
		<SimpleData name="Editor"></SimpleData>
		<SimpleData name="Shape__Len">186.76708495400</SimpleData>
		<SimpleData name="Link">https://jtmt.sharepoint.com/:p:/r/sites/ModelsDepartment/StrategicPlanningDepartment/DocLib1/%D7%A4%D7%A8%D7%95%D7%99%D7%99%D7%A7%D7%98%D7%99%D7%9D%20%D7%90%D7%95%D7%A4%D7%A0%D7%99%D7%99%D7%9D/%D7%AA%D7%9B%D7%A0%D7%99%D7%95%D7%AA%20%D7%9C%D7%9E%D7%99%D7%</SimpleData>
		<SimpleData name="Framework">מאיץ ד</SimpleData>
		<SimpleData name="Engineer"></SimpleData>
		<SimpleData name="Director"></SimpleData>
		<SimpleData name="Architect"></SimpleData>
		<SimpleData name="respons">אורן</SimpleData>
		<SimpleData name="V39"></SimpleData>
	</SchemaData></ExtendedData>
      <MultiGeometry><LineString><coordinates>35.219499,31.754087,0 35.218616,31.754424,0 35.217687,31.75475,0</coordinates></LineString></MultiGeometry>
  </Placemark>
  <Placemark>
	<name></name>
	<description>תיאור: &lt;br&gt;PartName: רבקה&lt;br&gt;StreetName: רבקה&lt;br&gt;status_tex: בדיקת היתכנות&lt;br&gt;openyear_n: 0&lt;br&gt;BPHTtype: 0&lt;br&gt;usable: 0&lt;br&gt;infra: 0&lt;br&gt;roadtype: 0&lt;br&gt;BPHdir: 0.00000000000&lt;br&gt;BPHplace: 0&lt;br&gt;DIRtype: 0&lt;br&gt;DIRTraffic: 0&lt;br&gt;TOPOLOGY: 0&lt;br&gt;DIV_Veh: 0&lt;br&gt;DIV_Walk: 0&lt;br&gt;Signpost: 0&lt;br&gt;Parking: 0&lt;br&gt;LEVEL_: 0&lt;br&gt;PAINT: 0&lt;br&gt;TREES: 0&lt;br&gt;remarks: מאיץ ד - לקראת תכנון מפורט. נעשתה בדיקת היתכנות&lt;br&gt;globalID: 0&lt;br&gt;id: 0&lt;br&gt;GlobalID_2: {ee584b20-28de-4de3-844a-af22f5aeed3c}&lt;br&gt;CreationDa: &lt;br&gt;Creator: &lt;br&gt;EditDate: &lt;br&gt;Editor: &lt;br&gt;Shape__Len: 119.87550831000&lt;br&gt;Link: https://jtmt.sharepoint.com/:p:/r/sites/ModelsDepartment/StrategicPlanningDepartment/DocLib1/%D7%A4%D7%A8%D7%95%D7%99%D7%99%D7%A7%D7%98%D7%99%D7%9D%20%D7%90%D7%95%D7%A4%D7%A0%D7%99%D7%99%D7%9D/%D7%AA%D7%9B%D7%A0%D7%99%D7%95%D7%AA%20%D7%9C%D7%9E%D7%99%D7%&lt;br&gt;Framework: מאיץ ד&lt;br&gt;Engineer: &lt;br&gt;Director: &lt;br&gt;Architect: &lt;br&gt;respons: אורן</description>
	<Style><LineStyle><color>ff0000ff</color></LineStyle><PolyStyle><fill>0</fill></PolyStyle></Style>
	<ExtendedData><SchemaData schemaUrl="#bike_lanes_check">
		<SimpleData name="WKT">LINESTRING (35.217364 31.754866, 35.216111 31.755017)</SimpleData>
		<SimpleData name="PartName">רבקה</SimpleData>
		<SimpleData name="StreetName">רבקה</SimpleData>
		<SimpleData name="status_tex">בדיקת היתכנות</SimpleData>
		<SimpleData name="openyear_n">0</SimpleData>
		<SimpleData name="BPHTtype">0</SimpleData>
		<SimpleData name="usable">0</SimpleData>
		<SimpleData name="infra">0</SimpleData>
		<SimpleData name="roadtype">0</SimpleData>
		<SimpleData name="BPHdir">0</SimpleData>
		<SimpleData name="BPHplace">0</SimpleData>
		<SimpleData name="DIRtype">0</SimpleData>
		<SimpleData name="DIRTraffic">0</SimpleData>
		<SimpleData name="TOPOLOGY">0</SimpleData>
		<SimpleData name="DIV_Veh">0</SimpleData>
		<SimpleData name="DIV_Walk">0</SimpleData>
		<SimpleData name="Signpost">0</SimpleData>
		<SimpleData name="Parking">0</SimpleData>
		<SimpleData name="LEVEL_">0</SimpleData>
		<SimpleData name="PAINT">0</SimpleData>
		<SimpleData name="TREES">0</SimpleData>
		<SimpleData name="remarks">מאיץ ד - לקראת תכנון מפורט. נעשתה בדיקת היתכנות</SimpleData>
		<SimpleData name="globalID">0</SimpleData>
		<SimpleData name="id">0</SimpleData>
		<SimpleData name="GlobalID_2">{ee584b20-28de-4de3-844a-af22f5aeed3c}</SimpleData>
		<SimpleData name="CreationDa"></SimpleData>
		<SimpleData name="Creator"></SimpleData>
		<SimpleData name="EditDate"></SimpleData>
		<SimpleData name="Editor"></SimpleData>
		<SimpleData name="Shape__Len">119.87550831000</SimpleData>
		<SimpleData name="Link">https://jtmt.sharepoint.com/:p:/r/sites/ModelsDepartment/StrategicPlanningDepartment/DocLib1/%D7%A4%D7%A8%D7%95%D7%99%D7%99%D7%A7%D7%98%D7%99%D7%9D%20%D7%90%D7%95%D7%A4%D7%A0%D7%99%D7%99%D7%9D/%D7%AA%D7%9B%D7%A0%D7%99%D7%95%D7%AA%20%D7%9C%D7%9E%D7%99%D7%</SimpleData>
		<SimpleData name="Framework">מאיץ ד</SimpleData>
		<SimpleData name="Engineer"></SimpleData>
		<SimpleData name="Director"></SimpleData>
		<SimpleData name="Architect"></SimpleData>
		<SimpleData name="respons">אורן</SimpleData>
		<SimpleData name="V39"></SimpleData>
	</SchemaData></ExtendedData>
      <MultiGeometry><LineString><coordinates>35.217364,31.754866,0 35.216111,31.755017,0</coordinates></LineString></MultiGeometry>
  </Placemark>
  <Placemark>
	<name></name>
	<description>תיאור: &lt;br&gt;PartName: רבקה&lt;br&gt;StreetName: רבקה&lt;br&gt;status_tex: בדיקת היתכנות&lt;br&gt;openyear_n: 0&lt;br&gt;BPHTtype: 0&lt;br&gt;usable: 0&lt;br&gt;infra: 0&lt;br&gt;roadtype: 0&lt;br&gt;BPHdir: 0.00000000000&lt;br&gt;BPHplace: 0&lt;br&gt;DIRtype: 0&lt;br&gt;DIRTraffic: 0&lt;br&gt;TOPOLOGY: 0&lt;br&gt;DIV_Veh: 0&lt;br&gt;DIV_Walk: 0&lt;br&gt;Signpost: 0&lt;br&gt;Parking: 0&lt;br&gt;LEVEL_: 0&lt;br&gt;PAINT: 0&lt;br&gt;TREES: 0&lt;br&gt;remarks: מאיץ ד - לקראת תכנון מפורט. נעשתה בדיקת היתכנות&lt;br&gt;globalID: 0&lt;br&gt;id: 0&lt;br&gt;GlobalID_2: {89567ce2-ce5a-4b9c-b7d0-aa78d1400497}&lt;br&gt;CreationDa: &lt;br&gt;Creator: &lt;br&gt;EditDate: &lt;br&gt;Editor: &lt;br&gt;Shape__Len: 102.28301202900&lt;br&gt;Link: https://jtmt.sharepoint.com/:p:/r/sites/ModelsDepartment/StrategicPlanningDepartment/DocLib1/%D7%A4%D7%A8%D7%95%D7%99%D7%99%D7%A7%D7%98%D7%99%D7%9D%20%D7%90%D7%95%D7%A4%D7%A0%D7%99%D7%99%D7%9D/%D7%AA%D7%9B%D7%A0%D7%99%D7%95%D7%AA%20%D7%9C%D7%9E%D7%99%D7%&lt;br&gt;Framework: מאיץ ד&lt;br&gt;Engineer: &lt;br&gt;Director: &lt;br&gt;Architect: &lt;br&gt;respons: אורן</description>
	<Style><LineStyle><color>ff0000ff</color></LineStyle><PolyStyle><fill>0</fill></PolyStyle></Style>
	<ExtendedData><SchemaData schemaUrl="#bike_lanes_check">
		<SimpleData name="WKT">LINESTRING (35.215793 31.754992, 35.214717 31.755062)</SimpleData>
		<SimpleData name="PartName">רבקה</SimpleData>
		<SimpleData name="StreetName">רבקה</SimpleData>
		<SimpleData name="status_tex">בדיקת היתכנות</SimpleData>
		<SimpleData name="openyear_n">0</SimpleData>
		<SimpleData name="BPHTtype">0</SimpleData>
		<SimpleData name="usable">0</SimpleData>
		<SimpleData name="infra">0</SimpleData>
		<SimpleData name="roadtype">0</SimpleData>
		<SimpleData name="BPHdir">0</SimpleData>
		<SimpleData name="BPHplace">0</SimpleData>
		<SimpleData name="DIRtype">0</SimpleData>
		<SimpleData name="DIRTraffic">0</SimpleData>
		<SimpleData name="TOPOLOGY">0</SimpleData>
		<SimpleData name="DIV_Veh">0</SimpleData>
		<SimpleData name="DIV_Walk">0</SimpleData>
		<SimpleData name="Signpost">0</SimpleData>
		<SimpleData name="Parking">0</SimpleData>
		<SimpleData name="LEVEL_">0</SimpleData>
		<SimpleData name="PAINT">0</SimpleData>
		<SimpleData name="TREES">0</SimpleData>
		<SimpleData name="remarks">מאיץ ד - לקראת תכנון מפורט. נעשתה בדיקת היתכנות</SimpleData>
		<SimpleData name="globalID">0</SimpleData>
		<SimpleData name="id">0</SimpleData>
		<SimpleData name="GlobalID_2">{89567ce2-ce5a-4b9c-b7d0-aa78d1400497}</SimpleData>
		<SimpleData name="CreationDa"></SimpleData>
		<SimpleData name="Creator"></SimpleData>
		<SimpleData name="EditDate"></SimpleData>
		<SimpleData name="Editor"></SimpleData>
		<SimpleData name="Shape__Len">102.28301202900</SimpleData>
		<SimpleData name="Link">https://jtmt.sharepoint.com/:p:/r/sites/ModelsDepartment/StrategicPlanningDepartment/DocLib1/%D7%A4%D7%A8%D7%95%D7%99%D7%99%D7%A7%D7%98%D7%99%D7%9D%20%D7%90%D7%95%D7%A4%D7%A0%D7%99%D7%99%D7%9D/%D7%AA%D7%9B%D7%A0%D7%99%D7%95%D7%AA%20%D7%9C%D7%9E%D7%99%D7%</SimpleData>
		<SimpleData name="Framework">מאיץ ד</SimpleData>
		<SimpleData name="Engineer"></SimpleData>
		<SimpleData name="Director"></SimpleData>
		<SimpleData name="Architect"></SimpleData>
		<SimpleData name="respons">אורן</SimpleData>
		<SimpleData name="V39"></SimpleData>
	</SchemaData></ExtendedData>
      <MultiGeometry><LineString><coordinates>35.215793,31.754992,0 35.214717,31.755062,0</coordinates></LineString></MultiGeometry>
  </Placemark>
  <Placemark>
	<name></name>
	<description>תיאור: &lt;br&gt;PartName: ציר 1+2 - יצחק אלחנן - חלופה 1&lt;br&gt;StreetName: יצחק אלחנן&lt;br&gt;status_tex: בדיקת היתכנות&lt;br&gt;openyear_n: 0&lt;br&gt;BPHTtype: 0&lt;br&gt;usable: 0&lt;br&gt;infra: 0&lt;br&gt;roadtype: 0&lt;br&gt;BPHdir: 0.00000000000&lt;br&gt;BPHplace: 0&lt;br&gt;DIRtype: 0&lt;br&gt;DIRTraffic: 0&lt;br&gt;TOPOLOGY: 0&lt;br&gt;DIV_Veh: 0&lt;br&gt;DIV_Walk: 0&lt;br&gt;Signpost: 0&lt;br&gt;Parking: 0&lt;br&gt;LEVEL_: 0&lt;br&gt;PAINT: 0&lt;br&gt;TREES: 0&lt;br&gt;remarks: ישנם חלופות נוספות במסגרת בדיקת ההיתכנות&lt;br&gt;globalID: 0&lt;br&gt;id: 0&lt;br&gt;GlobalID_2: {28b44ae8-72e7-486a-884b-4238b24f95bf}&lt;br&gt;CreationDa: &lt;br&gt;Creator: &lt;br&gt;EditDate: &lt;br&gt;Editor: &lt;br&gt;Shape__Len: 232.46747903200&lt;br&gt;Link: &lt;br&gt;Framework: בדיקת היתכנות&lt;br&gt;Engineer: &lt;br&gt;Director: &lt;br&gt;Architect: &lt;br&gt;respons: </description>
	<Style><LineStyle><color>ff0000ff</color></LineStyle><PolyStyle><fill>0</fill></PolyStyle></Style>
	<ExtendedData><SchemaData schemaUrl="#bike_lanes_check">
		<SimpleData name="WKT">LINESTRING (35.221163 31.768474, 35.221093 31.768623, 35.22109 31.768844, 35.221104 31.769212, 35.221097 31.76951, 35.221079 31.769884, 35.221047 31.770467, 35.221034 31.770557)</SimpleData>
		<SimpleData name="PartName">ציר 1+2 - יצחק אלחנן - חלופה 1</SimpleData>
		<SimpleData name="StreetName">יצחק אלחנן</SimpleData>
		<SimpleData name="status_tex">בדיקת היתכנות</SimpleData>
		<SimpleData name="openyear_n">0</SimpleData>
		<SimpleData name="BPHTtype">0</SimpleData>
		<SimpleData name="usable">0</SimpleData>
		<SimpleData name="infra">0</SimpleData>
		<SimpleData name="roadtype">0</SimpleData>
		<SimpleData name="BPHdir">0</SimpleData>
		<SimpleData name="BPHplace">0</SimpleData>
		<SimpleData name="DIRtype">0</SimpleData>
		<SimpleData name="DIRTraffic">0</SimpleData>
		<SimpleData name="TOPOLOGY">0</SimpleData>
		<SimpleData name="DIV_Veh">0</SimpleData>
		<SimpleData name="DIV_Walk">0</SimpleData>
		<SimpleData name="Signpost">0</SimpleData>
		<SimpleData name="Parking">0</SimpleData>
		<SimpleData name="LEVEL_">0</SimpleData>
		<SimpleData name="PAINT">0</SimpleData>
		<SimpleData name="TREES">0</SimpleData>
		<SimpleData name="remarks">ישנם חלופות נוספות במסגרת בדיקת ההיתכנות</SimpleData>
		<SimpleData name="globalID">0</SimpleData>
		<SimpleData name="id">0</SimpleData>
		<SimpleData name="GlobalID_2">{28b44ae8-72e7-486a-884b-4238b24f95bf}</SimpleData>
		<SimpleData name="CreationDa"></SimpleData>
		<SimpleData name="Creator"></SimpleData>
		<SimpleData name="EditDate"></SimpleData>
		<SimpleData name="Editor"></SimpleData>
		<SimpleData name="Shape__Len">232.46747903200</SimpleData>
		<SimpleData name="Link"></SimpleData>
		<SimpleData name="Framework">בדיקת היתכנות</SimpleData>
		<SimpleData name="Engineer"></SimpleData>
		<SimpleData name="Director"></SimpleData>
		<SimpleData name="Architect"></SimpleData>
		<SimpleData name="respons"></SimpleData>
		<SimpleData name="V39"></SimpleData>
	</SchemaData></ExtendedData>
      <MultiGeometry><LineString><coordinates>35.221163,31.768474,0 35.221093,31.768623,0 35.22109,31.768844,0 35.221104,31.769212,0 35.221097,31.76951,0 35.221079,31.769884,0 35.221047,31.770467,0 35.221034,31.770557,0</coordinates></LineString></MultiGeometry>
  </Placemark>
  <Placemark>
	<name></name>
	<description>תיאור: &lt;br&gt;PartName: ציר 1+2 - יצחק אלחנן - חלופה 1&lt;br&gt;StreetName: יצחק אלחנן&lt;br&gt;status_tex: בדיקת היתכנות&lt;br&gt;openyear_n: 0&lt;br&gt;BPHTtype: 0&lt;br&gt;usable: 0&lt;br&gt;infra: 0&lt;br&gt;roadtype: 0&lt;br&gt;BPHdir: 0.00000000000&lt;br&gt;BPHplace: 0&lt;br&gt;DIRtype: 0&lt;br&gt;DIRTraffic: 0&lt;br&gt;TOPOLOGY: 0&lt;br&gt;DIV_Veh: 0&lt;br&gt;DIV_Walk: 0&lt;br&gt;Signpost: 0&lt;br&gt;Parking: 0&lt;br&gt;LEVEL_: 0&lt;br&gt;PAINT: 0&lt;br&gt;TREES: 0&lt;br&gt;remarks: ישנם חלופות נוספות במסגרת בדיקת ההיתכנות&lt;br&gt;globalID: 0&lt;br&gt;id: 0&lt;br&gt;GlobalID_2: {e00474fb-0ba9-4f25-a53a-c5b9445176fa}&lt;br&gt;CreationDa: &lt;br&gt;Creator: &lt;br&gt;EditDate: &lt;br&gt;Editor: &lt;br&gt;Shape__Len: 20.60952072960&lt;br&gt;Link: &lt;br&gt;Framework: בדיקת היתכנות&lt;br&gt;Engineer: &lt;br&gt;Director: &lt;br&gt;Architect: &lt;br&gt;respons: </description>
	<Style><LineStyle><color>ff0000ff</color></LineStyle><PolyStyle><fill>0</fill></PolyStyle></Style>
	<ExtendedData><SchemaData schemaUrl="#bike_lanes_check">
		<SimpleData name="WKT">LINESTRING (35.221208 31.768292, 35.221169 31.768461, 35.221163 31.768474)</SimpleData>
		<SimpleData name="PartName">ציר 1+2 - יצחק אלחנן - חלופה 1</SimpleData>
		<SimpleData name="StreetName">יצחק אלחנן</SimpleData>
		<SimpleData name="status_tex">בדיקת היתכנות</SimpleData>
		<SimpleData name="openyear_n">0</SimpleData>
		<SimpleData name="BPHTtype">0</SimpleData>
		<SimpleData name="usable">0</SimpleData>
		<SimpleData name="infra">0</SimpleData>
		<SimpleData name="roadtype">0</SimpleData>
		<SimpleData name="BPHdir">0</SimpleData>
		<SimpleData name="BPHplace">0</SimpleData>
		<SimpleData name="DIRtype">0</SimpleData>
		<SimpleData name="DIRTraffic">0</SimpleData>
		<SimpleData name="TOPOLOGY">0</SimpleData>
		<SimpleData name="DIV_Veh">0</SimpleData>
		<SimpleData name="DIV_Walk">0</SimpleData>
		<SimpleData name="Signpost">0</SimpleData>
		<SimpleData name="Parking">0</SimpleData>
		<SimpleData name="LEVEL_">0</SimpleData>
		<SimpleData name="PAINT">0</SimpleData>
		<SimpleData name="TREES">0</SimpleData>
		<SimpleData name="remarks">ישנם חלופות נוספות במסגרת בדיקת ההיתכנות</SimpleData>
		<SimpleData name="globalID">0</SimpleData>
		<SimpleData name="id">0</SimpleData>
		<SimpleData name="GlobalID_2">{e00474fb-0ba9-4f25-a53a-c5b9445176fa}</SimpleData>
		<SimpleData name="CreationDa"></SimpleData>
		<SimpleData name="Creator"></SimpleData>
		<SimpleData name="EditDate"></SimpleData>
		<SimpleData name="Editor"></SimpleData>
		<SimpleData name="Shape__Len">20.60952072960</SimpleData>
		<SimpleData name="Link"></SimpleData>
		<SimpleData name="Framework">בדיקת היתכנות</SimpleData>
		<SimpleData name="Engineer"></SimpleData>
		<SimpleData name="Director"></SimpleData>
		<SimpleData name="Architect"></SimpleData>
		<SimpleData name="respons"></SimpleData>
		<SimpleData name="V39"></SimpleData>
	</SchemaData></ExtendedData>
      <MultiGeometry><LineString><coordinates>35.221208,31.768292,0 35.221169,31.768461,0 35.221163,31.768474,0</coordinates></LineString></MultiGeometry>
  </Placemark>
  <Placemark>
	<name></name>
	<description>תיאור: &lt;br&gt;PartName: ציר 1+2 - יצחק אלחנן - חלופה 1&lt;br&gt;StreetName: יצחק אלחנן&lt;br&gt;status_tex: בדיקת היתכנות&lt;br&gt;openyear_n: 0&lt;br&gt;BPHTtype: 0&lt;br&gt;usable: 0&lt;br&gt;infra: 0&lt;br&gt;roadtype: 0&lt;br&gt;BPHdir: 0.00000000000&lt;br&gt;BPHplace: 0&lt;br&gt;DIRtype: 0&lt;br&gt;DIRTraffic: 0&lt;br&gt;TOPOLOGY: 0&lt;br&gt;DIV_Veh: 0&lt;br&gt;DIV_Walk: 0&lt;br&gt;Signpost: 0&lt;br&gt;Parking: 0&lt;br&gt;LEVEL_: 0&lt;br&gt;PAINT: 0&lt;br&gt;TREES: 0&lt;br&gt;remarks: ישנם חלופות נוספות במסגרת בדיקת ההיתכנות&lt;br&gt;globalID: 0&lt;br&gt;id: 0&lt;br&gt;GlobalID_2: {ca84a2b6-0d7e-4b69-90de-1ff0df348286}&lt;br&gt;CreationDa: &lt;br&gt;Creator: &lt;br&gt;EditDate: &lt;br&gt;Editor: &lt;br&gt;Shape__Len: 33.83760585730&lt;br&gt;Link: &lt;br&gt;Framework: בדיקת היתכנות&lt;br&gt;Engineer: &lt;br&gt;Director: &lt;br&gt;Architect: &lt;br&gt;respons: </description>
	<Style><LineStyle><color>ff0000ff</color></LineStyle><PolyStyle><fill>0</fill></PolyStyle></Style>
	<ExtendedData><SchemaData schemaUrl="#bike_lanes_check">
		<SimpleData name="WKT">LINESTRING (35.221034 31.770557, 35.220989 31.77086)</SimpleData>
		<SimpleData name="PartName">ציר 1+2 - יצחק אלחנן - חלופה 1</SimpleData>
		<SimpleData name="StreetName">יצחק אלחנן</SimpleData>
		<SimpleData name="status_tex">בדיקת היתכנות</SimpleData>
		<SimpleData name="openyear_n">0</SimpleData>
		<SimpleData name="BPHTtype">0</SimpleData>
		<SimpleData name="usable">0</SimpleData>
		<SimpleData name="infra">0</SimpleData>
		<SimpleData name="roadtype">0</SimpleData>
		<SimpleData name="BPHdir">0</SimpleData>
		<SimpleData name="BPHplace">0</SimpleData>
		<SimpleData name="DIRtype">0</SimpleData>
		<SimpleData name="DIRTraffic">0</SimpleData>
		<SimpleData name="TOPOLOGY">0</SimpleData>
		<SimpleData name="DIV_Veh">0</SimpleData>
		<SimpleData name="DIV_Walk">0</SimpleData>
		<SimpleData name="Signpost">0</SimpleData>
		<SimpleData name="Parking">0</SimpleData>
		<SimpleData name="LEVEL_">0</SimpleData>
		<SimpleData name="PAINT">0</SimpleData>
		<SimpleData name="TREES">0</SimpleData>
		<SimpleData name="remarks">ישנם חלופות נוספות במסגרת בדיקת ההיתכנות</SimpleData>
		<SimpleData name="globalID">0</SimpleData>
		<SimpleData name="id">0</SimpleData>
		<SimpleData name="GlobalID_2">{ca84a2b6-0d7e-4b69-90de-1ff0df348286}</SimpleData>
		<SimpleData name="CreationDa"></SimpleData>
		<SimpleData name="Creator"></SimpleData>
		<SimpleData name="EditDate"></SimpleData>
		<SimpleData name="Editor"></SimpleData>
		<SimpleData name="Shape__Len">33.83760585730</SimpleData>
		<SimpleData name="Link"></SimpleData>
		<SimpleData name="Framework">בדיקת היתכנות</SimpleData>
		<SimpleData name="Engineer"></SimpleData>
		<SimpleData name="Director"></SimpleData>
		<SimpleData name="Architect"></SimpleData>
		<SimpleData name="respons"></SimpleData>
		<SimpleData name="V39"></SimpleData>
	</SchemaData></ExtendedData>
      <MultiGeometry><LineString><coordinates>35.221034,31.770557,0 35.220989,31.77086,0</coordinates></LineString></MultiGeometry>
  </Placemark>
  <Placemark>
	<name></name>
	<description>תיאור: &lt;br&gt;PartName: בורוכוב&lt;br&gt;StreetName: בורוכוב&lt;br&gt;status_tex: בדיקת היתכנות&lt;br&gt;openyear_n: 0&lt;br&gt;BPHTtype: 0&lt;br&gt;usable: 0&lt;br&gt;infra: 0&lt;br&gt;roadtype: 0&lt;br&gt;BPHdir: 0.00000000000&lt;br&gt;BPHplace: 0&lt;br&gt;DIRtype: 0&lt;br&gt;DIRTraffic: 0&lt;br&gt;TOPOLOGY: 0&lt;br&gt;DIV_Veh: 0&lt;br&gt;DIV_Walk: 0&lt;br&gt;Signpost: 0&lt;br&gt;Parking: 0&lt;br&gt;LEVEL_: 0&lt;br&gt;PAINT: 0&lt;br&gt;TREES: 0&lt;br&gt;remarks: &lt;br&gt;globalID: 0&lt;br&gt;id: 0&lt;br&gt;GlobalID_2: {f806c3b9-473e-4904-9b83-110aae89d8cf}&lt;br&gt;CreationDa: &lt;br&gt;Creator: &lt;br&gt;EditDate: &lt;br&gt;Editor: &lt;br&gt;Shape__Len: 985.50546808200&lt;br&gt;Link: &lt;br&gt;Framework: בדיקת היתכנות&lt;br&gt;Engineer: &lt;br&gt;Director: &lt;br&gt;Architect: &lt;br&gt;respons: </description>
	<Style><LineStyle><color>ff0000ff</color></LineStyle><PolyStyle><fill>0</fill></PolyStyle></Style>
	<ExtendedData><SchemaData schemaUrl="#bike_lanes_check">
		<SimpleData name="WKT">LINESTRING (35.177317 31.767899, 35.176968 31.768222, 35.17646 31.768359, 35.175805 31.768321, 35.175224 31.768098, 35.17505 31.767949, 35.175064 31.767613, 35.175093 31.767216, 35.175123 31.766607, 35.175166 31.766135, 35.17505 31.765626, 35.174745 31.765341, 35.174411 31.764955, 35.174004 31.76457, 35.173699 31.763775, 35.173467 31.76277, 35.173467 31.762471, 35.173612 31.762211, 35.173801 31.761962, 35.174045 31.76192)</SimpleData>
		<SimpleData name="PartName">בורוכוב</SimpleData>
		<SimpleData name="StreetName">בורוכוב</SimpleData>
		<SimpleData name="status_tex">בדיקת היתכנות</SimpleData>
		<SimpleData name="openyear_n">0</SimpleData>
		<SimpleData name="BPHTtype">0</SimpleData>
		<SimpleData name="usable">0</SimpleData>
		<SimpleData name="infra">0</SimpleData>
		<SimpleData name="roadtype">0</SimpleData>
		<SimpleData name="BPHdir">0</SimpleData>
		<SimpleData name="BPHplace">0</SimpleData>
		<SimpleData name="DIRtype">0</SimpleData>
		<SimpleData name="DIRTraffic">0</SimpleData>
		<SimpleData name="TOPOLOGY">0</SimpleData>
		<SimpleData name="DIV_Veh">0</SimpleData>
		<SimpleData name="DIV_Walk">0</SimpleData>
		<SimpleData name="Signpost">0</SimpleData>
		<SimpleData name="Parking">0</SimpleData>
		<SimpleData name="LEVEL_">0</SimpleData>
		<SimpleData name="PAINT">0</SimpleData>
		<SimpleData name="TREES">0</SimpleData>
		<SimpleData name="remarks"></SimpleData>
		<SimpleData name="globalID">0</SimpleData>
		<SimpleData name="id">0</SimpleData>
		<SimpleData name="GlobalID_2">{f806c3b9-473e-4904-9b83-110aae89d8cf}</SimpleData>
		<SimpleData name="CreationDa"></SimpleData>
		<SimpleData name="Creator"></SimpleData>
		<SimpleData name="EditDate"></SimpleData>
		<SimpleData name="Editor"></SimpleData>
		<SimpleData name="Shape__Len">985.50546808200</SimpleData>
		<SimpleData name="Link"></SimpleData>
		<SimpleData name="Framework">בדיקת היתכנות</SimpleData>
		<SimpleData name="Engineer"></SimpleData>
		<SimpleData name="Director"></SimpleData>
		<SimpleData name="Architect"></SimpleData>
		<SimpleData name="respons"></SimpleData>
		<SimpleData name="V39"></SimpleData>
	</SchemaData></ExtendedData>
      <MultiGeometry><LineString><coordinates>35.177317,31.767899,0 35.176968,31.768222,0 35.17646,31.768359,0 35.175805,31.768321,0 35.175224,31.768098,0 35.17505,31.767949,0 35.175064,31.767613,0 35.175093,31.767216,0 35.175123,31.766607,0 35.175166,31.766135,0 35.17505,31.765626,0 35.174745,31.765341,0 35.174411,31.764955,0 35.174004,31.76457,0 35.173699,31.763775,0 35.173467,31.76277,0 35.173467,31.762471,0 35.173612,31.762211,0 35.173801,31.761962,0 35.174045,31.76192,0</coordinates></LineString></MultiGeometry>
  </Placemark>
  <Placemark>
	<name></name>
	<description>תיאור: &lt;br&gt;PartName: עוזי נרקיס&lt;br&gt;StreetName: עוזי נרקיס&lt;br&gt;status_tex: בדיקת היתכנות&lt;br&gt;openyear_n: 0&lt;br&gt;BPHTtype: 0&lt;br&gt;usable: 0&lt;br&gt;infra: 0&lt;br&gt;roadtype: 0&lt;br&gt;BPHdir: 0.00000000000&lt;br&gt;BPHplace: 0&lt;br&gt;DIRtype: 0&lt;br&gt;DIRTraffic: 0&lt;br&gt;TOPOLOGY: 0&lt;br&gt;DIV_Veh: 0&lt;br&gt;DIV_Walk: 0&lt;br&gt;Signpost: 0&lt;br&gt;Parking: 0&lt;br&gt;LEVEL_: 0&lt;br&gt;PAINT: 0&lt;br&gt;TREES: 0&lt;br&gt;remarks: מחכה להחלטת מת&quot;ח&lt;br&gt;globalID: 0&lt;br&gt;id: 0&lt;br&gt;GlobalID_2: {73bcf81e-d69f-4e24-9ef9-3828ab44744b}&lt;br&gt;CreationDa: &lt;br&gt;Creator: &lt;br&gt;EditDate: &lt;br&gt;Editor: &lt;br&gt;Shape__Len: 712.30158944600&lt;br&gt;Link: &lt;br&gt;Framework: בדיקת היתכנות&lt;br&gt;Engineer: &lt;br&gt;Director: &lt;br&gt;Architect: &lt;br&gt;respons: אורן</description>
	<Style><LineStyle><color>ff0000ff</color></LineStyle><PolyStyle><fill>0</fill></PolyStyle></Style>
	<ExtendedData><SchemaData schemaUrl="#bike_lanes_check">
		<SimpleData name="WKT">LINESTRING (35.238287 31.81461, 35.237931 31.815357, 35.235624 31.816714, 35.234039 31.817913, 35.233664 31.818578, 35.233623 31.819256)</SimpleData>
		<SimpleData name="PartName">עוזי נרקיס</SimpleData>
		<SimpleData name="StreetName">עוזי נרקיס</SimpleData>
		<SimpleData name="status_tex">בדיקת היתכנות</SimpleData>
		<SimpleData name="openyear_n">0</SimpleData>
		<SimpleData name="BPHTtype">0</SimpleData>
		<SimpleData name="usable">0</SimpleData>
		<SimpleData name="infra">0</SimpleData>
		<SimpleData name="roadtype">0</SimpleData>
		<SimpleData name="BPHdir">0</SimpleData>
		<SimpleData name="BPHplace">0</SimpleData>
		<SimpleData name="DIRtype">0</SimpleData>
		<SimpleData name="DIRTraffic">0</SimpleData>
		<SimpleData name="TOPOLOGY">0</SimpleData>
		<SimpleData name="DIV_Veh">0</SimpleData>
		<SimpleData name="DIV_Walk">0</SimpleData>
		<SimpleData name="Signpost">0</SimpleData>
		<SimpleData name="Parking">0</SimpleData>
		<SimpleData name="LEVEL_">0</SimpleData>
		<SimpleData name="PAINT">0</SimpleData>
		<SimpleData name="TREES">0</SimpleData>
		<SimpleData name="remarks">מחכה להחלטת מת&quot;ח</SimpleData>
		<SimpleData name="globalID">0</SimpleData>
		<SimpleData name="id">0</SimpleData>
		<SimpleData name="GlobalID_2">{73bcf81e-d69f-4e24-9ef9-3828ab44744b}</SimpleData>
		<SimpleData name="CreationDa"></SimpleData>
		<SimpleData name="Creator"></SimpleData>
		<SimpleData name="EditDate"></SimpleData>
		<SimpleData name="Editor"></SimpleData>
		<SimpleData name="Shape__Len">712.30158944600</SimpleData>
		<SimpleData name="Link"></SimpleData>
		<SimpleData name="Framework">בדיקת היתכנות</SimpleData>
		<SimpleData name="Engineer"></SimpleData>
		<SimpleData name="Director"></SimpleData>
		<SimpleData name="Architect"></SimpleData>
		<SimpleData name="respons">אורן</SimpleData>
		<SimpleData name="V39"></SimpleData>
	</SchemaData></ExtendedData>
      <MultiGeometry><LineString><coordinates>35.238287,31.81461,0 35.237931,31.815357,0 35.235624,31.816714,0 35.234039,31.817913,0 35.233664,31.818578,0 35.233623,31.819256,0</coordinates></LineString></MultiGeometry>
  </Placemark>
  <Placemark>
	<name></name>
	<description>תיאור: &lt;br&gt;PartName: הרב צבי יהודה&lt;br&gt;StreetName: הרב צבי יהודה&lt;br&gt;status_tex: בדיקת היתכנות&lt;br&gt;openyear_n: 0&lt;br&gt;BPHTtype: 0&lt;br&gt;usable: 0&lt;br&gt;infra: 0&lt;br&gt;roadtype: 0&lt;br&gt;BPHdir: 0.00000000000&lt;br&gt;BPHplace: 0&lt;br&gt;DIRtype: 0&lt;br&gt;DIRTraffic: 0&lt;br&gt;TOPOLOGY: 0&lt;br&gt;DIV_Veh: 0&lt;br&gt;DIV_Walk: 0&lt;br&gt;Signpost: 0&lt;br&gt;Parking: 0&lt;br&gt;LEVEL_: 0&lt;br&gt;PAINT: 0&lt;br&gt;TREES: 0&lt;br&gt;remarks: אולי יכנס למאיץ ד&lt;br&gt;globalID: 0&lt;br&gt;id: 0&lt;br&gt;GlobalID_2: {e2aca156-9580-4abb-9013-aabcc9f59b94}&lt;br&gt;CreationDa: &lt;br&gt;Creator: &lt;br&gt;EditDate: &lt;br&gt;Editor: &lt;br&gt;Shape__Len: 372.79603438800&lt;br&gt;Link: &lt;br&gt;Framework: בדיקת היתכנות&lt;br&gt;Engineer: &lt;br&gt;Director: רולי פלד&lt;br&gt;Architect: &lt;br&gt;respons: אורן</description>
	<Style><LineStyle><color>ff0000ff</color></LineStyle><PolyStyle><fill>0</fill></PolyStyle></Style>
	<ExtendedData><SchemaData schemaUrl="#bike_lanes_check">
		<SimpleData name="WKT">LINESTRING (35.198891 31.786756, 35.197542 31.787273, 35.196414 31.787558, 35.195135 31.787625)</SimpleData>
		<SimpleData name="PartName">הרב צבי יהודה</SimpleData>
		<SimpleData name="StreetName">הרב צבי יהודה</SimpleData>
		<SimpleData name="status_tex">בדיקת היתכנות</SimpleData>
		<SimpleData name="openyear_n">0</SimpleData>
		<SimpleData name="BPHTtype">0</SimpleData>
		<SimpleData name="usable">0</SimpleData>
		<SimpleData name="infra">0</SimpleData>
		<SimpleData name="roadtype">0</SimpleData>
		<SimpleData name="BPHdir">0</SimpleData>
		<SimpleData name="BPHplace">0</SimpleData>
		<SimpleData name="DIRtype">0</SimpleData>
		<SimpleData name="DIRTraffic">0</SimpleData>
		<SimpleData name="TOPOLOGY">0</SimpleData>
		<SimpleData name="DIV_Veh">0</SimpleData>
		<SimpleData name="DIV_Walk">0</SimpleData>
		<SimpleData name="Signpost">0</SimpleData>
		<SimpleData name="Parking">0</SimpleData>
		<SimpleData name="LEVEL_">0</SimpleData>
		<SimpleData name="PAINT">0</SimpleData>
		<SimpleData name="TREES">0</SimpleData>
		<SimpleData name="remarks">אולי יכנס למאיץ ד</SimpleData>
		<SimpleData name="globalID">0</SimpleData>
		<SimpleData name="id">0</SimpleData>
		<SimpleData name="GlobalID_2">{e2aca156-9580-4abb-9013-aabcc9f59b94}</SimpleData>
		<SimpleData name="CreationDa"></SimpleData>
		<SimpleData name="Creator"></SimpleData>
		<SimpleData name="EditDate"></SimpleData>
		<SimpleData name="Editor"></SimpleData>
		<SimpleData name="Shape__Len">372.79603438800</SimpleData>
		<SimpleData name="Link"></SimpleData>
		<SimpleData name="Framework">בדיקת היתכנות</SimpleData>
		<SimpleData name="Engineer"></SimpleData>
		<SimpleData name="Director">רולי פלד</SimpleData>
		<SimpleData name="Architect"></SimpleData>
		<SimpleData name="respons">אורן</SimpleData>
		<SimpleData name="V39"></SimpleData>
	</SchemaData></ExtendedData>
      <MultiGeometry><LineString><coordinates>35.198891,31.786756,0 35.197542,31.787273,0 35.196414,31.787558,0 35.195135,31.787625,0</coordinates></LineString></MultiGeometry>
  </Placemark>
  <Placemark>
	<name></name>
	<description>תיאור: &lt;br&gt;PartName: דרך רופין&lt;br&gt;StreetName: דרך רופין&lt;br&gt;status_tex: בדיקת היתכנות&lt;br&gt;openyear_n: 0&lt;br&gt;BPHTtype: 0&lt;br&gt;usable: 0&lt;br&gt;infra: 0&lt;br&gt;roadtype: 0&lt;br&gt;BPHdir: 0.00000000000&lt;br&gt;BPHplace: 0&lt;br&gt;DIRtype: 0&lt;br&gt;DIRTraffic: 0&lt;br&gt;TOPOLOGY: 0&lt;br&gt;DIV_Veh: 0&lt;br&gt;DIV_Walk: 0&lt;br&gt;Signpost: 0&lt;br&gt;Parking: 0&lt;br&gt;LEVEL_: 0&lt;br&gt;PAINT: 0&lt;br&gt;TREES: 0&lt;br&gt;remarks: &lt;br&gt;globalID: 0&lt;br&gt;id: 0&lt;br&gt;GlobalID_2: {1560f087-b985-4dfe-883a-ba796c3e4801}&lt;br&gt;CreationDa: &lt;br&gt;Creator: &lt;br&gt;EditDate: &lt;br&gt;Editor: &lt;br&gt;Shape__Len: 182.25381400000&lt;br&gt;Link: &lt;br&gt;Framework: בדיקת היתכנות&lt;br&gt;Engineer: &lt;br&gt;Director: &lt;br&gt;Architect: &lt;br&gt;respons: </description>
	<Style><LineStyle><color>ff0000ff</color></LineStyle><PolyStyle><fill>0</fill></PolyStyle></Style>
	<ExtendedData><SchemaData schemaUrl="#bike_lanes_check">
		<SimpleData name="WKT">LINESTRING (35.210103 31.774417, 35.209966 31.774776, 35.209595 31.775579, 35.209378 31.775936)</SimpleData>
		<SimpleData name="PartName">דרך רופין</SimpleData>
		<SimpleData name="StreetName">דרך רופין</SimpleData>
		<SimpleData name="status_tex">בדיקת היתכנות</SimpleData>
		<SimpleData name="openyear_n">0</SimpleData>
		<SimpleData name="BPHTtype">0</SimpleData>
		<SimpleData name="usable">0</SimpleData>
		<SimpleData name="infra">0</SimpleData>
		<SimpleData name="roadtype">0</SimpleData>
		<SimpleData name="BPHdir">0</SimpleData>
		<SimpleData name="BPHplace">0</SimpleData>
		<SimpleData name="DIRtype">0</SimpleData>
		<SimpleData name="DIRTraffic">0</SimpleData>
		<SimpleData name="TOPOLOGY">0</SimpleData>
		<SimpleData name="DIV_Veh">0</SimpleData>
		<SimpleData name="DIV_Walk">0</SimpleData>
		<SimpleData name="Signpost">0</SimpleData>
		<SimpleData name="Parking">0</SimpleData>
		<SimpleData name="LEVEL_">0</SimpleData>
		<SimpleData name="PAINT">0</SimpleData>
		<SimpleData name="TREES">0</SimpleData>
		<SimpleData name="remarks"></SimpleData>
		<SimpleData name="globalID">0</SimpleData>
		<SimpleData name="id">0</SimpleData>
		<SimpleData name="GlobalID_2">{1560f087-b985-4dfe-883a-ba796c3e4801}</SimpleData>
		<SimpleData name="CreationDa"></SimpleData>
		<SimpleData name="Creator"></SimpleData>
		<SimpleData name="EditDate"></SimpleData>
		<SimpleData name="Editor"></SimpleData>
		<SimpleData name="Shape__Len">182.25381400000</SimpleData>
		<SimpleData name="Link"></SimpleData>
		<SimpleData name="Framework">בדיקת היתכנות</SimpleData>
		<SimpleData name="Engineer"></SimpleData>
		<SimpleData name="Director"></SimpleData>
		<SimpleData name="Architect"></SimpleData>
		<SimpleData name="respons"></SimpleData>
		<SimpleData name="V39"></SimpleData>
	</SchemaData></ExtendedData>
      <MultiGeometry><LineString><coordinates>35.210103,31.774417,0 35.209966,31.774776,0 35.209595,31.775579,0 35.209378,31.775936,0</coordinates></LineString></MultiGeometry>
  </Placemark>
  <Placemark>
	<name></name>
	<description>תיאור: &lt;br&gt;PartName: קינג ג'ורג מקביל קרן היסוד&lt;br&gt;StreetName: קינג ג'ורג&lt;br&gt;status_tex: בדיקת היתכנות&lt;br&gt;openyear_n: 0&lt;br&gt;BPHTtype: 0&lt;br&gt;usable: 0&lt;br&gt;infra: 0&lt;br&gt;roadtype: 0&lt;br&gt;BPHdir: 0.00000000000&lt;br&gt;BPHplace: 0&lt;br&gt;DIRtype: 0&lt;br&gt;DIRTraffic: 0&lt;br&gt;TOPOLOGY: 0&lt;br&gt;DIV_Veh: 0&lt;br&gt;DIV_Walk: 0&lt;br&gt;Signpost: 0&lt;br&gt;Parking: 0&lt;br&gt;LEVEL_: 0&lt;br&gt;PAINT: 0&lt;br&gt;TREES: 0&lt;br&gt;remarks: &lt;br&gt;globalID: 0&lt;br&gt;id: 0&lt;br&gt;GlobalID_2: {c6ea6179-233c-4c2e-8ff8-b00f86178ec8}&lt;br&gt;CreationDa: &lt;br&gt;Creator: &lt;br&gt;EditDate: &lt;br&gt;Editor: &lt;br&gt;Shape__Len: 336.79118355500&lt;br&gt;Link: &lt;br&gt;Framework: בדיקת היתכנות&lt;br&gt;Engineer: מת&quot;י&lt;br&gt;Director: &lt;br&gt;Architect: &lt;br&gt;respons: אורן</description>
	<Style><LineStyle><color>ff0000ff</color></LineStyle><PolyStyle><fill>0</fill></PolyStyle></Style>
	<ExtendedData><SchemaData schemaUrl="#bike_lanes_check">
		<SimpleData name="WKT">LINESTRING (35.21586 31.777959, 35.216237 31.777264, 35.216752 31.776417, 35.217615 31.775325)</SimpleData>
		<SimpleData name="PartName">קינג ג'ורג מקביל קרן היסוד</SimpleData>
		<SimpleData name="StreetName">קינג ג'ורג</SimpleData>
		<SimpleData name="status_tex">בדיקת היתכנות</SimpleData>
		<SimpleData name="openyear_n">0</SimpleData>
		<SimpleData name="BPHTtype">0</SimpleData>
		<SimpleData name="usable">0</SimpleData>
		<SimpleData name="infra">0</SimpleData>
		<SimpleData name="roadtype">0</SimpleData>
		<SimpleData name="BPHdir">0</SimpleData>
		<SimpleData name="BPHplace">0</SimpleData>
		<SimpleData name="DIRtype">0</SimpleData>
		<SimpleData name="DIRTraffic">0</SimpleData>
		<SimpleData name="TOPOLOGY">0</SimpleData>
		<SimpleData name="DIV_Veh">0</SimpleData>
		<SimpleData name="DIV_Walk">0</SimpleData>
		<SimpleData name="Signpost">0</SimpleData>
		<SimpleData name="Parking">0</SimpleData>
		<SimpleData name="LEVEL_">0</SimpleData>
		<SimpleData name="PAINT">0</SimpleData>
		<SimpleData name="TREES">0</SimpleData>
		<SimpleData name="remarks"></SimpleData>
		<SimpleData name="globalID">0</SimpleData>
		<SimpleData name="id">0</SimpleData>
		<SimpleData name="GlobalID_2">{c6ea6179-233c-4c2e-8ff8-b00f86178ec8}</SimpleData>
		<SimpleData name="CreationDa"></SimpleData>
		<SimpleData name="Creator"></SimpleData>
		<SimpleData name="EditDate"></SimpleData>
		<SimpleData name="Editor"></SimpleData>
		<SimpleData name="Shape__Len">336.79118355500</SimpleData>
		<SimpleData name="Link"></SimpleData>
		<SimpleData name="Framework">בדיקת היתכנות</SimpleData>
		<SimpleData name="Engineer">מת&quot;י</SimpleData>
		<SimpleData name="Director"></SimpleData>
		<SimpleData name="Architect"></SimpleData>
		<SimpleData name="respons">אורן</SimpleData>
		<SimpleData name="V39"></SimpleData>
	</SchemaData></ExtendedData>
      <MultiGeometry><LineString><coordinates>35.21586,31.777959,0 35.216237,31.777264,0 35.216752,31.776417,0 35.217615,31.775325,0</coordinates></LineString></MultiGeometry>
  </Placemark>
  <Placemark>
	<name></name>
	<description>תיאור: &lt;br&gt;PartName: קינג ג'ורג מקביל קרן היסוד&lt;br&gt;StreetName: ברנר&lt;br&gt;status_tex: בדיקת היתכנות&lt;br&gt;openyear_n: 0&lt;br&gt;BPHTtype: 0&lt;br&gt;usable: 0&lt;br&gt;infra: 0&lt;br&gt;roadtype: 0&lt;br&gt;BPHdir: 0.00000000000&lt;br&gt;BPHplace: 0&lt;br&gt;DIRtype: 0&lt;br&gt;DIRTraffic: 0&lt;br&gt;TOPOLOGY: 0&lt;br&gt;DIV_Veh: 0&lt;br&gt;DIV_Walk: 0&lt;br&gt;Signpost: 0&lt;br&gt;Parking: 0&lt;br&gt;LEVEL_: 0&lt;br&gt;PAINT: 0&lt;br&gt;TREES: 0&lt;br&gt;remarks: &lt;br&gt;globalID: 0&lt;br&gt;id: 0&lt;br&gt;GlobalID_2: {86db63da-9767-4f22-95b2-13516c7fcc5f}&lt;br&gt;CreationDa: &lt;br&gt;Creator: &lt;br&gt;EditDate: &lt;br&gt;Editor: &lt;br&gt;Shape__Len: 172.59711302800&lt;br&gt;Link: &lt;br&gt;Framework: בדיקת היתכנות&lt;br&gt;Engineer: מת&quot;י&lt;br&gt;Director: &lt;br&gt;Architect: &lt;br&gt;respons: אורן</description>
	<Style><LineStyle><color>ff0000ff</color></LineStyle><PolyStyle><fill>0</fill></PolyStyle></Style>
	<ExtendedData><SchemaData schemaUrl="#bike_lanes_check">
		<SimpleData name="WKT">LINESTRING (35.217069 31.772891, 35.217535 31.772861, 35.218249 31.772657, 35.2188 31.77245)</SimpleData>
		<SimpleData name="PartName">קינג ג'ורג מקביל קרן היסוד</SimpleData>
		<SimpleData name="StreetName">ברנר</SimpleData>
		<SimpleData name="status_tex">בדיקת היתכנות</SimpleData>
		<SimpleData name="openyear_n">0</SimpleData>
		<SimpleData name="BPHTtype">0</SimpleData>
		<SimpleData name="usable">0</SimpleData>
		<SimpleData name="infra">0</SimpleData>
		<SimpleData name="roadtype">0</SimpleData>
		<SimpleData name="BPHdir">0</SimpleData>
		<SimpleData name="BPHplace">0</SimpleData>
		<SimpleData name="DIRtype">0</SimpleData>
		<SimpleData name="DIRTraffic">0</SimpleData>
		<SimpleData name="TOPOLOGY">0</SimpleData>
		<SimpleData name="DIV_Veh">0</SimpleData>
		<SimpleData name="DIV_Walk">0</SimpleData>
		<SimpleData name="Signpost">0</SimpleData>
		<SimpleData name="Parking">0</SimpleData>
		<SimpleData name="LEVEL_">0</SimpleData>
		<SimpleData name="PAINT">0</SimpleData>
		<SimpleData name="TREES">0</SimpleData>
		<SimpleData name="remarks"></SimpleData>
		<SimpleData name="globalID">0</SimpleData>
		<SimpleData name="id">0</SimpleData>
		<SimpleData name="GlobalID_2">{86db63da-9767-4f22-95b2-13516c7fcc5f}</SimpleData>
		<SimpleData name="CreationDa"></SimpleData>
		<SimpleData name="Creator"></SimpleData>
		<SimpleData name="EditDate"></SimpleData>
		<SimpleData name="Editor"></SimpleData>
		<SimpleData name="Shape__Len">172.59711302800</SimpleData>
		<SimpleData name="Link"></SimpleData>
		<SimpleData name="Framework">בדיקת היתכנות</SimpleData>
		<SimpleData name="Engineer">מת&quot;י</SimpleData>
		<SimpleData name="Director"></SimpleData>
		<SimpleData name="Architect"></SimpleData>
		<SimpleData name="respons">אורן</SimpleData>
		<SimpleData name="V39"></SimpleData>
	</SchemaData></ExtendedData>
      <MultiGeometry><LineString><coordinates>35.217069,31.772891,0 35.217535,31.772861,0 35.218249,31.772657,0 35.2188,31.77245,0</coordinates></LineString></MultiGeometry>
  </Placemark>
  <Placemark>
	<name></name>
	<description>תיאור: &lt;br&gt;PartName: קינג ג'ורג מקביל קרן היסוד&lt;br&gt;StreetName: סוקולוב&lt;br&gt;status_tex: בדיקת היתכנות&lt;br&gt;openyear_n: 0&lt;br&gt;BPHTtype: 0&lt;br&gt;usable: 0&lt;br&gt;infra: 0&lt;br&gt;roadtype: 0&lt;br&gt;BPHdir: 0.00000000000&lt;br&gt;BPHplace: 0&lt;br&gt;DIRtype: 0&lt;br&gt;DIRTraffic: 0&lt;br&gt;TOPOLOGY: 0&lt;br&gt;DIV_Veh: 0&lt;br&gt;DIV_Walk: 0&lt;br&gt;Signpost: 0&lt;br&gt;Parking: 0&lt;br&gt;LEVEL_: 0&lt;br&gt;PAINT: 0&lt;br&gt;TREES: 0&lt;br&gt;remarks: &lt;br&gt;globalID: 0&lt;br&gt;id: 0&lt;br&gt;GlobalID_2: {00225a96-f7f9-4f22-ad53-45efd7bd74df}&lt;br&gt;CreationDa: &lt;br&gt;Creator: &lt;br&gt;EditDate: &lt;br&gt;Editor: &lt;br&gt;Shape__Len: 288.62391432700&lt;br&gt;Link: &lt;br&gt;Framework: בדיקת היתכנות&lt;br&gt;Engineer: מת&quot;י&lt;br&gt;Director: &lt;br&gt;Architect: &lt;br&gt;respons: אורן</description>
	<Style><LineStyle><color>ff0000ff</color></LineStyle><PolyStyle><fill>0</fill></PolyStyle></Style>
	<ExtendedData><SchemaData schemaUrl="#bike_lanes_check">
		<SimpleData name="WKT">GEOMETRYCOLLECTION (LINESTRING (35.219469 31.772234, 35.21947 31.772233), LINESTRING (35.218797 31.772441, 35.218715 31.77211, 35.218778 31.771996, 35.219091 31.771904, 35.219309 31.771895, 35.219469 31.772234), LINESTRING (35.2188 31.77245, 35.218802 31.772449, 35.219027 31.772763, 35.219143 31.772788, 35.219562 31.772615, 35.219634 31.772488, 35.219468 31.772234, 35.219469 31.772234))</SimpleData>
		<SimpleData name="PartName">קינג ג'ורג מקביל קרן היסוד</SimpleData>
		<SimpleData name="StreetName">סוקולוב</SimpleData>
		<SimpleData name="status_tex">בדיקת היתכנות</SimpleData>
		<SimpleData name="openyear_n">0</SimpleData>
		<SimpleData name="BPHTtype">0</SimpleData>
		<SimpleData name="usable">0</SimpleData>
		<SimpleData name="infra">0</SimpleData>
		<SimpleData name="roadtype">0</SimpleData>
		<SimpleData name="BPHdir">0</SimpleData>
		<SimpleData name="BPHplace">0</SimpleData>
		<SimpleData name="DIRtype">0</SimpleData>
		<SimpleData name="DIRTraffic">0</SimpleData>
		<SimpleData name="TOPOLOGY">0</SimpleData>
		<SimpleData name="DIV_Veh">0</SimpleData>
		<SimpleData name="DIV_Walk">0</SimpleData>
		<SimpleData name="Signpost">0</SimpleData>
		<SimpleData name="Parking">0</SimpleData>
		<SimpleData name="LEVEL_">0</SimpleData>
		<SimpleData name="PAINT">0</SimpleData>
		<SimpleData name="TREES">0</SimpleData>
		<SimpleData name="remarks"></SimpleData>
		<SimpleData name="globalID">0</SimpleData>
		<SimpleData name="id">0</SimpleData>
		<SimpleData name="GlobalID_2">{00225a96-f7f9-4f22-ad53-45efd7bd74df}</SimpleData>
		<SimpleData name="CreationDa"></SimpleData>
		<SimpleData name="Creator"></SimpleData>
		<SimpleData name="EditDate"></SimpleData>
		<SimpleData name="Editor"></SimpleData>
		<SimpleData name="Shape__Len">288.62391432700</SimpleData>
		<SimpleData name="Link"></SimpleData>
		<SimpleData name="Framework">בדיקת היתכנות</SimpleData>
		<SimpleData name="Engineer">מת&quot;י</SimpleData>
		<SimpleData name="Director"></SimpleData>
		<SimpleData name="Architect"></SimpleData>
		<SimpleData name="respons">אורן</SimpleData>
		<SimpleData name="V39"></SimpleData>
	</SchemaData></ExtendedData>
      <MultiGeometry><LineString><coordinates>35.219469,31.772234 35.21947,31.772233</coordinates></LineString><LineString><coordinates>35.218797,31.772441 35.218715,31.77211 35.218778,31.771996 35.219091,31.771904 35.219309,31.771895 35.219469,31.772234</coordinates></LineString><LineString><coordinates>35.2188,31.77245 35.218802,31.772449 35.219027,31.772763 35.219143,31.772788 35.219562,31.772615 35.219634,31.772488 35.219468,31.772234 35.219469,31.772234</coordinates></LineString></MultiGeometry>
  </Placemark>
  <Placemark>
	<name></name>
	<description>תיאור: &lt;br&gt;PartName: קינג ג'ורג מקביל קרן היסוד&lt;br&gt;StreetName: שלום עליכם&lt;br&gt;status_tex: בדיקת היתכנות&lt;br&gt;openyear_n: 0&lt;br&gt;BPHTtype: 0&lt;br&gt;usable: 0&lt;br&gt;infra: 0&lt;br&gt;roadtype: 0&lt;br&gt;BPHdir: 0.00000000000&lt;br&gt;BPHplace: 0&lt;br&gt;DIRtype: 0&lt;br&gt;DIRTraffic: 0&lt;br&gt;TOPOLOGY: 0&lt;br&gt;DIV_Veh: 0&lt;br&gt;DIV_Walk: 0&lt;br&gt;Signpost: 0&lt;br&gt;Parking: 0&lt;br&gt;LEVEL_: 0&lt;br&gt;PAINT: 0&lt;br&gt;TREES: 0&lt;br&gt;remarks: &lt;br&gt;globalID: 0&lt;br&gt;id: 0&lt;br&gt;GlobalID_2: {ea485d53-a4f1-4f69-801b-80a86eb79279}&lt;br&gt;CreationDa: &lt;br&gt;Creator: &lt;br&gt;EditDate: &lt;br&gt;Editor: &lt;br&gt;Shape__Len: 100.09458257900&lt;br&gt;Link: &lt;br&gt;Framework: בדיקת היתכנות&lt;br&gt;Engineer: מת&quot;י&lt;br&gt;Director: &lt;br&gt;Architect: &lt;br&gt;respons: אורן</description>
	<Style><LineStyle><color>ff0000ff</color></LineStyle><PolyStyle><fill>0</fill></PolyStyle></Style>
	<ExtendedData><SchemaData schemaUrl="#bike_lanes_check">
		<SimpleData name="WKT">LINESTRING (35.220963 31.771671, 35.220855 31.771324, 35.220747 31.771113, 35.220969 31.770864)</SimpleData>
		<SimpleData name="PartName">קינג ג'ורג מקביל קרן היסוד</SimpleData>
		<SimpleData name="StreetName">שלום עליכם</SimpleData>
		<SimpleData name="status_tex">בדיקת היתכנות</SimpleData>
		<SimpleData name="openyear_n">0</SimpleData>
		<SimpleData name="BPHTtype">0</SimpleData>
		<SimpleData name="usable">0</SimpleData>
		<SimpleData name="infra">0</SimpleData>
		<SimpleData name="roadtype">0</SimpleData>
		<SimpleData name="BPHdir">0</SimpleData>
		<SimpleData name="BPHplace">0</SimpleData>
		<SimpleData name="DIRtype">0</SimpleData>
		<SimpleData name="DIRTraffic">0</SimpleData>
		<SimpleData name="TOPOLOGY">0</SimpleData>
		<SimpleData name="DIV_Veh">0</SimpleData>
		<SimpleData name="DIV_Walk">0</SimpleData>
		<SimpleData name="Signpost">0</SimpleData>
		<SimpleData name="Parking">0</SimpleData>
		<SimpleData name="LEVEL_">0</SimpleData>
		<SimpleData name="PAINT">0</SimpleData>
		<SimpleData name="TREES">0</SimpleData>
		<SimpleData name="remarks"></SimpleData>
		<SimpleData name="globalID">0</SimpleData>
		<SimpleData name="id">0</SimpleData>
		<SimpleData name="GlobalID_2">{ea485d53-a4f1-4f69-801b-80a86eb79279}</SimpleData>
		<SimpleData name="CreationDa"></SimpleData>
		<SimpleData name="Creator"></SimpleData>
		<SimpleData name="EditDate"></SimpleData>
		<SimpleData name="Editor"></SimpleData>
		<SimpleData name="Shape__Len">100.09458257900</SimpleData>
		<SimpleData name="Link"></SimpleData>
		<SimpleData name="Framework">בדיקת היתכנות</SimpleData>
		<SimpleData name="Engineer">מת&quot;י</SimpleData>
		<SimpleData name="Director"></SimpleData>
		<SimpleData name="Architect"></SimpleData>
		<SimpleData name="respons">אורן</SimpleData>
		<SimpleData name="V39"></SimpleData>
	</SchemaData></ExtendedData>
      <MultiGeometry><LineString><coordinates>35.220963,31.771671,0 35.220855,31.771324,0 35.220747,31.771113,0 35.220969,31.770864,0</coordinates></LineString></MultiGeometry>
  </Placemark>
  <Placemark>
	<name></name>
	<description>תיאור: &lt;br&gt;PartName: עוזי נרקיס&lt;br&gt;StreetName: עוזי נרקיס&lt;br&gt;status_tex: בדיקת היתכנות&lt;br&gt;openyear_n: 0&lt;br&gt;BPHTtype: 0&lt;br&gt;usable: 0&lt;br&gt;infra: 0&lt;br&gt;roadtype: 0&lt;br&gt;BPHdir: 0.00000000000&lt;br&gt;BPHplace: 0&lt;br&gt;DIRtype: 0&lt;br&gt;DIRTraffic: 0&lt;br&gt;TOPOLOGY: 0&lt;br&gt;DIV_Veh: 0&lt;br&gt;DIV_Walk: 0&lt;br&gt;Signpost: 0&lt;br&gt;Parking: 0&lt;br&gt;LEVEL_: 0&lt;br&gt;PAINT: 0&lt;br&gt;TREES: 0&lt;br&gt;remarks: מחכה להחלטת מת&quot;ח&lt;br&gt;globalID: 0&lt;br&gt;id: 0&lt;br&gt;GlobalID_2: {121df3ce-6eab-4c95-9ea4-2ee239dabea5}&lt;br&gt;CreationDa: &lt;br&gt;Creator: &lt;br&gt;EditDate: &lt;br&gt;Editor: &lt;br&gt;Shape__Len: 628.10151744200&lt;br&gt;Link: &lt;br&gt;Framework: בדיקת היתכנות&lt;br&gt;Engineer: &lt;br&gt;Director: &lt;br&gt;Architect: &lt;br&gt;respons: אורן</description>
	<Style><LineStyle><color>ff0000ff</color></LineStyle><PolyStyle><fill>0</fill></PolyStyle></Style>
	<ExtendedData><SchemaData schemaUrl="#bike_lanes_check">
		<SimpleData name="WKT">LINESTRING (35.235249 31.805048, 35.235821 31.807659, 35.236716 31.809112, 35.237606 31.810248)</SimpleData>
		<SimpleData name="PartName">עוזי נרקיס</SimpleData>
		<SimpleData name="StreetName">עוזי נרקיס</SimpleData>
		<SimpleData name="status_tex">בדיקת היתכנות</SimpleData>
		<SimpleData name="openyear_n">0</SimpleData>
		<SimpleData name="BPHTtype">0</SimpleData>
		<SimpleData name="usable">0</SimpleData>
		<SimpleData name="infra">0</SimpleData>
		<SimpleData name="roadtype">0</SimpleData>
		<SimpleData name="BPHdir">0</SimpleData>
		<SimpleData name="BPHplace">0</SimpleData>
		<SimpleData name="DIRtype">0</SimpleData>
		<SimpleData name="DIRTraffic">0</SimpleData>
		<SimpleData name="TOPOLOGY">0</SimpleData>
		<SimpleData name="DIV_Veh">0</SimpleData>
		<SimpleData name="DIV_Walk">0</SimpleData>
		<SimpleData name="Signpost">0</SimpleData>
		<SimpleData name="Parking">0</SimpleData>
		<SimpleData name="LEVEL_">0</SimpleData>
		<SimpleData name="PAINT">0</SimpleData>
		<SimpleData name="TREES">0</SimpleData>
		<SimpleData name="remarks">מחכה להחלטת מת&quot;ח</SimpleData>
		<SimpleData name="globalID">0</SimpleData>
		<SimpleData name="id">0</SimpleData>
		<SimpleData name="GlobalID_2">{121df3ce-6eab-4c95-9ea4-2ee239dabea5}</SimpleData>
		<SimpleData name="CreationDa"></SimpleData>
		<SimpleData name="Creator"></SimpleData>
		<SimpleData name="EditDate"></SimpleData>
		<SimpleData name="Editor"></SimpleData>
		<SimpleData name="Shape__Len">628.10151744200</SimpleData>
		<SimpleData name="Link"></SimpleData>
		<SimpleData name="Framework">בדיקת היתכנות</SimpleData>
		<SimpleData name="Engineer"></SimpleData>
		<SimpleData name="Director"></SimpleData>
		<SimpleData name="Architect"></SimpleData>
		<SimpleData name="respons">אורן</SimpleData>
		<SimpleData name="V39"></SimpleData>
	</SchemaData></ExtendedData>
      <MultiGeometry><LineString><coordinates>35.235249,31.805048,0 35.235821,31.807659,0 35.236716,31.809112,0 35.237606,31.810248,0</coordinates></LineString></MultiGeometry>
  </Placemark>
  <Placemark>
	<name></name>
	<description>תיאור: &lt;br&gt;PartName: ימין אבות&lt;br&gt;StreetName: ימין אבות&lt;br&gt;status_tex: בדיקת היתכנות&lt;br&gt;openyear_n: 0&lt;br&gt;BPHTtype: 0&lt;br&gt;usable: 0&lt;br&gt;infra: 0&lt;br&gt;roadtype: 0&lt;br&gt;BPHdir: 0.00000000000&lt;br&gt;BPHplace: 0&lt;br&gt;DIRtype: 0&lt;br&gt;DIRTraffic: 0&lt;br&gt;TOPOLOGY: 0&lt;br&gt;DIV_Veh: 0&lt;br&gt;DIV_Walk: 0&lt;br&gt;Signpost: 0&lt;br&gt;Parking: 0&lt;br&gt;LEVEL_: 0&lt;br&gt;PAINT: 0&lt;br&gt;TREES: 0&lt;br&gt;remarks: אולי יכנס למאיץ ד&lt;br&gt;globalID: 0&lt;br&gt;id: 0&lt;br&gt;GlobalID_2: {b08e684f-b4d7-4307-9e1a-3fecf0f876a6}&lt;br&gt;CreationDa: &lt;br&gt;Creator: &lt;br&gt;EditDate: &lt;br&gt;Editor: &lt;br&gt;Shape__Len: 211.41214737700&lt;br&gt;Link: &lt;br&gt;Framework: בדיקת היתכנות&lt;br&gt;Engineer: &lt;br&gt;Director: רולי פלד&lt;br&gt;Architect: &lt;br&gt;respons: אורן</description>
	<Style><LineStyle><color>ff0000ff</color></LineStyle><PolyStyle><fill>0</fill></PolyStyle></Style>
	<ExtendedData><SchemaData schemaUrl="#bike_lanes_check">
		<SimpleData name="WKT">LINESTRING (35.195135 31.787625, 35.195 31.787633, 35.192903 31.787616)</SimpleData>
		<SimpleData name="PartName">ימין אבות</SimpleData>
		<SimpleData name="StreetName">ימין אבות</SimpleData>
		<SimpleData name="status_tex">בדיקת היתכנות</SimpleData>
		<SimpleData name="openyear_n">0</SimpleData>
		<SimpleData name="BPHTtype">0</SimpleData>
		<SimpleData name="usable">0</SimpleData>
		<SimpleData name="infra">0</SimpleData>
		<SimpleData name="roadtype">0</SimpleData>
		<SimpleData name="BPHdir">0</SimpleData>
		<SimpleData name="BPHplace">0</SimpleData>
		<SimpleData name="DIRtype">0</SimpleData>
		<SimpleData name="DIRTraffic">0</SimpleData>
		<SimpleData name="TOPOLOGY">0</SimpleData>
		<SimpleData name="DIV_Veh">0</SimpleData>
		<SimpleData name="DIV_Walk">0</SimpleData>
		<SimpleData name="Signpost">0</SimpleData>
		<SimpleData name="Parking">0</SimpleData>
		<SimpleData name="LEVEL_">0</SimpleData>
		<SimpleData name="PAINT">0</SimpleData>
		<SimpleData name="TREES">0</SimpleData>
		<SimpleData name="remarks">אולי יכנס למאיץ ד</SimpleData>
		<SimpleData name="globalID">0</SimpleData>
		<SimpleData name="id">0</SimpleData>
		<SimpleData name="GlobalID_2">{b08e684f-b4d7-4307-9e1a-3fecf0f876a6}</SimpleData>
		<SimpleData name="CreationDa"></SimpleData>
		<SimpleData name="Creator"></SimpleData>
		<SimpleData name="EditDate"></SimpleData>
		<SimpleData name="Editor"></SimpleData>
		<SimpleData name="Shape__Len">211.41214737700</SimpleData>
		<SimpleData name="Link"></SimpleData>
		<SimpleData name="Framework">בדיקת היתכנות</SimpleData>
		<SimpleData name="Engineer"></SimpleData>
		<SimpleData name="Director">רולי פלד</SimpleData>
		<SimpleData name="Architect"></SimpleData>
		<SimpleData name="respons">אורן</SimpleData>
		<SimpleData name="V39"></SimpleData>
	</SchemaData></ExtendedData>
      <MultiGeometry><LineString><coordinates>35.195135,31.787625,0 35.195,31.787633,0 35.192903,31.787616,0</coordinates></LineString></MultiGeometry>
  </Placemark>
  <Placemark>
	<name></name>
	<description>תיאור: &lt;br&gt;PartName: ז'בוטינסקי&lt;br&gt;StreetName: ז'בוטינסקי&lt;br&gt;status_tex: בדיקת היתכנות&lt;br&gt;openyear_n: 0&lt;br&gt;BPHTtype: 0&lt;br&gt;usable: 0&lt;br&gt;infra: 0&lt;br&gt;roadtype: 0&lt;br&gt;BPHdir: 0.00000000000&lt;br&gt;BPHplace: 0&lt;br&gt;DIRtype: 0&lt;br&gt;DIRTraffic: 0&lt;br&gt;TOPOLOGY: 0&lt;br&gt;DIV_Veh: 0&lt;br&gt;DIV_Walk: 0&lt;br&gt;Signpost: 0&lt;br&gt;Parking: 0&lt;br&gt;LEVEL_: 0&lt;br&gt;PAINT: 0&lt;br&gt;TREES: 0&lt;br&gt;remarks: &lt;br&gt;globalID: 0&lt;br&gt;id: 0&lt;br&gt;GlobalID_2: {2014cd17-baa2-43d0-9399-3147752ea252}&lt;br&gt;CreationDa: &lt;br&gt;Creator: &lt;br&gt;EditDate: &lt;br&gt;Editor: &lt;br&gt;Shape__Len: 584.10026705300&lt;br&gt;Link: &lt;br&gt;Framework: מאיץ ד&lt;br&gt;Engineer: &lt;br&gt;Director: מת&quot;י&lt;br&gt;Architect: &lt;br&gt;respons: אורן</description>
	<Style><LineStyle><color>ff0000ff</color></LineStyle><PolyStyle><fill>0</fill></PolyStyle></Style>
	<ExtendedData><SchemaData schemaUrl="#bike_lanes_check">
		<SimpleData name="WKT">LINESTRING (35.220715 31.771074, 35.220478 31.771051, 35.220411 31.771054, 35.220146 31.771054, 35.219882 31.771061, 35.219656 31.771061, 35.219337 31.771061, 35.219026 31.771088, 35.218762 31.771094, 35.218497 31.771107, 35.218256 31.771107, 35.218031 31.771107, 35.217797 31.771107, 35.21754 31.771107, 35.217292 31.771094, 35.217113 31.771094, 35.217066 31.771167, 35.216926 31.7712, 35.216833 31.771187, 35.21677 31.771107, 35.216724 31.771094, 35.216358 31.771094, 35.216062 31.771081, 35.215916 31.770986, 35.215545 31.770828, 35.214817 31.770542)</SimpleData>
		<SimpleData name="PartName">ז'בוטינסקי</SimpleData>
		<SimpleData name="StreetName">ז'בוטינסקי</SimpleData>
		<SimpleData name="status_tex">בדיקת היתכנות</SimpleData>
		<SimpleData name="openyear_n">0</SimpleData>
		<SimpleData name="BPHTtype">0</SimpleData>
		<SimpleData name="usable">0</SimpleData>
		<SimpleData name="infra">0</SimpleData>
		<SimpleData name="roadtype">0</SimpleData>
		<SimpleData name="BPHdir">0</SimpleData>
		<SimpleData name="BPHplace">0</SimpleData>
		<SimpleData name="DIRtype">0</SimpleData>
		<SimpleData name="DIRTraffic">0</SimpleData>
		<SimpleData name="TOPOLOGY">0</SimpleData>
		<SimpleData name="DIV_Veh">0</SimpleData>
		<SimpleData name="DIV_Walk">0</SimpleData>
		<SimpleData name="Signpost">0</SimpleData>
		<SimpleData name="Parking">0</SimpleData>
		<SimpleData name="LEVEL_">0</SimpleData>
		<SimpleData name="PAINT">0</SimpleData>
		<SimpleData name="TREES">0</SimpleData>
		<SimpleData name="remarks"></SimpleData>
		<SimpleData name="globalID">0</SimpleData>
		<SimpleData name="id">0</SimpleData>
		<SimpleData name="GlobalID_2">{2014cd17-baa2-43d0-9399-3147752ea252}</SimpleData>
		<SimpleData name="CreationDa"></SimpleData>
		<SimpleData name="Creator"></SimpleData>
		<SimpleData name="EditDate"></SimpleData>
		<SimpleData name="Editor"></SimpleData>
		<SimpleData name="Shape__Len">584.10026705300</SimpleData>
		<SimpleData name="Link"></SimpleData>
		<SimpleData name="Framework">מאיץ ד</SimpleData>
		<SimpleData name="Engineer"></SimpleData>
		<SimpleData name="Director">מת&quot;י</SimpleData>
		<SimpleData name="Architect"></SimpleData>
		<SimpleData name="respons">אורן</SimpleData>
		<SimpleData name="V39"></SimpleData>
	</SchemaData></ExtendedData>
      <MultiGeometry><LineString><coordinates>35.220715,31.771074,0 35.220478,31.771051,0 35.220411,31.771054,0 35.220146,31.771054,0 35.219882,31.771061,0 35.219656,31.771061,0 35.219337,31.771061,0 35.219026,31.771088,0 35.218762,31.771094,0 35.218497,31.771107,0 35.218256,31.771107,0 35.218031,31.771107,0 35.217797,31.771107,0 35.21754,31.771107,0 35.217292,31.771094,0 35.217113,31.771094,0 35.217066,31.771167,0 35.216926,31.7712,0 35.216833,31.771187,0 35.21677,31.771107,0 35.216724,31.771094,0 35.216358,31.771094,0 35.216062,31.771081,0 35.215916,31.770986,0 35.215545,31.770828,0 35.214817,31.770542,0</coordinates></LineString></MultiGeometry>
  </Placemark>
  <Placemark>
	<name></name>
	<description>תיאור: &lt;br&gt;PartName: ארלוזורוב - עזה עד ז'בוטינסק&lt;br&gt;StreetName: ארלוזורוב&lt;br&gt;status_tex: בדיקת היתכנות&lt;br&gt;openyear_n: 0&lt;br&gt;BPHTtype: 0&lt;br&gt;usable: 0&lt;br&gt;infra: 0&lt;br&gt;roadtype: 0&lt;br&gt;BPHdir: 0.00000000000&lt;br&gt;BPHplace: 0&lt;br&gt;DIRtype: 0&lt;br&gt;DIRTraffic: 0&lt;br&gt;TOPOLOGY: 0&lt;br&gt;DIV_Veh: 0&lt;br&gt;DIV_Walk: 0&lt;br&gt;Signpost: 0&lt;br&gt;Parking: 0&lt;br&gt;LEVEL_: 0&lt;br&gt;PAINT: 0&lt;br&gt;TREES: 0&lt;br&gt;remarks: עלוי להיכנס בנת&quot;צ עזה&lt;br&gt;globalID: 0&lt;br&gt;id: 0&lt;br&gt;GlobalID_2: {d06c7774-b6a9-4702-bea4-155bbc8c6e8a}&lt;br&gt;CreationDa: &lt;br&gt;Creator: &lt;br&gt;EditDate: &lt;br&gt;Editor: &lt;br&gt;Shape__Len: 202.50123640600&lt;br&gt;Link: &lt;br&gt;Framework: בדיקת היתכנות&lt;br&gt;Engineer: &lt;br&gt;Director: &lt;br&gt;Architect: &lt;br&gt;respons: אורן</description>
	<Style><LineStyle><color>ff0000ff</color></LineStyle><PolyStyle><fill>0</fill></PolyStyle></Style>
	<ExtendedData><SchemaData schemaUrl="#bike_lanes_check">
		<SimpleData name="WKT">LINESTRING (35.216064 31.77109, 35.21607 31.771121, 35.216134 31.771845, 35.216191 31.772878, 35.216176 31.77291)</SimpleData>
		<SimpleData name="PartName">ארלוזורוב - עזה עד ז'בוטינסק</SimpleData>
		<SimpleData name="StreetName">ארלוזורוב</SimpleData>
		<SimpleData name="status_tex">בדיקת היתכנות</SimpleData>
		<SimpleData name="openyear_n">0</SimpleData>
		<SimpleData name="BPHTtype">0</SimpleData>
		<SimpleData name="usable">0</SimpleData>
		<SimpleData name="infra">0</SimpleData>
		<SimpleData name="roadtype">0</SimpleData>
		<SimpleData name="BPHdir">0</SimpleData>
		<SimpleData name="BPHplace">0</SimpleData>
		<SimpleData name="DIRtype">0</SimpleData>
		<SimpleData name="DIRTraffic">0</SimpleData>
		<SimpleData name="TOPOLOGY">0</SimpleData>
		<SimpleData name="DIV_Veh">0</SimpleData>
		<SimpleData name="DIV_Walk">0</SimpleData>
		<SimpleData name="Signpost">0</SimpleData>
		<SimpleData name="Parking">0</SimpleData>
		<SimpleData name="LEVEL_">0</SimpleData>
		<SimpleData name="PAINT">0</SimpleData>
		<SimpleData name="TREES">0</SimpleData>
		<SimpleData name="remarks">עלוי להיכנס בנת&quot;צ עזה</SimpleData>
		<SimpleData name="globalID">0</SimpleData>
		<SimpleData name="id">0</SimpleData>
		<SimpleData name="GlobalID_2">{d06c7774-b6a9-4702-bea4-155bbc8c6e8a}</SimpleData>
		<SimpleData name="CreationDa"></SimpleData>
		<SimpleData name="Creator"></SimpleData>
		<SimpleData name="EditDate"></SimpleData>
		<SimpleData name="Editor"></SimpleData>
		<SimpleData name="Shape__Len">202.50123640600</SimpleData>
		<SimpleData name="Link"></SimpleData>
		<SimpleData name="Framework">בדיקת היתכנות</SimpleData>
		<SimpleData name="Engineer"></SimpleData>
		<SimpleData name="Director"></SimpleData>
		<SimpleData name="Architect"></SimpleData>
		<SimpleData name="respons">אורן</SimpleData>
		<SimpleData name="V39"></SimpleData>
	</SchemaData></ExtendedData>
      <MultiGeometry><LineString><coordinates>35.216064,31.77109,0 35.21607,31.771121,0 35.216134,31.771845,0 35.216191,31.772878,0 35.216176,31.77291,0</coordinates></LineString></MultiGeometry>
  </Placemark>
  <Placemark>
	<name></name>
	<description>תיאור: &lt;br&gt;PartName: בלפור&lt;br&gt;StreetName: בלפור&lt;br&gt;status_tex: בדיקת היתכנות&lt;br&gt;openyear_n: 0&lt;br&gt;BPHTtype: 0&lt;br&gt;usable: 0&lt;br&gt;infra: 0&lt;br&gt;roadtype: 0&lt;br&gt;BPHdir: 0.00000000000&lt;br&gt;BPHplace: 0&lt;br&gt;DIRtype: 0&lt;br&gt;DIRTraffic: 0&lt;br&gt;TOPOLOGY: 0&lt;br&gt;DIV_Veh: 0&lt;br&gt;DIV_Walk: 0&lt;br&gt;Signpost: 0&lt;br&gt;Parking: 0&lt;br&gt;LEVEL_: 0&lt;br&gt;PAINT: 0&lt;br&gt;TREES: 0&lt;br&gt;remarks: &lt;br&gt;globalID: 0&lt;br&gt;id: 0&lt;br&gt;GlobalID_2: {9b1cad60-c6dc-4cfb-bb46-9e4474d20329}&lt;br&gt;CreationDa: &lt;br&gt;Creator: &lt;br&gt;EditDate: &lt;br&gt;Editor: &lt;br&gt;Shape__Len: 184.57740536200&lt;br&gt;Link: &lt;br&gt;Framework: בדיקת היתכנות&lt;br&gt;Engineer: &lt;br&gt;Director: מת&quot;י&lt;br&gt;Architect: &lt;br&gt;respons: אורן</description>
	<Style><LineStyle><color>ff0000ff</color></LineStyle><PolyStyle><fill>0</fill></PolyStyle></Style>
	<ExtendedData><SchemaData schemaUrl="#bike_lanes_check">
		<SimpleData name="WKT">LINESTRING (35.216946 31.771237, 35.217043 31.772879, 35.217018 31.77288)</SimpleData>
		<SimpleData name="PartName">בלפור</SimpleData>
		<SimpleData name="StreetName">בלפור</SimpleData>
		<SimpleData name="status_tex">בדיקת היתכנות</SimpleData>
		<SimpleData name="openyear_n">0</SimpleData>
		<SimpleData name="BPHTtype">0</SimpleData>
		<SimpleData name="usable">0</SimpleData>
		<SimpleData name="infra">0</SimpleData>
		<SimpleData name="roadtype">0</SimpleData>
		<SimpleData name="BPHdir">0</SimpleData>
		<SimpleData name="BPHplace">0</SimpleData>
		<SimpleData name="DIRtype">0</SimpleData>
		<SimpleData name="DIRTraffic">0</SimpleData>
		<SimpleData name="TOPOLOGY">0</SimpleData>
		<SimpleData name="DIV_Veh">0</SimpleData>
		<SimpleData name="DIV_Walk">0</SimpleData>
		<SimpleData name="Signpost">0</SimpleData>
		<SimpleData name="Parking">0</SimpleData>
		<SimpleData name="LEVEL_">0</SimpleData>
		<SimpleData name="PAINT">0</SimpleData>
		<SimpleData name="TREES">0</SimpleData>
		<SimpleData name="remarks"></SimpleData>
		<SimpleData name="globalID">0</SimpleData>
		<SimpleData name="id">0</SimpleData>
		<SimpleData name="GlobalID_2">{9b1cad60-c6dc-4cfb-bb46-9e4474d20329}</SimpleData>
		<SimpleData name="CreationDa"></SimpleData>
		<SimpleData name="Creator"></SimpleData>
		<SimpleData name="EditDate"></SimpleData>
		<SimpleData name="Editor"></SimpleData>
		<SimpleData name="Shape__Len">184.57740536200</SimpleData>
		<SimpleData name="Link"></SimpleData>
		<SimpleData name="Framework">בדיקת היתכנות</SimpleData>
		<SimpleData name="Engineer"></SimpleData>
		<SimpleData name="Director">מת&quot;י</SimpleData>
		<SimpleData name="Architect"></SimpleData>
		<SimpleData name="respons">אורן</SimpleData>
		<SimpleData name="V39"></SimpleData>
	</SchemaData></ExtendedData>
      <MultiGeometry><LineString><coordinates>35.216946,31.771237,0 35.217043,31.772879,0 35.217018,31.77288,0</coordinates></LineString></MultiGeometry>
  </Placemark>
  <Placemark>
	<name></name>
	<description>תיאור: &lt;br&gt;PartName: תל חי&lt;br&gt;StreetName: תל חי&lt;br&gt;status_tex: בדיקת היתכנות&lt;br&gt;openyear_n: 0&lt;br&gt;BPHTtype: 0&lt;br&gt;usable: 0&lt;br&gt;infra: 0&lt;br&gt;roadtype: 0&lt;br&gt;BPHdir: 0.00000000000&lt;br&gt;BPHplace: 0&lt;br&gt;DIRtype: 0&lt;br&gt;DIRTraffic: 0&lt;br&gt;TOPOLOGY: 0&lt;br&gt;DIV_Veh: 0&lt;br&gt;DIV_Walk: 0&lt;br&gt;Signpost: 0&lt;br&gt;Parking: 0&lt;br&gt;LEVEL_: 0&lt;br&gt;PAINT: 0&lt;br&gt;TREES: 0&lt;br&gt;remarks: &lt;br&gt;globalID: 0&lt;br&gt;id: 0&lt;br&gt;GlobalID_2: {1130af6c-c7f7-4fe1-bb28-e748fc1eb2c9}&lt;br&gt;CreationDa: &lt;br&gt;Creator: &lt;br&gt;EditDate: &lt;br&gt;Editor: &lt;br&gt;Shape__Len: 119.87022280000&lt;br&gt;Link: &lt;br&gt;Framework: בדיקת היתכנות&lt;br&gt;Engineer: &lt;br&gt;Director: רולי פלד&lt;br&gt;Architect: &lt;br&gt;respons: אורן</description>
	<Style><LineStyle><color>ff0000ff</color></LineStyle><PolyStyle><fill>0</fill></PolyStyle></Style>
	<ExtendedData><SchemaData schemaUrl="#bike_lanes_check">
		<SimpleData name="WKT">LINESTRING (35.213252 31.762946, 35.213213 31.762947, 35.213188 31.762984, 35.213392 31.763948, 35.213394 31.763965, 35.213384 31.763966)</SimpleData>
		<SimpleData name="PartName">תל חי</SimpleData>
		<SimpleData name="StreetName">תל חי</SimpleData>
		<SimpleData name="status_tex">בדיקת היתכנות</SimpleData>
		<SimpleData name="openyear_n">0</SimpleData>
		<SimpleData name="BPHTtype">0</SimpleData>
		<SimpleData name="usable">0</SimpleData>
		<SimpleData name="infra">0</SimpleData>
		<SimpleData name="roadtype">0</SimpleData>
		<SimpleData name="BPHdir">0</SimpleData>
		<SimpleData name="BPHplace">0</SimpleData>
		<SimpleData name="DIRtype">0</SimpleData>
		<SimpleData name="DIRTraffic">0</SimpleData>
		<SimpleData name="TOPOLOGY">0</SimpleData>
		<SimpleData name="DIV_Veh">0</SimpleData>
		<SimpleData name="DIV_Walk">0</SimpleData>
		<SimpleData name="Signpost">0</SimpleData>
		<SimpleData name="Parking">0</SimpleData>
		<SimpleData name="LEVEL_">0</SimpleData>
		<SimpleData name="PAINT">0</SimpleData>
		<SimpleData name="TREES">0</SimpleData>
		<SimpleData name="remarks"></SimpleData>
		<SimpleData name="globalID">0</SimpleData>
		<SimpleData name="id">0</SimpleData>
		<SimpleData name="GlobalID_2">{1130af6c-c7f7-4fe1-bb28-e748fc1eb2c9}</SimpleData>
		<SimpleData name="CreationDa"></SimpleData>
		<SimpleData name="Creator"></SimpleData>
		<SimpleData name="EditDate"></SimpleData>
		<SimpleData name="Editor"></SimpleData>
		<SimpleData name="Shape__Len">119.87022280000</SimpleData>
		<SimpleData name="Link"></SimpleData>
		<SimpleData name="Framework">בדיקת היתכנות</SimpleData>
		<SimpleData name="Engineer"></SimpleData>
		<SimpleData name="Director">רולי פלד</SimpleData>
		<SimpleData name="Architect"></SimpleData>
		<SimpleData name="respons">אורן</SimpleData>
		<SimpleData name="V39"></SimpleData>
	</SchemaData></ExtendedData>
      <MultiGeometry><LineString><coordinates>35.213252,31.762946,0 35.213213,31.762947,0 35.213188,31.762984,0 35.213392,31.763948,0 35.213394,31.763965,0 35.213384,31.763966,0</coordinates></LineString></MultiGeometry>
  </Placemark>
  <Placemark>
	<name></name>
	<description>תיאור: &lt;br&gt;PartName: הפורצים&lt;br&gt;StreetName: הפורצים&lt;br&gt;status_tex: בדיקת היתכנות&lt;br&gt;openyear_n: 0&lt;br&gt;BPHTtype: 0&lt;br&gt;usable: 0&lt;br&gt;infra: 0&lt;br&gt;roadtype: 0&lt;br&gt;BPHdir: 0.00000000000&lt;br&gt;BPHplace: 0&lt;br&gt;DIRtype: 0&lt;br&gt;DIRTraffic: 0&lt;br&gt;TOPOLOGY: 0&lt;br&gt;DIV_Veh: 0&lt;br&gt;DIV_Walk: 0&lt;br&gt;Signpost: 0&lt;br&gt;Parking: 0&lt;br&gt;LEVEL_: 0&lt;br&gt;PAINT: 0&lt;br&gt;TREES: 0&lt;br&gt;remarks: &lt;br&gt;globalID: 0&lt;br&gt;id: 0&lt;br&gt;GlobalID_2: {a7f7fe71-18b1-423a-b13f-f5fa2637a40b}&lt;br&gt;CreationDa: &lt;br&gt;Creator: &lt;br&gt;EditDate: &lt;br&gt;Editor: &lt;br&gt;Shape__Len: 454.30659142600&lt;br&gt;Link: &lt;br&gt;Framework: מאיץ ד&lt;br&gt;Engineer: &lt;br&gt;Director: אליה בן שבת&lt;br&gt;Architect: &lt;br&gt;respons: אורן</description>
	<Style><LineStyle><color>ff0000ff</color></LineStyle><PolyStyle><fill>0</fill></PolyStyle></Style>
	<ExtendedData><SchemaData schemaUrl="#bike_lanes_check">
		<SimpleData name="WKT">LINESTRING (35.21236 31.766619, 35.212335 31.766646, 35.212032 31.766743, 35.21169 31.766856, 35.211405 31.766937, 35.211025 31.766904, 35.210645 31.766775, 35.210284 31.76663, 35.210037 31.766533, 35.209734 31.766355, 35.20943 31.766016, 35.209183 31.76571, 35.208974 31.765484, 35.208708 31.765387, 35.208347 31.765306)</SimpleData>
		<SimpleData name="PartName">הפורצים</SimpleData>
		<SimpleData name="StreetName">הפורצים</SimpleData>
		<SimpleData name="status_tex">בדיקת היתכנות</SimpleData>
		<SimpleData name="openyear_n">0</SimpleData>
		<SimpleData name="BPHTtype">0</SimpleData>
		<SimpleData name="usable">0</SimpleData>
		<SimpleData name="infra">0</SimpleData>
		<SimpleData name="roadtype">0</SimpleData>
		<SimpleData name="BPHdir">0</SimpleData>
		<SimpleData name="BPHplace">0</SimpleData>
		<SimpleData name="DIRtype">0</SimpleData>
		<SimpleData name="DIRTraffic">0</SimpleData>
		<SimpleData name="TOPOLOGY">0</SimpleData>
		<SimpleData name="DIV_Veh">0</SimpleData>
		<SimpleData name="DIV_Walk">0</SimpleData>
		<SimpleData name="Signpost">0</SimpleData>
		<SimpleData name="Parking">0</SimpleData>
		<SimpleData name="LEVEL_">0</SimpleData>
		<SimpleData name="PAINT">0</SimpleData>
		<SimpleData name="TREES">0</SimpleData>
		<SimpleData name="remarks"></SimpleData>
		<SimpleData name="globalID">0</SimpleData>
		<SimpleData name="id">0</SimpleData>
		<SimpleData name="GlobalID_2">{a7f7fe71-18b1-423a-b13f-f5fa2637a40b}</SimpleData>
		<SimpleData name="CreationDa"></SimpleData>
		<SimpleData name="Creator"></SimpleData>
		<SimpleData name="EditDate"></SimpleData>
		<SimpleData name="Editor"></SimpleData>
		<SimpleData name="Shape__Len">454.30659142600</SimpleData>
		<SimpleData name="Link"></SimpleData>
		<SimpleData name="Framework">מאיץ ד</SimpleData>
		<SimpleData name="Engineer"></SimpleData>
		<SimpleData name="Director">אליה בן שבת</SimpleData>
		<SimpleData name="Architect"></SimpleData>
		<SimpleData name="respons">אורן</SimpleData>
		<SimpleData name="V39"></SimpleData>
	</SchemaData></ExtendedData>
      <MultiGeometry><LineString><coordinates>35.21236,31.766619,0 35.212335,31.766646,0 35.212032,31.766743,0 35.21169,31.766856,0 35.211405,31.766937,0 35.211025,31.766904,0 35.210645,31.766775,0 35.210284,31.76663,0 35.210037,31.766533,0 35.209734,31.766355,0 35.20943,31.766016,0 35.209183,31.76571,0 35.208974,31.765484,0 35.208708,31.765387,0 35.208347,31.765306,0</coordinates></LineString></MultiGeometry>
  </Placemark>
  <Placemark>
	<name></name>
	<description>תיאור: &lt;br&gt;PartName: זרח ורהפטיג&lt;br&gt;StreetName: זרח ורהפטיג&lt;br&gt;status_tex: בדיקת היתכנות&lt;br&gt;openyear_n: 0&lt;br&gt;BPHTtype: 0&lt;br&gt;usable: 0&lt;br&gt;infra: 0&lt;br&gt;roadtype: 0&lt;br&gt;BPHdir: 0.00000000000&lt;br&gt;BPHplace: 0&lt;br&gt;DIRtype: 0&lt;br&gt;DIRTraffic: 0&lt;br&gt;TOPOLOGY: 0&lt;br&gt;DIV_Veh: 0&lt;br&gt;DIV_Walk: 0&lt;br&gt;Signpost: 0&lt;br&gt;Parking: 0&lt;br&gt;LEVEL_: 0&lt;br&gt;PAINT: 0&lt;br&gt;TREES: 0&lt;br&gt;remarks: &lt;br&gt;globalID: 0&lt;br&gt;id: 0&lt;br&gt;GlobalID_2: {822fed58-709e-4729-a1ca-0d4789b40311}&lt;br&gt;CreationDa: &lt;br&gt;Creator: &lt;br&gt;EditDate: &lt;br&gt;Editor: &lt;br&gt;Shape__Len: 584.09112595300&lt;br&gt;Link: &lt;br&gt;Framework: מאיץ ד&lt;br&gt;Engineer: &lt;br&gt;Director: אליה בן שבת&lt;br&gt;Architect: &lt;br&gt;respons: אורן</description>
	<Style><LineStyle><color>ff0000ff</color></LineStyle><PolyStyle><fill>0</fill></PolyStyle></Style>
	<ExtendedData><SchemaData schemaUrl="#bike_lanes_check">
		<SimpleData name="WKT">LINESTRING (35.223882 31.729774, 35.223901 31.729421, 35.223939 31.72913, 35.224167 31.728807, 35.224452 31.728468, 35.224946 31.728048, 35.225364 31.727708, 35.226066 31.727208, 35.226693 31.726804, 35.227054 31.726481, 35.227301 31.726141, 35.227301 31.725705, 35.227305 31.725704)</SimpleData>
		<SimpleData name="PartName">זרח ורהפטיג</SimpleData>
		<SimpleData name="StreetName">זרח ורהפטיג</SimpleData>
		<SimpleData name="status_tex">בדיקת היתכנות</SimpleData>
		<SimpleData name="openyear_n">0</SimpleData>
		<SimpleData name="BPHTtype">0</SimpleData>
		<SimpleData name="usable">0</SimpleData>
		<SimpleData name="infra">0</SimpleData>
		<SimpleData name="roadtype">0</SimpleData>
		<SimpleData name="BPHdir">0</SimpleData>
		<SimpleData name="BPHplace">0</SimpleData>
		<SimpleData name="DIRtype">0</SimpleData>
		<SimpleData name="DIRTraffic">0</SimpleData>
		<SimpleData name="TOPOLOGY">0</SimpleData>
		<SimpleData name="DIV_Veh">0</SimpleData>
		<SimpleData name="DIV_Walk">0</SimpleData>
		<SimpleData name="Signpost">0</SimpleData>
		<SimpleData name="Parking">0</SimpleData>
		<SimpleData name="LEVEL_">0</SimpleData>
		<SimpleData name="PAINT">0</SimpleData>
		<SimpleData name="TREES">0</SimpleData>
		<SimpleData name="remarks"></SimpleData>
		<SimpleData name="globalID">0</SimpleData>
		<SimpleData name="id">0</SimpleData>
		<SimpleData name="GlobalID_2">{822fed58-709e-4729-a1ca-0d4789b40311}</SimpleData>
		<SimpleData name="CreationDa"></SimpleData>
		<SimpleData name="Creator"></SimpleData>
		<SimpleData name="EditDate"></SimpleData>
		<SimpleData name="Editor"></SimpleData>
		<SimpleData name="Shape__Len">584.09112595300</SimpleData>
		<SimpleData name="Link"></SimpleData>
		<SimpleData name="Framework">מאיץ ד</SimpleData>
		<SimpleData name="Engineer"></SimpleData>
		<SimpleData name="Director">אליה בן שבת</SimpleData>
		<SimpleData name="Architect"></SimpleData>
		<SimpleData name="respons">אורן</SimpleData>
		<SimpleData name="V39"></SimpleData>
	</SchemaData></ExtendedData>
      <MultiGeometry><LineString><coordinates>35.223882,31.729774,0 35.223901,31.729421,0 35.223939,31.72913,0 35.224167,31.728807,0 35.224452,31.728468,0 35.224946,31.728048,0 35.225364,31.727708,0 35.226066,31.727208,0 35.226693,31.726804,0 35.227054,31.726481,0 35.227301,31.726141,0 35.227301,31.725705,0 35.227305,31.725704,0</coordinates></LineString></MultiGeometry>
  </Placemark>
  <Placemark>
	<name></name>
	<description>תיאור: &lt;br&gt;PartName: אגרון&lt;br&gt;StreetName: אגרון&lt;br&gt;status_tex: בדיקת היתכנות&lt;br&gt;openyear_n: 0&lt;br&gt;BPHTtype: 0&lt;br&gt;usable: 0&lt;br&gt;infra: 0&lt;br&gt;roadtype: 0&lt;br&gt;BPHdir: 0.00000000000&lt;br&gt;BPHplace: 0&lt;br&gt;DIRtype: 0&lt;br&gt;DIRTraffic: 0&lt;br&gt;TOPOLOGY: 0&lt;br&gt;DIV_Veh: 0&lt;br&gt;DIV_Walk: 0&lt;br&gt;Signpost: 0&lt;br&gt;Parking: 0&lt;br&gt;LEVEL_: 0&lt;br&gt;PAINT: 0&lt;br&gt;TREES: 0&lt;br&gt;remarks: &lt;br&gt;globalID: 0&lt;br&gt;id: 0&lt;br&gt;GlobalID_2: {4a5d79dc-b857-4a32-a1ec-5e26d66d14c7}&lt;br&gt;CreationDa: &lt;br&gt;Creator: &lt;br&gt;EditDate: &lt;br&gt;Editor: &lt;br&gt;Shape__Len: 554.47842244500&lt;br&gt;Link: &lt;br&gt;Framework: מאיץ ד&lt;br&gt;Engineer: &lt;br&gt;Director: מת&quot;י&lt;br&gt;Architect: &lt;br&gt;respons: אורן</description>
	<Style><LineStyle><color>ff0000ff</color></LineStyle><PolyStyle><fill>0</fill></PolyStyle></Style>
	<ExtendedData><SchemaData schemaUrl="#bike_lanes_check">
		<SimpleData name="WKT">LINESTRING (35.22262 31.77784, 35.22226 31.777832, 35.222051 31.777832, 35.22182 31.77775, 35.221382 31.777574, 35.220884 31.777244, 35.220309 31.776936, 35.220305 31.776934, 35.22013 31.776841, 35.219596 31.776551, 35.219182 31.776334, 35.218599 31.775993, 35.218283 31.775776, 35.217821 31.775477, 35.217639 31.775373, 35.217638 31.775373)</SimpleData>
		<SimpleData name="PartName">אגרון</SimpleData>
		<SimpleData name="StreetName">אגרון</SimpleData>
		<SimpleData name="status_tex">בדיקת היתכנות</SimpleData>
		<SimpleData name="openyear_n">0</SimpleData>
		<SimpleData name="BPHTtype">0</SimpleData>
		<SimpleData name="usable">0</SimpleData>
		<SimpleData name="infra">0</SimpleData>
		<SimpleData name="roadtype">0</SimpleData>
		<SimpleData name="BPHdir">0</SimpleData>
		<SimpleData name="BPHplace">0</SimpleData>
		<SimpleData name="DIRtype">0</SimpleData>
		<SimpleData name="DIRTraffic">0</SimpleData>
		<SimpleData name="TOPOLOGY">0</SimpleData>
		<SimpleData name="DIV_Veh">0</SimpleData>
		<SimpleData name="DIV_Walk">0</SimpleData>
		<SimpleData name="Signpost">0</SimpleData>
		<SimpleData name="Parking">0</SimpleData>
		<SimpleData name="LEVEL_">0</SimpleData>
		<SimpleData name="PAINT">0</SimpleData>
		<SimpleData name="TREES">0</SimpleData>
		<SimpleData name="remarks"></SimpleData>
		<SimpleData name="globalID">0</SimpleData>
		<SimpleData name="id">0</SimpleData>
		<SimpleData name="GlobalID_2">{4a5d79dc-b857-4a32-a1ec-5e26d66d14c7}</SimpleData>
		<SimpleData name="CreationDa"></SimpleData>
		<SimpleData name="Creator"></SimpleData>
		<SimpleData name="EditDate"></SimpleData>
		<SimpleData name="Editor"></SimpleData>
		<SimpleData name="Shape__Len">554.47842244500</SimpleData>
		<SimpleData name="Link"></SimpleData>
		<SimpleData name="Framework">מאיץ ד</SimpleData>
		<SimpleData name="Engineer"></SimpleData>
		<SimpleData name="Director">מת&quot;י</SimpleData>
		<SimpleData name="Architect"></SimpleData>
		<SimpleData name="respons">אורן</SimpleData>
		<SimpleData name="V39"></SimpleData>
	</SchemaData></ExtendedData>
      <MultiGeometry><LineString><coordinates>35.22262,31.77784,0 35.22226,31.777832,0 35.222051,31.777832,0 35.22182,31.77775,0 35.221382,31.777574,0 35.220884,31.777244,0 35.220309,31.776936,0 35.220305,31.776934,0 35.22013,31.776841,0 35.219596,31.776551,0 35.219182,31.776334,0 35.218599,31.775993,0 35.218283,31.775776,0 35.217821,31.775477,0 35.217639,31.775373,0 35.217638,31.775373,0</coordinates></LineString></MultiGeometry>
  </Placemark>
  <Placemark>
	<name></name>
	<description>תיאור: &lt;br&gt;PartName: אהרונוב&lt;br&gt;StreetName: אהרונוב&lt;br&gt;status_tex: בדיקת היתכנות&lt;br&gt;openyear_n: 0&lt;br&gt;BPHTtype: 0&lt;br&gt;usable: 0&lt;br&gt;infra: 0&lt;br&gt;roadtype: 0&lt;br&gt;BPHdir: 0.00000000000&lt;br&gt;BPHplace: 0&lt;br&gt;DIRtype: 0&lt;br&gt;DIRTraffic: 0&lt;br&gt;TOPOLOGY: 0&lt;br&gt;DIV_Veh: 0&lt;br&gt;DIV_Walk: 0&lt;br&gt;Signpost: 0&lt;br&gt;Parking: 0&lt;br&gt;LEVEL_: 0&lt;br&gt;PAINT: 0&lt;br&gt;TREES: 0&lt;br&gt;remarks: &lt;br&gt;globalID: 0&lt;br&gt;id: 0&lt;br&gt;GlobalID_2: {67ecde6b-41c9-42a0-a252-cb3ff5026b3b}&lt;br&gt;CreationDa: &lt;br&gt;Creator: &lt;br&gt;EditDate: &lt;br&gt;Editor: &lt;br&gt;Shape__Len: 218.06945819400&lt;br&gt;Link: https://jtmt.sharepoint.com/:p:/r/sites/EngineeringDepartment/PlanningDivision/DocLib3/%D7%A6%D7%AA%D7%90%D7%9C/%D7%AA%D7%9B%D7%A0%D7%95%D7%9F/%D7%91%D7%99%D7%AA%20%D7%94%D7%9B%D7%A8%D7%9D%20%D7%A9%D7%9C%D7%91%20%D7%90%27/%D7%91%D7%99%D7%AA%20%D7%94%D7%9&lt;br&gt;Framework: בדיקת היתכנות&lt;br&gt;Engineer: &lt;br&gt;Director: PGL&lt;br&gt;Architect: &lt;br&gt;respons: אורן</description>
	<Style><LineStyle><color>ff0000ff</color></LineStyle><PolyStyle><fill>0</fill></PolyStyle></Style>
	<ExtendedData><SchemaData schemaUrl="#bike_lanes_check">
		<SimpleData name="WKT">LINESTRING (35.187836 31.776664, 35.187836 31.776665, 35.187434 31.776872, 35.186778 31.777171, 35.185925 31.777651, 35.185925 31.777652, 35.185869 31.777683)</SimpleData>
		<SimpleData name="PartName">אהרונוב</SimpleData>
		<SimpleData name="StreetName">אהרונוב</SimpleData>
		<SimpleData name="status_tex">בדיקת היתכנות</SimpleData>
		<SimpleData name="openyear_n">0</SimpleData>
		<SimpleData name="BPHTtype">0</SimpleData>
		<SimpleData name="usable">0</SimpleData>
		<SimpleData name="infra">0</SimpleData>
		<SimpleData name="roadtype">0</SimpleData>
		<SimpleData name="BPHdir">0</SimpleData>
		<SimpleData name="BPHplace">0</SimpleData>
		<SimpleData name="DIRtype">0</SimpleData>
		<SimpleData name="DIRTraffic">0</SimpleData>
		<SimpleData name="TOPOLOGY">0</SimpleData>
		<SimpleData name="DIV_Veh">0</SimpleData>
		<SimpleData name="DIV_Walk">0</SimpleData>
		<SimpleData name="Signpost">0</SimpleData>
		<SimpleData name="Parking">0</SimpleData>
		<SimpleData name="LEVEL_">0</SimpleData>
		<SimpleData name="PAINT">0</SimpleData>
		<SimpleData name="TREES">0</SimpleData>
		<SimpleData name="remarks"></SimpleData>
		<SimpleData name="globalID">0</SimpleData>
		<SimpleData name="id">0</SimpleData>
		<SimpleData name="GlobalID_2">{67ecde6b-41c9-42a0-a252-cb3ff5026b3b}</SimpleData>
		<SimpleData name="CreationDa"></SimpleData>
		<SimpleData name="Creator"></SimpleData>
		<SimpleData name="EditDate"></SimpleData>
		<SimpleData name="Editor"></SimpleData>
		<SimpleData name="Shape__Len">218.06945819400</SimpleData>
		<SimpleData name="Link">https://jtmt.sharepoint.com/:p:/r/sites/EngineeringDepartment/PlanningDivision/DocLib3/%D7%A6%D7%AA%D7%90%D7%9C/%D7%AA%D7%9B%D7%A0%D7%95%D7%9F/%D7%91%D7%99%D7%AA%20%D7%94%D7%9B%D7%A8%D7%9D%20%D7%A9%D7%9C%D7%91%20%D7%90%27/%D7%91%D7%99%D7%AA%20%D7%94%D7%9</SimpleData>
		<SimpleData name="Framework">בדיקת היתכנות</SimpleData>
		<SimpleData name="Engineer"></SimpleData>
		<SimpleData name="Director">PGL</SimpleData>
		<SimpleData name="Architect"></SimpleData>
		<SimpleData name="respons">אורן</SimpleData>
		<SimpleData name="V39"></SimpleData>
	</SchemaData></ExtendedData>
      <MultiGeometry><LineString><coordinates>35.187836,31.776664,0 35.187836,31.776665,0 35.187434,31.776872,0 35.186778,31.777171,0 35.185925,31.777651,0 35.185925,31.777652,0 35.185869,31.777683,0</coordinates></LineString></MultiGeometry>
  </Placemark>
  <Placemark>
	<name></name>
	<description>תיאור: &lt;br&gt;PartName: התיבונים&lt;br&gt;StreetName: התיבונים&lt;br&gt;status_tex: בדיקת היתכנות&lt;br&gt;openyear_n: 0&lt;br&gt;BPHTtype: 0&lt;br&gt;usable: 0&lt;br&gt;infra: 0&lt;br&gt;roadtype: 0&lt;br&gt;BPHdir: 0.00000000000&lt;br&gt;BPHplace: 0&lt;br&gt;DIRtype: 0&lt;br&gt;DIRTraffic: 0&lt;br&gt;TOPOLOGY: 0&lt;br&gt;DIV_Veh: 0&lt;br&gt;DIV_Walk: 0&lt;br&gt;Signpost: 0&lt;br&gt;Parking: 0&lt;br&gt;LEVEL_: 0&lt;br&gt;PAINT: 0&lt;br&gt;TREES: 0&lt;br&gt;remarks: מאיץ ד&lt;br&gt;globalID: 0&lt;br&gt;id: 0&lt;br&gt;GlobalID_2: {8164b180-2d6b-4f6d-abc0-0982b9798120}&lt;br&gt;CreationDa: &lt;br&gt;Creator: &lt;br&gt;EditDate: &lt;br&gt;Editor: &lt;br&gt;Shape__Len: 120.16684456100&lt;br&gt;Link: &lt;br&gt;Framework: בדיקת היתכנות&lt;br&gt;Engineer: &lt;br&gt;Director: &lt;br&gt;Architect: &lt;br&gt;respons: אורן</description>
	<Style><LineStyle><color>ff0000ff</color></LineStyle><PolyStyle><fill>0</fill></PolyStyle></Style>
	<ExtendedData><SchemaData schemaUrl="#bike_lanes_check">
		<SimpleData name="WKT">LINESTRING (35.210601 31.769903, 35.210602 31.769904, 35.210481 31.770341, 35.211137 31.770614, 35.211131 31.770622)</SimpleData>
		<SimpleData name="PartName">התיבונים</SimpleData>
		<SimpleData name="StreetName">התיבונים</SimpleData>
		<SimpleData name="status_tex">בדיקת היתכנות</SimpleData>
		<SimpleData name="openyear_n">0</SimpleData>
		<SimpleData name="BPHTtype">0</SimpleData>
		<SimpleData name="usable">0</SimpleData>
		<SimpleData name="infra">0</SimpleData>
		<SimpleData name="roadtype">0</SimpleData>
		<SimpleData name="BPHdir">0</SimpleData>
		<SimpleData name="BPHplace">0</SimpleData>
		<SimpleData name="DIRtype">0</SimpleData>
		<SimpleData name="DIRTraffic">0</SimpleData>
		<SimpleData name="TOPOLOGY">0</SimpleData>
		<SimpleData name="DIV_Veh">0</SimpleData>
		<SimpleData name="DIV_Walk">0</SimpleData>
		<SimpleData name="Signpost">0</SimpleData>
		<SimpleData name="Parking">0</SimpleData>
		<SimpleData name="LEVEL_">0</SimpleData>
		<SimpleData name="PAINT">0</SimpleData>
		<SimpleData name="TREES">0</SimpleData>
		<SimpleData name="remarks">מאיץ ד</SimpleData>
		<SimpleData name="globalID">0</SimpleData>
		<SimpleData name="id">0</SimpleData>
		<SimpleData name="GlobalID_2">{8164b180-2d6b-4f6d-abc0-0982b9798120}</SimpleData>
		<SimpleData name="CreationDa"></SimpleData>
		<SimpleData name="Creator"></SimpleData>
		<SimpleData name="EditDate"></SimpleData>
		<SimpleData name="Editor"></SimpleData>
		<SimpleData name="Shape__Len">120.16684456100</SimpleData>
		<SimpleData name="Link"></SimpleData>
		<SimpleData name="Framework">בדיקת היתכנות</SimpleData>
		<SimpleData name="Engineer"></SimpleData>
		<SimpleData name="Director"></SimpleData>
		<SimpleData name="Architect"></SimpleData>
		<SimpleData name="respons">אורן</SimpleData>
		<SimpleData name="V39"></SimpleData>
	</SchemaData></ExtendedData>
      <MultiGeometry><LineString><coordinates>35.210601,31.769903,0 35.210602,31.769904,0 35.210481,31.770341,0 35.211137,31.770614,0 35.211131,31.770622,0</coordinates></LineString></MultiGeometry>
  </Placemark>
  <Placemark>
	<name></name>
	<description>תיאור: &lt;br&gt;PartName: סובב גבעת רם מערב&lt;br&gt;StreetName: גבעת רם&lt;br&gt;status_tex: בדיקת היתכנות&lt;br&gt;openyear_n: 0&lt;br&gt;BPHTtype: 0&lt;br&gt;usable: 0&lt;br&gt;infra: 0&lt;br&gt;roadtype: 0&lt;br&gt;BPHdir: 0.00000000000&lt;br&gt;BPHplace: 0&lt;br&gt;DIRtype: 0&lt;br&gt;DIRTraffic: 0&lt;br&gt;TOPOLOGY: 0&lt;br&gt;DIV_Veh: 0&lt;br&gt;DIV_Walk: 0&lt;br&gt;Signpost: 0&lt;br&gt;Parking: 0&lt;br&gt;LEVEL_: 0&lt;br&gt;PAINT: 0&lt;br&gt;TREES: 0&lt;br&gt;remarks: &lt;br&gt;globalID: 0&lt;br&gt;id: 0&lt;br&gt;GlobalID_2: {df94330d-fb61-4582-a3f2-9e18d408fca5}&lt;br&gt;CreationDa: &lt;br&gt;Creator: &lt;br&gt;EditDate: &lt;br&gt;Editor: &lt;br&gt;Shape__Len: 1834.40707486000&lt;br&gt;Link: &lt;br&gt;Framework: מאיץ ד&lt;br&gt;Engineer: &lt;br&gt;Director: PGL&lt;br&gt;Architect: &lt;br&gt;respons: אורן</description>
	<Style><LineStyle><color>ff0000ff</color></LineStyle><PolyStyle><fill>0</fill></PolyStyle></Style>
	<ExtendedData><SchemaData schemaUrl="#bike_lanes_check">
		<SimpleData name="WKT">LINESTRING (35.195964 31.766786, 35.196001 31.767242, 35.195964 31.767621, 35.195686 31.76803, 35.195371 31.768597, 35.19526 31.769322, 35.195168 31.770188, 35.194982 31.770976, 35.19476 31.771858, 35.194538 31.772929, 35.194445 31.773575, 35.194297 31.774316, 35.194185 31.774962, 35.194093 31.775734, 35.194093 31.776238, 35.19413 31.776836, 35.194241 31.777577, 35.194463 31.778333, 35.194797 31.778994, 35.195056 31.779467, 35.195668 31.780254, 35.196131 31.780774, 35.196668 31.781404, 35.197217 31.781628, 35.197499 31.781704, 35.197917 31.781726)</SimpleData>
		<SimpleData name="PartName">סובב גבעת רם מערב</SimpleData>
		<SimpleData name="StreetName">גבעת רם</SimpleData>
		<SimpleData name="status_tex">בדיקת היתכנות</SimpleData>
		<SimpleData name="openyear_n">0</SimpleData>
		<SimpleData name="BPHTtype">0</SimpleData>
		<SimpleData name="usable">0</SimpleData>
		<SimpleData name="infra">0</SimpleData>
		<SimpleData name="roadtype">0</SimpleData>
		<SimpleData name="BPHdir">0</SimpleData>
		<SimpleData name="BPHplace">0</SimpleData>
		<SimpleData name="DIRtype">0</SimpleData>
		<SimpleData name="DIRTraffic">0</SimpleData>
		<SimpleData name="TOPOLOGY">0</SimpleData>
		<SimpleData name="DIV_Veh">0</SimpleData>
		<SimpleData name="DIV_Walk">0</SimpleData>
		<SimpleData name="Signpost">0</SimpleData>
		<SimpleData name="Parking">0</SimpleData>
		<SimpleData name="LEVEL_">0</SimpleData>
		<SimpleData name="PAINT">0</SimpleData>
		<SimpleData name="TREES">0</SimpleData>
		<SimpleData name="remarks"></SimpleData>
		<SimpleData name="globalID">0</SimpleData>
		<SimpleData name="id">0</SimpleData>
		<SimpleData name="GlobalID_2">{df94330d-fb61-4582-a3f2-9e18d408fca5}</SimpleData>
		<SimpleData name="CreationDa"></SimpleData>
		<SimpleData name="Creator"></SimpleData>
		<SimpleData name="EditDate"></SimpleData>
		<SimpleData name="Editor"></SimpleData>
		<SimpleData name="Shape__Len">1834.40707486000</SimpleData>
		<SimpleData name="Link"></SimpleData>
		<SimpleData name="Framework">מאיץ ד</SimpleData>
		<SimpleData name="Engineer"></SimpleData>
		<SimpleData name="Director">PGL</SimpleData>
		<SimpleData name="Architect"></SimpleData>
		<SimpleData name="respons">אורן</SimpleData>
		<SimpleData name="V39"></SimpleData>
	</SchemaData></ExtendedData>
      <MultiGeometry><LineString><coordinates>35.195964,31.766786,0 35.196001,31.767242,0 35.195964,31.767621,0 35.195686,31.76803,0 35.195371,31.768597,0 35.19526,31.769322,0 35.195168,31.770188,0 35.194982,31.770976,0 35.19476,31.771858,0 35.194538,31.772929,0 35.194445,31.773575,0 35.194297,31.774316,0 35.194185,31.774962,0 35.194093,31.775734,0 35.194093,31.776238,0 35.19413,31.776836,0 35.194241,31.777577,0 35.194463,31.778333,0 35.194797,31.778994,0 35.195056,31.779467,0 35.195668,31.780254,0 35.196131,31.780774,0 35.196668,31.781404,0 35.197217,31.781628,0 35.197499,31.781704,0 35.197917,31.781726,0</coordinates></LineString></MultiGeometry>
  </Placemark>
  <Placemark>
	<name></name>
	<description>תיאור: &lt;br&gt;PartName: אפודי&lt;br&gt;StreetName: אפודי&lt;br&gt;status_tex: בדיקת היתכנות&lt;br&gt;openyear_n: 0&lt;br&gt;BPHTtype: 0&lt;br&gt;usable: 0&lt;br&gt;infra: 0&lt;br&gt;roadtype: 0&lt;br&gt;BPHdir: 0.00000000000&lt;br&gt;BPHplace: 0&lt;br&gt;DIRtype: 0&lt;br&gt;DIRTraffic: 0&lt;br&gt;TOPOLOGY: 0&lt;br&gt;DIV_Veh: 0&lt;br&gt;DIV_Walk: 0&lt;br&gt;Signpost: 0&lt;br&gt;Parking: 0&lt;br&gt;LEVEL_: 0&lt;br&gt;PAINT: 0&lt;br&gt;TREES: 0&lt;br&gt;remarks: &lt;br&gt;globalID: 0&lt;br&gt;id: 0&lt;br&gt;GlobalID_2: {a74d6488-94de-48e0-b0ba-83b1320e3809}&lt;br&gt;CreationDa: &lt;br&gt;Creator: &lt;br&gt;EditDate: &lt;br&gt;Editor: &lt;br&gt;Shape__Len: 75.31934059190&lt;br&gt;Link: &lt;br&gt;Framework: מאיץ ד&lt;br&gt;Engineer: &lt;br&gt;Director: רולי פלד&lt;br&gt;Architect: &lt;br&gt;respons: אורן</description>
	<Style><LineStyle><color>ff0000ff</color></LineStyle><PolyStyle><fill>0</fill></PolyStyle></Style>
	<ExtendedData><SchemaData schemaUrl="#bike_lanes_check">
		<SimpleData name="WKT">LINESTRING (35.212654 31.772331, 35.212468 31.772692, 35.212381 31.772967)</SimpleData>
		<SimpleData name="PartName">אפודי</SimpleData>
		<SimpleData name="StreetName">אפודי</SimpleData>
		<SimpleData name="status_tex">בדיקת היתכנות</SimpleData>
		<SimpleData name="openyear_n">0</SimpleData>
		<SimpleData name="BPHTtype">0</SimpleData>
		<SimpleData name="usable">0</SimpleData>
		<SimpleData name="infra">0</SimpleData>
		<SimpleData name="roadtype">0</SimpleData>
		<SimpleData name="BPHdir">0</SimpleData>
		<SimpleData name="BPHplace">0</SimpleData>
		<SimpleData name="DIRtype">0</SimpleData>
		<SimpleData name="DIRTraffic">0</SimpleData>
		<SimpleData name="TOPOLOGY">0</SimpleData>
		<SimpleData name="DIV_Veh">0</SimpleData>
		<SimpleData name="DIV_Walk">0</SimpleData>
		<SimpleData name="Signpost">0</SimpleData>
		<SimpleData name="Parking">0</SimpleData>
		<SimpleData name="LEVEL_">0</SimpleData>
		<SimpleData name="PAINT">0</SimpleData>
		<SimpleData name="TREES">0</SimpleData>
		<SimpleData name="remarks"></SimpleData>
		<SimpleData name="globalID">0</SimpleData>
		<SimpleData name="id">0</SimpleData>
		<SimpleData name="GlobalID_2">{a74d6488-94de-48e0-b0ba-83b1320e3809}</SimpleData>
		<SimpleData name="CreationDa"></SimpleData>
		<SimpleData name="Creator"></SimpleData>
		<SimpleData name="EditDate"></SimpleData>
		<SimpleData name="Editor"></SimpleData>
		<SimpleData name="Shape__Len">75.31934059190</SimpleData>
		<SimpleData name="Link"></SimpleData>
		<SimpleData name="Framework">מאיץ ד</SimpleData>
		<SimpleData name="Engineer"></SimpleData>
		<SimpleData name="Director">רולי פלד</SimpleData>
		<SimpleData name="Architect"></SimpleData>
		<SimpleData name="respons">אורן</SimpleData>
		<SimpleData name="V39"></SimpleData>
	</SchemaData></ExtendedData>
      <MultiGeometry><LineString><coordinates>35.212654,31.772331,0 35.212468,31.772692,0 35.212381,31.772967,0</coordinates></LineString></MultiGeometry>
  </Placemark>
  <Placemark>
	<name></name>
	<description>תיאור: &lt;br&gt;PartName: בנימין מטודלה&lt;br&gt;StreetName: בנימין מטודלה&lt;br&gt;status_tex: בדיקת היתכנות&lt;br&gt;openyear_n: 0&lt;br&gt;BPHTtype: 0&lt;br&gt;usable: 0&lt;br&gt;infra: 0&lt;br&gt;roadtype: 0&lt;br&gt;BPHdir: 0.00000000000&lt;br&gt;BPHplace: 0&lt;br&gt;DIRtype: 0&lt;br&gt;DIRTraffic: 0&lt;br&gt;TOPOLOGY: 0&lt;br&gt;DIV_Veh: 0&lt;br&gt;DIV_Walk: 0&lt;br&gt;Signpost: 0&lt;br&gt;Parking: 0&lt;br&gt;LEVEL_: 0&lt;br&gt;PAINT: 0&lt;br&gt;TREES: 0&lt;br&gt;remarks: &lt;br&gt;globalID: 0&lt;br&gt;id: 0&lt;br&gt;GlobalID_2: {3d9025f9-f882-478e-8ff0-bec76e214fb5}&lt;br&gt;CreationDa: &lt;br&gt;Creator: &lt;br&gt;EditDate: &lt;br&gt;Editor: &lt;br&gt;Shape__Len: 162.75144639300&lt;br&gt;Link: &lt;br&gt;Framework: מאיץ ד&lt;br&gt;Engineer: &lt;br&gt;Director: רולי פלד&lt;br&gt;Architect: &lt;br&gt;respons: אורן</description>
	<Style><LineStyle><color>ff0000ff</color></LineStyle><PolyStyle><fill>0</fill></PolyStyle></Style>
	<ExtendedData><SchemaData schemaUrl="#bike_lanes_check">
		<SimpleData name="WKT">LINESTRING (35.211272 31.771476, 35.211273 31.771477, 35.211749 31.771766, 35.211996 31.771977, 35.212205 31.772109, 35.212468 31.772208, 35.212655 31.77233, 35.212654 31.772331)</SimpleData>
		<SimpleData name="PartName">בנימין מטודלה</SimpleData>
		<SimpleData name="StreetName">בנימין מטודלה</SimpleData>
		<SimpleData name="status_tex">בדיקת היתכנות</SimpleData>
		<SimpleData name="openyear_n">0</SimpleData>
		<SimpleData name="BPHTtype">0</SimpleData>
		<SimpleData name="usable">0</SimpleData>
		<SimpleData name="infra">0</SimpleData>
		<SimpleData name="roadtype">0</SimpleData>
		<SimpleData name="BPHdir">0</SimpleData>
		<SimpleData name="BPHplace">0</SimpleData>
		<SimpleData name="DIRtype">0</SimpleData>
		<SimpleData name="DIRTraffic">0</SimpleData>
		<SimpleData name="TOPOLOGY">0</SimpleData>
		<SimpleData name="DIV_Veh">0</SimpleData>
		<SimpleData name="DIV_Walk">0</SimpleData>
		<SimpleData name="Signpost">0</SimpleData>
		<SimpleData name="Parking">0</SimpleData>
		<SimpleData name="LEVEL_">0</SimpleData>
		<SimpleData name="PAINT">0</SimpleData>
		<SimpleData name="TREES">0</SimpleData>
		<SimpleData name="remarks"></SimpleData>
		<SimpleData name="globalID">0</SimpleData>
		<SimpleData name="id">0</SimpleData>
		<SimpleData name="GlobalID_2">{3d9025f9-f882-478e-8ff0-bec76e214fb5}</SimpleData>
		<SimpleData name="CreationDa"></SimpleData>
		<SimpleData name="Creator"></SimpleData>
		<SimpleData name="EditDate"></SimpleData>
		<SimpleData name="Editor"></SimpleData>
		<SimpleData name="Shape__Len">162.75144639300</SimpleData>
		<SimpleData name="Link"></SimpleData>
		<SimpleData name="Framework">מאיץ ד</SimpleData>
		<SimpleData name="Engineer"></SimpleData>
		<SimpleData name="Director">רולי פלד</SimpleData>
		<SimpleData name="Architect"></SimpleData>
		<SimpleData name="respons">אורן</SimpleData>
		<SimpleData name="V39"></SimpleData>
	</SchemaData></ExtendedData>
      <MultiGeometry><LineString><coordinates>35.211272,31.771476,0 35.211273,31.771477,0 35.211749,31.771766,0 35.211996,31.771977,0 35.212205,31.772109,0 35.212468,31.772208,0 35.212655,31.77233,0 35.212654,31.772331,0</coordinates></LineString></MultiGeometry>
  </Placemark>
  <Placemark>
	<name></name>
	<description>תיאור: &lt;br&gt;PartName: בן לברט&lt;br&gt;StreetName: בן לברט&lt;br&gt;status_tex: בדיקת היתכנות&lt;br&gt;openyear_n: 0&lt;br&gt;BPHTtype: 0&lt;br&gt;usable: 0&lt;br&gt;infra: 0&lt;br&gt;roadtype: 0&lt;br&gt;BPHdir: 0.00000000000&lt;br&gt;BPHplace: 0&lt;br&gt;DIRtype: 0&lt;br&gt;DIRTraffic: 0&lt;br&gt;TOPOLOGY: 0&lt;br&gt;DIV_Veh: 0&lt;br&gt;DIV_Walk: 0&lt;br&gt;Signpost: 0&lt;br&gt;Parking: 0&lt;br&gt;LEVEL_: 0&lt;br&gt;PAINT: 0&lt;br&gt;TREES: 0&lt;br&gt;remarks: &lt;br&gt;globalID: 0&lt;br&gt;id: 0&lt;br&gt;GlobalID_2: {fd9a7cec-e6ef-4f9f-86cc-b28f24b6bab3}&lt;br&gt;CreationDa: &lt;br&gt;Creator: &lt;br&gt;EditDate: &lt;br&gt;Editor: &lt;br&gt;Shape__Len: 75.64286248480&lt;br&gt;Link: &lt;br&gt;Framework: מאיץ ד&lt;br&gt;Engineer: &lt;br&gt;Director: רולי פלד&lt;br&gt;Architect: &lt;br&gt;respons: אורן</description>
	<Style><LineStyle><color>ff0000ff</color></LineStyle><PolyStyle><fill>0</fill></PolyStyle></Style>
	<ExtendedData><SchemaData schemaUrl="#bike_lanes_check">
		<SimpleData name="WKT">LINESTRING (35.210715 31.771005, 35.211001 31.771192, 35.211239 31.77139, 35.211272 31.771476)</SimpleData>
		<SimpleData name="PartName">בן לברט</SimpleData>
		<SimpleData name="StreetName">בן לברט</SimpleData>
		<SimpleData name="status_tex">בדיקת היתכנות</SimpleData>
		<SimpleData name="openyear_n">0</SimpleData>
		<SimpleData name="BPHTtype">0</SimpleData>
		<SimpleData name="usable">0</SimpleData>
		<SimpleData name="infra">0</SimpleData>
		<SimpleData name="roadtype">0</SimpleData>
		<SimpleData name="BPHdir">0</SimpleData>
		<SimpleData name="BPHplace">0</SimpleData>
		<SimpleData name="DIRtype">0</SimpleData>
		<SimpleData name="DIRTraffic">0</SimpleData>
		<SimpleData name="TOPOLOGY">0</SimpleData>
		<SimpleData name="DIV_Veh">0</SimpleData>
		<SimpleData name="DIV_Walk">0</SimpleData>
		<SimpleData name="Signpost">0</SimpleData>
		<SimpleData name="Parking">0</SimpleData>
		<SimpleData name="LEVEL_">0</SimpleData>
		<SimpleData name="PAINT">0</SimpleData>
		<SimpleData name="TREES">0</SimpleData>
		<SimpleData name="remarks"></SimpleData>
		<SimpleData name="globalID">0</SimpleData>
		<SimpleData name="id">0</SimpleData>
		<SimpleData name="GlobalID_2">{fd9a7cec-e6ef-4f9f-86cc-b28f24b6bab3}</SimpleData>
		<SimpleData name="CreationDa"></SimpleData>
		<SimpleData name="Creator"></SimpleData>
		<SimpleData name="EditDate"></SimpleData>
		<SimpleData name="Editor"></SimpleData>
		<SimpleData name="Shape__Len">75.64286248480</SimpleData>
		<SimpleData name="Link"></SimpleData>
		<SimpleData name="Framework">מאיץ ד</SimpleData>
		<SimpleData name="Engineer"></SimpleData>
		<SimpleData name="Director">רולי פלד</SimpleData>
		<SimpleData name="Architect"></SimpleData>
		<SimpleData name="respons">אורן</SimpleData>
		<SimpleData name="V39"></SimpleData>
	</SchemaData></ExtendedData>
      <MultiGeometry><LineString><coordinates>35.210715,31.771005,0 35.211001,31.771192,0 35.211239,31.77139,0 35.211272,31.771476,0</coordinates></LineString></MultiGeometry>
  </Placemark>
  <Placemark>
	<name></name>
	<description>תיאור: &lt;br&gt;PartName: בן סרוק&lt;br&gt;StreetName: בן סרוק&lt;br&gt;status_tex: בדיקת היתכנות&lt;br&gt;openyear_n: 0&lt;br&gt;BPHTtype: 0&lt;br&gt;usable: 0&lt;br&gt;infra: 0&lt;br&gt;roadtype: 0&lt;br&gt;BPHdir: 0.00000000000&lt;br&gt;BPHplace: 0&lt;br&gt;DIRtype: 0&lt;br&gt;DIRTraffic: 0&lt;br&gt;TOPOLOGY: 0&lt;br&gt;DIV_Veh: 0&lt;br&gt;DIV_Walk: 0&lt;br&gt;Signpost: 0&lt;br&gt;Parking: 0&lt;br&gt;LEVEL_: 0&lt;br&gt;PAINT: 0&lt;br&gt;TREES: 0&lt;br&gt;remarks: &lt;br&gt;globalID: 0&lt;br&gt;id: 0&lt;br&gt;GlobalID_2: {932400c2-7adc-40e6-a331-d8dffac75d6e}&lt;br&gt;CreationDa: &lt;br&gt;Creator: &lt;br&gt;EditDate: &lt;br&gt;Editor: &lt;br&gt;Shape__Len: 61.44620391890&lt;br&gt;Link: &lt;br&gt;Framework: מאיץ ד&lt;br&gt;Engineer: &lt;br&gt;Director: רולי פלד&lt;br&gt;Architect: &lt;br&gt;respons: אורן</description>
	<Style><LineStyle><color>ff0000ff</color></LineStyle><PolyStyle><fill>0</fill></PolyStyle></Style>
	<ExtendedData><SchemaData schemaUrl="#bike_lanes_check">
		<SimpleData name="WKT">LINESTRING (35.211131 31.770622, 35.211025 31.770754, 35.210855 31.770833, 35.210748 31.770903, 35.210704 31.770998, 35.210715 31.771005)</SimpleData>
		<SimpleData name="PartName">בן סרוק</SimpleData>
		<SimpleData name="StreetName">בן סרוק</SimpleData>
		<SimpleData name="status_tex">בדיקת היתכנות</SimpleData>
		<SimpleData name="openyear_n">0</SimpleData>
		<SimpleData name="BPHTtype">0</SimpleData>
		<SimpleData name="usable">0</SimpleData>
		<SimpleData name="infra">0</SimpleData>
		<SimpleData name="roadtype">0</SimpleData>
		<SimpleData name="BPHdir">0</SimpleData>
		<SimpleData name="BPHplace">0</SimpleData>
		<SimpleData name="DIRtype">0</SimpleData>
		<SimpleData name="DIRTraffic">0</SimpleData>
		<SimpleData name="TOPOLOGY">0</SimpleData>
		<SimpleData name="DIV_Veh">0</SimpleData>
		<SimpleData name="DIV_Walk">0</SimpleData>
		<SimpleData name="Signpost">0</SimpleData>
		<SimpleData name="Parking">0</SimpleData>
		<SimpleData name="LEVEL_">0</SimpleData>
		<SimpleData name="PAINT">0</SimpleData>
		<SimpleData name="TREES">0</SimpleData>
		<SimpleData name="remarks"></SimpleData>
		<SimpleData name="globalID">0</SimpleData>
		<SimpleData name="id">0</SimpleData>
		<SimpleData name="GlobalID_2">{932400c2-7adc-40e6-a331-d8dffac75d6e}</SimpleData>
		<SimpleData name="CreationDa"></SimpleData>
		<SimpleData name="Creator"></SimpleData>
		<SimpleData name="EditDate"></SimpleData>
		<SimpleData name="Editor"></SimpleData>
		<SimpleData name="Shape__Len">61.44620391890</SimpleData>
		<SimpleData name="Link"></SimpleData>
		<SimpleData name="Framework">מאיץ ד</SimpleData>
		<SimpleData name="Engineer"></SimpleData>
		<SimpleData name="Director">רולי פלד</SimpleData>
		<SimpleData name="Architect"></SimpleData>
		<SimpleData name="respons">אורן</SimpleData>
		<SimpleData name="V39"></SimpleData>
	</SchemaData></ExtendedData>
      <MultiGeometry><LineString><coordinates>35.211131,31.770622,0 35.211025,31.770754,0 35.210855,31.770833,0 35.210748,31.770903,0 35.210704,31.770998,0 35.210715,31.771005,0</coordinates></LineString></MultiGeometry>
  </Placemark>
  <Placemark>
	<name></name>
	<description>תיאור: &lt;br&gt;PartName: הרב הרצוג - עמק המצלבה&lt;br&gt;StreetName: הרב הרצוג&lt;br&gt;status_tex: בדיקת היתכנות&lt;br&gt;openyear_n: 0&lt;br&gt;BPHTtype: 0&lt;br&gt;usable: 0&lt;br&gt;infra: 0&lt;br&gt;roadtype: 0&lt;br&gt;BPHdir: 0.00000000000&lt;br&gt;BPHplace: 0&lt;br&gt;DIRtype: 0&lt;br&gt;DIRTraffic: 0&lt;br&gt;TOPOLOGY: 0&lt;br&gt;DIV_Veh: 0&lt;br&gt;DIV_Walk: 0&lt;br&gt;Signpost: 0&lt;br&gt;Parking: 0&lt;br&gt;LEVEL_: 0&lt;br&gt;PAINT: 0&lt;br&gt;TREES: 0&lt;br&gt;remarks: מאיץ ד&lt;br&gt;globalID: 0&lt;br&gt;id: 0&lt;br&gt;GlobalID_2: {5443166a-a0db-46d1-94ad-b13163a203a5}&lt;br&gt;CreationDa: &lt;br&gt;Creator: &lt;br&gt;EditDate: &lt;br&gt;Editor: &lt;br&gt;Shape__Len: 109.04673534500&lt;br&gt;Link: &lt;br&gt;Framework: בדיקת היתכנות&lt;br&gt;Engineer: &lt;br&gt;Director: &lt;br&gt;Architect: &lt;br&gt;respons: אורן</description>
	<Style><LineStyle><color>ff0000ff</color></LineStyle><PolyStyle><fill>0</fill></PolyStyle></Style>
	<ExtendedData><SchemaData schemaUrl="#bike_lanes_check">
		<SimpleData name="WKT">LINESTRING (35.209485 31.769912, 35.209616 31.769887, 35.209772 31.769825, 35.210029 31.769813, 35.210291 31.769825, 35.210505 31.769862, 35.210601 31.769903)</SimpleData>
		<SimpleData name="PartName">הרב הרצוג - עמק המצלבה</SimpleData>
		<SimpleData name="StreetName">הרב הרצוג</SimpleData>
		<SimpleData name="status_tex">בדיקת היתכנות</SimpleData>
		<SimpleData name="openyear_n">0</SimpleData>
		<SimpleData name="BPHTtype">0</SimpleData>
		<SimpleData name="usable">0</SimpleData>
		<SimpleData name="infra">0</SimpleData>
		<SimpleData name="roadtype">0</SimpleData>
		<SimpleData name="BPHdir">0</SimpleData>
		<SimpleData name="BPHplace">0</SimpleData>
		<SimpleData name="DIRtype">0</SimpleData>
		<SimpleData name="DIRTraffic">0</SimpleData>
		<SimpleData name="TOPOLOGY">0</SimpleData>
		<SimpleData name="DIV_Veh">0</SimpleData>
		<SimpleData name="DIV_Walk">0</SimpleData>
		<SimpleData name="Signpost">0</SimpleData>
		<SimpleData name="Parking">0</SimpleData>
		<SimpleData name="LEVEL_">0</SimpleData>
		<SimpleData name="PAINT">0</SimpleData>
		<SimpleData name="TREES">0</SimpleData>
		<SimpleData name="remarks">מאיץ ד</SimpleData>
		<SimpleData name="globalID">0</SimpleData>
		<SimpleData name="id">0</SimpleData>
		<SimpleData name="GlobalID_2">{5443166a-a0db-46d1-94ad-b13163a203a5}</SimpleData>
		<SimpleData name="CreationDa"></SimpleData>
		<SimpleData name="Creator"></SimpleData>
		<SimpleData name="EditDate"></SimpleData>
		<SimpleData name="Editor"></SimpleData>
		<SimpleData name="Shape__Len">109.04673534500</SimpleData>
		<SimpleData name="Link"></SimpleData>
		<SimpleData name="Framework">בדיקת היתכנות</SimpleData>
		<SimpleData name="Engineer"></SimpleData>
		<SimpleData name="Director"></SimpleData>
		<SimpleData name="Architect"></SimpleData>
		<SimpleData name="respons">אורן</SimpleData>
		<SimpleData name="V39"></SimpleData>
	</SchemaData></ExtendedData>
      <MultiGeometry><LineString><coordinates>35.209485,31.769912,0 35.209616,31.769887,0 35.209772,31.769825,0 35.210029,31.769813,0 35.210291,31.769825,0 35.210505,31.769862,0 35.210601,31.769903,0</coordinates></LineString></MultiGeometry>
  </Placemark>
  <Placemark>
	<name></name>
	<description>תיאור: &lt;br&gt;PartName: בן מימון - עזה לקרן היסוד&lt;br&gt;StreetName: בן מימון&lt;br&gt;status_tex: בדיקת היתכנות&lt;br&gt;openyear_n: 0&lt;br&gt;BPHTtype: 0&lt;br&gt;usable: 0&lt;br&gt;infra: 0&lt;br&gt;roadtype: 0&lt;br&gt;BPHdir: 0.00000000000&lt;br&gt;BPHplace: 0&lt;br&gt;DIRtype: 0&lt;br&gt;DIRTraffic: 0&lt;br&gt;TOPOLOGY: 0&lt;br&gt;DIV_Veh: 0&lt;br&gt;DIV_Walk: 0&lt;br&gt;Signpost: 0&lt;br&gt;Parking: 0&lt;br&gt;LEVEL_: 0&lt;br&gt;PAINT: 0&lt;br&gt;TREES: 0&lt;br&gt;remarks: ניסיון להכניס תחת נתצ עזה&lt;br&gt;globalID: 0&lt;br&gt;id: 0&lt;br&gt;GlobalID_2: {6aff9543-82eb-4f93-8cb0-6fe86f9ad534}&lt;br&gt;CreationDa: &lt;br&gt;Creator: &lt;br&gt;EditDate: &lt;br&gt;Editor: &lt;br&gt;Shape__Len: 127.00823193800&lt;br&gt;Link: &lt;br&gt;Framework: בדיקת היתכנות&lt;br&gt;Engineer: &lt;br&gt;Director: מת&quot;י&lt;br&gt;Architect: &lt;br&gt;respons: אורן</description>
	<Style><LineStyle><color>ff0000ff</color></LineStyle><PolyStyle><fill>0</fill></PolyStyle></Style>
	<ExtendedData><SchemaData schemaUrl="#bike_lanes_check">
		<SimpleData name="WKT">LINESTRING (35.217041 31.774059, 35.21705 31.774063, 35.217447 31.774586, 35.217712 31.77491, 35.217774 31.775016)</SimpleData>
		<SimpleData name="PartName">בן מימון - עזה לקרן היסוד</SimpleData>
		<SimpleData name="StreetName">בן מימון</SimpleData>
		<SimpleData name="status_tex">בדיקת היתכנות</SimpleData>
		<SimpleData name="openyear_n">0</SimpleData>
		<SimpleData name="BPHTtype">0</SimpleData>
		<SimpleData name="usable">0</SimpleData>
		<SimpleData name="infra">0</SimpleData>
		<SimpleData name="roadtype">0</SimpleData>
		<SimpleData name="BPHdir">0</SimpleData>
		<SimpleData name="BPHplace">0</SimpleData>
		<SimpleData name="DIRtype">0</SimpleData>
		<SimpleData name="DIRTraffic">0</SimpleData>
		<SimpleData name="TOPOLOGY">0</SimpleData>
		<SimpleData name="DIV_Veh">0</SimpleData>
		<SimpleData name="DIV_Walk">0</SimpleData>
		<SimpleData name="Signpost">0</SimpleData>
		<SimpleData name="Parking">0</SimpleData>
		<SimpleData name="LEVEL_">0</SimpleData>
		<SimpleData name="PAINT">0</SimpleData>
		<SimpleData name="TREES">0</SimpleData>
		<SimpleData name="remarks">ניסיון להכניס תחת נתצ עזה</SimpleData>
		<SimpleData name="globalID">0</SimpleData>
		<SimpleData name="id">0</SimpleData>
		<SimpleData name="GlobalID_2">{6aff9543-82eb-4f93-8cb0-6fe86f9ad534}</SimpleData>
		<SimpleData name="CreationDa"></SimpleData>
		<SimpleData name="Creator"></SimpleData>
		<SimpleData name="EditDate"></SimpleData>
		<SimpleData name="Editor"></SimpleData>
		<SimpleData name="Shape__Len">127.00823193800</SimpleData>
		<SimpleData name="Link"></SimpleData>
		<SimpleData name="Framework">בדיקת היתכנות</SimpleData>
		<SimpleData name="Engineer"></SimpleData>
		<SimpleData name="Director">מת&quot;י</SimpleData>
		<SimpleData name="Architect"></SimpleData>
		<SimpleData name="respons">אורן</SimpleData>
		<SimpleData name="V39"></SimpleData>
	</SchemaData></ExtendedData>
      <MultiGeometry><LineString><coordinates>35.217041,31.774059,0 35.21705,31.774063,0 35.217447,31.774586,0 35.217712,31.77491,0 35.217774,31.775016,0</coordinates></LineString></MultiGeometry>
  </Placemark>
  <Placemark>
	<name></name>
	<description>תיאור: &lt;br&gt;PartName: עזה - בן מימון עד ארלוזורוב&lt;br&gt;StreetName: עזה&lt;br&gt;status_tex: בדיקת היתכנות&lt;br&gt;openyear_n: 0&lt;br&gt;BPHTtype: 0&lt;br&gt;usable: 0&lt;br&gt;infra: 0&lt;br&gt;roadtype: 0&lt;br&gt;BPHdir: 0.00000000000&lt;br&gt;BPHplace: 0&lt;br&gt;DIRtype: 0&lt;br&gt;DIRTraffic: 0&lt;br&gt;TOPOLOGY: 0&lt;br&gt;DIV_Veh: 0&lt;br&gt;DIV_Walk: 0&lt;br&gt;Signpost: 0&lt;br&gt;Parking: 0&lt;br&gt;LEVEL_: 0&lt;br&gt;PAINT: 0&lt;br&gt;TREES: 0&lt;br&gt;remarks: ניסיון להכניס תחת נתצ עזה&lt;br&gt;globalID: 0&lt;br&gt;id: 0&lt;br&gt;GlobalID_2: {7e84379e-8e27-461d-9cdd-bf7ecd35ac5b}&lt;br&gt;CreationDa: &lt;br&gt;Creator: &lt;br&gt;EditDate: &lt;br&gt;Editor: &lt;br&gt;Shape__Len: 123.77569596000&lt;br&gt;Link: &lt;br&gt;Framework: בדיקת היתכנות&lt;br&gt;Engineer: &lt;br&gt;Director: מת&quot;י&lt;br&gt;Architect: &lt;br&gt;respons: אורן</description>
	<Style><LineStyle><color>ff0000ff</color></LineStyle><PolyStyle><fill>0</fill></PolyStyle></Style>
	<ExtendedData><SchemaData schemaUrl="#bike_lanes_check">
		<SimpleData name="WKT">LINESTRING (35.215867 31.773569, 35.216065 31.773653, 35.217041 31.774059)</SimpleData>
		<SimpleData name="PartName">עזה - בן מימון עד ארלוזורוב</SimpleData>
		<SimpleData name="StreetName">עזה</SimpleData>
		<SimpleData name="status_tex">בדיקת היתכנות</SimpleData>
		<SimpleData name="openyear_n">0</SimpleData>
		<SimpleData name="BPHTtype">0</SimpleData>
		<SimpleData name="usable">0</SimpleData>
		<SimpleData name="infra">0</SimpleData>
		<SimpleData name="roadtype">0</SimpleData>
		<SimpleData name="BPHdir">0</SimpleData>
		<SimpleData name="BPHplace">0</SimpleData>
		<SimpleData name="DIRtype">0</SimpleData>
		<SimpleData name="DIRTraffic">0</SimpleData>
		<SimpleData name="TOPOLOGY">0</SimpleData>
		<SimpleData name="DIV_Veh">0</SimpleData>
		<SimpleData name="DIV_Walk">0</SimpleData>
		<SimpleData name="Signpost">0</SimpleData>
		<SimpleData name="Parking">0</SimpleData>
		<SimpleData name="LEVEL_">0</SimpleData>
		<SimpleData name="PAINT">0</SimpleData>
		<SimpleData name="TREES">0</SimpleData>
		<SimpleData name="remarks">ניסיון להכניס תחת נתצ עזה</SimpleData>
		<SimpleData name="globalID">0</SimpleData>
		<SimpleData name="id">0</SimpleData>
		<SimpleData name="GlobalID_2">{7e84379e-8e27-461d-9cdd-bf7ecd35ac5b}</SimpleData>
		<SimpleData name="CreationDa"></SimpleData>
		<SimpleData name="Creator"></SimpleData>
		<SimpleData name="EditDate"></SimpleData>
		<SimpleData name="Editor"></SimpleData>
		<SimpleData name="Shape__Len">123.77569596000</SimpleData>
		<SimpleData name="Link"></SimpleData>
		<SimpleData name="Framework">בדיקת היתכנות</SimpleData>
		<SimpleData name="Engineer"></SimpleData>
		<SimpleData name="Director">מת&quot;י</SimpleData>
		<SimpleData name="Architect"></SimpleData>
		<SimpleData name="respons">אורן</SimpleData>
		<SimpleData name="V39"></SimpleData>
	</SchemaData></ExtendedData>
      <MultiGeometry><LineString><coordinates>35.215867,31.773569,0 35.216065,31.773653,0 35.217041,31.774059,0</coordinates></LineString></MultiGeometry>
  </Placemark>
  <Placemark>
	<name></name>
	<description>תיאור: &lt;br&gt;PartName: קינג ג'ורג מקביל קרן היסוד&lt;br&gt;StreetName: ארלוזורוב&lt;br&gt;status_tex: בדיקת היתכנות&lt;br&gt;openyear_n: 0&lt;br&gt;BPHTtype: 0&lt;br&gt;usable: 0&lt;br&gt;infra: 0&lt;br&gt;roadtype: 0&lt;br&gt;BPHdir: 0.00000000000&lt;br&gt;BPHplace: 0&lt;br&gt;DIRtype: 0&lt;br&gt;DIRTraffic: 0&lt;br&gt;TOPOLOGY: 0&lt;br&gt;DIV_Veh: 0&lt;br&gt;DIV_Walk: 0&lt;br&gt;Signpost: 0&lt;br&gt;Parking: 0&lt;br&gt;LEVEL_: 0&lt;br&gt;PAINT: 0&lt;br&gt;TREES: 0&lt;br&gt;remarks: &lt;br&gt;globalID: 0&lt;br&gt;id: 0&lt;br&gt;GlobalID_2: {064f6c88-315c-413e-8b5a-5de9ac242988}&lt;br&gt;CreationDa: &lt;br&gt;Creator: &lt;br&gt;EditDate: &lt;br&gt;Editor: &lt;br&gt;Shape__Len: 76.92864281590&lt;br&gt;Link: &lt;br&gt;Framework: מאיץ ד&lt;br&gt;Engineer: &lt;br&gt;Director: מת&quot;י&lt;br&gt;Architect: &lt;br&gt;respons: אורן</description>
	<Style><LineStyle><color>ff0000ff</color></LineStyle><PolyStyle><fill>0</fill></PolyStyle></Style>
	<ExtendedData><SchemaData schemaUrl="#bike_lanes_check">
		<SimpleData name="WKT">LINESTRING (35.215857 31.77356, 35.216217 31.772954, 35.216233 31.772953)</SimpleData>
		<SimpleData name="PartName">קינג ג'ורג מקביל קרן היסוד</SimpleData>
		<SimpleData name="StreetName">ארלוזורוב</SimpleData>
		<SimpleData name="status_tex">בדיקת היתכנות</SimpleData>
		<SimpleData name="openyear_n">0</SimpleData>
		<SimpleData name="BPHTtype">0</SimpleData>
		<SimpleData name="usable">0</SimpleData>
		<SimpleData name="infra">0</SimpleData>
		<SimpleData name="roadtype">0</SimpleData>
		<SimpleData name="BPHdir">0</SimpleData>
		<SimpleData name="BPHplace">0</SimpleData>
		<SimpleData name="DIRtype">0</SimpleData>
		<SimpleData name="DIRTraffic">0</SimpleData>
		<SimpleData name="TOPOLOGY">0</SimpleData>
		<SimpleData name="DIV_Veh">0</SimpleData>
		<SimpleData name="DIV_Walk">0</SimpleData>
		<SimpleData name="Signpost">0</SimpleData>
		<SimpleData name="Parking">0</SimpleData>
		<SimpleData name="LEVEL_">0</SimpleData>
		<SimpleData name="PAINT">0</SimpleData>
		<SimpleData name="TREES">0</SimpleData>
		<SimpleData name="remarks"></SimpleData>
		<SimpleData name="globalID">0</SimpleData>
		<SimpleData name="id">0</SimpleData>
		<SimpleData name="GlobalID_2">{064f6c88-315c-413e-8b5a-5de9ac242988}</SimpleData>
		<SimpleData name="CreationDa"></SimpleData>
		<SimpleData name="Creator"></SimpleData>
		<SimpleData name="EditDate"></SimpleData>
		<SimpleData name="Editor"></SimpleData>
		<SimpleData name="Shape__Len">76.92864281590</SimpleData>
		<SimpleData name="Link"></SimpleData>
		<SimpleData name="Framework">מאיץ ד</SimpleData>
		<SimpleData name="Engineer"></SimpleData>
		<SimpleData name="Director">מת&quot;י</SimpleData>
		<SimpleData name="Architect"></SimpleData>
		<SimpleData name="respons">אורן</SimpleData>
		<SimpleData name="V39"></SimpleData>
	</SchemaData></ExtendedData>
      <MultiGeometry><LineString><coordinates>35.215857,31.77356,0 35.216217,31.772954,0 35.216233,31.772953,0</coordinates></LineString></MultiGeometry>
  </Placemark>
  <Placemark>
	<name></name>
	<description>תיאור: &lt;br&gt;PartName: קינג ג'ורג מקביל קרן היסוד&lt;br&gt;StreetName: ז'בוטינסקי - סוקולוב&lt;br&gt;status_tex: בדיקת היתכנות&lt;br&gt;openyear_n: 0&lt;br&gt;BPHTtype: 0&lt;br&gt;usable: 0&lt;br&gt;infra: 0&lt;br&gt;roadtype: 0&lt;br&gt;BPHdir: 0.00000000000&lt;br&gt;BPHplace: 0&lt;br&gt;DIRtype: 0&lt;br&gt;DIRTraffic: 0&lt;br&gt;TOPOLOGY: 0&lt;br&gt;DIV_Veh: 0&lt;br&gt;DIV_Walk: 0&lt;br&gt;Signpost: 0&lt;br&gt;Parking: 0&lt;br&gt;LEVEL_: 0&lt;br&gt;PAINT: 0&lt;br&gt;TREES: 0&lt;br&gt;remarks: &lt;br&gt;globalID: 0&lt;br&gt;id: 0&lt;br&gt;GlobalID_2: {4191203b-82b4-4af3-9aa9-b1d766f33816}&lt;br&gt;CreationDa: &lt;br&gt;Creator: &lt;br&gt;EditDate: &lt;br&gt;Editor: &lt;br&gt;Shape__Len: 243.75421752900&lt;br&gt;Link: &lt;br&gt;Framework: בדיקת היתכנות&lt;br&gt;Engineer: מת&quot;י&lt;br&gt;Director: &lt;br&gt;Architect: &lt;br&gt;respons: אורן</description>
	<Style><LineStyle><color>ff0000ff</color></LineStyle><PolyStyle><fill>0</fill></PolyStyle></Style>
	<ExtendedData><SchemaData schemaUrl="#bike_lanes_check">
		<SimpleData name="WKT">LINESTRING (35.21947 31.772233, 35.220162 31.772022, 35.221093 31.771633, 35.221738 31.771226)</SimpleData>
		<SimpleData name="PartName">קינג ג'ורג מקביל קרן היסוד</SimpleData>
		<SimpleData name="StreetName">ז'בוטינסקי - סוקולוב</SimpleData>
		<SimpleData name="status_tex">בדיקת היתכנות</SimpleData>
		<SimpleData name="openyear_n">0</SimpleData>
		<SimpleData name="BPHTtype">0</SimpleData>
		<SimpleData name="usable">0</SimpleData>
		<SimpleData name="infra">0</SimpleData>
		<SimpleData name="roadtype">0</SimpleData>
		<SimpleData name="BPHdir">0</SimpleData>
		<SimpleData name="BPHplace">0</SimpleData>
		<SimpleData name="DIRtype">0</SimpleData>
		<SimpleData name="DIRTraffic">0</SimpleData>
		<SimpleData name="TOPOLOGY">0</SimpleData>
		<SimpleData name="DIV_Veh">0</SimpleData>
		<SimpleData name="DIV_Walk">0</SimpleData>
		<SimpleData name="Signpost">0</SimpleData>
		<SimpleData name="Parking">0</SimpleData>
		<SimpleData name="LEVEL_">0</SimpleData>
		<SimpleData name="PAINT">0</SimpleData>
		<SimpleData name="TREES">0</SimpleData>
		<SimpleData name="remarks"></SimpleData>
		<SimpleData name="globalID">0</SimpleData>
		<SimpleData name="id">0</SimpleData>
		<SimpleData name="GlobalID_2">{4191203b-82b4-4af3-9aa9-b1d766f33816}</SimpleData>
		<SimpleData name="CreationDa"></SimpleData>
		<SimpleData name="Creator"></SimpleData>
		<SimpleData name="EditDate"></SimpleData>
		<SimpleData name="Editor"></SimpleData>
		<SimpleData name="Shape__Len">243.75421752900</SimpleData>
		<SimpleData name="Link"></SimpleData>
		<SimpleData name="Framework">בדיקת היתכנות</SimpleData>
		<SimpleData name="Engineer">מת&quot;י</SimpleData>
		<SimpleData name="Director"></SimpleData>
		<SimpleData name="Architect"></SimpleData>
		<SimpleData name="respons">אורן</SimpleData>
		<SimpleData name="V39"></SimpleData>
	</SchemaData></ExtendedData>
      <MultiGeometry><LineString><coordinates>35.21947,31.772233,0 35.220162,31.772022,0 35.221093,31.771633,0 35.221738,31.771226,0</coordinates></LineString></MultiGeometry>
  </Placemark>
  <Placemark>
	<name></name>
	<description>תיאור: &lt;br&gt;PartName: קינג ג'ורג מקביל קרן היסוד&lt;br&gt;StreetName: עובדיה מברטנורה&lt;br&gt;status_tex: בדיקת היתכנות&lt;br&gt;openyear_n: 0&lt;br&gt;BPHTtype: 0&lt;br&gt;usable: 0&lt;br&gt;infra: 0&lt;br&gt;roadtype: 0&lt;br&gt;BPHdir: 0.00000000000&lt;br&gt;BPHplace: 0&lt;br&gt;DIRtype: 0&lt;br&gt;DIRTraffic: 0&lt;br&gt;TOPOLOGY: 0&lt;br&gt;DIV_Veh: 0&lt;br&gt;DIV_Walk: 0&lt;br&gt;Signpost: 0&lt;br&gt;Parking: 0&lt;br&gt;LEVEL_: 0&lt;br&gt;PAINT: 0&lt;br&gt;TREES: 0&lt;br&gt;remarks: &lt;br&gt;globalID: 0&lt;br&gt;id: 0&lt;br&gt;GlobalID_2: {ea19e891-b7fe-4b04-85f5-1e936b0716d8}&lt;br&gt;CreationDa: &lt;br&gt;Creator: &lt;br&gt;EditDate: &lt;br&gt;Editor: &lt;br&gt;Shape__Len: 79.46540366890&lt;br&gt;Link: &lt;br&gt;Framework: בדיקת היתכנות&lt;br&gt;Engineer: מת&quot;י&lt;br&gt;Director: &lt;br&gt;Architect: &lt;br&gt;respons: אורן</description>
	<Style><LineStyle><color>ff0000ff</color></LineStyle><PolyStyle><fill>0</fill></PolyStyle></Style>
	<ExtendedData><SchemaData schemaUrl="#bike_lanes_check">
		<SimpleData name="WKT">LINESTRING (35.216233 31.772953, 35.21701 31.772895, 35.217069 31.772891)</SimpleData>
		<SimpleData name="PartName">קינג ג'ורג מקביל קרן היסוד</SimpleData>
		<SimpleData name="StreetName">עובדיה מברטנורה</SimpleData>
		<SimpleData name="status_tex">בדיקת היתכנות</SimpleData>
		<SimpleData name="openyear_n">0</SimpleData>
		<SimpleData name="BPHTtype">0</SimpleData>
		<SimpleData name="usable">0</SimpleData>
		<SimpleData name="infra">0</SimpleData>
		<SimpleData name="roadtype">0</SimpleData>
		<SimpleData name="BPHdir">0</SimpleData>
		<SimpleData name="BPHplace">0</SimpleData>
		<SimpleData name="DIRtype">0</SimpleData>
		<SimpleData name="DIRTraffic">0</SimpleData>
		<SimpleData name="TOPOLOGY">0</SimpleData>
		<SimpleData name="DIV_Veh">0</SimpleData>
		<SimpleData name="DIV_Walk">0</SimpleData>
		<SimpleData name="Signpost">0</SimpleData>
		<SimpleData name="Parking">0</SimpleData>
		<SimpleData name="LEVEL_">0</SimpleData>
		<SimpleData name="PAINT">0</SimpleData>
		<SimpleData name="TREES">0</SimpleData>
		<SimpleData name="remarks"></SimpleData>
		<SimpleData name="globalID">0</SimpleData>
		<SimpleData name="id">0</SimpleData>
		<SimpleData name="GlobalID_2">{ea19e891-b7fe-4b04-85f5-1e936b0716d8}</SimpleData>
		<SimpleData name="CreationDa"></SimpleData>
		<SimpleData name="Creator"></SimpleData>
		<SimpleData name="EditDate"></SimpleData>
		<SimpleData name="Editor"></SimpleData>
		<SimpleData name="Shape__Len">79.46540366890</SimpleData>
		<SimpleData name="Link"></SimpleData>
		<SimpleData name="Framework">בדיקת היתכנות</SimpleData>
		<SimpleData name="Engineer">מת&quot;י</SimpleData>
		<SimpleData name="Director"></SimpleData>
		<SimpleData name="Architect"></SimpleData>
		<SimpleData name="respons">אורן</SimpleData>
		<SimpleData name="V39"></SimpleData>
	</SchemaData></ExtendedData>
      <MultiGeometry><LineString><coordinates>35.216233,31.772953,0 35.21701,31.772895,0 35.217069,31.772891,0</coordinates></LineString></MultiGeometry>
  </Placemark>
  <Placemark>
	<name></name>
	<description>תיאור: &lt;br&gt;PartName: רמבן - המלך ג'ורג' עד ארלוזור&lt;br&gt;StreetName: רמבן&lt;br&gt;status_tex: בדיקת היתכנות&lt;br&gt;openyear_n: 0&lt;br&gt;BPHTtype: 0&lt;br&gt;usable: 0&lt;br&gt;infra: 0&lt;br&gt;roadtype: 0&lt;br&gt;BPHdir: 0.00000000000&lt;br&gt;BPHplace: 0&lt;br&gt;DIRtype: 0&lt;br&gt;DIRTraffic: 0&lt;br&gt;TOPOLOGY: 0&lt;br&gt;DIV_Veh: 0&lt;br&gt;DIV_Walk: 0&lt;br&gt;Signpost: 0&lt;br&gt;Parking: 0&lt;br&gt;LEVEL_: 0&lt;br&gt;PAINT: 0&lt;br&gt;TREES: 0&lt;br&gt;remarks: &lt;br&gt;globalID: 0&lt;br&gt;id: 0&lt;br&gt;GlobalID_2: {aaae616d-daad-4324-8f87-3e59719ce687}&lt;br&gt;CreationDa: &lt;br&gt;Creator: &lt;br&gt;EditDate: &lt;br&gt;Editor: &lt;br&gt;Shape__Len: 242.88125906300&lt;br&gt;Link: &lt;br&gt;Framework: מאיץ ד&lt;br&gt;Engineer: &lt;br&gt;Director: אליה בן שבת&lt;br&gt;Architect: &lt;br&gt;respons: אורן</description>
	<Style><LineStyle><color>ff0000ff</color></LineStyle><PolyStyle><fill>0</fill></PolyStyle></Style>
	<ExtendedData><SchemaData schemaUrl="#bike_lanes_check">
		<SimpleData name="WKT">LINESTRING (35.217638 31.775373, 35.217599 31.775345, 35.217596 31.775342, 35.217468 31.775249, 35.217165 31.775084, 35.216764 31.775001, 35.21601 31.774857, 35.215232 31.774712)</SimpleData>
		<SimpleData name="PartName">רמבן - המלך ג'ורג' עד ארלוזור</SimpleData>
		<SimpleData name="StreetName">רמבן</SimpleData>
		<SimpleData name="status_tex">בדיקת היתכנות</SimpleData>
		<SimpleData name="openyear_n">0</SimpleData>
		<SimpleData name="BPHTtype">0</SimpleData>
		<SimpleData name="usable">0</SimpleData>
		<SimpleData name="infra">0</SimpleData>
		<SimpleData name="roadtype">0</SimpleData>
		<SimpleData name="BPHdir">0</SimpleData>
		<SimpleData name="BPHplace">0</SimpleData>
		<SimpleData name="DIRtype">0</SimpleData>
		<SimpleData name="DIRTraffic">0</SimpleData>
		<SimpleData name="TOPOLOGY">0</SimpleData>
		<SimpleData name="DIV_Veh">0</SimpleData>
		<SimpleData name="DIV_Walk">0</SimpleData>
		<SimpleData name="Signpost">0</SimpleData>
		<SimpleData name="Parking">0</SimpleData>
		<SimpleData name="LEVEL_">0</SimpleData>
		<SimpleData name="PAINT">0</SimpleData>
		<SimpleData name="TREES">0</SimpleData>
		<SimpleData name="remarks"></SimpleData>
		<SimpleData name="globalID">0</SimpleData>
		<SimpleData name="id">0</SimpleData>
		<SimpleData name="GlobalID_2">{aaae616d-daad-4324-8f87-3e59719ce687}</SimpleData>
		<SimpleData name="CreationDa"></SimpleData>
		<SimpleData name="Creator"></SimpleData>
		<SimpleData name="EditDate"></SimpleData>
		<SimpleData name="Editor"></SimpleData>
		<SimpleData name="Shape__Len">242.88125906300</SimpleData>
		<SimpleData name="Link"></SimpleData>
		<SimpleData name="Framework">מאיץ ד</SimpleData>
		<SimpleData name="Engineer"></SimpleData>
		<SimpleData name="Director">אליה בן שבת</SimpleData>
		<SimpleData name="Architect"></SimpleData>
		<SimpleData name="respons">אורן</SimpleData>
		<SimpleData name="V39"></SimpleData>
	</SchemaData></ExtendedData>
      <MultiGeometry><LineString><coordinates>35.217638,31.775373,0 35.217599,31.775345,0 35.217596,31.775342,0 35.217468,31.775249,0 35.217165,31.775084,0 35.216764,31.775001,0 35.21601,31.774857,0 35.215232,31.774712,0</coordinates></LineString></MultiGeometry>
  </Placemark>
  <Placemark>
	<name></name>
	<description>תיאור: &lt;br&gt;PartName: בוסתנאי&lt;br&gt;StreetName: בוסתנאי&lt;br&gt;status_tex: בדיקת היתכנות&lt;br&gt;openyear_n: 0&lt;br&gt;BPHTtype: 0&lt;br&gt;usable: 0&lt;br&gt;infra: 0&lt;br&gt;roadtype: 0&lt;br&gt;BPHdir: 0.00000000000&lt;br&gt;BPHplace: 0&lt;br&gt;DIRtype: 0&lt;br&gt;DIRTraffic: 0&lt;br&gt;TOPOLOGY: 0&lt;br&gt;DIV_Veh: 0&lt;br&gt;DIV_Walk: 0&lt;br&gt;Signpost: 0&lt;br&gt;Parking: 0&lt;br&gt;LEVEL_: 0&lt;br&gt;PAINT: 0&lt;br&gt;TREES: 0&lt;br&gt;remarks: &lt;br&gt;globalID: 0&lt;br&gt;id: 0&lt;br&gt;GlobalID_2: {d0c88ee1-0067-4f4f-bdb5-1db59d93abdc}&lt;br&gt;CreationDa: &lt;br&gt;Creator: &lt;br&gt;EditDate: &lt;br&gt;Editor: &lt;br&gt;Shape__Len: 257.83326836300&lt;br&gt;Link: &lt;br&gt;Framework: מאיץ ד&lt;br&gt;Engineer: &lt;br&gt;Director: אליה בן שבת&lt;br&gt;Architect: &lt;br&gt;respons: אורן</description>
	<Style><LineStyle><color>ff0000ff</color></LineStyle><PolyStyle><fill>0</fill></PolyStyle></Style>
	<ExtendedData><SchemaData schemaUrl="#bike_lanes_check">
		<SimpleData name="WKT">LINESTRING (35.212484 31.764403, 35.212582 31.764563, 35.212734 31.764983, 35.212791 31.765371, 35.212715 31.765726, 35.212582 31.766097, 35.212468 31.766501, 35.21236 31.766619)</SimpleData>
		<SimpleData name="PartName">בוסתנאי</SimpleData>
		<SimpleData name="StreetName">בוסתנאי</SimpleData>
		<SimpleData name="status_tex">בדיקת היתכנות</SimpleData>
		<SimpleData name="openyear_n">0</SimpleData>
		<SimpleData name="BPHTtype">0</SimpleData>
		<SimpleData name="usable">0</SimpleData>
		<SimpleData name="infra">0</SimpleData>
		<SimpleData name="roadtype">0</SimpleData>
		<SimpleData name="BPHdir">0</SimpleData>
		<SimpleData name="BPHplace">0</SimpleData>
		<SimpleData name="DIRtype">0</SimpleData>
		<SimpleData name="DIRTraffic">0</SimpleData>
		<SimpleData name="TOPOLOGY">0</SimpleData>
		<SimpleData name="DIV_Veh">0</SimpleData>
		<SimpleData name="DIV_Walk">0</SimpleData>
		<SimpleData name="Signpost">0</SimpleData>
		<SimpleData name="Parking">0</SimpleData>
		<SimpleData name="LEVEL_">0</SimpleData>
		<SimpleData name="PAINT">0</SimpleData>
		<SimpleData name="TREES">0</SimpleData>
		<SimpleData name="remarks"></SimpleData>
		<SimpleData name="globalID">0</SimpleData>
		<SimpleData name="id">0</SimpleData>
		<SimpleData name="GlobalID_2">{d0c88ee1-0067-4f4f-bdb5-1db59d93abdc}</SimpleData>
		<SimpleData name="CreationDa"></SimpleData>
		<SimpleData name="Creator"></SimpleData>
		<SimpleData name="EditDate"></SimpleData>
		<SimpleData name="Editor"></SimpleData>
		<SimpleData name="Shape__Len">257.83326836300</SimpleData>
		<SimpleData name="Link"></SimpleData>
		<SimpleData name="Framework">מאיץ ד</SimpleData>
		<SimpleData name="Engineer"></SimpleData>
		<SimpleData name="Director">אליה בן שבת</SimpleData>
		<SimpleData name="Architect"></SimpleData>
		<SimpleData name="respons">אורן</SimpleData>
		<SimpleData name="V39"></SimpleData>
	</SchemaData></ExtendedData>
      <MultiGeometry><LineString><coordinates>35.212484,31.764403,0 35.212582,31.764563,0 35.212734,31.764983,0 35.212791,31.765371,0 35.212715,31.765726,0 35.212582,31.766097,0 35.212468,31.766501,0 35.21236,31.766619,0</coordinates></LineString></MultiGeometry>
  </Placemark>
  <Placemark>
	<name></name>
	<description>תיאור: &lt;br&gt;PartName: רחל אמנו&lt;br&gt;StreetName: רחל אמנו&lt;br&gt;status_tex: בדיקת היתכנות&lt;br&gt;openyear_n: 0&lt;br&gt;BPHTtype: 0&lt;br&gt;usable: 0&lt;br&gt;infra: 0&lt;br&gt;roadtype: 0&lt;br&gt;BPHdir: 0.00000000000&lt;br&gt;BPHplace: 0&lt;br&gt;DIRtype: 0&lt;br&gt;DIRTraffic: 0&lt;br&gt;TOPOLOGY: 0&lt;br&gt;DIV_Veh: 0&lt;br&gt;DIV_Walk: 0&lt;br&gt;Signpost: 0&lt;br&gt;Parking: 0&lt;br&gt;LEVEL_: 0&lt;br&gt;PAINT: 0&lt;br&gt;TREES: 0&lt;br&gt;remarks: &lt;br&gt;globalID: 0&lt;br&gt;id: 0&lt;br&gt;GlobalID_2: {f66de481-3c47-4e29-9b3b-c915004aaf2c}&lt;br&gt;CreationDa: &lt;br&gt;Creator: &lt;br&gt;EditDate: &lt;br&gt;Editor: &lt;br&gt;Shape__Len: 99.93431091820&lt;br&gt;Link: &lt;br&gt;Framework: מאיץ ד&lt;br&gt;Engineer: &lt;br&gt;Director: רולי פלד&lt;br&gt;Architect: &lt;br&gt;respons: אורן</description>
	<Style><LineStyle><color>ff0000ff</color></LineStyle><PolyStyle><fill>0</fill></PolyStyle></Style>
	<ExtendedData><SchemaData schemaUrl="#bike_lanes_check">
		<SimpleData name="WKT">LINESTRING (35.213384 31.763966, 35.213122 31.764011, 35.212725 31.764097, 35.212445 31.764137, 35.212391 31.764203)</SimpleData>
		<SimpleData name="PartName">רחל אמנו</SimpleData>
		<SimpleData name="StreetName">רחל אמנו</SimpleData>
		<SimpleData name="status_tex">בדיקת היתכנות</SimpleData>
		<SimpleData name="openyear_n">0</SimpleData>
		<SimpleData name="BPHTtype">0</SimpleData>
		<SimpleData name="usable">0</SimpleData>
		<SimpleData name="infra">0</SimpleData>
		<SimpleData name="roadtype">0</SimpleData>
		<SimpleData name="BPHdir">0</SimpleData>
		<SimpleData name="BPHplace">0</SimpleData>
		<SimpleData name="DIRtype">0</SimpleData>
		<SimpleData name="DIRTraffic">0</SimpleData>
		<SimpleData name="TOPOLOGY">0</SimpleData>
		<SimpleData name="DIV_Veh">0</SimpleData>
		<SimpleData name="DIV_Walk">0</SimpleData>
		<SimpleData name="Signpost">0</SimpleData>
		<SimpleData name="Parking">0</SimpleData>
		<SimpleData name="LEVEL_">0</SimpleData>
		<SimpleData name="PAINT">0</SimpleData>
		<SimpleData name="TREES">0</SimpleData>
		<SimpleData name="remarks"></SimpleData>
		<SimpleData name="globalID">0</SimpleData>
		<SimpleData name="id">0</SimpleData>
		<SimpleData name="GlobalID_2">{f66de481-3c47-4e29-9b3b-c915004aaf2c}</SimpleData>
		<SimpleData name="CreationDa"></SimpleData>
		<SimpleData name="Creator"></SimpleData>
		<SimpleData name="EditDate"></SimpleData>
		<SimpleData name="Editor"></SimpleData>
		<SimpleData name="Shape__Len">99.93431091820</SimpleData>
		<SimpleData name="Link"></SimpleData>
		<SimpleData name="Framework">מאיץ ד</SimpleData>
		<SimpleData name="Engineer"></SimpleData>
		<SimpleData name="Director">רולי פלד</SimpleData>
		<SimpleData name="Architect"></SimpleData>
		<SimpleData name="respons">אורן</SimpleData>
		<SimpleData name="V39"></SimpleData>
	</SchemaData></ExtendedData>
      <MultiGeometry><LineString><coordinates>35.213384,31.763966,0 35.213122,31.764011,0 35.212725,31.764097,0 35.212445,31.764137,0 35.212391,31.764203,0</coordinates></LineString></MultiGeometry>
  </Placemark>
  <Placemark>
	<name></name>
	<description>תיאור: &lt;br&gt;PartName: שלמה נכון&lt;br&gt;StreetName: שלמה נכון&lt;br&gt;status_tex: בדיקת היתכנות&lt;br&gt;openyear_n: 0&lt;br&gt;BPHTtype: 0&lt;br&gt;usable: 0&lt;br&gt;infra: 0&lt;br&gt;roadtype: 0&lt;br&gt;BPHdir: 0.00000000000&lt;br&gt;BPHplace: 0&lt;br&gt;DIRtype: 0&lt;br&gt;DIRTraffic: 0&lt;br&gt;TOPOLOGY: 0&lt;br&gt;DIV_Veh: 0&lt;br&gt;DIV_Walk: 0&lt;br&gt;Signpost: 0&lt;br&gt;Parking: 0&lt;br&gt;LEVEL_: 0&lt;br&gt;PAINT: 0&lt;br&gt;TREES: 0&lt;br&gt;remarks: &lt;br&gt;globalID: 0&lt;br&gt;id: 0&lt;br&gt;GlobalID_2: {792de864-4309-4a5f-8fbb-d6ae825b7991}&lt;br&gt;CreationDa: &lt;br&gt;Creator: &lt;br&gt;EditDate: &lt;br&gt;Editor: &lt;br&gt;Shape__Len: 215.56566018800&lt;br&gt;Link: &lt;br&gt;Framework: מאיץ ד&lt;br&gt;Engineer: &lt;br&gt;Director: &lt;br&gt;Architect: &lt;br&gt;respons: </description>
	<Style><LineStyle><color>ff0000ff</color></LineStyle><PolyStyle><fill>0</fill></PolyStyle></Style>
	<ExtendedData><SchemaData schemaUrl="#bike_lanes_check">
		<SimpleData name="WKT">LINESTRING (35.225578 31.771377, 35.225721 31.771438, 35.225745 31.772396, 35.225781 31.773081, 35.225807 31.773243)</SimpleData>
		<SimpleData name="PartName">שלמה נכון</SimpleData>
		<SimpleData name="StreetName">שלמה נכון</SimpleData>
		<SimpleData name="status_tex">בדיקת היתכנות</SimpleData>
		<SimpleData name="openyear_n">0</SimpleData>
		<SimpleData name="BPHTtype">0</SimpleData>
		<SimpleData name="usable">0</SimpleData>
		<SimpleData name="infra">0</SimpleData>
		<SimpleData name="roadtype">0</SimpleData>
		<SimpleData name="BPHdir">0</SimpleData>
		<SimpleData name="BPHplace">0</SimpleData>
		<SimpleData name="DIRtype">0</SimpleData>
		<SimpleData name="DIRTraffic">0</SimpleData>
		<SimpleData name="TOPOLOGY">0</SimpleData>
		<SimpleData name="DIV_Veh">0</SimpleData>
		<SimpleData name="DIV_Walk">0</SimpleData>
		<SimpleData name="Signpost">0</SimpleData>
		<SimpleData name="Parking">0</SimpleData>
		<SimpleData name="LEVEL_">0</SimpleData>
		<SimpleData name="PAINT">0</SimpleData>
		<SimpleData name="TREES">0</SimpleData>
		<SimpleData name="remarks"></SimpleData>
		<SimpleData name="globalID">0</SimpleData>
		<SimpleData name="id">0</SimpleData>
		<SimpleData name="GlobalID_2">{792de864-4309-4a5f-8fbb-d6ae825b7991}</SimpleData>
		<SimpleData name="CreationDa"></SimpleData>
		<SimpleData name="Creator"></SimpleData>
		<SimpleData name="EditDate"></SimpleData>
		<SimpleData name="Editor"></SimpleData>
		<SimpleData name="Shape__Len">215.56566018800</SimpleData>
		<SimpleData name="Link"></SimpleData>
		<SimpleData name="Framework">מאיץ ד</SimpleData>
		<SimpleData name="Engineer"></SimpleData>
		<SimpleData name="Director"></SimpleData>
		<SimpleData name="Architect"></SimpleData>
		<SimpleData name="respons"></SimpleData>
		<SimpleData name="V39"></SimpleData>
	</SchemaData></ExtendedData>
      <MultiGeometry><LineString><coordinates>35.225578,31.771377,0 35.225721,31.771438,0 35.225745,31.772396,0 35.225781,31.773081,0 35.225807,31.773243,0</coordinates></LineString></MultiGeometry>
  </Placemark>
  <Placemark>
	<name></name>
	<description>תיאור: &lt;br&gt;PartName: אליאל דרור&lt;br&gt;StreetName: אליאל דרור&lt;br&gt;status_tex: בדיקת היתכנות&lt;br&gt;openyear_n: 0&lt;br&gt;BPHTtype: 0&lt;br&gt;usable: 0&lt;br&gt;infra: 0&lt;br&gt;roadtype: 0&lt;br&gt;BPHdir: 0.00000000000&lt;br&gt;BPHplace: 0&lt;br&gt;DIRtype: 0&lt;br&gt;DIRTraffic: 0&lt;br&gt;TOPOLOGY: 0&lt;br&gt;DIV_Veh: 0&lt;br&gt;DIV_Walk: 0&lt;br&gt;Signpost: 0&lt;br&gt;Parking: 0&lt;br&gt;LEVEL_: 0&lt;br&gt;PAINT: 0&lt;br&gt;TREES: 0&lt;br&gt;remarks: &lt;br&gt;globalID: 0&lt;br&gt;id: 0&lt;br&gt;GlobalID_2: {650c96c8-ef01-4277-92a4-9b42aad58dab}&lt;br&gt;CreationDa: &lt;br&gt;Creator: &lt;br&gt;EditDate: &lt;br&gt;Editor: &lt;br&gt;Shape__Len: 269.02544540700&lt;br&gt;Link: &lt;br&gt;Framework: מאיץ ד&lt;br&gt;Engineer: &lt;br&gt;Director: &lt;br&gt;Architect: &lt;br&gt;respons: </description>
	<Style><LineStyle><color>ff0000ff</color></LineStyle><PolyStyle><fill>0</fill></PolyStyle></Style>
	<ExtendedData><SchemaData schemaUrl="#bike_lanes_check">
		<SimpleData name="WKT">LINESTRING (35.225807 31.773243, 35.225864 31.773585, 35.226089 31.774402, 35.226019 31.774465, 35.225924 31.774841, 35.225822 31.774847, 35.225791 31.774908, 35.225846 31.774984, 35.225825 31.775046, 35.225706 31.775061, 35.225691 31.775132, 35.225737 31.775198, 35.22572 31.77525, 35.225647 31.77527, 35.225665 31.775361)</SimpleData>
		<SimpleData name="PartName">אליאל דרור</SimpleData>
		<SimpleData name="StreetName">אליאל דרור</SimpleData>
		<SimpleData name="status_tex">בדיקת היתכנות</SimpleData>
		<SimpleData name="openyear_n">0</SimpleData>
		<SimpleData name="BPHTtype">0</SimpleData>
		<SimpleData name="usable">0</SimpleData>
		<SimpleData name="infra">0</SimpleData>
		<SimpleData name="roadtype">0</SimpleData>
		<SimpleData name="BPHdir">0</SimpleData>
		<SimpleData name="BPHplace">0</SimpleData>
		<SimpleData name="DIRtype">0</SimpleData>
		<SimpleData name="DIRTraffic">0</SimpleData>
		<SimpleData name="TOPOLOGY">0</SimpleData>
		<SimpleData name="DIV_Veh">0</SimpleData>
		<SimpleData name="DIV_Walk">0</SimpleData>
		<SimpleData name="Signpost">0</SimpleData>
		<SimpleData name="Parking">0</SimpleData>
		<SimpleData name="LEVEL_">0</SimpleData>
		<SimpleData name="PAINT">0</SimpleData>
		<SimpleData name="TREES">0</SimpleData>
		<SimpleData name="remarks"></SimpleData>
		<SimpleData name="globalID">0</SimpleData>
		<SimpleData name="id">0</SimpleData>
		<SimpleData name="GlobalID_2">{650c96c8-ef01-4277-92a4-9b42aad58dab}</SimpleData>
		<SimpleData name="CreationDa"></SimpleData>
		<SimpleData name="Creator"></SimpleData>
		<SimpleData name="EditDate"></SimpleData>
		<SimpleData name="Editor"></SimpleData>
		<SimpleData name="Shape__Len">269.02544540700</SimpleData>
		<SimpleData name="Link"></SimpleData>
		<SimpleData name="Framework">מאיץ ד</SimpleData>
		<SimpleData name="Engineer"></SimpleData>
		<SimpleData name="Director"></SimpleData>
		<SimpleData name="Architect"></SimpleData>
		<SimpleData name="respons"></SimpleData>
		<SimpleData name="V39"></SimpleData>
	</SchemaData></ExtendedData>
      <MultiGeometry><LineString><coordinates>35.225807,31.773243,0 35.225864,31.773585,0 35.226089,31.774402,0 35.226019,31.774465,0 35.225924,31.774841,0 35.225822,31.774847,0 35.225791,31.774908,0 35.225846,31.774984,0 35.225825,31.775046,0 35.225706,31.775061,0 35.225691,31.775132,0 35.225737,31.775198,0 35.22572,31.77525,0 35.225647,31.77527,0 35.225665,31.775361,0</coordinates></LineString></MultiGeometry>
  </Placemark>
  <Placemark>
	<name></name>
	<description>תיאור: &lt;br&gt;PartName: יצחק קריב&lt;br&gt;StreetName: יצחק קריב&lt;br&gt;status_tex: בדיקת היתכנות&lt;br&gt;openyear_n: 0&lt;br&gt;BPHTtype: 0&lt;br&gt;usable: 0&lt;br&gt;infra: 0&lt;br&gt;roadtype: 0&lt;br&gt;BPHdir: 0.00000000000&lt;br&gt;BPHplace: 0&lt;br&gt;DIRtype: 0&lt;br&gt;DIRTraffic: 0&lt;br&gt;TOPOLOGY: 0&lt;br&gt;DIV_Veh: 0&lt;br&gt;DIV_Walk: 0&lt;br&gt;Signpost: 0&lt;br&gt;Parking: 0&lt;br&gt;LEVEL_: 0&lt;br&gt;PAINT: 0&lt;br&gt;TREES: 0&lt;br&gt;remarks: המשטרה לא הסכימה להוריד נתיב, ייבדק כשביל טקטי&lt;br&gt;globalID: 0&lt;br&gt;id: 0&lt;br&gt;GlobalID_2: {7b52d692-cd12-4aae-9c12-174758a01482}&lt;br&gt;CreationDa: &lt;br&gt;Creator: &lt;br&gt;EditDate: &lt;br&gt;Editor: &lt;br&gt;Shape__Len: 105.22169016300&lt;br&gt;Link: &lt;br&gt;Framework: מאיץ ד&lt;br&gt;Engineer: &lt;br&gt;Director: &lt;br&gt;Architect: &lt;br&gt;respons: </description>
	<Style><LineStyle><color>ff0000ff</color></LineStyle><PolyStyle><fill>0</fill></PolyStyle></Style>
	<ExtendedData><SchemaData schemaUrl="#bike_lanes_check">
		<SimpleData name="WKT">LINESTRING (35.226206 31.776296, 35.226207 31.776297, 35.226371 31.776154, 35.22699 31.775652, 35.226991 31.77567)</SimpleData>
		<SimpleData name="PartName">יצחק קריב</SimpleData>
		<SimpleData name="StreetName">יצחק קריב</SimpleData>
		<SimpleData name="status_tex">בדיקת היתכנות</SimpleData>
		<SimpleData name="openyear_n">0</SimpleData>
		<SimpleData name="BPHTtype">0</SimpleData>
		<SimpleData name="usable">0</SimpleData>
		<SimpleData name="infra">0</SimpleData>
		<SimpleData name="roadtype">0</SimpleData>
		<SimpleData name="BPHdir">0</SimpleData>
		<SimpleData name="BPHplace">0</SimpleData>
		<SimpleData name="DIRtype">0</SimpleData>
		<SimpleData name="DIRTraffic">0</SimpleData>
		<SimpleData name="TOPOLOGY">0</SimpleData>
		<SimpleData name="DIV_Veh">0</SimpleData>
		<SimpleData name="DIV_Walk">0</SimpleData>
		<SimpleData name="Signpost">0</SimpleData>
		<SimpleData name="Parking">0</SimpleData>
		<SimpleData name="LEVEL_">0</SimpleData>
		<SimpleData name="PAINT">0</SimpleData>
		<SimpleData name="TREES">0</SimpleData>
		<SimpleData name="remarks">המשטרה לא הסכימה להוריד נתיב</SimpleData>
		<SimpleData name="globalID">ייבדק כשביל טקטי</SimpleData>
		<SimpleData name="id">0</SimpleData>
		<SimpleData name="GlobalID_2">0</SimpleData>
		<SimpleData name="CreationDa">{7b52d692-cd12-4aae-9c12-174758a01482}</SimpleData>
		<SimpleData name="Creator"></SimpleData>
		<SimpleData name="EditDate"></SimpleData>
		<SimpleData name="Editor"></SimpleData>
		<SimpleData name="Shape__Len"></SimpleData>
		<SimpleData name="Link">105.22169016300</SimpleData>
		<SimpleData name="Framework"></SimpleData>
		<SimpleData name="Engineer">מאיץ ד</SimpleData>
		<SimpleData name="Director"></SimpleData>
		<SimpleData name="Architect"></SimpleData>
		<SimpleData name="respons"></SimpleData>
		<SimpleData name="V39"></SimpleData>
	</SchemaData></ExtendedData>
      <MultiGeometry><LineString><coordinates>35.226206,31.776296,0 35.226207,31.776297,0 35.226371,31.776154,0 35.22699,31.775652,0 35.226991,31.77567,0</coordinates></LineString></MultiGeometry>
  </Placemark>
  <Placemark>
	<name></name>
	<description>תיאור: &lt;br&gt;PartName: הרב כלפון משה הכהן&lt;br&gt;StreetName: הרב כלפון משה הכהן&lt;br&gt;status_tex: בדיקת היתכנות&lt;br&gt;openyear_n: 0&lt;br&gt;BPHTtype: 0&lt;br&gt;usable: 0&lt;br&gt;infra: 0&lt;br&gt;roadtype: 0&lt;br&gt;BPHdir: 0.00000000000&lt;br&gt;BPHplace: 0&lt;br&gt;DIRtype: 0&lt;br&gt;DIRTraffic: 0&lt;br&gt;TOPOLOGY: 0&lt;br&gt;DIV_Veh: 0&lt;br&gt;DIV_Walk: 0&lt;br&gt;Signpost: 0&lt;br&gt;Parking: 0&lt;br&gt;LEVEL_: 0&lt;br&gt;PAINT: 0&lt;br&gt;TREES: 0&lt;br&gt;remarks: &lt;br&gt;globalID: 0&lt;br&gt;id: 0&lt;br&gt;GlobalID_2: {ab8301f1-0f0b-4094-9d49-7f107be1616e}&lt;br&gt;CreationDa: &lt;br&gt;Creator: &lt;br&gt;EditDate: &lt;br&gt;Editor: &lt;br&gt;Shape__Len: 429.73680875700&lt;br&gt;Link: &lt;br&gt;Framework: מאיץ ד&lt;br&gt;Engineer: &lt;br&gt;Director: אליה בן שבת&lt;br&gt;Architect: &lt;br&gt;respons: </description>
	<Style><LineStyle><color>ff0000ff</color></LineStyle><PolyStyle><fill>0</fill></PolyStyle></Style>
	<ExtendedData><SchemaData schemaUrl="#bike_lanes_check">
		<SimpleData name="WKT">LINESTRING (35.226722 31.721325, 35.226693 31.721311, 35.226237 31.721198, 35.225744 31.721021, 35.225288 31.720907, 35.224908 31.720924, 35.224357 31.720827, 35.223692 31.720584, 35.22337 31.720358, 35.223199 31.720213, 35.222819 31.720326, 35.222534 31.720374)</SimpleData>
		<SimpleData name="PartName">הרב כלפון משה הכהן</SimpleData>
		<SimpleData name="StreetName">הרב כלפון משה הכהן</SimpleData>
		<SimpleData name="status_tex">בדיקת היתכנות</SimpleData>
		<SimpleData name="openyear_n">0</SimpleData>
		<SimpleData name="BPHTtype">0</SimpleData>
		<SimpleData name="usable">0</SimpleData>
		<SimpleData name="infra">0</SimpleData>
		<SimpleData name="roadtype">0</SimpleData>
		<SimpleData name="BPHdir">0</SimpleData>
		<SimpleData name="BPHplace">0</SimpleData>
		<SimpleData name="DIRtype">0</SimpleData>
		<SimpleData name="DIRTraffic">0</SimpleData>
		<SimpleData name="TOPOLOGY">0</SimpleData>
		<SimpleData name="DIV_Veh">0</SimpleData>
		<SimpleData name="DIV_Walk">0</SimpleData>
		<SimpleData name="Signpost">0</SimpleData>
		<SimpleData name="Parking">0</SimpleData>
		<SimpleData name="LEVEL_">0</SimpleData>
		<SimpleData name="PAINT">0</SimpleData>
		<SimpleData name="TREES">0</SimpleData>
		<SimpleData name="remarks"></SimpleData>
		<SimpleData name="globalID">0</SimpleData>
		<SimpleData name="id">0</SimpleData>
		<SimpleData name="GlobalID_2">{ab8301f1-0f0b-4094-9d49-7f107be1616e}</SimpleData>
		<SimpleData name="CreationDa"></SimpleData>
		<SimpleData name="Creator"></SimpleData>
		<SimpleData name="EditDate"></SimpleData>
		<SimpleData name="Editor"></SimpleData>
		<SimpleData name="Shape__Len">429.73680875700</SimpleData>
		<SimpleData name="Link"></SimpleData>
		<SimpleData name="Framework">מאיץ ד</SimpleData>
		<SimpleData name="Engineer"></SimpleData>
		<SimpleData name="Director">אליה בן שבת</SimpleData>
		<SimpleData name="Architect"></SimpleData>
		<SimpleData name="respons"></SimpleData>
		<SimpleData name="V39"></SimpleData>
	</SchemaData></ExtendedData>
      <MultiGeometry><LineString><coordinates>35.226722,31.721325,0 35.226693,31.721311,0 35.226237,31.721198,0 35.225744,31.721021,0 35.225288,31.720907,0 35.224908,31.720924,0 35.224357,31.720827,0 35.223692,31.720584,0 35.22337,31.720358,0 35.223199,31.720213,0 35.222819,31.720326,0 35.222534,31.720374,0</coordinates></LineString></MultiGeometry>
  </Placemark>
  <Placemark>
	<name></name>
	<description>תיאור: &lt;br&gt;PartName: הבאבא סאלי&lt;br&gt;StreetName: הבאבא סאלי&lt;br&gt;status_tex: בדיקת היתכנות&lt;br&gt;openyear_n: 0&lt;br&gt;BPHTtype: 0&lt;br&gt;usable: 0&lt;br&gt;infra: 0&lt;br&gt;roadtype: 0&lt;br&gt;BPHdir: 0.00000000000&lt;br&gt;BPHplace: 0&lt;br&gt;DIRtype: 0&lt;br&gt;DIRTraffic: 0&lt;br&gt;TOPOLOGY: 0&lt;br&gt;DIV_Veh: 0&lt;br&gt;DIV_Walk: 0&lt;br&gt;Signpost: 0&lt;br&gt;Parking: 0&lt;br&gt;LEVEL_: 0&lt;br&gt;PAINT: 0&lt;br&gt;TREES: 0&lt;br&gt;remarks: &lt;br&gt;globalID: 0&lt;br&gt;id: 0&lt;br&gt;GlobalID_2: {7f7fa0c7-eaca-4655-acaf-3f5da94761d1}&lt;br&gt;CreationDa: &lt;br&gt;Creator: &lt;br&gt;EditDate: &lt;br&gt;Editor: &lt;br&gt;Shape__Len: 417.12067284300&lt;br&gt;Link: &lt;br&gt;Framework: מאיץ ד&lt;br&gt;Engineer: &lt;br&gt;Director: אליה בן שבת&lt;br&gt;Architect: &lt;br&gt;respons: </description>
	<Style><LineStyle><color>ff0000ff</color></LineStyle><PolyStyle><fill>0</fill></PolyStyle></Style>
	<ExtendedData><SchemaData schemaUrl="#bike_lanes_check">
		<SimpleData name="WKT">LINESTRING (35.230566 31.722321, 35.230567 31.722313, 35.230472 31.7222, 35.230358 31.7222, 35.230264 31.72199, 35.230055 31.72178, 35.22977 31.72157, 35.229542 31.721473, 35.228782 31.721457, 35.228155 31.721586, 35.227662 31.721586, 35.227073 31.721489, 35.226722 31.721325)</SimpleData>
		<SimpleData name="PartName">הבאבא סאלי</SimpleData>
		<SimpleData name="StreetName">הבאבא סאלי</SimpleData>
		<SimpleData name="status_tex">בדיקת היתכנות</SimpleData>
		<SimpleData name="openyear_n">0</SimpleData>
		<SimpleData name="BPHTtype">0</SimpleData>
		<SimpleData name="usable">0</SimpleData>
		<SimpleData name="infra">0</SimpleData>
		<SimpleData name="roadtype">0</SimpleData>
		<SimpleData name="BPHdir">0</SimpleData>
		<SimpleData name="BPHplace">0</SimpleData>
		<SimpleData name="DIRtype">0</SimpleData>
		<SimpleData name="DIRTraffic">0</SimpleData>
		<SimpleData name="TOPOLOGY">0</SimpleData>
		<SimpleData name="DIV_Veh">0</SimpleData>
		<SimpleData name="DIV_Walk">0</SimpleData>
		<SimpleData name="Signpost">0</SimpleData>
		<SimpleData name="Parking">0</SimpleData>
		<SimpleData name="LEVEL_">0</SimpleData>
		<SimpleData name="PAINT">0</SimpleData>
		<SimpleData name="TREES">0</SimpleData>
		<SimpleData name="remarks"></SimpleData>
		<SimpleData name="globalID">0</SimpleData>
		<SimpleData name="id">0</SimpleData>
		<SimpleData name="GlobalID_2">{7f7fa0c7-eaca-4655-acaf-3f5da94761d1}</SimpleData>
		<SimpleData name="CreationDa"></SimpleData>
		<SimpleData name="Creator"></SimpleData>
		<SimpleData name="EditDate"></SimpleData>
		<SimpleData name="Editor"></SimpleData>
		<SimpleData name="Shape__Len">417.12067284300</SimpleData>
		<SimpleData name="Link"></SimpleData>
		<SimpleData name="Framework">מאיץ ד</SimpleData>
		<SimpleData name="Engineer"></SimpleData>
		<SimpleData name="Director">אליה בן שבת</SimpleData>
		<SimpleData name="Architect"></SimpleData>
		<SimpleData name="respons"></SimpleData>
		<SimpleData name="V39"></SimpleData>
	</SchemaData></ExtendedData>
      <MultiGeometry><LineString><coordinates>35.230566,31.722321,0 35.230567,31.722313,0 35.230472,31.7222,0 35.230358,31.7222,0 35.230264,31.72199,0 35.230055,31.72178,0 35.22977,31.72157,0 35.229542,31.721473,0 35.228782,31.721457,0 35.228155,31.721586,0 35.227662,31.721586,0 35.227073,31.721489,0 35.226722,31.721325,0</coordinates></LineString></MultiGeometry>
  </Placemark>
  <Placemark>
	<name></name>
	<description>תיאור: &lt;br&gt;PartName: יחיאל לנגר&lt;br&gt;StreetName: יחיאל לנגר&lt;br&gt;status_tex: בדיקת היתכנות&lt;br&gt;openyear_n: 0&lt;br&gt;BPHTtype: 0&lt;br&gt;usable: 0&lt;br&gt;infra: 0&lt;br&gt;roadtype: 0&lt;br&gt;BPHdir: 0.00000000000&lt;br&gt;BPHplace: 0&lt;br&gt;DIRtype: 0&lt;br&gt;DIRTraffic: 0&lt;br&gt;TOPOLOGY: 0&lt;br&gt;DIV_Veh: 0&lt;br&gt;DIV_Walk: 0&lt;br&gt;Signpost: 0&lt;br&gt;Parking: 0&lt;br&gt;LEVEL_: 0&lt;br&gt;PAINT: 0&lt;br&gt;TREES: 0&lt;br&gt;remarks: &lt;br&gt;globalID: 0&lt;br&gt;id: 0&lt;br&gt;GlobalID_2: {6bd27f40-dd19-4a48-85d3-8915c77088df}&lt;br&gt;CreationDa: &lt;br&gt;Creator: &lt;br&gt;EditDate: &lt;br&gt;Editor: &lt;br&gt;Shape__Len: 554.89723425700&lt;br&gt;Link: &lt;br&gt;Framework: מאיץ ד&lt;br&gt;Engineer: &lt;br&gt;Director: אליה בן שבת&lt;br&gt;Architect: &lt;br&gt;respons: </description>
	<Style><LineStyle><color>ff0000ff</color></LineStyle><PolyStyle><fill>0</fill></PolyStyle></Style>
	<ExtendedData><SchemaData schemaUrl="#bike_lanes_check">
		<SimpleData name="WKT">LINESTRING (35.227305 31.725704, 35.227681 31.725608, 35.227947 31.725576, 35.22844 31.725447, 35.228896 31.725253, 35.22939 31.725059, 35.22977 31.724752, 35.230207 31.724348, 35.230453 31.723831, 35.230586 31.723541, 35.230586 31.723121, 35.230567 31.722765, 35.23051 31.722588, 35.230566 31.722321)</SimpleData>
		<SimpleData name="PartName">יחיאל לנגר</SimpleData>
		<SimpleData name="StreetName">יחיאל לנגר</SimpleData>
		<SimpleData name="status_tex">בדיקת היתכנות</SimpleData>
		<SimpleData name="openyear_n">0</SimpleData>
		<SimpleData name="BPHTtype">0</SimpleData>
		<SimpleData name="usable">0</SimpleData>
		<SimpleData name="infra">0</SimpleData>
		<SimpleData name="roadtype">0</SimpleData>
		<SimpleData name="BPHdir">0</SimpleData>
		<SimpleData name="BPHplace">0</SimpleData>
		<SimpleData name="DIRtype">0</SimpleData>
		<SimpleData name="DIRTraffic">0</SimpleData>
		<SimpleData name="TOPOLOGY">0</SimpleData>
		<SimpleData name="DIV_Veh">0</SimpleData>
		<SimpleData name="DIV_Walk">0</SimpleData>
		<SimpleData name="Signpost">0</SimpleData>
		<SimpleData name="Parking">0</SimpleData>
		<SimpleData name="LEVEL_">0</SimpleData>
		<SimpleData name="PAINT">0</SimpleData>
		<SimpleData name="TREES">0</SimpleData>
		<SimpleData name="remarks"></SimpleData>
		<SimpleData name="globalID">0</SimpleData>
		<SimpleData name="id">0</SimpleData>
		<SimpleData name="GlobalID_2">{6bd27f40-dd19-4a48-85d3-8915c77088df}</SimpleData>
		<SimpleData name="CreationDa"></SimpleData>
		<SimpleData name="Creator"></SimpleData>
		<SimpleData name="EditDate"></SimpleData>
		<SimpleData name="Editor"></SimpleData>
		<SimpleData name="Shape__Len">554.89723425700</SimpleData>
		<SimpleData name="Link"></SimpleData>
		<SimpleData name="Framework">מאיץ ד</SimpleData>
		<SimpleData name="Engineer"></SimpleData>
		<SimpleData name="Director">אליה בן שבת</SimpleData>
		<SimpleData name="Architect"></SimpleData>
		<SimpleData name="respons"></SimpleData>
		<SimpleData name="V39"></SimpleData>
	</SchemaData></ExtendedData>
      <MultiGeometry><LineString><coordinates>35.227305,31.725704,0 35.227681,31.725608,0 35.227947,31.725576,0 35.22844,31.725447,0 35.228896,31.725253,0 35.22939,31.725059,0 35.22977,31.724752,0 35.230207,31.724348,0 35.230453,31.723831,0 35.230586,31.723541,0 35.230586,31.723121,0 35.230567,31.722765,0 35.23051,31.722588,0 35.230566,31.722321,0</coordinates></LineString></MultiGeometry>
  </Placemark>
  <Placemark>
	<name></name>
	<description>תיאור: &lt;br&gt;PartName: 398&lt;br&gt;StreetName: 398&lt;br&gt;status_tex: בדיקת היתכנות&lt;br&gt;openyear_n: 0&lt;br&gt;BPHTtype: 0&lt;br&gt;usable: 0&lt;br&gt;infra: 0&lt;br&gt;roadtype: 0&lt;br&gt;BPHdir: 0.00000000000&lt;br&gt;BPHplace: 0&lt;br&gt;DIRtype: 0&lt;br&gt;DIRTraffic: 0&lt;br&gt;TOPOLOGY: 0&lt;br&gt;DIV_Veh: 0&lt;br&gt;DIV_Walk: 0&lt;br&gt;Signpost: 0&lt;br&gt;Parking: 0&lt;br&gt;LEVEL_: 0&lt;br&gt;PAINT: 0&lt;br&gt;TREES: 0&lt;br&gt;remarks: &lt;br&gt;globalID: 0&lt;br&gt;id: 0&lt;br&gt;GlobalID_2: {12639af4-f980-4d90-a4f8-6f4ac062f4dc}&lt;br&gt;CreationDa: &lt;br&gt;Creator: &lt;br&gt;EditDate: &lt;br&gt;Editor: &lt;br&gt;Shape__Len: 423.96699784100&lt;br&gt;Link: &lt;br&gt;Framework: מאיץ ד&lt;br&gt;Engineer: אליה בן שבת&lt;br&gt;Director: &lt;br&gt;Architect: &lt;br&gt;respons: </description>
	<Style><LineStyle><color>ff0000ff</color></LineStyle><PolyStyle><fill>0</fill></PolyStyle></Style>
	<ExtendedData><SchemaData schemaUrl="#bike_lanes_check">
		<SimpleData name="WKT">LINESTRING (35.219924 31.731504, 35.2202 31.731399, 35.220407 31.73131, 35.220939 31.731036, 35.221432 31.730745, 35.222192 31.730341, 35.223085 31.72997, 35.223882 31.729776, 35.223882 31.729774)</SimpleData>
		<SimpleData name="PartName">398</SimpleData>
		<SimpleData name="StreetName">398</SimpleData>
		<SimpleData name="status_tex">בדיקת היתכנות</SimpleData>
		<SimpleData name="openyear_n">0</SimpleData>
		<SimpleData name="BPHTtype">0</SimpleData>
		<SimpleData name="usable">0</SimpleData>
		<SimpleData name="infra">0</SimpleData>
		<SimpleData name="roadtype">0</SimpleData>
		<SimpleData name="BPHdir">0</SimpleData>
		<SimpleData name="BPHplace">0</SimpleData>
		<SimpleData name="DIRtype">0</SimpleData>
		<SimpleData name="DIRTraffic">0</SimpleData>
		<SimpleData name="TOPOLOGY">0</SimpleData>
		<SimpleData name="DIV_Veh">0</SimpleData>
		<SimpleData name="DIV_Walk">0</SimpleData>
		<SimpleData name="Signpost">0</SimpleData>
		<SimpleData name="Parking">0</SimpleData>
		<SimpleData name="LEVEL_">0</SimpleData>
		<SimpleData name="PAINT">0</SimpleData>
		<SimpleData name="TREES">0</SimpleData>
		<SimpleData name="remarks"></SimpleData>
		<SimpleData name="globalID">0</SimpleData>
		<SimpleData name="id">0</SimpleData>
		<SimpleData name="GlobalID_2">{12639af4-f980-4d90-a4f8-6f4ac062f4dc}</SimpleData>
		<SimpleData name="CreationDa"></SimpleData>
		<SimpleData name="Creator"></SimpleData>
		<SimpleData name="EditDate"></SimpleData>
		<SimpleData name="Editor"></SimpleData>
		<SimpleData name="Shape__Len">423.96699784100</SimpleData>
		<SimpleData name="Link"></SimpleData>
		<SimpleData name="Framework">מאיץ ד</SimpleData>
		<SimpleData name="Engineer">אליה בן שבת</SimpleData>
		<SimpleData name="Director"></SimpleData>
		<SimpleData name="Architect"></SimpleData>
		<SimpleData name="respons"></SimpleData>
		<SimpleData name="V39"></SimpleData>
	</SchemaData></ExtendedData>
      <MultiGeometry><LineString><coordinates>35.219924,31.731504,0 35.2202,31.731399,0 35.220407,31.73131,0 35.220939,31.731036,0 35.221432,31.730745,0 35.222192,31.730341,0 35.223085,31.72997,0 35.223882,31.729776,0 35.223882,31.729774,0</coordinates></LineString></MultiGeometry>
  </Placemark>
  <Placemark>
	<name></name>
	<description>תיאור: &lt;br&gt;PartName: קירוי בגין שלב א&lt;br&gt;StreetName: קירוי בגין&lt;br&gt;status_tex: בדיקת היתכנות&lt;br&gt;openyear_n: 0&lt;br&gt;BPHTtype: 0&lt;br&gt;usable: 0&lt;br&gt;infra: 0&lt;br&gt;roadtype: 0&lt;br&gt;BPHdir: 0.00000000000&lt;br&gt;BPHplace: 0&lt;br&gt;DIRtype: 0&lt;br&gt;DIRTraffic: 0&lt;br&gt;TOPOLOGY: 0&lt;br&gt;DIV_Veh: 0&lt;br&gt;DIV_Walk: 0&lt;br&gt;Signpost: 0&lt;br&gt;Parking: 0&lt;br&gt;LEVEL_: 0&lt;br&gt;PAINT: 0&lt;br&gt;TREES: 0&lt;br&gt;remarks: כחלק משלב א של קירוי בגין מתוכנן שביל אופניים&lt;br&gt;globalID: 0&lt;br&gt;id: 0&lt;br&gt;GlobalID_2: {b2bd1c94-d94f-4084-ac4b-fda445cb8b02}&lt;br&gt;CreationDa: &lt;br&gt;Creator: &lt;br&gt;EditDate: &lt;br&gt;Editor: &lt;br&gt;Shape__Len: 227.92422356800&lt;br&gt;Link: &lt;br&gt;Framework: קירוי בגין&lt;br&gt;Engineer: &lt;br&gt;Director: &lt;br&gt;Architect: &lt;br&gt;respons: </description>
	<Style><LineStyle><color>ff0000ff</color></LineStyle><PolyStyle><fill>0</fill></PolyStyle></Style>
	<ExtendedData><SchemaData schemaUrl="#bike_lanes_check">
		<SimpleData name="WKT">LINESTRING (35.192395 31.774063, 35.194792 31.773888)</SimpleData>
		<SimpleData name="PartName">קירוי בגין שלב א</SimpleData>
		<SimpleData name="StreetName">קירוי בגין</SimpleData>
		<SimpleData name="status_tex">בדיקת היתכנות</SimpleData>
		<SimpleData name="openyear_n">0</SimpleData>
		<SimpleData name="BPHTtype">0</SimpleData>
		<SimpleData name="usable">0</SimpleData>
		<SimpleData name="infra">0</SimpleData>
		<SimpleData name="roadtype">0</SimpleData>
		<SimpleData name="BPHdir">0</SimpleData>
		<SimpleData name="BPHplace">0</SimpleData>
		<SimpleData name="DIRtype">0</SimpleData>
		<SimpleData name="DIRTraffic">0</SimpleData>
		<SimpleData name="TOPOLOGY">0</SimpleData>
		<SimpleData name="DIV_Veh">0</SimpleData>
		<SimpleData name="DIV_Walk">0</SimpleData>
		<SimpleData name="Signpost">0</SimpleData>
		<SimpleData name="Parking">0</SimpleData>
		<SimpleData name="LEVEL_">0</SimpleData>
		<SimpleData name="PAINT">0</SimpleData>
		<SimpleData name="TREES">0</SimpleData>
		<SimpleData name="remarks">כחלק משלב א של קירוי בגין מתוכנן שביל אופניים</SimpleData>
		<SimpleData name="globalID">0</SimpleData>
		<SimpleData name="id">0</SimpleData>
		<SimpleData name="GlobalID_2">{b2bd1c94-d94f-4084-ac4b-fda445cb8b02}</SimpleData>
		<SimpleData name="CreationDa"></SimpleData>
		<SimpleData name="Creator"></SimpleData>
		<SimpleData name="EditDate"></SimpleData>
		<SimpleData name="Editor"></SimpleData>
		<SimpleData name="Shape__Len">227.92422356800</SimpleData>
		<SimpleData name="Link"></SimpleData>
		<SimpleData name="Framework">קירוי בגין</SimpleData>
		<SimpleData name="Engineer"></SimpleData>
		<SimpleData name="Director"></SimpleData>
		<SimpleData name="Architect"></SimpleData>
		<SimpleData name="respons"></SimpleData>
		<SimpleData name="V39"></SimpleData>
	</SchemaData></ExtendedData>
      <MultiGeometry><LineString><coordinates>35.192395,31.774063,0 35.194792,31.773888,0</coordinates></LineString></MultiGeometry>
  </Placemark>
  <Placemark>
	<name></name>
	<description>תיאור: &lt;br&gt;PartName: מצרני - קולומביה לאיסלנד&lt;br&gt;StreetName: קולומביה לאיסלנד&lt;br&gt;status_tex: בדיקת היתכנות&lt;br&gt;openyear_n: 0&lt;br&gt;BPHTtype: 0&lt;br&gt;usable: 0&lt;br&gt;infra: 0&lt;br&gt;roadtype: 0&lt;br&gt;BPHdir: 0.00000000000&lt;br&gt;BPHplace: 0&lt;br&gt;DIRtype: 0&lt;br&gt;DIRTraffic: 0&lt;br&gt;TOPOLOGY: 0&lt;br&gt;DIV_Veh: 0&lt;br&gt;DIV_Walk: 0&lt;br&gt;Signpost: 0&lt;br&gt;Parking: 0&lt;br&gt;LEVEL_: 0&lt;br&gt;PAINT: 0&lt;br&gt;TREES: 0&lt;br&gt;remarks: מעלית&lt;br&gt;globalID: 0&lt;br&gt;id: 0&lt;br&gt;GlobalID_2: {b706e67a-f1df-44bf-ab8b-32bf90de953e}&lt;br&gt;CreationDa: &lt;br&gt;Creator: &lt;br&gt;EditDate: &lt;br&gt;Editor: &lt;br&gt;Shape__Len: 81.48271481240&lt;br&gt;Link: &lt;br&gt;Framework: מצרני&lt;br&gt;Engineer: &lt;br&gt;Director: &lt;br&gt;Architect: &lt;br&gt;respons: </description>
	<Style><LineStyle><color>ff0000ff</color></LineStyle><PolyStyle><fill>0</fill></PolyStyle></Style>
	<ExtendedData><SchemaData schemaUrl="#bike_lanes_check">
		<SimpleData name="WKT">LINESTRING (35.165972 31.758544, 35.166483 31.759012, 35.166507 31.759105)</SimpleData>
		<SimpleData name="PartName">מצרני - קולומביה לאיסלנד</SimpleData>
		<SimpleData name="StreetName">קולומביה לאיסלנד</SimpleData>
		<SimpleData name="status_tex">בדיקת היתכנות</SimpleData>
		<SimpleData name="openyear_n">0</SimpleData>
		<SimpleData name="BPHTtype">0</SimpleData>
		<SimpleData name="usable">0</SimpleData>
		<SimpleData name="infra">0</SimpleData>
		<SimpleData name="roadtype">0</SimpleData>
		<SimpleData name="BPHdir">0</SimpleData>
		<SimpleData name="BPHplace">0</SimpleData>
		<SimpleData name="DIRtype">0</SimpleData>
		<SimpleData name="DIRTraffic">0</SimpleData>
		<SimpleData name="TOPOLOGY">0</SimpleData>
		<SimpleData name="DIV_Veh">0</SimpleData>
		<SimpleData name="DIV_Walk">0</SimpleData>
		<SimpleData name="Signpost">0</SimpleData>
		<SimpleData name="Parking">0</SimpleData>
		<SimpleData name="LEVEL_">0</SimpleData>
		<SimpleData name="PAINT">0</SimpleData>
		<SimpleData name="TREES">0</SimpleData>
		<SimpleData name="remarks">מעלית</SimpleData>
		<SimpleData name="globalID">0</SimpleData>
		<SimpleData name="id">0</SimpleData>
		<SimpleData name="GlobalID_2">{b706e67a-f1df-44bf-ab8b-32bf90de953e}</SimpleData>
		<SimpleData name="CreationDa"></SimpleData>
		<SimpleData name="Creator"></SimpleData>
		<SimpleData name="EditDate"></SimpleData>
		<SimpleData name="Editor"></SimpleData>
		<SimpleData name="Shape__Len">81.48271481240</SimpleData>
		<SimpleData name="Link"></SimpleData>
		<SimpleData name="Framework">מצרני</SimpleData>
		<SimpleData name="Engineer"></SimpleData>
		<SimpleData name="Director"></SimpleData>
		<SimpleData name="Architect"></SimpleData>
		<SimpleData name="respons"></SimpleData>
		<SimpleData name="V39"></SimpleData>
	</SchemaData></ExtendedData>
      <MultiGeometry><LineString><coordinates>35.165972,31.758544,0 35.166483,31.759012,0 35.166507,31.759105,0</coordinates></LineString></MultiGeometry>
  </Placemark>
  <Placemark>
	<name></name>
	<description>תיאור: &lt;br&gt;PartName: בית כנסת קולומביה&lt;br&gt;StreetName: בית כנסת קולומביה&lt;br&gt;status_tex: בדיקת היתכנות&lt;br&gt;openyear_n: 0&lt;br&gt;BPHTtype: 0&lt;br&gt;usable: 0&lt;br&gt;infra: 0&lt;br&gt;roadtype: 0&lt;br&gt;BPHdir: 0.00000000000&lt;br&gt;BPHplace: 0&lt;br&gt;DIRtype: 0&lt;br&gt;DIRTraffic: 0&lt;br&gt;TOPOLOGY: 0&lt;br&gt;DIV_Veh: 0&lt;br&gt;DIV_Walk: 0&lt;br&gt;Signpost: 0&lt;br&gt;Parking: 0&lt;br&gt;LEVEL_: 0&lt;br&gt;PAINT: 0&lt;br&gt;TREES: 0&lt;br&gt;remarks: מעלית&lt;br&gt;globalID: 0&lt;br&gt;id: 0&lt;br&gt;GlobalID_2: {2a435c19-7dde-41f9-b042-53006ee1e905}&lt;br&gt;CreationDa: &lt;br&gt;Creator: &lt;br&gt;EditDate: &lt;br&gt;Editor: &lt;br&gt;Shape__Len: 98.51305766170&lt;br&gt;Link: &lt;br&gt;Framework: מצרני&lt;br&gt;Engineer: &lt;br&gt;Director: &lt;br&gt;Architect: &lt;br&gt;respons: </description>
	<Style><LineStyle><color>ff0000ff</color></LineStyle><PolyStyle><fill>0</fill></PolyStyle></Style>
	<ExtendedData><SchemaData schemaUrl="#bike_lanes_check">
		<SimpleData name="WKT">LINESTRING (35.167163 31.758317, 35.167856 31.758979)</SimpleData>
		<SimpleData name="PartName">בית כנסת קולומביה</SimpleData>
		<SimpleData name="StreetName">בית כנסת קולומביה</SimpleData>
		<SimpleData name="status_tex">בדיקת היתכנות</SimpleData>
		<SimpleData name="openyear_n">0</SimpleData>
		<SimpleData name="BPHTtype">0</SimpleData>
		<SimpleData name="usable">0</SimpleData>
		<SimpleData name="infra">0</SimpleData>
		<SimpleData name="roadtype">0</SimpleData>
		<SimpleData name="BPHdir">0</SimpleData>
		<SimpleData name="BPHplace">0</SimpleData>
		<SimpleData name="DIRtype">0</SimpleData>
		<SimpleData name="DIRTraffic">0</SimpleData>
		<SimpleData name="TOPOLOGY">0</SimpleData>
		<SimpleData name="DIV_Veh">0</SimpleData>
		<SimpleData name="DIV_Walk">0</SimpleData>
		<SimpleData name="Signpost">0</SimpleData>
		<SimpleData name="Parking">0</SimpleData>
		<SimpleData name="LEVEL_">0</SimpleData>
		<SimpleData name="PAINT">0</SimpleData>
		<SimpleData name="TREES">0</SimpleData>
		<SimpleData name="remarks">מעלית</SimpleData>
		<SimpleData name="globalID">0</SimpleData>
		<SimpleData name="id">0</SimpleData>
		<SimpleData name="GlobalID_2">{2a435c19-7dde-41f9-b042-53006ee1e905}</SimpleData>
		<SimpleData name="CreationDa"></SimpleData>
		<SimpleData name="Creator"></SimpleData>
		<SimpleData name="EditDate"></SimpleData>
		<SimpleData name="Editor"></SimpleData>
		<SimpleData name="Shape__Len">98.51305766170</SimpleData>
		<SimpleData name="Link"></SimpleData>
		<SimpleData name="Framework">מצרני</SimpleData>
		<SimpleData name="Engineer"></SimpleData>
		<SimpleData name="Director"></SimpleData>
		<SimpleData name="Architect"></SimpleData>
		<SimpleData name="respons"></SimpleData>
		<SimpleData name="V39"></SimpleData>
	</SchemaData></ExtendedData>
      <MultiGeometry><LineString><coordinates>35.167163,31.758317,0 35.167856,31.758979,0</coordinates></LineString></MultiGeometry>
  </Placemark>
  <Placemark>
	<name></name>
	<description>תיאור: &lt;br&gt;PartName: אולשוונגר - הנטקה&lt;br&gt;StreetName: אולשוונגר - הנטקה&lt;br&gt;status_tex: בדיקת היתכנות&lt;br&gt;openyear_n: 0&lt;br&gt;BPHTtype: 0&lt;br&gt;usable: 0&lt;br&gt;infra: 0&lt;br&gt;roadtype: 0&lt;br&gt;BPHdir: 0.00000000000&lt;br&gt;BPHplace: 0&lt;br&gt;DIRtype: 0&lt;br&gt;DIRTraffic: 0&lt;br&gt;TOPOLOGY: 0&lt;br&gt;DIV_Veh: 0&lt;br&gt;DIV_Walk: 0&lt;br&gt;Signpost: 0&lt;br&gt;Parking: 0&lt;br&gt;LEVEL_: 0&lt;br&gt;PAINT: 0&lt;br&gt;TREES: 0&lt;br&gt;remarks: מעלית&lt;br&gt;globalID: 0&lt;br&gt;id: 0&lt;br&gt;GlobalID_2: {cf00fac5-2954-4d8a-9c40-264b3a207918}&lt;br&gt;CreationDa: &lt;br&gt;Creator: &lt;br&gt;EditDate: &lt;br&gt;Editor: &lt;br&gt;Shape__Len: 208.77093577100&lt;br&gt;Link: &lt;br&gt;Framework: מצרני&lt;br&gt;Engineer: &lt;br&gt;Director: &lt;br&gt;Architect: &lt;br&gt;respons: </description>
	<Style><LineStyle><color>ff0000ff</color></LineStyle><PolyStyle><fill>0</fill></PolyStyle></Style>
	<ExtendedData><SchemaData schemaUrl="#bike_lanes_check">
		<SimpleData name="WKT">LINESTRING (35.172192 31.766273, 35.174395 31.766316)</SimpleData>
		<SimpleData name="PartName">אולשוונגר - הנטקה</SimpleData>
		<SimpleData name="StreetName">אולשוונגר - הנטקה</SimpleData>
		<SimpleData name="status_tex">בדיקת היתכנות</SimpleData>
		<SimpleData name="openyear_n">0</SimpleData>
		<SimpleData name="BPHTtype">0</SimpleData>
		<SimpleData name="usable">0</SimpleData>
		<SimpleData name="infra">0</SimpleData>
		<SimpleData name="roadtype">0</SimpleData>
		<SimpleData name="BPHdir">0</SimpleData>
		<SimpleData name="BPHplace">0</SimpleData>
		<SimpleData name="DIRtype">0</SimpleData>
		<SimpleData name="DIRTraffic">0</SimpleData>
		<SimpleData name="TOPOLOGY">0</SimpleData>
		<SimpleData name="DIV_Veh">0</SimpleData>
		<SimpleData name="DIV_Walk">0</SimpleData>
		<SimpleData name="Signpost">0</SimpleData>
		<SimpleData name="Parking">0</SimpleData>
		<SimpleData name="LEVEL_">0</SimpleData>
		<SimpleData name="PAINT">0</SimpleData>
		<SimpleData name="TREES">0</SimpleData>
		<SimpleData name="remarks">מעלית</SimpleData>
		<SimpleData name="globalID">0</SimpleData>
		<SimpleData name="id">0</SimpleData>
		<SimpleData name="GlobalID_2">{cf00fac5-2954-4d8a-9c40-264b3a207918}</SimpleData>
		<SimpleData name="CreationDa"></SimpleData>
		<SimpleData name="Creator"></SimpleData>
		<SimpleData name="EditDate"></SimpleData>
		<SimpleData name="Editor"></SimpleData>
		<SimpleData name="Shape__Len">208.77093577100</SimpleData>
		<SimpleData name="Link"></SimpleData>
		<SimpleData name="Framework">מצרני</SimpleData>
		<SimpleData name="Engineer"></SimpleData>
		<SimpleData name="Director"></SimpleData>
		<SimpleData name="Architect"></SimpleData>
		<SimpleData name="respons"></SimpleData>
		<SimpleData name="V39"></SimpleData>
	</SchemaData></ExtendedData>
      <MultiGeometry><LineString><coordinates>35.172192,31.766273,0 35.174395,31.766316,0</coordinates></LineString></MultiGeometry>
  </Placemark>
  <Placemark>
	<name></name>
	<description>תיאור: &lt;br&gt;PartName: גולדה מאיר - עליית הנוער&lt;br&gt;StreetName: גולדה מאיר - עליית הנוער&lt;br&gt;status_tex: בדיקת היתכנות&lt;br&gt;openyear_n: 0&lt;br&gt;BPHTtype: 0&lt;br&gt;usable: 0&lt;br&gt;infra: 0&lt;br&gt;roadtype: 0&lt;br&gt;BPHdir: 0.00000000000&lt;br&gt;BPHplace: 0&lt;br&gt;DIRtype: 0&lt;br&gt;DIRTraffic: 0&lt;br&gt;TOPOLOGY: 0&lt;br&gt;DIV_Veh: 0&lt;br&gt;DIV_Walk: 0&lt;br&gt;Signpost: 0&lt;br&gt;Parking: 0&lt;br&gt;LEVEL_: 0&lt;br&gt;PAINT: 0&lt;br&gt;TREES: 0&lt;br&gt;remarks: מעלית&lt;br&gt;globalID: 0&lt;br&gt;id: 0&lt;br&gt;GlobalID_2: {89aebdb1-09a7-404d-9eee-e8d51381c4e4}&lt;br&gt;CreationDa: &lt;br&gt;Creator: &lt;br&gt;EditDate: &lt;br&gt;Editor: &lt;br&gt;Shape__Len: 51.08759022190&lt;br&gt;Link: &lt;br&gt;Framework: מצרני&lt;br&gt;Engineer: &lt;br&gt;Director: &lt;br&gt;Architect: &lt;br&gt;respons: </description>
	<Style><LineStyle><color>ff0000ff</color></LineStyle><PolyStyle><fill>0</fill></PolyStyle></Style>
	<ExtendedData><SchemaData schemaUrl="#bike_lanes_check">
		<SimpleData name="WKT">LINESTRING (35.199895 31.812469, 35.199839 31.81248, 35.199719 31.812219, 35.199663 31.812097)</SimpleData>
		<SimpleData name="PartName">גולדה מאיר - עליית הנוער</SimpleData>
		<SimpleData name="StreetName">גולדה מאיר - עליית הנוער</SimpleData>
		<SimpleData name="status_tex">בדיקת היתכנות</SimpleData>
		<SimpleData name="openyear_n">0</SimpleData>
		<SimpleData name="BPHTtype">0</SimpleData>
		<SimpleData name="usable">0</SimpleData>
		<SimpleData name="infra">0</SimpleData>
		<SimpleData name="roadtype">0</SimpleData>
		<SimpleData name="BPHdir">0</SimpleData>
		<SimpleData name="BPHplace">0</SimpleData>
		<SimpleData name="DIRtype">0</SimpleData>
		<SimpleData name="DIRTraffic">0</SimpleData>
		<SimpleData name="TOPOLOGY">0</SimpleData>
		<SimpleData name="DIV_Veh">0</SimpleData>
		<SimpleData name="DIV_Walk">0</SimpleData>
		<SimpleData name="Signpost">0</SimpleData>
		<SimpleData name="Parking">0</SimpleData>
		<SimpleData name="LEVEL_">0</SimpleData>
		<SimpleData name="PAINT">0</SimpleData>
		<SimpleData name="TREES">0</SimpleData>
		<SimpleData name="remarks">מעלית</SimpleData>
		<SimpleData name="globalID">0</SimpleData>
		<SimpleData name="id">0</SimpleData>
		<SimpleData name="GlobalID_2">{89aebdb1-09a7-404d-9eee-e8d51381c4e4}</SimpleData>
		<SimpleData name="CreationDa"></SimpleData>
		<SimpleData name="Creator"></SimpleData>
		<SimpleData name="EditDate"></SimpleData>
		<SimpleData name="Editor"></SimpleData>
		<SimpleData name="Shape__Len">51.08759022190</SimpleData>
		<SimpleData name="Link"></SimpleData>
		<SimpleData name="Framework">מצרני</SimpleData>
		<SimpleData name="Engineer"></SimpleData>
		<SimpleData name="Director"></SimpleData>
		<SimpleData name="Architect"></SimpleData>
		<SimpleData name="respons"></SimpleData>
		<SimpleData name="V39"></SimpleData>
	</SchemaData></ExtendedData>
      <MultiGeometry><LineString><coordinates>35.199895,31.812469,0 35.199839,31.81248,0 35.199719,31.812219,0 35.199663,31.812097,0</coordinates></LineString></MultiGeometry>
  </Placemark>
  <Placemark>
	<name></name>
	<description>תיאור: &lt;br&gt;PartName: מהמרגלית לאבנר חי שאקי&lt;br&gt;StreetName: מהמרגלית לאבנר חי שאקי&lt;br&gt;status_tex: בדיקת היתכנות&lt;br&gt;openyear_n: 0&lt;br&gt;BPHTtype: 0&lt;br&gt;usable: 0&lt;br&gt;infra: 0&lt;br&gt;roadtype: 0&lt;br&gt;BPHdir: 0.00000000000&lt;br&gt;BPHplace: 0&lt;br&gt;DIRtype: 0&lt;br&gt;DIRTraffic: 0&lt;br&gt;TOPOLOGY: 0&lt;br&gt;DIV_Veh: 0&lt;br&gt;DIV_Walk: 0&lt;br&gt;Signpost: 0&lt;br&gt;Parking: 0&lt;br&gt;LEVEL_: 0&lt;br&gt;PAINT: 0&lt;br&gt;TREES: 0&lt;br&gt;remarks: מדרונית&lt;br&gt;globalID: 0&lt;br&gt;id: 0&lt;br&gt;GlobalID_2: {aed9b5b7-9d62-425e-ad6f-7198307813e7}&lt;br&gt;CreationDa: &lt;br&gt;Creator: &lt;br&gt;EditDate: &lt;br&gt;Editor: &lt;br&gt;Shape__Len: 184.25084708900&lt;br&gt;Link: &lt;br&gt;Framework: מצרני&lt;br&gt;Engineer: &lt;br&gt;Director: &lt;br&gt;Architect: &lt;br&gt;respons: אורן</description>
	<Style><LineStyle><color>ff0000ff</color></LineStyle><PolyStyle><fill>0</fill></PolyStyle></Style>
	<ExtendedData><SchemaData schemaUrl="#bike_lanes_check">
		<SimpleData name="WKT">LINESTRING (35.179117 31.732791, 35.180898 31.733456)</SimpleData>
		<SimpleData name="PartName">מהמרגלית לאבנר חי שאקי</SimpleData>
		<SimpleData name="StreetName">מהמרגלית לאבנר חי שאקי</SimpleData>
		<SimpleData name="status_tex">בדיקת היתכנות</SimpleData>
		<SimpleData name="openyear_n">0</SimpleData>
		<SimpleData name="BPHTtype">0</SimpleData>
		<SimpleData name="usable">0</SimpleData>
		<SimpleData name="infra">0</SimpleData>
		<SimpleData name="roadtype">0</SimpleData>
		<SimpleData name="BPHdir">0</SimpleData>
		<SimpleData name="BPHplace">0</SimpleData>
		<SimpleData name="DIRtype">0</SimpleData>
		<SimpleData name="DIRTraffic">0</SimpleData>
		<SimpleData name="TOPOLOGY">0</SimpleData>
		<SimpleData name="DIV_Veh">0</SimpleData>
		<SimpleData name="DIV_Walk">0</SimpleData>
		<SimpleData name="Signpost">0</SimpleData>
		<SimpleData name="Parking">0</SimpleData>
		<SimpleData name="LEVEL_">0</SimpleData>
		<SimpleData name="PAINT">0</SimpleData>
		<SimpleData name="TREES">0</SimpleData>
		<SimpleData name="remarks">מדרונית</SimpleData>
		<SimpleData name="globalID">0</SimpleData>
		<SimpleData name="id">0</SimpleData>
		<SimpleData name="GlobalID_2">{aed9b5b7-9d62-425e-ad6f-7198307813e7}</SimpleData>
		<SimpleData name="CreationDa"></SimpleData>
		<SimpleData name="Creator"></SimpleData>
		<SimpleData name="EditDate"></SimpleData>
		<SimpleData name="Editor"></SimpleData>
		<SimpleData name="Shape__Len">184.25084708900</SimpleData>
		<SimpleData name="Link"></SimpleData>
		<SimpleData name="Framework">מצרני</SimpleData>
		<SimpleData name="Engineer"></SimpleData>
		<SimpleData name="Director"></SimpleData>
		<SimpleData name="Architect"></SimpleData>
		<SimpleData name="respons">אורן</SimpleData>
		<SimpleData name="V39"></SimpleData>
	</SchemaData></ExtendedData>
      <MultiGeometry><LineString><coordinates>35.179117,31.732791,0 35.180898,31.733456,0</coordinates></LineString></MultiGeometry>
  </Placemark>
  <Placemark>
	<name></name>
	<description>תיאור: &lt;br&gt;PartName: הסדנא&lt;br&gt;StreetName: הסדנא&lt;br&gt;status_tex: בדיקת היתכנות&lt;br&gt;openyear_n: 0&lt;br&gt;BPHTtype: 0&lt;br&gt;usable: 0&lt;br&gt;infra: 0&lt;br&gt;roadtype: 0&lt;br&gt;BPHdir: 0.00000000000&lt;br&gt;BPHplace: 0&lt;br&gt;DIRtype: 0&lt;br&gt;DIRTraffic: 0&lt;br&gt;TOPOLOGY: 0&lt;br&gt;DIV_Veh: 0&lt;br&gt;DIV_Walk: 0&lt;br&gt;Signpost: 0&lt;br&gt;Parking: 0&lt;br&gt;LEVEL_: 0&lt;br&gt;PAINT: 0&lt;br&gt;TREES: 0&lt;br&gt;remarks: חלק מבדיקה מרחבית תלפיות&lt;br&gt;globalID: 0&lt;br&gt;id: 0&lt;br&gt;GlobalID_2: {1591e054-726b-45c3-91fe-f2ab50cd4f8c}&lt;br&gt;CreationDa: &lt;br&gt;Creator: &lt;br&gt;EditDate: &lt;br&gt;Editor: &lt;br&gt;Shape__Len: 247.47834546300&lt;br&gt;Link: &lt;br&gt;Framework: בדיקת היתכנות&lt;br&gt;Engineer: &lt;br&gt;Director: חיים פלאי&lt;br&gt;Architect: &lt;br&gt;respons: אביעד</description>
	<Style><LineStyle><color>ff0000ff</color></LineStyle><PolyStyle><fill>0</fill></PolyStyle></Style>
	<ExtendedData><SchemaData schemaUrl="#bike_lanes_check">
		<SimpleData name="WKT">LINESTRING (35.210764 31.749362, 35.212479 31.750003, 35.21316 31.750251)</SimpleData>
		<SimpleData name="PartName">הסדנא</SimpleData>
		<SimpleData name="StreetName">הסדנא</SimpleData>
		<SimpleData name="status_tex">בדיקת היתכנות</SimpleData>
		<SimpleData name="openyear_n">0</SimpleData>
		<SimpleData name="BPHTtype">0</SimpleData>
		<SimpleData name="usable">0</SimpleData>
		<SimpleData name="infra">0</SimpleData>
		<SimpleData name="roadtype">0</SimpleData>
		<SimpleData name="BPHdir">0</SimpleData>
		<SimpleData name="BPHplace">0</SimpleData>
		<SimpleData name="DIRtype">0</SimpleData>
		<SimpleData name="DIRTraffic">0</SimpleData>
		<SimpleData name="TOPOLOGY">0</SimpleData>
		<SimpleData name="DIV_Veh">0</SimpleData>
		<SimpleData name="DIV_Walk">0</SimpleData>
		<SimpleData name="Signpost">0</SimpleData>
		<SimpleData name="Parking">0</SimpleData>
		<SimpleData name="LEVEL_">0</SimpleData>
		<SimpleData name="PAINT">0</SimpleData>
		<SimpleData name="TREES">0</SimpleData>
		<SimpleData name="remarks">חלק מבדיקה מרחבית תלפיות</SimpleData>
		<SimpleData name="globalID">0</SimpleData>
		<SimpleData name="id">0</SimpleData>
		<SimpleData name="GlobalID_2">{1591e054-726b-45c3-91fe-f2ab50cd4f8c}</SimpleData>
		<SimpleData name="CreationDa"></SimpleData>
		<SimpleData name="Creator"></SimpleData>
		<SimpleData name="EditDate"></SimpleData>
		<SimpleData name="Editor"></SimpleData>
		<SimpleData name="Shape__Len">247.47834546300</SimpleData>
		<SimpleData name="Link"></SimpleData>
		<SimpleData name="Framework">בדיקת היתכנות</SimpleData>
		<SimpleData name="Engineer"></SimpleData>
		<SimpleData name="Director">חיים פלאי</SimpleData>
		<SimpleData name="Architect"></SimpleData>
		<SimpleData name="respons">אביעד</SimpleData>
		<SimpleData name="V39"></SimpleData>
	</SchemaData></ExtendedData>
      <MultiGeometry><LineString><coordinates>35.210764,31.749362,0 35.212479,31.750003,0 35.21316,31.750251,0</coordinates></LineString></MultiGeometry>
  </Placemark>
  <Placemark>
	<name></name>
	<description>תיאור: &lt;br&gt;PartName: החרושת&lt;br&gt;StreetName: החרושת&lt;br&gt;status_tex: בדיקת היתכנות&lt;br&gt;openyear_n: 0&lt;br&gt;BPHTtype: 0&lt;br&gt;usable: 0&lt;br&gt;infra: 0&lt;br&gt;roadtype: 0&lt;br&gt;BPHdir: 0.00000000000&lt;br&gt;BPHplace: 0&lt;br&gt;DIRtype: 0&lt;br&gt;DIRTraffic: 0&lt;br&gt;TOPOLOGY: 0&lt;br&gt;DIV_Veh: 0&lt;br&gt;DIV_Walk: 0&lt;br&gt;Signpost: 0&lt;br&gt;Parking: 0&lt;br&gt;LEVEL_: 0&lt;br&gt;PAINT: 0&lt;br&gt;TREES: 0&lt;br&gt;remarks: חלק מבדיקה מרחבית תלפיות&lt;br&gt;globalID: 0&lt;br&gt;id: 0&lt;br&gt;GlobalID_2: {813eff52-3d9e-4b84-b088-56c8d83527c1}&lt;br&gt;CreationDa: &lt;br&gt;Creator: &lt;br&gt;EditDate: &lt;br&gt;Editor: &lt;br&gt;Shape__Len: 357.97568547000&lt;br&gt;Link: https://jtmt.sharepoint.com/:p:/r/sites/ModelsDepartment/StrategicPlanningDepartment/DocLib1/%D7%A4%D7%A8%D7%95%D7%99%D7%99%D7%A7%D7%98%D7%99%D7%9D%20%D7%90%D7%95%D7%A4%D7%A0%D7%99%D7%99%D7%9D/%D7%AA%D7%9B%D7%A0%D7%99%D7%95%D7%AA%20%D7%9C%D7%9E%D7%99%D7%&lt;br&gt;Framework: בדיקת היתכנות&lt;br&gt;Engineer: &lt;br&gt;Director: חיים פלאי&lt;br&gt;Architect: &lt;br&gt;respons: אביעד</description>
	<Style><LineStyle><color>ff0000ff</color></LineStyle><PolyStyle><fill>0</fill></PolyStyle></Style>
	<ExtendedData><SchemaData schemaUrl="#bike_lanes_check">
		<SimpleData name="WKT">LINESTRING (35.213513 31.745497, 35.213823 31.746247, 35.214118 31.746926, 35.214531 31.747984, 35.214781 31.748537)</SimpleData>
		<SimpleData name="PartName">החרושת</SimpleData>
		<SimpleData name="StreetName">החרושת</SimpleData>
		<SimpleData name="status_tex">בדיקת היתכנות</SimpleData>
		<SimpleData name="openyear_n">0</SimpleData>
		<SimpleData name="BPHTtype">0</SimpleData>
		<SimpleData name="usable">0</SimpleData>
		<SimpleData name="infra">0</SimpleData>
		<SimpleData name="roadtype">0</SimpleData>
		<SimpleData name="BPHdir">0</SimpleData>
		<SimpleData name="BPHplace">0</SimpleData>
		<SimpleData name="DIRtype">0</SimpleData>
		<SimpleData name="DIRTraffic">0</SimpleData>
		<SimpleData name="TOPOLOGY">0</SimpleData>
		<SimpleData name="DIV_Veh">0</SimpleData>
		<SimpleData name="DIV_Walk">0</SimpleData>
		<SimpleData name="Signpost">0</SimpleData>
		<SimpleData name="Parking">0</SimpleData>
		<SimpleData name="LEVEL_">0</SimpleData>
		<SimpleData name="PAINT">0</SimpleData>
		<SimpleData name="TREES">0</SimpleData>
		<SimpleData name="remarks">חלק מבדיקה מרחבית תלפיות</SimpleData>
		<SimpleData name="globalID">0</SimpleData>
		<SimpleData name="id">0</SimpleData>
		<SimpleData name="GlobalID_2">{813eff52-3d9e-4b84-b088-56c8d83527c1}</SimpleData>
		<SimpleData name="CreationDa"></SimpleData>
		<SimpleData name="Creator"></SimpleData>
		<SimpleData name="EditDate"></SimpleData>
		<SimpleData name="Editor"></SimpleData>
		<SimpleData name="Shape__Len">357.97568547000</SimpleData>
		<SimpleData name="Link">https://jtmt.sharepoint.com/:p:/r/sites/ModelsDepartment/StrategicPlanningDepartment/DocLib1/%D7%A4%D7%A8%D7%95%D7%99%D7%99%D7%A7%D7%98%D7%99%D7%9D%20%D7%90%D7%95%D7%A4%D7%A0%D7%99%D7%99%D7%9D/%D7%AA%D7%9B%D7%A0%D7%99%D7%95%D7%AA%20%D7%9C%D7%9E%D7%99%D7%</SimpleData>
		<SimpleData name="Framework">בדיקת היתכנות</SimpleData>
		<SimpleData name="Engineer"></SimpleData>
		<SimpleData name="Director">חיים פלאי</SimpleData>
		<SimpleData name="Architect"></SimpleData>
		<SimpleData name="respons">אביעד</SimpleData>
		<SimpleData name="V39"></SimpleData>
	</SchemaData></ExtendedData>
      <MultiGeometry><LineString><coordinates>35.213513,31.745497,0 35.213823,31.746247,0 35.214118,31.746926,0 35.214531,31.747984,0 35.214781,31.748537,0</coordinates></LineString></MultiGeometry>
  </Placemark>
  <Placemark>
	<name></name>
	<description>תיאור: &lt;br&gt;PartName: הסדנא&lt;br&gt;StreetName: הסדנא&lt;br&gt;status_tex: בדיקת היתכנות&lt;br&gt;openyear_n: 0&lt;br&gt;BPHTtype: 0&lt;br&gt;usable: 0&lt;br&gt;infra: 0&lt;br&gt;roadtype: 0&lt;br&gt;BPHdir: 0.00000000000&lt;br&gt;BPHplace: 0&lt;br&gt;DIRtype: 0&lt;br&gt;DIRTraffic: 0&lt;br&gt;TOPOLOGY: 0&lt;br&gt;DIV_Veh: 0&lt;br&gt;DIV_Walk: 0&lt;br&gt;Signpost: 0&lt;br&gt;Parking: 0&lt;br&gt;LEVEL_: 0&lt;br&gt;PAINT: 0&lt;br&gt;TREES: 0&lt;br&gt;remarks: חלק מבדיקה מרחבית תלפיות&lt;br&gt;globalID: 0&lt;br&gt;id: 0&lt;br&gt;GlobalID_2: {f7ee38d2-3837-4854-b667-b3db3d3f0ff7}&lt;br&gt;CreationDa: &lt;br&gt;Creator: &lt;br&gt;EditDate: &lt;br&gt;Editor: &lt;br&gt;Shape__Len: 365.37477474700&lt;br&gt;Link: https://jtmt.sharepoint.com/:b:/r/sites/ModelsDepartment/StrategicPlanningDepartment/DocLib1/%D7%A4%D7%A8%D7%95%D7%99%D7%99%D7%A7%D7%98%D7%99%D7%9D%20%D7%90%D7%95%D7%A4%D7%A0%D7%99%D7%99%D7%9D/%D7%A9%D7%95%D7%A0%D7%95%D7%AA%20%D7%90%D7%95%20%D7%9E%D7%99%&lt;br&gt;Framework: בדיקת היתכנות&lt;br&gt;Engineer: &lt;br&gt;Director: חיים פלאי&lt;br&gt;Architect: &lt;br&gt;respons: אביעד</description>
	<Style><LineStyle><color>ff0000ff</color></LineStyle><PolyStyle><fill>0</fill></PolyStyle></Style>
	<ExtendedData><SchemaData schemaUrl="#bike_lanes_check">
		<SimpleData name="WKT">LINESTRING (35.213549 31.750399, 35.217236 31.749435)</SimpleData>
		<SimpleData name="PartName">הסדנא</SimpleData>
		<SimpleData name="StreetName">הסדנא</SimpleData>
		<SimpleData name="status_tex">בדיקת היתכנות</SimpleData>
		<SimpleData name="openyear_n">0</SimpleData>
		<SimpleData name="BPHTtype">0</SimpleData>
		<SimpleData name="usable">0</SimpleData>
		<SimpleData name="infra">0</SimpleData>
		<SimpleData name="roadtype">0</SimpleData>
		<SimpleData name="BPHdir">0</SimpleData>
		<SimpleData name="BPHplace">0</SimpleData>
		<SimpleData name="DIRtype">0</SimpleData>
		<SimpleData name="DIRTraffic">0</SimpleData>
		<SimpleData name="TOPOLOGY">0</SimpleData>
		<SimpleData name="DIV_Veh">0</SimpleData>
		<SimpleData name="DIV_Walk">0</SimpleData>
		<SimpleData name="Signpost">0</SimpleData>
		<SimpleData name="Parking">0</SimpleData>
		<SimpleData name="LEVEL_">0</SimpleData>
		<SimpleData name="PAINT">0</SimpleData>
		<SimpleData name="TREES">0</SimpleData>
		<SimpleData name="remarks">חלק מבדיקה מרחבית תלפיות</SimpleData>
		<SimpleData name="globalID">0</SimpleData>
		<SimpleData name="id">0</SimpleData>
		<SimpleData name="GlobalID_2">{f7ee38d2-3837-4854-b667-b3db3d3f0ff7}</SimpleData>
		<SimpleData name="CreationDa"></SimpleData>
		<SimpleData name="Creator"></SimpleData>
		<SimpleData name="EditDate"></SimpleData>
		<SimpleData name="Editor"></SimpleData>
		<SimpleData name="Shape__Len">365.37477474700</SimpleData>
		<SimpleData name="Link">https://jtmt.sharepoint.com/:b:/r/sites/ModelsDepartment/StrategicPlanningDepartment/DocLib1/%D7%A4%D7%A8%D7%95%D7%99%D7%99%D7%A7%D7%98%D7%99%D7%9D%20%D7%90%D7%95%D7%A4%D7%A0%D7%99%D7%99%D7%9D/%D7%A9%D7%95%D7%A0%D7%95%D7%AA%20%D7%90%D7%95%20%D7%9E%D7%99%</SimpleData>
		<SimpleData name="Framework">בדיקת היתכנות</SimpleData>
		<SimpleData name="Engineer"></SimpleData>
		<SimpleData name="Director">חיים פלאי</SimpleData>
		<SimpleData name="Architect"></SimpleData>
		<SimpleData name="respons">אביעד</SimpleData>
		<SimpleData name="V39"></SimpleData>
	</SchemaData></ExtendedData>
      <MultiGeometry><LineString><coordinates>35.213549,31.750399,0 35.217236,31.749435,0</coordinates></LineString></MultiGeometry>
  </Placemark>
  <Placemark>
	<name></name>
	<description>תיאור: &lt;br&gt;PartName: יעקב בן דב&lt;br&gt;StreetName: יעקב בן דב&lt;br&gt;status_tex: בדיקת היתכנות&lt;br&gt;openyear_n: 0&lt;br&gt;BPHTtype: 0&lt;br&gt;usable: 0&lt;br&gt;infra: 0&lt;br&gt;roadtype: 0&lt;br&gt;BPHdir: 0.00000000000&lt;br&gt;BPHplace: 0&lt;br&gt;DIRtype: 0&lt;br&gt;DIRTraffic: 0&lt;br&gt;TOPOLOGY: 0&lt;br&gt;DIV_Veh: 0&lt;br&gt;DIV_Walk: 0&lt;br&gt;Signpost: 0&lt;br&gt;Parking: 0&lt;br&gt;LEVEL_: 0&lt;br&gt;PAINT: 0&lt;br&gt;TREES: 0&lt;br&gt;remarks: בכפוף לפינוי בינוי עתידי&lt;br&gt;globalID: 0&lt;br&gt;id: 0&lt;br&gt;GlobalID_2: {4d7d6f66-f257-41b1-9873-498ced67a7c0}&lt;br&gt;CreationDa: &lt;br&gt;Creator: &lt;br&gt;EditDate: &lt;br&gt;Editor: &lt;br&gt;Shape__Len: 103.09271904200&lt;br&gt;Link: &lt;br&gt;Framework: בדיקת היתכנות&lt;br&gt;Engineer: &lt;br&gt;Director: &lt;br&gt;Architect: &lt;br&gt;respons: </description>
	<Style><LineStyle><color>ff0000ff</color></LineStyle><PolyStyle><fill>0</fill></PolyStyle></Style>
	<ExtendedData><SchemaData schemaUrl="#bike_lanes_check">
		<SimpleData name="WKT">LINESTRING (35.214405 31.755164, 35.213336 31.755335)</SimpleData>
		<SimpleData name="PartName">יעקב בן דב</SimpleData>
		<SimpleData name="StreetName">יעקב בן דב</SimpleData>
		<SimpleData name="status_tex">בדיקת היתכנות</SimpleData>
		<SimpleData name="openyear_n">0</SimpleData>
		<SimpleData name="BPHTtype">0</SimpleData>
		<SimpleData name="usable">0</SimpleData>
		<SimpleData name="infra">0</SimpleData>
		<SimpleData name="roadtype">0</SimpleData>
		<SimpleData name="BPHdir">0</SimpleData>
		<SimpleData name="BPHplace">0</SimpleData>
		<SimpleData name="DIRtype">0</SimpleData>
		<SimpleData name="DIRTraffic">0</SimpleData>
		<SimpleData name="TOPOLOGY">0</SimpleData>
		<SimpleData name="DIV_Veh">0</SimpleData>
		<SimpleData name="DIV_Walk">0</SimpleData>
		<SimpleData name="Signpost">0</SimpleData>
		<SimpleData name="Parking">0</SimpleData>
		<SimpleData name="LEVEL_">0</SimpleData>
		<SimpleData name="PAINT">0</SimpleData>
		<SimpleData name="TREES">0</SimpleData>
		<SimpleData name="remarks">בכפוף לפינוי בינוי עתידי</SimpleData>
		<SimpleData name="globalID">0</SimpleData>
		<SimpleData name="id">0</SimpleData>
		<SimpleData name="GlobalID_2">{4d7d6f66-f257-41b1-9873-498ced67a7c0}</SimpleData>
		<SimpleData name="CreationDa"></SimpleData>
		<SimpleData name="Creator"></SimpleData>
		<SimpleData name="EditDate"></SimpleData>
		<SimpleData name="Editor"></SimpleData>
		<SimpleData name="Shape__Len">103.09271904200</SimpleData>
		<SimpleData name="Link"></SimpleData>
		<SimpleData name="Framework">בדיקת היתכנות</SimpleData>
		<SimpleData name="Engineer"></SimpleData>
		<SimpleData name="Director"></SimpleData>
		<SimpleData name="Architect"></SimpleData>
		<SimpleData name="respons"></SimpleData>
		<SimpleData name="V39"></SimpleData>
	</SchemaData></ExtendedData>
      <MultiGeometry><LineString><coordinates>35.214405,31.755164,0 35.213336,31.755335,0</coordinates></LineString></MultiGeometry>
  </Placemark>
  <Placemark>
	<name></name>
	<description>תיאור: &lt;br&gt;PartName: צרת&lt;br&gt;StreetName: צרת&lt;br&gt;status_tex: בדיקת היתכנות&lt;br&gt;openyear_n: 0&lt;br&gt;BPHTtype: 0&lt;br&gt;usable: 0&lt;br&gt;infra: 0&lt;br&gt;roadtype: 0&lt;br&gt;BPHdir: 0.00000000000&lt;br&gt;BPHplace: 0&lt;br&gt;DIRtype: 0&lt;br&gt;DIRTraffic: 0&lt;br&gt;TOPOLOGY: 0&lt;br&gt;DIV_Veh: 0&lt;br&gt;DIV_Walk: 0&lt;br&gt;Signpost: 0&lt;br&gt;Parking: 0&lt;br&gt;LEVEL_: 0&lt;br&gt;PAINT: 0&lt;br&gt;TREES: 0&lt;br&gt;remarks: חלק מבדיקה מרחבית תלפיות&lt;br&gt;globalID: 0&lt;br&gt;id: 0&lt;br&gt;GlobalID_2: {ce303ac3-9b6a-4fdd-a467-04f566e1a58b}&lt;br&gt;CreationDa: &lt;br&gt;Creator: &lt;br&gt;EditDate: &lt;br&gt;Editor: &lt;br&gt;Shape__Len: 118.53812681800&lt;br&gt;Link: https://jtmt.sharepoint.com/:p:/r/sites/ModelsDepartment/StrategicPlanningDepartment/DocLib1/%D7%A4%D7%A8%D7%95%D7%99%D7%99%D7%A7%D7%98%D7%99%D7%9D%20%D7%90%D7%95%D7%A4%D7%A0%D7%99%D7%99%D7%9D/%D7%AA%D7%9B%D7%A0%D7%99%D7%95%D7%AA%20%D7%9C%D7%9E%D7%99%D7%&lt;br&gt;Framework: בדיקת היתכנות&lt;br&gt;Engineer: &lt;br&gt;Director: חיים פלאי&lt;br&gt;Architect: &lt;br&gt;respons: אביעד</description>
	<Style><LineStyle><color>ff0000ff</color></LineStyle><PolyStyle><fill>0</fill></PolyStyle></Style>
	<ExtendedData><SchemaData schemaUrl="#bike_lanes_check">
		<SimpleData name="WKT">LINESTRING (35.213783 31.752084, 35.212552 31.752278)</SimpleData>
		<SimpleData name="PartName">צרת</SimpleData>
		<SimpleData name="StreetName">צרת</SimpleData>
		<SimpleData name="status_tex">בדיקת היתכנות</SimpleData>
		<SimpleData name="openyear_n">0</SimpleData>
		<SimpleData name="BPHTtype">0</SimpleData>
		<SimpleData name="usable">0</SimpleData>
		<SimpleData name="infra">0</SimpleData>
		<SimpleData name="roadtype">0</SimpleData>
		<SimpleData name="BPHdir">0</SimpleData>
		<SimpleData name="BPHplace">0</SimpleData>
		<SimpleData name="DIRtype">0</SimpleData>
		<SimpleData name="DIRTraffic">0</SimpleData>
		<SimpleData name="TOPOLOGY">0</SimpleData>
		<SimpleData name="DIV_Veh">0</SimpleData>
		<SimpleData name="DIV_Walk">0</SimpleData>
		<SimpleData name="Signpost">0</SimpleData>
		<SimpleData name="Parking">0</SimpleData>
		<SimpleData name="LEVEL_">0</SimpleData>
		<SimpleData name="PAINT">0</SimpleData>
		<SimpleData name="TREES">0</SimpleData>
		<SimpleData name="remarks">חלק מבדיקה מרחבית תלפיות</SimpleData>
		<SimpleData name="globalID">0</SimpleData>
		<SimpleData name="id">0</SimpleData>
		<SimpleData name="GlobalID_2">{ce303ac3-9b6a-4fdd-a467-04f566e1a58b}</SimpleData>
		<SimpleData name="CreationDa"></SimpleData>
		<SimpleData name="Creator"></SimpleData>
		<SimpleData name="EditDate"></SimpleData>
		<SimpleData name="Editor"></SimpleData>
		<SimpleData name="Shape__Len">118.53812681800</SimpleData>
		<SimpleData name="Link">https://jtmt.sharepoint.com/:p:/r/sites/ModelsDepartment/StrategicPlanningDepartment/DocLib1/%D7%A4%D7%A8%D7%95%D7%99%D7%99%D7%A7%D7%98%D7%99%D7%9D%20%D7%90%D7%95%D7%A4%D7%A0%D7%99%D7%99%D7%9D/%D7%AA%D7%9B%D7%A0%D7%99%D7%95%D7%AA%20%D7%9C%D7%9E%D7%99%D7%</SimpleData>
		<SimpleData name="Framework">בדיקת היתכנות</SimpleData>
		<SimpleData name="Engineer"></SimpleData>
		<SimpleData name="Director">חיים פלאי</SimpleData>
		<SimpleData name="Architect"></SimpleData>
		<SimpleData name="respons">אביעד</SimpleData>
		<SimpleData name="V39"></SimpleData>
	</SchemaData></ExtendedData>
      <MultiGeometry><LineString><coordinates>35.213783,31.752084,0 35.212552,31.752278,0</coordinates></LineString></MultiGeometry>
  </Placemark>
  <Placemark>
	<name></name>
	<description>תיאור: &lt;br&gt;PartName: צרת&lt;br&gt;StreetName: צרת&lt;br&gt;status_tex: בדיקת היתכנות&lt;br&gt;openyear_n: 0&lt;br&gt;BPHTtype: 0&lt;br&gt;usable: 0&lt;br&gt;infra: 0&lt;br&gt;roadtype: 0&lt;br&gt;BPHdir: 0.00000000000&lt;br&gt;BPHplace: 0&lt;br&gt;DIRtype: 0&lt;br&gt;DIRTraffic: 0&lt;br&gt;TOPOLOGY: 0&lt;br&gt;DIV_Veh: 0&lt;br&gt;DIV_Walk: 0&lt;br&gt;Signpost: 0&lt;br&gt;Parking: 0&lt;br&gt;LEVEL_: 0&lt;br&gt;PAINT: 0&lt;br&gt;TREES: 0&lt;br&gt;remarks: חלק מבדיקה מרחבית תלפיות&lt;br&gt;globalID: 0&lt;br&gt;id: 0&lt;br&gt;GlobalID_2: {793b18ac-3c2a-4e44-a36f-fe464e7d60ec}&lt;br&gt;CreationDa: &lt;br&gt;Creator: &lt;br&gt;EditDate: &lt;br&gt;Editor: &lt;br&gt;Shape__Len: 325.32656075500&lt;br&gt;Link: https://jtmt.sharepoint.com/:p:/r/sites/ModelsDepartment/StrategicPlanningDepartment/DocLib1/%D7%A4%D7%A8%D7%95%D7%99%D7%99%D7%A7%D7%98%D7%99%D7%9D%20%D7%90%D7%95%D7%A4%D7%A0%D7%99%D7%99%D7%9D/%D7%AA%D7%9B%D7%A0%D7%99%D7%95%D7%AA%20%D7%9C%D7%9E%D7%99%D7%&lt;br&gt;Framework: בדיקת היתכנות&lt;br&gt;Engineer: &lt;br&gt;Director: חיים פלאי&lt;br&gt;Architect: &lt;br&gt;respons: אביעד</description>
	<Style><LineStyle><color>ff0000ff</color></LineStyle><PolyStyle><fill>0</fill></PolyStyle></Style>
	<ExtendedData><SchemaData schemaUrl="#bike_lanes_check">
		<SimpleData name="WKT">LINESTRING (35.21254 31.752286, 35.210725 31.752708, 35.209283 31.753199)</SimpleData>
		<SimpleData name="PartName">צרת</SimpleData>
		<SimpleData name="StreetName">צרת</SimpleData>
		<SimpleData name="status_tex">בדיקת היתכנות</SimpleData>
		<SimpleData name="openyear_n">0</SimpleData>
		<SimpleData name="BPHTtype">0</SimpleData>
		<SimpleData name="usable">0</SimpleData>
		<SimpleData name="infra">0</SimpleData>
		<SimpleData name="roadtype">0</SimpleData>
		<SimpleData name="BPHdir">0</SimpleData>
		<SimpleData name="BPHplace">0</SimpleData>
		<SimpleData name="DIRtype">0</SimpleData>
		<SimpleData name="DIRTraffic">0</SimpleData>
		<SimpleData name="TOPOLOGY">0</SimpleData>
		<SimpleData name="DIV_Veh">0</SimpleData>
		<SimpleData name="DIV_Walk">0</SimpleData>
		<SimpleData name="Signpost">0</SimpleData>
		<SimpleData name="Parking">0</SimpleData>
		<SimpleData name="LEVEL_">0</SimpleData>
		<SimpleData name="PAINT">0</SimpleData>
		<SimpleData name="TREES">0</SimpleData>
		<SimpleData name="remarks">חלק מבדיקה מרחבית תלפיות</SimpleData>
		<SimpleData name="globalID">0</SimpleData>
		<SimpleData name="id">0</SimpleData>
		<SimpleData name="GlobalID_2">{793b18ac-3c2a-4e44-a36f-fe464e7d60ec}</SimpleData>
		<SimpleData name="CreationDa"></SimpleData>
		<SimpleData name="Creator"></SimpleData>
		<SimpleData name="EditDate"></SimpleData>
		<SimpleData name="Editor"></SimpleData>
		<SimpleData name="Shape__Len">325.32656075500</SimpleData>
		<SimpleData name="Link">https://jtmt.sharepoint.com/:p:/r/sites/ModelsDepartment/StrategicPlanningDepartment/DocLib1/%D7%A4%D7%A8%D7%95%D7%99%D7%99%D7%A7%D7%98%D7%99%D7%9D%20%D7%90%D7%95%D7%A4%D7%A0%D7%99%D7%99%D7%9D/%D7%AA%D7%9B%D7%A0%D7%99%D7%95%D7%AA%20%D7%9C%D7%9E%D7%99%D7%</SimpleData>
		<SimpleData name="Framework">בדיקת היתכנות</SimpleData>
		<SimpleData name="Engineer"></SimpleData>
		<SimpleData name="Director">חיים פלאי</SimpleData>
		<SimpleData name="Architect"></SimpleData>
		<SimpleData name="respons">אביעד</SimpleData>
		<SimpleData name="V39"></SimpleData>
	</SchemaData></ExtendedData>
      <MultiGeometry><LineString><coordinates>35.21254,31.752286,0 35.210725,31.752708,0 35.209283,31.753199,0</coordinates></LineString></MultiGeometry>
  </Placemark>
  <Placemark>
	<name></name>
	<description>תיאור: &lt;br&gt;PartName: גדליהו אלון&lt;br&gt;StreetName: גדליהו אלון&lt;br&gt;status_tex: בדיקת היתכנות&lt;br&gt;openyear_n: 0&lt;br&gt;BPHTtype: 0&lt;br&gt;usable: 0&lt;br&gt;infra: 0&lt;br&gt;roadtype: 0&lt;br&gt;BPHdir: 0.00000000000&lt;br&gt;BPHplace: 0&lt;br&gt;DIRtype: 0&lt;br&gt;DIRTraffic: 0&lt;br&gt;TOPOLOGY: 0&lt;br&gt;DIV_Veh: 0&lt;br&gt;DIV_Walk: 0&lt;br&gt;Signpost: 0&lt;br&gt;Parking: 0&lt;br&gt;LEVEL_: 0&lt;br&gt;PAINT: 0&lt;br&gt;TREES: 0&lt;br&gt;remarks: &lt;br&gt;globalID: 0&lt;br&gt;id: 0&lt;br&gt;GlobalID_2: {936789cb-7979-4f1d-a196-b48dfe724266}&lt;br&gt;CreationDa: &lt;br&gt;Creator: &lt;br&gt;EditDate: &lt;br&gt;Editor: &lt;br&gt;Shape__Len: 414.73417996600&lt;br&gt;Link: &lt;br&gt;Framework: &lt;br&gt;Engineer: &lt;br&gt;Director: &lt;br&gt;Architect: &lt;br&gt;respons: </description>
	<Style><LineStyle><color>ff0000ff</color></LineStyle><PolyStyle><fill>0</fill></PolyStyle></Style>
	<ExtendedData><SchemaData schemaUrl="#bike_lanes_check">
		<SimpleData name="WKT">LINESTRING (35.221147 31.767165, 35.22087 31.767063, 35.220526 31.767002, 35.219969 31.766976, 35.219408 31.766922, 35.218677 31.766893, 35.217818 31.766926, 35.217201 31.766966, 35.21681 31.766998)</SimpleData>
		<SimpleData name="PartName">גדליהו אלון</SimpleData>
		<SimpleData name="StreetName">גדליהו אלון</SimpleData>
		<SimpleData name="status_tex">בדיקת היתכנות</SimpleData>
		<SimpleData name="openyear_n">0</SimpleData>
		<SimpleData name="BPHTtype">0</SimpleData>
		<SimpleData name="usable">0</SimpleData>
		<SimpleData name="infra">0</SimpleData>
		<SimpleData name="roadtype">0</SimpleData>
		<SimpleData name="BPHdir">0</SimpleData>
		<SimpleData name="BPHplace">0</SimpleData>
		<SimpleData name="DIRtype">0</SimpleData>
		<SimpleData name="DIRTraffic">0</SimpleData>
		<SimpleData name="TOPOLOGY">0</SimpleData>
		<SimpleData name="DIV_Veh">0</SimpleData>
		<SimpleData name="DIV_Walk">0</SimpleData>
		<SimpleData name="Signpost">0</SimpleData>
		<SimpleData name="Parking">0</SimpleData>
		<SimpleData name="LEVEL_">0</SimpleData>
		<SimpleData name="PAINT">0</SimpleData>
		<SimpleData name="TREES">0</SimpleData>
		<SimpleData name="remarks"></SimpleData>
		<SimpleData name="globalID">0</SimpleData>
		<SimpleData name="id">0</SimpleData>
		<SimpleData name="GlobalID_2">{936789cb-7979-4f1d-a196-b48dfe724266}</SimpleData>
		<SimpleData name="CreationDa"></SimpleData>
		<SimpleData name="Creator"></SimpleData>
		<SimpleData name="EditDate"></SimpleData>
		<SimpleData name="Editor"></SimpleData>
		<SimpleData name="Shape__Len">414.73417996600</SimpleData>
		<SimpleData name="Link"></SimpleData>
		<SimpleData name="Framework"></SimpleData>
		<SimpleData name="Engineer"></SimpleData>
		<SimpleData name="Director"></SimpleData>
		<SimpleData name="Architect"></SimpleData>
		<SimpleData name="respons"></SimpleData>
		<SimpleData name="V39"></SimpleData>
	</SchemaData></ExtendedData>
      <MultiGeometry><LineString><coordinates>35.221147,31.767165,0 35.22087,31.767063,0 35.220526,31.767002,0 35.219969,31.766976,0 35.219408,31.766922,0 35.218677,31.766893,0 35.217818,31.766926,0 35.217201,31.766966,0 35.21681,31.766998,0</coordinates></LineString></MultiGeometry>
  </Placemark>
  <Placemark>
	<name></name>
	<description>תיאור: &lt;br&gt;PartName: הגדוד העברי&lt;br&gt;StreetName: הגדוד העברי&lt;br&gt;status_tex: בדיקת היתכנות&lt;br&gt;openyear_n: 0&lt;br&gt;BPHTtype: 0&lt;br&gt;usable: 0&lt;br&gt;infra: 0&lt;br&gt;roadtype: 0&lt;br&gt;BPHdir: 0.00000000000&lt;br&gt;BPHplace: 0&lt;br&gt;DIRtype: 0&lt;br&gt;DIRTraffic: 0&lt;br&gt;TOPOLOGY: 0&lt;br&gt;DIV_Veh: 0&lt;br&gt;DIV_Walk: 0&lt;br&gt;Signpost: 0&lt;br&gt;Parking: 0&lt;br&gt;LEVEL_: 0&lt;br&gt;PAINT: 0&lt;br&gt;TREES: 0&lt;br&gt;remarks: &lt;br&gt;globalID: 0&lt;br&gt;id: 0&lt;br&gt;GlobalID_2: {8547dbad-416a-46d9-828d-8f9ae69691ca}&lt;br&gt;CreationDa: &lt;br&gt;Creator: &lt;br&gt;EditDate: &lt;br&gt;Editor: &lt;br&gt;Shape__Len: 219.20819598800&lt;br&gt;Link: &lt;br&gt;Framework: &lt;br&gt;Engineer: &lt;br&gt;Director: &lt;br&gt;Architect: &lt;br&gt;respons: </description>
	<Style><LineStyle><color>ff0000ff</color></LineStyle><PolyStyle><fill>0</fill></PolyStyle></Style>
	<ExtendedData><SchemaData schemaUrl="#bike_lanes_check">
		<SimpleData name="WKT">LINESTRING (35.216279 31.7671, 35.215986 31.7671, 35.215382 31.767078, 35.214298 31.767046, 35.213966 31.767039)</SimpleData>
		<SimpleData name="PartName">הגדוד העברי</SimpleData>
		<SimpleData name="StreetName">הגדוד העברי</SimpleData>
		<SimpleData name="status_tex">בדיקת היתכנות</SimpleData>
		<SimpleData name="openyear_n">0</SimpleData>
		<SimpleData name="BPHTtype">0</SimpleData>
		<SimpleData name="usable">0</SimpleData>
		<SimpleData name="infra">0</SimpleData>
		<SimpleData name="roadtype">0</SimpleData>
		<SimpleData name="BPHdir">0</SimpleData>
		<SimpleData name="BPHplace">0</SimpleData>
		<SimpleData name="DIRtype">0</SimpleData>
		<SimpleData name="DIRTraffic">0</SimpleData>
		<SimpleData name="TOPOLOGY">0</SimpleData>
		<SimpleData name="DIV_Veh">0</SimpleData>
		<SimpleData name="DIV_Walk">0</SimpleData>
		<SimpleData name="Signpost">0</SimpleData>
		<SimpleData name="Parking">0</SimpleData>
		<SimpleData name="LEVEL_">0</SimpleData>
		<SimpleData name="PAINT">0</SimpleData>
		<SimpleData name="TREES">0</SimpleData>
		<SimpleData name="remarks"></SimpleData>
		<SimpleData name="globalID">0</SimpleData>
		<SimpleData name="id">0</SimpleData>
		<SimpleData name="GlobalID_2">{8547dbad-416a-46d9-828d-8f9ae69691ca}</SimpleData>
		<SimpleData name="CreationDa"></SimpleData>
		<SimpleData name="Creator"></SimpleData>
		<SimpleData name="EditDate"></SimpleData>
		<SimpleData name="Editor"></SimpleData>
		<SimpleData name="Shape__Len">219.20819598800</SimpleData>
		<SimpleData name="Link"></SimpleData>
		<SimpleData name="Framework"></SimpleData>
		<SimpleData name="Engineer"></SimpleData>
		<SimpleData name="Director"></SimpleData>
		<SimpleData name="Architect"></SimpleData>
		<SimpleData name="respons"></SimpleData>
		<SimpleData name="V39"></SimpleData>
	</SchemaData></ExtendedData>
      <MultiGeometry><LineString><coordinates>35.216279,31.7671,0 35.215986,31.7671,0 35.215382,31.767078,0 35.214298,31.767046,0 35.213966,31.767039,0</coordinates></LineString></MultiGeometry>
  </Placemark>
  <Placemark>
	<name></name>
	<description>תיאור: &lt;br&gt;PartName: אלי כהן&lt;br&gt;StreetName: אלי כהן&lt;br&gt;status_tex: בדיקת היתכנות&lt;br&gt;openyear_n: 0&lt;br&gt;BPHTtype: 0&lt;br&gt;usable: 0&lt;br&gt;infra: 0&lt;br&gt;roadtype: 0&lt;br&gt;BPHdir: 0.00000000000&lt;br&gt;BPHplace: 0&lt;br&gt;DIRtype: 0&lt;br&gt;DIRTraffic: 0&lt;br&gt;TOPOLOGY: 0&lt;br&gt;DIV_Veh: 0&lt;br&gt;DIV_Walk: 0&lt;br&gt;Signpost: 0&lt;br&gt;Parking: 0&lt;br&gt;LEVEL_: 0&lt;br&gt;PAINT: 0&lt;br&gt;TREES: 0&lt;br&gt;remarks: &lt;br&gt;globalID: 0&lt;br&gt;id: 0&lt;br&gt;GlobalID_2: {ba42d404-32d0-4a0a-8314-3d45f978d29b}&lt;br&gt;CreationDa: &lt;br&gt;Creator: &lt;br&gt;EditDate: &lt;br&gt;Editor: &lt;br&gt;Shape__Len: 134.47436793000&lt;br&gt;Link: &lt;br&gt;Framework: &lt;br&gt;Engineer: &lt;br&gt;Director: &lt;br&gt;Architect: &lt;br&gt;respons: </description>
	<Style><LineStyle><color>ff0000ff</color></LineStyle><PolyStyle><fill>0</fill></PolyStyle></Style>
	<ExtendedData><SchemaData schemaUrl="#bike_lanes_check">
		<SimpleData name="WKT">LINESTRING (35.213443 31.767002, 35.213437 31.766928, 35.213399 31.766883, 35.213035 31.766794, 35.212172 31.76661)</SimpleData>
		<SimpleData name="PartName">אלי כהן</SimpleData>
		<SimpleData name="StreetName">אלי כהן</SimpleData>
		<SimpleData name="status_tex">בדיקת היתכנות</SimpleData>
		<SimpleData name="openyear_n">0</SimpleData>
		<SimpleData name="BPHTtype">0</SimpleData>
		<SimpleData name="usable">0</SimpleData>
		<SimpleData name="infra">0</SimpleData>
		<SimpleData name="roadtype">0</SimpleData>
		<SimpleData name="BPHdir">0</SimpleData>
		<SimpleData name="BPHplace">0</SimpleData>
		<SimpleData name="DIRtype">0</SimpleData>
		<SimpleData name="DIRTraffic">0</SimpleData>
		<SimpleData name="TOPOLOGY">0</SimpleData>
		<SimpleData name="DIV_Veh">0</SimpleData>
		<SimpleData name="DIV_Walk">0</SimpleData>
		<SimpleData name="Signpost">0</SimpleData>
		<SimpleData name="Parking">0</SimpleData>
		<SimpleData name="LEVEL_">0</SimpleData>
		<SimpleData name="PAINT">0</SimpleData>
		<SimpleData name="TREES">0</SimpleData>
		<SimpleData name="remarks"></SimpleData>
		<SimpleData name="globalID">0</SimpleData>
		<SimpleData name="id">0</SimpleData>
		<SimpleData name="GlobalID_2">{ba42d404-32d0-4a0a-8314-3d45f978d29b}</SimpleData>
		<SimpleData name="CreationDa"></SimpleData>
		<SimpleData name="Creator"></SimpleData>
		<SimpleData name="EditDate"></SimpleData>
		<SimpleData name="Editor"></SimpleData>
		<SimpleData name="Shape__Len">134.47436793000</SimpleData>
		<SimpleData name="Link"></SimpleData>
		<SimpleData name="Framework"></SimpleData>
		<SimpleData name="Engineer"></SimpleData>
		<SimpleData name="Director"></SimpleData>
		<SimpleData name="Architect"></SimpleData>
		<SimpleData name="respons"></SimpleData>
		<SimpleData name="V39"></SimpleData>
	</SchemaData></ExtendedData>
      <MultiGeometry><LineString><coordinates>35.213443,31.767002,0 35.213437,31.766928,0 35.213399,31.766883,0 35.213035,31.766794,0 35.212172,31.76661,0</coordinates></LineString></MultiGeometry>
  </Placemark>
  <Placemark>
	<name></name>
	<description>תיאור: &lt;br&gt;PartName: אלי כהן&lt;br&gt;StreetName: אלי כהן&lt;br&gt;status_tex: בדיקת היתכנות&lt;br&gt;openyear_n: 0&lt;br&gt;BPHTtype: 0&lt;br&gt;usable: 0&lt;br&gt;infra: 0&lt;br&gt;roadtype: 0&lt;br&gt;BPHdir: 0.00000000000&lt;br&gt;BPHplace: 0&lt;br&gt;DIRtype: 0&lt;br&gt;DIRTraffic: 0&lt;br&gt;TOPOLOGY: 0&lt;br&gt;DIV_Veh: 0&lt;br&gt;DIV_Walk: 0&lt;br&gt;Signpost: 0&lt;br&gt;Parking: 0&lt;br&gt;LEVEL_: 0&lt;br&gt;PAINT: 0&lt;br&gt;TREES: 0&lt;br&gt;remarks: &lt;br&gt;globalID: 0&lt;br&gt;id: 0&lt;br&gt;GlobalID_2: {bcffa600-2f09-4fe5-9e5e-a3fe417244c2}&lt;br&gt;CreationDa: &lt;br&gt;Creator: &lt;br&gt;EditDate: &lt;br&gt;Editor: &lt;br&gt;Shape__Len: 14.55394453120&lt;br&gt;Link: &lt;br&gt;Framework: &lt;br&gt;Engineer: &lt;br&gt;Director: &lt;br&gt;Architect: &lt;br&gt;respons: </description>
	<Style><LineStyle><color>ff0000ff</color></LineStyle><PolyStyle><fill>0</fill></PolyStyle></Style>
	<ExtendedData><SchemaData schemaUrl="#bike_lanes_check">
		<SimpleData name="WKT">LINESTRING (35.212155 31.766607, 35.212006 31.766574)</SimpleData>
		<SimpleData name="PartName">אלי כהן</SimpleData>
		<SimpleData name="StreetName">אלי כהן</SimpleData>
		<SimpleData name="status_tex">בדיקת היתכנות</SimpleData>
		<SimpleData name="openyear_n">0</SimpleData>
		<SimpleData name="BPHTtype">0</SimpleData>
		<SimpleData name="usable">0</SimpleData>
		<SimpleData name="infra">0</SimpleData>
		<SimpleData name="roadtype">0</SimpleData>
		<SimpleData name="BPHdir">0</SimpleData>
		<SimpleData name="BPHplace">0</SimpleData>
		<SimpleData name="DIRtype">0</SimpleData>
		<SimpleData name="DIRTraffic">0</SimpleData>
		<SimpleData name="TOPOLOGY">0</SimpleData>
		<SimpleData name="DIV_Veh">0</SimpleData>
		<SimpleData name="DIV_Walk">0</SimpleData>
		<SimpleData name="Signpost">0</SimpleData>
		<SimpleData name="Parking">0</SimpleData>
		<SimpleData name="LEVEL_">0</SimpleData>
		<SimpleData name="PAINT">0</SimpleData>
		<SimpleData name="TREES">0</SimpleData>
		<SimpleData name="remarks"></SimpleData>
		<SimpleData name="globalID">0</SimpleData>
		<SimpleData name="id">0</SimpleData>
		<SimpleData name="GlobalID_2">{bcffa600-2f09-4fe5-9e5e-a3fe417244c2}</SimpleData>
		<SimpleData name="CreationDa"></SimpleData>
		<SimpleData name="Creator"></SimpleData>
		<SimpleData name="EditDate"></SimpleData>
		<SimpleData name="Editor"></SimpleData>
		<SimpleData name="Shape__Len">14.55394453120</SimpleData>
		<SimpleData name="Link"></SimpleData>
		<SimpleData name="Framework"></SimpleData>
		<SimpleData name="Engineer"></SimpleData>
		<SimpleData name="Director"></SimpleData>
		<SimpleData name="Architect"></SimpleData>
		<SimpleData name="respons"></SimpleData>
		<SimpleData name="V39"></SimpleData>
	</SchemaData></ExtendedData>
      <MultiGeometry><LineString><coordinates>35.212155,31.766607,0 35.212006,31.766574,0</coordinates></LineString></MultiGeometry>
  </Placemark>
  <Placemark>
	<name></name>
	<description>תיאור: &lt;br&gt;PartName: הל&quot;ה - כובשי קטמון&lt;br&gt;StreetName: הל&quot;ה&lt;br&gt;status_tex: בדיקת היתכנות&lt;br&gt;openyear_n: 0&lt;br&gt;BPHTtype: 0&lt;br&gt;usable: 0&lt;br&gt;infra: 0&lt;br&gt;roadtype: 0&lt;br&gt;BPHdir: 0.00000000000&lt;br&gt;BPHplace: 0&lt;br&gt;DIRtype: 0&lt;br&gt;DIRTraffic: 0&lt;br&gt;TOPOLOGY: 0&lt;br&gt;DIV_Veh: 0&lt;br&gt;DIV_Walk: 0&lt;br&gt;Signpost: 0&lt;br&gt;Parking: 0&lt;br&gt;LEVEL_: 0&lt;br&gt;PAINT: 0&lt;br&gt;TREES: 0&lt;br&gt;remarks: &lt;br&gt;globalID: 0&lt;br&gt;id: 0&lt;br&gt;GlobalID_2: {7086d621-c23e-44ac-9c74-22e6a48f6832}&lt;br&gt;CreationDa: &lt;br&gt;Creator: &lt;br&gt;EditDate: &lt;br&gt;Editor: &lt;br&gt;Shape__Len: 132.77873439400&lt;br&gt;Link: &lt;br&gt;Framework: &lt;br&gt;Engineer: &lt;br&gt;Director: &lt;br&gt;Architect: &lt;br&gt;respons: </description>
	<Style><LineStyle><color>ff0000ff</color></LineStyle><PolyStyle><fill>0</fill></PolyStyle></Style>
	<ExtendedData><SchemaData schemaUrl="#bike_lanes_check">
		<SimpleData name="WKT">LINESTRING (35.212006 31.766574, 35.211421 31.76639, 35.211228 31.76637, 35.211006 31.766299, 35.21078 31.766224, 35.210714 31.766155)</SimpleData>
		<SimpleData name="PartName">הל&quot;ה - כובשי קטמון</SimpleData>
		<SimpleData name="StreetName">הל&quot;ה</SimpleData>
		<SimpleData name="status_tex">בדיקת היתכנות</SimpleData>
		<SimpleData name="openyear_n">0</SimpleData>
		<SimpleData name="BPHTtype">0</SimpleData>
		<SimpleData name="usable">0</SimpleData>
		<SimpleData name="infra">0</SimpleData>
		<SimpleData name="roadtype">0</SimpleData>
		<SimpleData name="BPHdir">0</SimpleData>
		<SimpleData name="BPHplace">0</SimpleData>
		<SimpleData name="DIRtype">0</SimpleData>
		<SimpleData name="DIRTraffic">0</SimpleData>
		<SimpleData name="TOPOLOGY">0</SimpleData>
		<SimpleData name="DIV_Veh">0</SimpleData>
		<SimpleData name="DIV_Walk">0</SimpleData>
		<SimpleData name="Signpost">0</SimpleData>
		<SimpleData name="Parking">0</SimpleData>
		<SimpleData name="LEVEL_">0</SimpleData>
		<SimpleData name="PAINT">0</SimpleData>
		<SimpleData name="TREES">0</SimpleData>
		<SimpleData name="remarks"></SimpleData>
		<SimpleData name="globalID">0</SimpleData>
		<SimpleData name="id">0</SimpleData>
		<SimpleData name="GlobalID_2">{7086d621-c23e-44ac-9c74-22e6a48f6832}</SimpleData>
		<SimpleData name="CreationDa"></SimpleData>
		<SimpleData name="Creator"></SimpleData>
		<SimpleData name="EditDate"></SimpleData>
		<SimpleData name="Editor"></SimpleData>
		<SimpleData name="Shape__Len">132.77873439400</SimpleData>
		<SimpleData name="Link"></SimpleData>
		<SimpleData name="Framework"></SimpleData>
		<SimpleData name="Engineer"></SimpleData>
		<SimpleData name="Director"></SimpleData>
		<SimpleData name="Architect"></SimpleData>
		<SimpleData name="respons"></SimpleData>
		<SimpleData name="V39"></SimpleData>
	</SchemaData></ExtendedData>
      <MultiGeometry><LineString><coordinates>35.212006,31.766574,0 35.211421,31.76639,0 35.211228,31.76637,0 35.211006,31.766299,0 35.21078,31.766224,0 35.210714,31.766155,0</coordinates></LineString></MultiGeometry>
  </Placemark>
  <Placemark>
	<name></name>
	<description>תיאור: &lt;br&gt;PartName: הל&quot;ה&lt;br&gt;StreetName: הל&quot;ה&lt;br&gt;status_tex: בדיקת היתכנות&lt;br&gt;openyear_n: 0&lt;br&gt;BPHTtype: 0&lt;br&gt;usable: 0&lt;br&gt;infra: 0&lt;br&gt;roadtype: 0&lt;br&gt;BPHdir: 0.00000000000&lt;br&gt;BPHplace: 0&lt;br&gt;DIRtype: 0&lt;br&gt;DIRTraffic: 0&lt;br&gt;TOPOLOGY: 0&lt;br&gt;DIV_Veh: 0&lt;br&gt;DIV_Walk: 0&lt;br&gt;Signpost: 0&lt;br&gt;Parking: 0&lt;br&gt;LEVEL_: 0&lt;br&gt;PAINT: 0&lt;br&gt;TREES: 0&lt;br&gt;remarks: &lt;br&gt;globalID: 0&lt;br&gt;id: 0&lt;br&gt;GlobalID_2: {913bf5d1-3326-444d-8ac2-3c07573ab0ef}&lt;br&gt;CreationDa: &lt;br&gt;Creator: &lt;br&gt;EditDate: &lt;br&gt;Editor: &lt;br&gt;Shape__Len: 6.73767782469&lt;br&gt;Link: &lt;br&gt;Framework: &lt;br&gt;Engineer: &lt;br&gt;Director: &lt;br&gt;Architect: &lt;br&gt;respons: </description>
	<Style><LineStyle><color>ff0000ff</color></LineStyle><PolyStyle><fill>0</fill></PolyStyle></Style>
	<ExtendedData><SchemaData schemaUrl="#bike_lanes_check">
		<SimpleData name="WKT">LINESTRING (35.210669 31.76611, 35.210612 31.766075)</SimpleData>
		<SimpleData name="PartName">הל&quot;ה</SimpleData>
		<SimpleData name="StreetName">הל&quot;ה</SimpleData>
		<SimpleData name="status_tex">בדיקת היתכנות</SimpleData>
		<SimpleData name="openyear_n">0</SimpleData>
		<SimpleData name="BPHTtype">0</SimpleData>
		<SimpleData name="usable">0</SimpleData>
		<SimpleData name="infra">0</SimpleData>
		<SimpleData name="roadtype">0</SimpleData>
		<SimpleData name="BPHdir">0</SimpleData>
		<SimpleData name="BPHplace">0</SimpleData>
		<SimpleData name="DIRtype">0</SimpleData>
		<SimpleData name="DIRTraffic">0</SimpleData>
		<SimpleData name="TOPOLOGY">0</SimpleData>
		<SimpleData name="DIV_Veh">0</SimpleData>
		<SimpleData name="DIV_Walk">0</SimpleData>
		<SimpleData name="Signpost">0</SimpleData>
		<SimpleData name="Parking">0</SimpleData>
		<SimpleData name="LEVEL_">0</SimpleData>
		<SimpleData name="PAINT">0</SimpleData>
		<SimpleData name="TREES">0</SimpleData>
		<SimpleData name="remarks"></SimpleData>
		<SimpleData name="globalID">0</SimpleData>
		<SimpleData name="id">0</SimpleData>
		<SimpleData name="GlobalID_2">{913bf5d1-3326-444d-8ac2-3c07573ab0ef}</SimpleData>
		<SimpleData name="CreationDa"></SimpleData>
		<SimpleData name="Creator"></SimpleData>
		<SimpleData name="EditDate"></SimpleData>
		<SimpleData name="Editor"></SimpleData>
		<SimpleData name="Shape__Len">6.73767782469</SimpleData>
		<SimpleData name="Link"></SimpleData>
		<SimpleData name="Framework"></SimpleData>
		<SimpleData name="Engineer"></SimpleData>
		<SimpleData name="Director"></SimpleData>
		<SimpleData name="Architect"></SimpleData>
		<SimpleData name="respons"></SimpleData>
		<SimpleData name="V39"></SimpleData>
	</SchemaData></ExtendedData>
      <MultiGeometry><LineString><coordinates>35.210669,31.76611,0 35.210612,31.766075,0</coordinates></LineString></MultiGeometry>
  </Placemark>
  <Placemark>
	<name></name>
	<description>תיאור: &lt;br&gt;PartName: הל&quot;ה&lt;br&gt;StreetName: הל&quot;ה&lt;br&gt;status_tex: בדיקת היתכנות&lt;br&gt;openyear_n: 0&lt;br&gt;BPHTtype: 0&lt;br&gt;usable: 0&lt;br&gt;infra: 0&lt;br&gt;roadtype: 0&lt;br&gt;BPHdir: 0.00000000000&lt;br&gt;BPHplace: 0&lt;br&gt;DIRtype: 0&lt;br&gt;DIRTraffic: 0&lt;br&gt;TOPOLOGY: 0&lt;br&gt;DIV_Veh: 0&lt;br&gt;DIV_Walk: 0&lt;br&gt;Signpost: 0&lt;br&gt;Parking: 0&lt;br&gt;LEVEL_: 0&lt;br&gt;PAINT: 0&lt;br&gt;TREES: 0&lt;br&gt;remarks: &lt;br&gt;globalID: 0&lt;br&gt;id: 0&lt;br&gt;GlobalID_2: {758d08dc-7763-4199-ab6f-79a8cb7bda49}&lt;br&gt;CreationDa: &lt;br&gt;Creator: &lt;br&gt;EditDate: &lt;br&gt;Editor: &lt;br&gt;Shape__Len: 9.22349072493&lt;br&gt;Link: &lt;br&gt;Framework: &lt;br&gt;Engineer: &lt;br&gt;Director: &lt;br&gt;Architect: &lt;br&gt;respons: </description>
	<Style><LineStyle><color>ff0000ff</color></LineStyle><PolyStyle><fill>0</fill></PolyStyle></Style>
	<ExtendedData><SchemaData schemaUrl="#bike_lanes_check">
		<SimpleData name="WKT">LINESTRING (35.2106 31.766032, 35.210654 31.765962)</SimpleData>
		<SimpleData name="PartName">הל&quot;ה</SimpleData>
		<SimpleData name="StreetName">הל&quot;ה</SimpleData>
		<SimpleData name="status_tex">בדיקת היתכנות</SimpleData>
		<SimpleData name="openyear_n">0</SimpleData>
		<SimpleData name="BPHTtype">0</SimpleData>
		<SimpleData name="usable">0</SimpleData>
		<SimpleData name="infra">0</SimpleData>
		<SimpleData name="roadtype">0</SimpleData>
		<SimpleData name="BPHdir">0</SimpleData>
		<SimpleData name="BPHplace">0</SimpleData>
		<SimpleData name="DIRtype">0</SimpleData>
		<SimpleData name="DIRTraffic">0</SimpleData>
		<SimpleData name="TOPOLOGY">0</SimpleData>
		<SimpleData name="DIV_Veh">0</SimpleData>
		<SimpleData name="DIV_Walk">0</SimpleData>
		<SimpleData name="Signpost">0</SimpleData>
		<SimpleData name="Parking">0</SimpleData>
		<SimpleData name="LEVEL_">0</SimpleData>
		<SimpleData name="PAINT">0</SimpleData>
		<SimpleData name="TREES">0</SimpleData>
		<SimpleData name="remarks"></SimpleData>
		<SimpleData name="globalID">0</SimpleData>
		<SimpleData name="id">0</SimpleData>
		<SimpleData name="GlobalID_2">{758d08dc-7763-4199-ab6f-79a8cb7bda49}</SimpleData>
		<SimpleData name="CreationDa"></SimpleData>
		<SimpleData name="Creator"></SimpleData>
		<SimpleData name="EditDate"></SimpleData>
		<SimpleData name="Editor"></SimpleData>
		<SimpleData name="Shape__Len">9.22349072493</SimpleData>
		<SimpleData name="Link"></SimpleData>
		<SimpleData name="Framework"></SimpleData>
		<SimpleData name="Engineer"></SimpleData>
		<SimpleData name="Director"></SimpleData>
		<SimpleData name="Architect"></SimpleData>
		<SimpleData name="respons"></SimpleData>
		<SimpleData name="V39"></SimpleData>
	</SchemaData></ExtendedData>
      <MultiGeometry><LineString><coordinates>35.2106,31.766032,0 35.210654,31.765962,0</coordinates></LineString></MultiGeometry>
  </Placemark>
  <Placemark>
	<name></name>
	<description>תיאור: &lt;br&gt;PartName: כובשי קטמון&lt;br&gt;StreetName: כובשי קטמון&lt;br&gt;status_tex: בדיקת היתכנות&lt;br&gt;openyear_n: 0&lt;br&gt;BPHTtype: 0&lt;br&gt;usable: 0&lt;br&gt;infra: 0&lt;br&gt;roadtype: 0&lt;br&gt;BPHdir: 0.00000000000&lt;br&gt;BPHplace: 0&lt;br&gt;DIRtype: 0&lt;br&gt;DIRTraffic: 0&lt;br&gt;TOPOLOGY: 0&lt;br&gt;DIV_Veh: 0&lt;br&gt;DIV_Walk: 0&lt;br&gt;Signpost: 0&lt;br&gt;Parking: 0&lt;br&gt;LEVEL_: 0&lt;br&gt;PAINT: 0&lt;br&gt;TREES: 0&lt;br&gt;remarks: &lt;br&gt;globalID: 0&lt;br&gt;id: 0&lt;br&gt;GlobalID_2: {13a8ab71-4f57-45ce-b487-67ca5126bebb}&lt;br&gt;CreationDa: &lt;br&gt;Creator: &lt;br&gt;EditDate: &lt;br&gt;Editor: &lt;br&gt;Shape__Len: 244.93322691500&lt;br&gt;Link: &lt;br&gt;Framework: בדיקת היתכנות&lt;br&gt;Engineer: &lt;br&gt;Director: &lt;br&gt;Architect: &lt;br&gt;respons: </description>
	<Style><LineStyle><color>ff0000ff</color></LineStyle><PolyStyle><fill>0</fill></PolyStyle></Style>
	<ExtendedData><SchemaData schemaUrl="#bike_lanes_check">
		<SimpleData name="WKT">LINESTRING (35.210669 31.765957, 35.21079 31.765854, 35.210907 31.765743, 35.211157 31.765524, 35.211305 31.765363, 35.21154 31.765106, 35.211773 31.764817, 35.211975 31.764514, 35.212144 31.764197, 35.212137 31.764169)</SimpleData>
		<SimpleData name="PartName">כובשי קטמון</SimpleData>
		<SimpleData name="StreetName">כובשי קטמון</SimpleData>
		<SimpleData name="status_tex">בדיקת היתכנות</SimpleData>
		<SimpleData name="openyear_n">0</SimpleData>
		<SimpleData name="BPHTtype">0</SimpleData>
		<SimpleData name="usable">0</SimpleData>
		<SimpleData name="infra">0</SimpleData>
		<SimpleData name="roadtype">0</SimpleData>
		<SimpleData name="BPHdir">0</SimpleData>
		<SimpleData name="BPHplace">0</SimpleData>
		<SimpleData name="DIRtype">0</SimpleData>
		<SimpleData name="DIRTraffic">0</SimpleData>
		<SimpleData name="TOPOLOGY">0</SimpleData>
		<SimpleData name="DIV_Veh">0</SimpleData>
		<SimpleData name="DIV_Walk">0</SimpleData>
		<SimpleData name="Signpost">0</SimpleData>
		<SimpleData name="Parking">0</SimpleData>
		<SimpleData name="LEVEL_">0</SimpleData>
		<SimpleData name="PAINT">0</SimpleData>
		<SimpleData name="TREES">0</SimpleData>
		<SimpleData name="remarks"></SimpleData>
		<SimpleData name="globalID">0</SimpleData>
		<SimpleData name="id">0</SimpleData>
		<SimpleData name="GlobalID_2">{13a8ab71-4f57-45ce-b487-67ca5126bebb}</SimpleData>
		<SimpleData name="CreationDa"></SimpleData>
		<SimpleData name="Creator"></SimpleData>
		<SimpleData name="EditDate"></SimpleData>
		<SimpleData name="Editor"></SimpleData>
		<SimpleData name="Shape__Len">244.93322691500</SimpleData>
		<SimpleData name="Link"></SimpleData>
		<SimpleData name="Framework">בדיקת היתכנות</SimpleData>
		<SimpleData name="Engineer"></SimpleData>
		<SimpleData name="Director"></SimpleData>
		<SimpleData name="Architect"></SimpleData>
		<SimpleData name="respons"></SimpleData>
		<SimpleData name="V39"></SimpleData>
	</SchemaData></ExtendedData>
      <MultiGeometry><LineString><coordinates>35.210669,31.765957,0 35.21079,31.765854,0 35.210907,31.765743,0 35.211157,31.765524,0 35.211305,31.765363,0 35.21154,31.765106,0 35.211773,31.764817,0 35.211975,31.764514,0 35.212144,31.764197,0 35.212137,31.764169,0</coordinates></LineString></MultiGeometry>
  </Placemark>
  <Placemark>
	<name></name>
	<description>תיאור: &lt;br&gt;PartName: שלמה נכון&lt;br&gt;StreetName: שלמה נכון&lt;br&gt;status_tex: בדיקת היתכנות&lt;br&gt;openyear_n: 0&lt;br&gt;BPHTtype: 0&lt;br&gt;usable: 0&lt;br&gt;infra: 0&lt;br&gt;roadtype: 0&lt;br&gt;BPHdir: 0.00000000000&lt;br&gt;BPHplace: 0&lt;br&gt;DIRtype: 0&lt;br&gt;DIRTraffic: 0&lt;br&gt;TOPOLOGY: 0&lt;br&gt;DIV_Veh: 0&lt;br&gt;DIV_Walk: 0&lt;br&gt;Signpost: 0&lt;br&gt;Parking: 0&lt;br&gt;LEVEL_: 0&lt;br&gt;PAINT: 0&lt;br&gt;TREES: 0&lt;br&gt;remarks: &lt;br&gt;globalID: 0&lt;br&gt;id: 0&lt;br&gt;GlobalID_2: {6b889a98-0634-41c0-b73e-d8bc46cde9ca}&lt;br&gt;CreationDa: &lt;br&gt;Creator: &lt;br&gt;EditDate: &lt;br&gt;Editor: &lt;br&gt;Shape__Len: 103.98530887400&lt;br&gt;Link: &lt;br&gt;Framework: מאיץ ד&lt;br&gt;Engineer: &lt;br&gt;Director: &lt;br&gt;Architect: &lt;br&gt;respons: </description>
	<Style><LineStyle><color>ff0000ff</color></LineStyle><PolyStyle><fill>0</fill></PolyStyle></Style>
	<ExtendedData><SchemaData schemaUrl="#bike_lanes_check">
		<SimpleData name="WKT">LINESTRING (35.224393 31.769442, 35.225395 31.769825)</SimpleData>
		<SimpleData name="PartName">שלמה נכון</SimpleData>
		<SimpleData name="StreetName">שלמה נכון</SimpleData>
		<SimpleData name="status_tex">בדיקת היתכנות</SimpleData>
		<SimpleData name="openyear_n">0</SimpleData>
		<SimpleData name="BPHTtype">0</SimpleData>
		<SimpleData name="usable">0</SimpleData>
		<SimpleData name="infra">0</SimpleData>
		<SimpleData name="roadtype">0</SimpleData>
		<SimpleData name="BPHdir">0</SimpleData>
		<SimpleData name="BPHplace">0</SimpleData>
		<SimpleData name="DIRtype">0</SimpleData>
		<SimpleData name="DIRTraffic">0</SimpleData>
		<SimpleData name="TOPOLOGY">0</SimpleData>
		<SimpleData name="DIV_Veh">0</SimpleData>
		<SimpleData name="DIV_Walk">0</SimpleData>
		<SimpleData name="Signpost">0</SimpleData>
		<SimpleData name="Parking">0</SimpleData>
		<SimpleData name="LEVEL_">0</SimpleData>
		<SimpleData name="PAINT">0</SimpleData>
		<SimpleData name="TREES">0</SimpleData>
		<SimpleData name="remarks"></SimpleData>
		<SimpleData name="globalID">0</SimpleData>
		<SimpleData name="id">0</SimpleData>
		<SimpleData name="GlobalID_2">{6b889a98-0634-41c0-b73e-d8bc46cde9ca}</SimpleData>
		<SimpleData name="CreationDa"></SimpleData>
		<SimpleData name="Creator"></SimpleData>
		<SimpleData name="EditDate"></SimpleData>
		<SimpleData name="Editor"></SimpleData>
		<SimpleData name="Shape__Len">103.98530887400</SimpleData>
		<SimpleData name="Link"></SimpleData>
		<SimpleData name="Framework">מאיץ ד</SimpleData>
		<SimpleData name="Engineer"></SimpleData>
		<SimpleData name="Director"></SimpleData>
		<SimpleData name="Architect"></SimpleData>
		<SimpleData name="respons"></SimpleData>
		<SimpleData name="V39"></SimpleData>
	</SchemaData></ExtendedData>
      <MultiGeometry><LineString><coordinates>35.224393,31.769442,0 35.225395,31.769825,0</coordinates></LineString></MultiGeometry>
  </Placemark>
  <Placemark>
	<name></name>
	<description>תיאור: &lt;br&gt;PartName: שלמה נכון&lt;br&gt;StreetName: שלמה נכון&lt;br&gt;status_tex: בדיקת היתכנות&lt;br&gt;openyear_n: 0&lt;br&gt;BPHTtype: 0&lt;br&gt;usable: 0&lt;br&gt;infra: 0&lt;br&gt;roadtype: 0&lt;br&gt;BPHdir: 0.00000000000&lt;br&gt;BPHplace: 0&lt;br&gt;DIRtype: 0&lt;br&gt;DIRTraffic: 0&lt;br&gt;TOPOLOGY: 0&lt;br&gt;DIV_Veh: 0&lt;br&gt;DIV_Walk: 0&lt;br&gt;Signpost: 0&lt;br&gt;Parking: 0&lt;br&gt;LEVEL_: 0&lt;br&gt;PAINT: 0&lt;br&gt;TREES: 0&lt;br&gt;remarks: &lt;br&gt;globalID: 0&lt;br&gt;id: 0&lt;br&gt;GlobalID_2: {a68d79b8-a9ff-464c-b4d0-15e4bd05816b}&lt;br&gt;CreationDa: &lt;br&gt;Creator: &lt;br&gt;EditDate: &lt;br&gt;Editor: &lt;br&gt;Shape__Len: 144.64190460300&lt;br&gt;Link: &lt;br&gt;Framework: מאיץ ד&lt;br&gt;Engineer: &lt;br&gt;Director: &lt;br&gt;Architect: &lt;br&gt;respons: </description>
	<Style><LineStyle><color>ff0000ff</color></LineStyle><PolyStyle><fill>0</fill></PolyStyle></Style>
	<ExtendedData><SchemaData schemaUrl="#bike_lanes_check">
		<SimpleData name="WKT">LINESTRING (35.225411 31.770138, 35.225354 31.770399, 35.225235 31.770944, 35.225484 31.771337, 35.225523 31.771354)</SimpleData>
		<SimpleData name="PartName">שלמה נכון</SimpleData>
		<SimpleData name="StreetName">שלמה נכון</SimpleData>
		<SimpleData name="status_tex">בדיקת היתכנות</SimpleData>
		<SimpleData name="openyear_n">0</SimpleData>
		<SimpleData name="BPHTtype">0</SimpleData>
		<SimpleData name="usable">0</SimpleData>
		<SimpleData name="infra">0</SimpleData>
		<SimpleData name="roadtype">0</SimpleData>
		<SimpleData name="BPHdir">0</SimpleData>
		<SimpleData name="BPHplace">0</SimpleData>
		<SimpleData name="DIRtype">0</SimpleData>
		<SimpleData name="DIRTraffic">0</SimpleData>
		<SimpleData name="TOPOLOGY">0</SimpleData>
		<SimpleData name="DIV_Veh">0</SimpleData>
		<SimpleData name="DIV_Walk">0</SimpleData>
		<SimpleData name="Signpost">0</SimpleData>
		<SimpleData name="Parking">0</SimpleData>
		<SimpleData name="LEVEL_">0</SimpleData>
		<SimpleData name="PAINT">0</SimpleData>
		<SimpleData name="TREES">0</SimpleData>
		<SimpleData name="remarks"></SimpleData>
		<SimpleData name="globalID">0</SimpleData>
		<SimpleData name="id">0</SimpleData>
		<SimpleData name="GlobalID_2">{a68d79b8-a9ff-464c-b4d0-15e4bd05816b}</SimpleData>
		<SimpleData name="CreationDa"></SimpleData>
		<SimpleData name="Creator"></SimpleData>
		<SimpleData name="EditDate"></SimpleData>
		<SimpleData name="Editor"></SimpleData>
		<SimpleData name="Shape__Len">144.64190460300</SimpleData>
		<SimpleData name="Link"></SimpleData>
		<SimpleData name="Framework">מאיץ ד</SimpleData>
		<SimpleData name="Engineer"></SimpleData>
		<SimpleData name="Director"></SimpleData>
		<SimpleData name="Architect"></SimpleData>
		<SimpleData name="respons"></SimpleData>
		<SimpleData name="V39"></SimpleData>
	</SchemaData></ExtendedData>
      <MultiGeometry><LineString><coordinates>35.225411,31.770138,0 35.225354,31.770399,0 35.225235,31.770944,0 35.225484,31.771337,0 35.225523,31.771354,0</coordinates></LineString></MultiGeometry>
  </Placemark>
  <Placemark>
	<name></name>
	<description>תיאור: &lt;br&gt;PartName: שלמה נכון&lt;br&gt;StreetName: שלמה נכון&lt;br&gt;status_tex: בדיקת היתכנות&lt;br&gt;openyear_n: 0&lt;br&gt;BPHTtype: 0&lt;br&gt;usable: 0&lt;br&gt;infra: 0&lt;br&gt;roadtype: 0&lt;br&gt;BPHdir: 0.00000000000&lt;br&gt;BPHplace: 0&lt;br&gt;DIRtype: 0&lt;br&gt;DIRTraffic: 0&lt;br&gt;TOPOLOGY: 0&lt;br&gt;DIV_Veh: 0&lt;br&gt;DIV_Walk: 0&lt;br&gt;Signpost: 0&lt;br&gt;Parking: 0&lt;br&gt;LEVEL_: 0&lt;br&gt;PAINT: 0&lt;br&gt;TREES: 0&lt;br&gt;remarks: &lt;br&gt;globalID: 0&lt;br&gt;id: 0&lt;br&gt;GlobalID_2: {22f7c63f-361d-4928-bb50-1bca42d424dd}&lt;br&gt;CreationDa: &lt;br&gt;Creator: &lt;br&gt;EditDate: &lt;br&gt;Editor: &lt;br&gt;Shape__Len: 5.79553923997&lt;br&gt;Link: &lt;br&gt;Framework: מאיץ ד&lt;br&gt;Engineer: &lt;br&gt;Director: &lt;br&gt;Architect: &lt;br&gt;respons: </description>
	<Style><LineStyle><color>ff0000ff</color></LineStyle><PolyStyle><fill>0</fill></PolyStyle></Style>
	<ExtendedData><SchemaData schemaUrl="#bike_lanes_check">
		<SimpleData name="WKT">LINESTRING (35.225523 31.771354, 35.225578 31.771377)</SimpleData>
		<SimpleData name="PartName">שלמה נכון</SimpleData>
		<SimpleData name="StreetName">שלמה נכון</SimpleData>
		<SimpleData name="status_tex">בדיקת היתכנות</SimpleData>
		<SimpleData name="openyear_n">0</SimpleData>
		<SimpleData name="BPHTtype">0</SimpleData>
		<SimpleData name="usable">0</SimpleData>
		<SimpleData name="infra">0</SimpleData>
		<SimpleData name="roadtype">0</SimpleData>
		<SimpleData name="BPHdir">0</SimpleData>
		<SimpleData name="BPHplace">0</SimpleData>
		<SimpleData name="DIRtype">0</SimpleData>
		<SimpleData name="DIRTraffic">0</SimpleData>
		<SimpleData name="TOPOLOGY">0</SimpleData>
		<SimpleData name="DIV_Veh">0</SimpleData>
		<SimpleData name="DIV_Walk">0</SimpleData>
		<SimpleData name="Signpost">0</SimpleData>
		<SimpleData name="Parking">0</SimpleData>
		<SimpleData name="LEVEL_">0</SimpleData>
		<SimpleData name="PAINT">0</SimpleData>
		<SimpleData name="TREES">0</SimpleData>
		<SimpleData name="remarks"></SimpleData>
		<SimpleData name="globalID">0</SimpleData>
		<SimpleData name="id">0</SimpleData>
		<SimpleData name="GlobalID_2">{22f7c63f-361d-4928-bb50-1bca42d424dd}</SimpleData>
		<SimpleData name="CreationDa"></SimpleData>
		<SimpleData name="Creator"></SimpleData>
		<SimpleData name="EditDate"></SimpleData>
		<SimpleData name="Editor"></SimpleData>
		<SimpleData name="Shape__Len">5.79553923997</SimpleData>
		<SimpleData name="Link"></SimpleData>
		<SimpleData name="Framework">מאיץ ד</SimpleData>
		<SimpleData name="Engineer"></SimpleData>
		<SimpleData name="Director"></SimpleData>
		<SimpleData name="Architect"></SimpleData>
		<SimpleData name="respons"></SimpleData>
		<SimpleData name="V39"></SimpleData>
	</SchemaData></ExtendedData>
      <MultiGeometry><LineString><coordinates>35.225523,31.771354,0 35.225578,31.771377,0</coordinates></LineString></MultiGeometry>
  </Placemark>
  <Placemark>
	<name></name>
	<description>תיאור: &lt;br&gt;PartName: פארק טדי&lt;br&gt;StreetName: פארק טדי&lt;br&gt;status_tex: בדיקת היתכנות&lt;br&gt;openyear_n: 0&lt;br&gt;BPHTtype: 0&lt;br&gt;usable: 0&lt;br&gt;infra: 0&lt;br&gt;roadtype: 0&lt;br&gt;BPHdir: 0.00000000000&lt;br&gt;BPHplace: 0&lt;br&gt;DIRtype: 0&lt;br&gt;DIRTraffic: 0&lt;br&gt;TOPOLOGY: 0&lt;br&gt;DIV_Veh: 0&lt;br&gt;DIV_Walk: 0&lt;br&gt;Signpost: 0&lt;br&gt;Parking: 0&lt;br&gt;LEVEL_: 0&lt;br&gt;PAINT: 0&lt;br&gt;TREES: 0&lt;br&gt;remarks: &lt;br&gt;globalID: 0&lt;br&gt;id: 0&lt;br&gt;GlobalID_2: {57220450-1333-4cc2-a958-b20e7c9d16dc}&lt;br&gt;CreationDa: &lt;br&gt;Creator: &lt;br&gt;EditDate: &lt;br&gt;Editor: &lt;br&gt;Shape__Len: 79.06712380060&lt;br&gt;Link: &lt;br&gt;Framework: מאיץ ד&lt;br&gt;Engineer: &lt;br&gt;Director: &lt;br&gt;Architect: &lt;br&gt;respons: </description>
	<Style><LineStyle><color>ff0000ff</color></LineStyle><PolyStyle><fill>0</fill></PolyStyle></Style>
	<ExtendedData><SchemaData schemaUrl="#bike_lanes_check">
		<SimpleData name="WKT">LINESTRING (35.226026 31.775464, 35.22603 31.776177)</SimpleData>
		<SimpleData name="PartName">פארק טדי</SimpleData>
		<SimpleData name="StreetName">פארק טדי</SimpleData>
		<SimpleData name="status_tex">בדיקת היתכנות</SimpleData>
		<SimpleData name="openyear_n">0</SimpleData>
		<SimpleData name="BPHTtype">0</SimpleData>
		<SimpleData name="usable">0</SimpleData>
		<SimpleData name="infra">0</SimpleData>
		<SimpleData name="roadtype">0</SimpleData>
		<SimpleData name="BPHdir">0</SimpleData>
		<SimpleData name="BPHplace">0</SimpleData>
		<SimpleData name="DIRtype">0</SimpleData>
		<SimpleData name="DIRTraffic">0</SimpleData>
		<SimpleData name="TOPOLOGY">0</SimpleData>
		<SimpleData name="DIV_Veh">0</SimpleData>
		<SimpleData name="DIV_Walk">0</SimpleData>
		<SimpleData name="Signpost">0</SimpleData>
		<SimpleData name="Parking">0</SimpleData>
		<SimpleData name="LEVEL_">0</SimpleData>
		<SimpleData name="PAINT">0</SimpleData>
		<SimpleData name="TREES">0</SimpleData>
		<SimpleData name="remarks"></SimpleData>
		<SimpleData name="globalID">0</SimpleData>
		<SimpleData name="id">0</SimpleData>
		<SimpleData name="GlobalID_2">{57220450-1333-4cc2-a958-b20e7c9d16dc}</SimpleData>
		<SimpleData name="CreationDa"></SimpleData>
		<SimpleData name="Creator"></SimpleData>
		<SimpleData name="EditDate"></SimpleData>
		<SimpleData name="Editor"></SimpleData>
		<SimpleData name="Shape__Len">79.06712380060</SimpleData>
		<SimpleData name="Link"></SimpleData>
		<SimpleData name="Framework">מאיץ ד</SimpleData>
		<SimpleData name="Engineer"></SimpleData>
		<SimpleData name="Director"></SimpleData>
		<SimpleData name="Architect"></SimpleData>
		<SimpleData name="respons"></SimpleData>
		<SimpleData name="V39"></SimpleData>
	</SchemaData></ExtendedData>
      <MultiGeometry><LineString><coordinates>35.226026,31.775464,0 35.22603,31.776177,0</coordinates></LineString></MultiGeometry>
  </Placemark>
  <Placemark>
	<name></name>
	<description>תיאור: &lt;br&gt;PartName: פלט&lt;br&gt;StreetName: פלט&lt;br&gt;status_tex: בדיקת היתכנות&lt;br&gt;openyear_n: 0&lt;br&gt;BPHTtype: 0&lt;br&gt;usable: 0&lt;br&gt;infra: 0&lt;br&gt;roadtype: 0&lt;br&gt;BPHdir: 0.00000000000&lt;br&gt;BPHplace: 0&lt;br&gt;DIRtype: 0&lt;br&gt;DIRTraffic: 0&lt;br&gt;TOPOLOGY: 0&lt;br&gt;DIV_Veh: 0&lt;br&gt;DIV_Walk: 0&lt;br&gt;Signpost: 0&lt;br&gt;Parking: 0&lt;br&gt;LEVEL_: 0&lt;br&gt;PAINT: 0&lt;br&gt;TREES: 0&lt;br&gt;remarks: &lt;br&gt;globalID: 0&lt;br&gt;id: 0&lt;br&gt;GlobalID_2: {7a5a4307-176f-4ada-933f-7f75761b47d3}&lt;br&gt;CreationDa: &lt;br&gt;Creator: &lt;br&gt;EditDate: &lt;br&gt;Editor: &lt;br&gt;Shape__Len: 21.29540912240&lt;br&gt;Link: &lt;br&gt;Framework: מאיץ ד&lt;br&gt;Engineer: &lt;br&gt;Director: &lt;br&gt;Architect: &lt;br&gt;respons: </description>
	<Style><LineStyle><color>ff0000ff</color></LineStyle><PolyStyle><fill>0</fill></PolyStyle></Style>
	<ExtendedData><SchemaData schemaUrl="#bike_lanes_check">
		<SimpleData name="WKT">LINESTRING (35.22603 31.776177, 35.226206 31.776296)</SimpleData>
		<SimpleData name="PartName">פלט</SimpleData>
		<SimpleData name="StreetName">פלט</SimpleData>
		<SimpleData name="status_tex">בדיקת היתכנות</SimpleData>
		<SimpleData name="openyear_n">0</SimpleData>
		<SimpleData name="BPHTtype">0</SimpleData>
		<SimpleData name="usable">0</SimpleData>
		<SimpleData name="infra">0</SimpleData>
		<SimpleData name="roadtype">0</SimpleData>
		<SimpleData name="BPHdir">0</SimpleData>
		<SimpleData name="BPHplace">0</SimpleData>
		<SimpleData name="DIRtype">0</SimpleData>
		<SimpleData name="DIRTraffic">0</SimpleData>
		<SimpleData name="TOPOLOGY">0</SimpleData>
		<SimpleData name="DIV_Veh">0</SimpleData>
		<SimpleData name="DIV_Walk">0</SimpleData>
		<SimpleData name="Signpost">0</SimpleData>
		<SimpleData name="Parking">0</SimpleData>
		<SimpleData name="LEVEL_">0</SimpleData>
		<SimpleData name="PAINT">0</SimpleData>
		<SimpleData name="TREES">0</SimpleData>
		<SimpleData name="remarks"></SimpleData>
		<SimpleData name="globalID">0</SimpleData>
		<SimpleData name="id">0</SimpleData>
		<SimpleData name="GlobalID_2">{7a5a4307-176f-4ada-933f-7f75761b47d3}</SimpleData>
		<SimpleData name="CreationDa"></SimpleData>
		<SimpleData name="Creator"></SimpleData>
		<SimpleData name="EditDate"></SimpleData>
		<SimpleData name="Editor"></SimpleData>
		<SimpleData name="Shape__Len">21.29540912240</SimpleData>
		<SimpleData name="Link"></SimpleData>
		<SimpleData name="Framework">מאיץ ד</SimpleData>
		<SimpleData name="Engineer"></SimpleData>
		<SimpleData name="Director"></SimpleData>
		<SimpleData name="Architect"></SimpleData>
		<SimpleData name="respons"></SimpleData>
		<SimpleData name="V39"></SimpleData>
	</SchemaData></ExtendedData>
      <MultiGeometry><LineString><coordinates>35.22603,31.776177,0 35.226206,31.776296,0</coordinates></LineString></MultiGeometry>
  </Placemark>
  <Placemark>
	<name></name>
	<description>תיאור: &lt;br&gt;PartName: סלאח א-דין&lt;br&gt;StreetName: סלאח א-דין&lt;br&gt;status_tex: בדיקת היתכנות&lt;br&gt;openyear_n: 0&lt;br&gt;BPHTtype: 0&lt;br&gt;usable: 0&lt;br&gt;infra: 0&lt;br&gt;roadtype: 0&lt;br&gt;BPHdir: 0.00000000000&lt;br&gt;BPHplace: 0&lt;br&gt;DIRtype: 0&lt;br&gt;DIRTraffic: 0&lt;br&gt;TOPOLOGY: 0&lt;br&gt;DIV_Veh: 0&lt;br&gt;DIV_Walk: 0&lt;br&gt;Signpost: 0&lt;br&gt;Parking: 0&lt;br&gt;LEVEL_: 0&lt;br&gt;PAINT: 0&lt;br&gt;TREES: 0&lt;br&gt;remarks: &lt;br&gt;globalID: 0&lt;br&gt;id: 0&lt;br&gt;GlobalID_2: {7f9e59a4-48d4-40ec-80fa-4a3c48c164b9}&lt;br&gt;CreationDa: &lt;br&gt;Creator: &lt;br&gt;EditDate: &lt;br&gt;Editor: &lt;br&gt;Shape__Len: 438.30048556600&lt;br&gt;Link: &lt;br&gt;Framework: &lt;br&gt;Engineer: &lt;br&gt;Director: &lt;br&gt;Architect: &lt;br&gt;respons: </description>
	<Style><LineStyle><color>ff0000ff</color></LineStyle><PolyStyle><fill>0</fill></PolyStyle></Style>
	<ExtendedData><SchemaData schemaUrl="#bike_lanes_check">
		<SimpleData name="WKT">LINESTRING (35.233651 31.783382, 35.233251 31.783657, 35.232824 31.783943, 35.232451 31.784252, 35.232284 31.784401, 35.231863 31.784593, 35.231587 31.78498, 35.231181 31.785518, 35.230895 31.78621, 35.2308 31.786352, 35.230798 31.786351)</SimpleData>
		<SimpleData name="PartName">סלאח א-דין</SimpleData>
		<SimpleData name="StreetName">סלאח א-דין</SimpleData>
		<SimpleData name="status_tex">בדיקת היתכנות</SimpleData>
		<SimpleData name="openyear_n">0</SimpleData>
		<SimpleData name="BPHTtype">0</SimpleData>
		<SimpleData name="usable">0</SimpleData>
		<SimpleData name="infra">0</SimpleData>
		<SimpleData name="roadtype">0</SimpleData>
		<SimpleData name="BPHdir">0</SimpleData>
		<SimpleData name="BPHplace">0</SimpleData>
		<SimpleData name="DIRtype">0</SimpleData>
		<SimpleData name="DIRTraffic">0</SimpleData>
		<SimpleData name="TOPOLOGY">0</SimpleData>
		<SimpleData name="DIV_Veh">0</SimpleData>
		<SimpleData name="DIV_Walk">0</SimpleData>
		<SimpleData name="Signpost">0</SimpleData>
		<SimpleData name="Parking">0</SimpleData>
		<SimpleData name="LEVEL_">0</SimpleData>
		<SimpleData name="PAINT">0</SimpleData>
		<SimpleData name="TREES">0</SimpleData>
		<SimpleData name="remarks"></SimpleData>
		<SimpleData name="globalID">0</SimpleData>
		<SimpleData name="id">0</SimpleData>
		<SimpleData name="GlobalID_2">{7f9e59a4-48d4-40ec-80fa-4a3c48c164b9}</SimpleData>
		<SimpleData name="CreationDa"></SimpleData>
		<SimpleData name="Creator"></SimpleData>
		<SimpleData name="EditDate"></SimpleData>
		<SimpleData name="Editor"></SimpleData>
		<SimpleData name="Shape__Len">438.30048556600</SimpleData>
		<SimpleData name="Link"></SimpleData>
		<SimpleData name="Framework"></SimpleData>
		<SimpleData name="Engineer"></SimpleData>
		<SimpleData name="Director"></SimpleData>
		<SimpleData name="Architect"></SimpleData>
		<SimpleData name="respons"></SimpleData>
		<SimpleData name="V39"></SimpleData>
	</SchemaData></ExtendedData>
      <MultiGeometry><LineString><coordinates>35.233651,31.783382,0 35.233251,31.783657,0 35.232824,31.783943,0 35.232451,31.784252,0 35.232284,31.784401,0 35.231863,31.784593,0 35.231587,31.78498,0 35.231181,31.785518,0 35.230895,31.78621,0 35.2308,31.786352,0 35.230798,31.786351,0</coordinates></LineString></MultiGeometry>
  </Placemark>
  <Placemark>
	<name></name>
	<description>תיאור: &lt;br&gt;PartName: &lt;br&gt;StreetName: &lt;br&gt;status_tex: בדיקת היתכנות&lt;br&gt;openyear_n: 0&lt;br&gt;BPHTtype: 0&lt;br&gt;usable: 0&lt;br&gt;infra: 0&lt;br&gt;roadtype: 0&lt;br&gt;BPHdir: 0.00000000000&lt;br&gt;BPHplace: 0&lt;br&gt;DIRtype: 0&lt;br&gt;DIRTraffic: 0&lt;br&gt;TOPOLOGY: 0&lt;br&gt;DIV_Veh: 0&lt;br&gt;DIV_Walk: 0&lt;br&gt;Signpost: 0&lt;br&gt;Parking: 0&lt;br&gt;LEVEL_: 0&lt;br&gt;PAINT: 0&lt;br&gt;TREES: 0&lt;br&gt;remarks: &lt;br&gt;globalID: 0&lt;br&gt;id: 0&lt;br&gt;GlobalID_2: {d9f8ce42-8910-4003-9cdb-a3fc4ca82ef3}&lt;br&gt;CreationDa: &lt;br&gt;Creator: &lt;br&gt;EditDate: &lt;br&gt;Editor: &lt;br&gt;Shape__Len: 165.89787034200&lt;br&gt;Link: &lt;br&gt;Framework: &lt;br&gt;Engineer: &lt;br&gt;Director: &lt;br&gt;Architect: &lt;br&gt;respons: </description>
	<Style><LineStyle><color>ff0000ff</color></LineStyle><PolyStyle><fill>0</fill></PolyStyle></Style>
	<ExtendedData><SchemaData schemaUrl="#bike_lanes_check">
		<SimpleData name="WKT">LINESTRING (35.228716 31.785516, 35.227867 31.785987, 35.227304 31.786397)</SimpleData>
		<SimpleData name="PartName"></SimpleData>
		<SimpleData name="StreetName"></SimpleData>
		<SimpleData name="status_tex">בדיקת היתכנות</SimpleData>
		<SimpleData name="openyear_n">0</SimpleData>
		<SimpleData name="BPHTtype">0</SimpleData>
		<SimpleData name="usable">0</SimpleData>
		<SimpleData name="infra">0</SimpleData>
		<SimpleData name="roadtype">0</SimpleData>
		<SimpleData name="BPHdir">0</SimpleData>
		<SimpleData name="BPHplace">0</SimpleData>
		<SimpleData name="DIRtype">0</SimpleData>
		<SimpleData name="DIRTraffic">0</SimpleData>
		<SimpleData name="TOPOLOGY">0</SimpleData>
		<SimpleData name="DIV_Veh">0</SimpleData>
		<SimpleData name="DIV_Walk">0</SimpleData>
		<SimpleData name="Signpost">0</SimpleData>
		<SimpleData name="Parking">0</SimpleData>
		<SimpleData name="LEVEL_">0</SimpleData>
		<SimpleData name="PAINT">0</SimpleData>
		<SimpleData name="TREES">0</SimpleData>
		<SimpleData name="remarks"></SimpleData>
		<SimpleData name="globalID">0</SimpleData>
		<SimpleData name="id">0</SimpleData>
		<SimpleData name="GlobalID_2">{d9f8ce42-8910-4003-9cdb-a3fc4ca82ef3}</SimpleData>
		<SimpleData name="CreationDa"></SimpleData>
		<SimpleData name="Creator"></SimpleData>
		<SimpleData name="EditDate"></SimpleData>
		<SimpleData name="Editor"></SimpleData>
		<SimpleData name="Shape__Len">165.89787034200</SimpleData>
		<SimpleData name="Link"></SimpleData>
		<SimpleData name="Framework"></SimpleData>
		<SimpleData name="Engineer"></SimpleData>
		<SimpleData name="Director"></SimpleData>
		<SimpleData name="Architect"></SimpleData>
		<SimpleData name="respons"></SimpleData>
		<SimpleData name="V39"></SimpleData>
	</SchemaData></ExtendedData>
      <MultiGeometry><LineString><coordinates>35.228716,31.785516,0 35.227867,31.785987,0 35.227304,31.786397,0</coordinates></LineString></MultiGeometry>
  </Placemark>
  <Placemark>
	<name></name>
	<description>תיאור: &lt;br&gt;PartName: נעמי קיס&lt;br&gt;StreetName: נעמי קיס&lt;br&gt;status_tex: בדיקת היתכנות&lt;br&gt;openyear_n: 0&lt;br&gt;BPHTtype: 0&lt;br&gt;usable: 0&lt;br&gt;infra: 0&lt;br&gt;roadtype: 0&lt;br&gt;BPHdir: 0.00000000000&lt;br&gt;BPHplace: 0&lt;br&gt;DIRtype: 0&lt;br&gt;DIRTraffic: 0&lt;br&gt;TOPOLOGY: 0&lt;br&gt;DIV_Veh: 0&lt;br&gt;DIV_Walk: 0&lt;br&gt;Signpost: 0&lt;br&gt;Parking: 0&lt;br&gt;LEVEL_: 0&lt;br&gt;PAINT: 0&lt;br&gt;TREES: 0&lt;br&gt;remarks: &lt;br&gt;globalID: 0&lt;br&gt;id: 0&lt;br&gt;GlobalID_2: {633aa53c-935a-4322-8c8d-b46276020a0b}&lt;br&gt;CreationDa: &lt;br&gt;Creator: &lt;br&gt;EditDate: &lt;br&gt;Editor: &lt;br&gt;Shape__Len: 217.87481364800&lt;br&gt;Link: &lt;br&gt;Framework: &lt;br&gt;Engineer: &lt;br&gt;Director: &lt;br&gt;Architect: &lt;br&gt;respons: </description>
	<Style><LineStyle><color>ff0000ff</color></LineStyle><PolyStyle><fill>0</fill></PolyStyle></Style>
	<ExtendedData><SchemaData schemaUrl="#bike_lanes_check">
		<SimpleData name="WKT">LINESTRING (35.230798 31.786351, 35.228716 31.785516)</SimpleData>
		<SimpleData name="PartName">נעמי קיס</SimpleData>
		<SimpleData name="StreetName">נעמי קיס</SimpleData>
		<SimpleData name="status_tex">בדיקת היתכנות</SimpleData>
		<SimpleData name="openyear_n">0</SimpleData>
		<SimpleData name="BPHTtype">0</SimpleData>
		<SimpleData name="usable">0</SimpleData>
		<SimpleData name="infra">0</SimpleData>
		<SimpleData name="roadtype">0</SimpleData>
		<SimpleData name="BPHdir">0</SimpleData>
		<SimpleData name="BPHplace">0</SimpleData>
		<SimpleData name="DIRtype">0</SimpleData>
		<SimpleData name="DIRTraffic">0</SimpleData>
		<SimpleData name="TOPOLOGY">0</SimpleData>
		<SimpleData name="DIV_Veh">0</SimpleData>
		<SimpleData name="DIV_Walk">0</SimpleData>
		<SimpleData name="Signpost">0</SimpleData>
		<SimpleData name="Parking">0</SimpleData>
		<SimpleData name="LEVEL_">0</SimpleData>
		<SimpleData name="PAINT">0</SimpleData>
		<SimpleData name="TREES">0</SimpleData>
		<SimpleData name="remarks"></SimpleData>
		<SimpleData name="globalID">0</SimpleData>
		<SimpleData name="id">0</SimpleData>
		<SimpleData name="GlobalID_2">{633aa53c-935a-4322-8c8d-b46276020a0b}</SimpleData>
		<SimpleData name="CreationDa"></SimpleData>
		<SimpleData name="Creator"></SimpleData>
		<SimpleData name="EditDate"></SimpleData>
		<SimpleData name="Editor"></SimpleData>
		<SimpleData name="Shape__Len">217.87481364800</SimpleData>
		<SimpleData name="Link"></SimpleData>
		<SimpleData name="Framework"></SimpleData>
		<SimpleData name="Engineer"></SimpleData>
		<SimpleData name="Director"></SimpleData>
		<SimpleData name="Architect"></SimpleData>
		<SimpleData name="respons"></SimpleData>
		<SimpleData name="V39"></SimpleData>
	</SchemaData></ExtendedData>
      <MultiGeometry><LineString><coordinates>35.230798,31.786351,0 35.228716,31.785516,0</coordinates></LineString></MultiGeometry>
  </Placemark>
  <Placemark>
	<name></name>
	<description>תיאור: &lt;br&gt;PartName: שמעוני&lt;br&gt;StreetName: שמעוני&lt;br&gt;status_tex: בדיקת היתכנות&lt;br&gt;openyear_n: 0&lt;br&gt;BPHTtype: 0&lt;br&gt;usable: 0&lt;br&gt;infra: 0&lt;br&gt;roadtype: 0&lt;br&gt;BPHdir: 0.00000000000&lt;br&gt;BPHplace: 0&lt;br&gt;DIRtype: 0&lt;br&gt;DIRTraffic: 0&lt;br&gt;TOPOLOGY: 0&lt;br&gt;DIV_Veh: 0&lt;br&gt;DIV_Walk: 0&lt;br&gt;Signpost: 0&lt;br&gt;Parking: 0&lt;br&gt;LEVEL_: 0&lt;br&gt;PAINT: 0&lt;br&gt;TREES: 0&lt;br&gt;remarks: &lt;br&gt;globalID: 0&lt;br&gt;id: 0&lt;br&gt;GlobalID_2: {c1bec746-96a0-4851-8a20-1bfff91c1231}&lt;br&gt;CreationDa: &lt;br&gt;Creator: &lt;br&gt;EditDate: &lt;br&gt;Editor: &lt;br&gt;Shape__Len: 560.42575575900&lt;br&gt;Link: &lt;br&gt;Framework: בדיקת היתכנות&lt;br&gt;Engineer: &lt;br&gt;Director: אליה בן שבת&lt;br&gt;Architect: &lt;br&gt;respons: </description>
	<Style><LineStyle><color>ff0000ff</color></LineStyle><PolyStyle><fill>0</fill></PolyStyle></Style>
	<ExtendedData><SchemaData schemaUrl="#bike_lanes_check">
		<SimpleData name="WKT">LINESTRING (35.200766 31.761858, 35.200786 31.762349, 35.200846 31.762692, 35.200988 31.76308, 35.201272 31.763453, 35.201557 31.763682, 35.202085 31.764035, 35.20275 31.764441, 35.203156 31.764686, 35.203614 31.764848, 35.204297 31.764895, 35.204572 31.764957, 35.204652 31.765003)</SimpleData>
		<SimpleData name="PartName">שמעוני</SimpleData>
		<SimpleData name="StreetName">שמעוני</SimpleData>
		<SimpleData name="status_tex">בדיקת היתכנות</SimpleData>
		<SimpleData name="openyear_n">0</SimpleData>
		<SimpleData name="BPHTtype">0</SimpleData>
		<SimpleData name="usable">0</SimpleData>
		<SimpleData name="infra">0</SimpleData>
		<SimpleData name="roadtype">0</SimpleData>
		<SimpleData name="BPHdir">0</SimpleData>
		<SimpleData name="BPHplace">0</SimpleData>
		<SimpleData name="DIRtype">0</SimpleData>
		<SimpleData name="DIRTraffic">0</SimpleData>
		<SimpleData name="TOPOLOGY">0</SimpleData>
		<SimpleData name="DIV_Veh">0</SimpleData>
		<SimpleData name="DIV_Walk">0</SimpleData>
		<SimpleData name="Signpost">0</SimpleData>
		<SimpleData name="Parking">0</SimpleData>
		<SimpleData name="LEVEL_">0</SimpleData>
		<SimpleData name="PAINT">0</SimpleData>
		<SimpleData name="TREES">0</SimpleData>
		<SimpleData name="remarks"></SimpleData>
		<SimpleData name="globalID">0</SimpleData>
		<SimpleData name="id">0</SimpleData>
		<SimpleData name="GlobalID_2">{c1bec746-96a0-4851-8a20-1bfff91c1231}</SimpleData>
		<SimpleData name="CreationDa"></SimpleData>
		<SimpleData name="Creator"></SimpleData>
		<SimpleData name="EditDate"></SimpleData>
		<SimpleData name="Editor"></SimpleData>
		<SimpleData name="Shape__Len">560.42575575900</SimpleData>
		<SimpleData name="Link"></SimpleData>
		<SimpleData name="Framework">בדיקת היתכנות</SimpleData>
		<SimpleData name="Engineer"></SimpleData>
		<SimpleData name="Director">אליה בן שבת</SimpleData>
		<SimpleData name="Architect"></SimpleData>
		<SimpleData name="respons"></SimpleData>
		<SimpleData name="V39"></SimpleData>
	</SchemaData></ExtendedData>
      <MultiGeometry><LineString><coordinates>35.200766,31.761858,0 35.200786,31.762349,0 35.200846,31.762692,0 35.200988,31.76308,0 35.201272,31.763453,0 35.201557,31.763682,0 35.202085,31.764035,0 35.20275,31.764441,0 35.203156,31.764686,0 35.203614,31.764848,0 35.204297,31.764895,0 35.204572,31.764957,0 35.204652,31.765003,0</coordinates></LineString></MultiGeometry>
  </Placemark>
  <Placemark>
	<name></name>
	<description>תיאור: &lt;br&gt;PartName: רבי בנימין&lt;br&gt;StreetName: רבי בנימין&lt;br&gt;status_tex: בדיקת היתכנות&lt;br&gt;openyear_n: 0&lt;br&gt;BPHTtype: 0&lt;br&gt;usable: 0&lt;br&gt;infra: 0&lt;br&gt;roadtype: 0&lt;br&gt;BPHdir: 0.00000000000&lt;br&gt;BPHplace: 0&lt;br&gt;DIRtype: 0&lt;br&gt;DIRTraffic: 0&lt;br&gt;TOPOLOGY: 0&lt;br&gt;DIV_Veh: 0&lt;br&gt;DIV_Walk: 0&lt;br&gt;Signpost: 0&lt;br&gt;Parking: 0&lt;br&gt;LEVEL_: 0&lt;br&gt;PAINT: 0&lt;br&gt;TREES: 0&lt;br&gt;remarks: מתוכנן כדרך משולבת&lt;br&gt;globalID: 0&lt;br&gt;id: 0&lt;br&gt;GlobalID_2: {98894962-7ebc-423f-a4ed-46228885ca38}&lt;br&gt;CreationDa: &lt;br&gt;Creator: &lt;br&gt;EditDate: &lt;br&gt;Editor: &lt;br&gt;Shape__Len: 273.52621480800&lt;br&gt;Link: https://jtmt.sharepoint.com/:f:/r/sites/EngineeringDepartment/PlanningDivision/DocLib3/%D7%A6%D7%AA%D7%90%D7%9C/%D7%AA%D7%9B%D7%A0%D7%95%D7%9F/%D7%91%D7%99%D7%AA%20%D7%94%D7%9B%D7%A8%D7%9D%20%D7%A9%D7%9C%D7%91%20%D7%90%27/%D7%91%D7%99%D7%AA%20%D7%94%D7%9&lt;br&gt;Framework: בדיקת היתכנות&lt;br&gt;Engineer: &lt;br&gt;Director: &lt;br&gt;Architect: &lt;br&gt;respons: </description>
	<Style><LineStyle><color>ff0000ff</color></LineStyle><PolyStyle><fill>0</fill></PolyStyle></Style>
	<ExtendedData><SchemaData schemaUrl="#bike_lanes_check">
		<SimpleData name="WKT">LINESTRING (35.195607 31.781458, 35.195503 31.781593, 35.195256 31.781708, 35.194794 31.781777, 35.193796 31.78183, 35.19343 31.781918, 35.192975 31.782037, 35.192883 31.782037)</SimpleData>
		<SimpleData name="PartName">רבי בנימין</SimpleData>
		<SimpleData name="StreetName">רבי בנימין</SimpleData>
		<SimpleData name="status_tex">בדיקת היתכנות</SimpleData>
		<SimpleData name="openyear_n">0</SimpleData>
		<SimpleData name="BPHTtype">0</SimpleData>
		<SimpleData name="usable">0</SimpleData>
		<SimpleData name="infra">0</SimpleData>
		<SimpleData name="roadtype">0</SimpleData>
		<SimpleData name="BPHdir">0</SimpleData>
		<SimpleData name="BPHplace">0</SimpleData>
		<SimpleData name="DIRtype">0</SimpleData>
		<SimpleData name="DIRTraffic">0</SimpleData>
		<SimpleData name="TOPOLOGY">0</SimpleData>
		<SimpleData name="DIV_Veh">0</SimpleData>
		<SimpleData name="DIV_Walk">0</SimpleData>
		<SimpleData name="Signpost">0</SimpleData>
		<SimpleData name="Parking">0</SimpleData>
		<SimpleData name="LEVEL_">0</SimpleData>
		<SimpleData name="PAINT">0</SimpleData>
		<SimpleData name="TREES">0</SimpleData>
		<SimpleData name="remarks">מתוכנן כדרך משולבת</SimpleData>
		<SimpleData name="globalID">0</SimpleData>
		<SimpleData name="id">0</SimpleData>
		<SimpleData name="GlobalID_2">{98894962-7ebc-423f-a4ed-46228885ca38}</SimpleData>
		<SimpleData name="CreationDa"></SimpleData>
		<SimpleData name="Creator"></SimpleData>
		<SimpleData name="EditDate"></SimpleData>
		<SimpleData name="Editor"></SimpleData>
		<SimpleData name="Shape__Len">273.52621480800</SimpleData>
		<SimpleData name="Link">https://jtmt.sharepoint.com/:f:/r/sites/EngineeringDepartment/PlanningDivision/DocLib3/%D7%A6%D7%AA%D7%90%D7%9C/%D7%AA%D7%9B%D7%A0%D7%95%D7%9F/%D7%91%D7%99%D7%AA%20%D7%94%D7%9B%D7%A8%D7%9D%20%D7%A9%D7%9C%D7%91%20%D7%90%27/%D7%91%D7%99%D7%AA%20%D7%94%D7%9</SimpleData>
		<SimpleData name="Framework">בדיקת היתכנות</SimpleData>
		<SimpleData name="Engineer"></SimpleData>
		<SimpleData name="Director"></SimpleData>
		<SimpleData name="Architect"></SimpleData>
		<SimpleData name="respons"></SimpleData>
		<SimpleData name="V39"></SimpleData>
	</SchemaData></ExtendedData>
      <MultiGeometry><LineString><coordinates>35.195607,31.781458,0 35.195503,31.781593,0 35.195256,31.781708,0 35.194794,31.781777,0 35.193796,31.78183,0 35.19343,31.781918,0 35.192975,31.782037,0 35.192883,31.782037,0</coordinates></LineString></MultiGeometry>
  </Placemark>
  <Placemark>
	<name></name>
	<description>תיאור: &lt;br&gt;PartName: הסדנא&lt;br&gt;StreetName: הסדנא&lt;br&gt;status_tex: בדיקת היתכנות&lt;br&gt;openyear_n: 0&lt;br&gt;BPHTtype: 0&lt;br&gt;usable: 0&lt;br&gt;infra: 0&lt;br&gt;roadtype: 0&lt;br&gt;BPHdir: 0.00000000000&lt;br&gt;BPHplace: 0&lt;br&gt;DIRtype: 0&lt;br&gt;DIRTraffic: 0&lt;br&gt;TOPOLOGY: 0&lt;br&gt;DIV_Veh: 0&lt;br&gt;DIV_Walk: 0&lt;br&gt;Signpost: 0&lt;br&gt;Parking: 0&lt;br&gt;LEVEL_: 0&lt;br&gt;PAINT: 0&lt;br&gt;TREES: 0&lt;br&gt;remarks: חלק מבדיקה מרחבית תלפיות&lt;br&gt;globalID: 0&lt;br&gt;id: 0&lt;br&gt;GlobalID_2: {946303c1-d106-481f-8cc1-34f3dfdc073d}&lt;br&gt;CreationDa: &lt;br&gt;Creator: &lt;br&gt;EditDate: &lt;br&gt;Editor: &lt;br&gt;Shape__Len: 319.22601105500&lt;br&gt;Link: &lt;br&gt;Framework: בדיקת היתכנות&lt;br&gt;Engineer: &lt;br&gt;Director: חיים פלאי&lt;br&gt;Architect: &lt;br&gt;respons: אביעד</description>
	<Style><LineStyle><color>ff0000ff</color></LineStyle><PolyStyle><fill>0</fill></PolyStyle></Style>
	<ExtendedData><SchemaData schemaUrl="#bike_lanes_check">
		<SimpleData name="WKT">GEOMETRYCOLLECTION (LINESTRING (35.213454 31.750324, 35.213453 31.750324), LINESTRING (35.213453 31.750324, 35.213429 31.750251), LINESTRING (35.213453 31.750324, 35.213334 31.750374, 35.213251 31.750324, 35.213091 31.750238, 35.212613 31.750048, 35.211978 31.749822, 35.2112 31.749525, 35.210816 31.749384, 35.210816 31.749379, 35.210719 31.749334), LINESTRING (35.213647 31.750465, 35.213454 31.750327, 35.213453 31.750324))</SimpleData>
		<SimpleData name="PartName">הסדנא</SimpleData>
		<SimpleData name="StreetName">הסדנא</SimpleData>
		<SimpleData name="status_tex">בדיקת היתכנות</SimpleData>
		<SimpleData name="openyear_n">0</SimpleData>
		<SimpleData name="BPHTtype">0</SimpleData>
		<SimpleData name="usable">0</SimpleData>
		<SimpleData name="infra">0</SimpleData>
		<SimpleData name="roadtype">0</SimpleData>
		<SimpleData name="BPHdir">0</SimpleData>
		<SimpleData name="BPHplace">0</SimpleData>
		<SimpleData name="DIRtype">0</SimpleData>
		<SimpleData name="DIRTraffic">0</SimpleData>
		<SimpleData name="TOPOLOGY">0</SimpleData>
		<SimpleData name="DIV_Veh">0</SimpleData>
		<SimpleData name="DIV_Walk">0</SimpleData>
		<SimpleData name="Signpost">0</SimpleData>
		<SimpleData name="Parking">0</SimpleData>
		<SimpleData name="LEVEL_">0</SimpleData>
		<SimpleData name="PAINT">0</SimpleData>
		<SimpleData name="TREES">0</SimpleData>
		<SimpleData name="remarks">חלק מבדיקה מרחבית תלפיות</SimpleData>
		<SimpleData name="globalID">0</SimpleData>
		<SimpleData name="id">0</SimpleData>
		<SimpleData name="GlobalID_2">{946303c1-d106-481f-8cc1-34f3dfdc073d}</SimpleData>
		<SimpleData name="CreationDa"></SimpleData>
		<SimpleData name="Creator"></SimpleData>
		<SimpleData name="EditDate"></SimpleData>
		<SimpleData name="Editor"></SimpleData>
		<SimpleData name="Shape__Len">319.22601105500</SimpleData>
		<SimpleData name="Link"></SimpleData>
		<SimpleData name="Framework">בדיקת היתכנות</SimpleData>
		<SimpleData name="Engineer"></SimpleData>
		<SimpleData name="Director">חיים פלאי</SimpleData>
		<SimpleData name="Architect"></SimpleData>
		<SimpleData name="respons">אביעד</SimpleData>
		<SimpleData name="V39"></SimpleData>
	</SchemaData></ExtendedData>
      <MultiGeometry><LineString><coordinates>35.213454,31.750324 35.213453,31.750324</coordinates></LineString><LineString><coordinates>35.213453,31.750324 35.213429,31.750251</coordinates></LineString><LineString><coordinates>35.213453,31.750324 35.213334,31.750374 35.213251,31.750324 35.213091,31.750238 35.212613,31.750048 35.211978,31.749822 35.2112,31.749525 35.210816,31.749384 35.210816,31.749379 35.210719,31.749334</coordinates></LineString><LineString><coordinates>35.213647,31.750465 35.213454,31.750327 35.213453,31.750324</coordinates></LineString></MultiGeometry>
  </Placemark>
  <Placemark>
	<name></name>
	<description>תיאור: &lt;br&gt;PartName: קוליץ-מלחה&lt;br&gt;StreetName: גשר קוליץ-מלחה&lt;br&gt;status_tex: בדיקת היתכנות&lt;br&gt;openyear_n: 0&lt;br&gt;BPHTtype: 0&lt;br&gt;usable: 0&lt;br&gt;infra: 0&lt;br&gt;roadtype: 0&lt;br&gt;BPHdir: 0.00000000000&lt;br&gt;BPHplace: 0&lt;br&gt;DIRtype: 0&lt;br&gt;DIRTraffic: 0&lt;br&gt;TOPOLOGY: 0&lt;br&gt;DIV_Veh: 0&lt;br&gt;DIV_Walk: 0&lt;br&gt;Signpost: 0&lt;br&gt;Parking: 0&lt;br&gt;LEVEL_: 0&lt;br&gt;PAINT: 0&lt;br&gt;TREES: 0&lt;br&gt;remarks: צתאל- לבדוק את המיקום של הציר שנכנס&lt;br&gt;globalID: 0&lt;br&gt;id: 0&lt;br&gt;GlobalID_2: {1738df76-738e-4c1c-96e0-6cc3a737cbd5}&lt;br&gt;CreationDa: &lt;br&gt;Creator: &lt;br&gt;EditDate: &lt;br&gt;Editor: &lt;br&gt;Shape__Len: 1098.41470343000&lt;br&gt;Link: https://jtmt.sharepoint.com/:f:/r/sites/ModelsDepartment/StrategicPlanningDepartment/DocLib1/%D7%A4%D7%A8%D7%95%D7%99%D7%99%D7%A7%D7%98%D7%99%D7%9D%20%D7%90%D7%95%D7%A4%D7%A0%D7%99%D7%99%D7%9D/%D7%A2%D7%99%D7%A8%D7%99%D7%99%D7%94/%D7%9E%D7%A0%D7%94%D7%A8&lt;br&gt;Framework: בדיקת היתכנות ראשונית&lt;br&gt;Engineer: &lt;br&gt;Director: &lt;br&gt;Architect: &lt;br&gt;respons: </description>
	<Style><LineStyle><color>ff0000ff</color></LineStyle><PolyStyle><fill>0</fill></PolyStyle></Style>
	<ExtendedData><SchemaData schemaUrl="#bike_lanes_check">
		<SimpleData name="WKT">LINESTRING (35.180634 31.753867, 35.178716 31.751193, 35.179158 31.750488, 35.180367 31.749751, 35.183284 31.748685, 35.184129 31.748882, 35.18482 31.749226, 35.185088 31.749735)</SimpleData>
		<SimpleData name="PartName">קוליץ-מלחה</SimpleData>
		<SimpleData name="StreetName">גשר קוליץ-מלחה</SimpleData>
		<SimpleData name="status_tex">בדיקת היתכנות</SimpleData>
		<SimpleData name="openyear_n">0</SimpleData>
		<SimpleData name="BPHTtype">0</SimpleData>
		<SimpleData name="usable">0</SimpleData>
		<SimpleData name="infra">0</SimpleData>
		<SimpleData name="roadtype">0</SimpleData>
		<SimpleData name="BPHdir">0</SimpleData>
		<SimpleData name="BPHplace">0</SimpleData>
		<SimpleData name="DIRtype">0</SimpleData>
		<SimpleData name="DIRTraffic">0</SimpleData>
		<SimpleData name="TOPOLOGY">0</SimpleData>
		<SimpleData name="DIV_Veh">0</SimpleData>
		<SimpleData name="DIV_Walk">0</SimpleData>
		<SimpleData name="Signpost">0</SimpleData>
		<SimpleData name="Parking">0</SimpleData>
		<SimpleData name="LEVEL_">0</SimpleData>
		<SimpleData name="PAINT">0</SimpleData>
		<SimpleData name="TREES">0</SimpleData>
		<SimpleData name="remarks">צתאל- לבדוק את המיקום של הציר שנכנס</SimpleData>
		<SimpleData name="globalID">0</SimpleData>
		<SimpleData name="id">0</SimpleData>
		<SimpleData name="GlobalID_2">{1738df76-738e-4c1c-96e0-6cc3a737cbd5}</SimpleData>
		<SimpleData name="CreationDa"></SimpleData>
		<SimpleData name="Creator"></SimpleData>
		<SimpleData name="EditDate"></SimpleData>
		<SimpleData name="Editor"></SimpleData>
		<SimpleData name="Shape__Len">1098.41470343000</SimpleData>
		<SimpleData name="Link">https://jtmt.sharepoint.com/:f:/r/sites/ModelsDepartment/StrategicPlanningDepartment/DocLib1/%D7%A4%D7%A8%D7%95%D7%99%D7%99%D7%A7%D7%98%D7%99%D7%9D%20%D7%90%D7%95%D7%A4%D7%A0%D7%99%D7%99%D7%9D/%D7%A2%D7%99%D7%A8%D7%99%D7%99%D7%94/%D7%9E%D7%A0%D7%94%D7%A8</SimpleData>
		<SimpleData name="Framework">בדיקת היתכנות ראשונית</SimpleData>
		<SimpleData name="Engineer"></SimpleData>
		<SimpleData name="Director"></SimpleData>
		<SimpleData name="Architect"></SimpleData>
		<SimpleData name="respons"></SimpleData>
		<SimpleData name="V39"></SimpleData>
	</SchemaData></ExtendedData>
      <MultiGeometry><LineString><coordinates>35.180634,31.753867,0 35.178716,31.751193,0 35.179158,31.750488,0 35.180367,31.749751,0 35.183284,31.748685,0 35.184129,31.748882,0 35.18482,31.749226,0 35.185088,31.749735,0</coordinates></LineString></MultiGeometry>
  </Placemark>
  <Placemark>
	<name></name>
	<description>תיאור: &lt;br&gt;PartName: קק&quot;ל&lt;br&gt;StreetName: קק&quot;ל&lt;br&gt;status_tex: בדיקת היתכנות&lt;br&gt;openyear_n: 0&lt;br&gt;BPHTtype: 0&lt;br&gt;usable: 0&lt;br&gt;infra: 0&lt;br&gt;roadtype: 0&lt;br&gt;BPHdir: 0.00000000000&lt;br&gt;BPHplace: 0&lt;br&gt;DIRtype: 0&lt;br&gt;DIRTraffic: 0&lt;br&gt;TOPOLOGY: 0&lt;br&gt;DIV_Veh: 0&lt;br&gt;DIV_Walk: 0&lt;br&gt;Signpost: 0&lt;br&gt;Parking: 0&lt;br&gt;LEVEL_: 0&lt;br&gt;PAINT: 0&lt;br&gt;TREES: 0&lt;br&gt;remarks: מתוכנן כדרך משולבת&lt;br&gt;globalID: 0&lt;br&gt;id: 0&lt;br&gt;GlobalID_2: {ac04f1fb-6bc5-45bc-b1b6-4bb0cf42eb1a}&lt;br&gt;CreationDa: &lt;br&gt;Creator: &lt;br&gt;EditDate: &lt;br&gt;Editor: &lt;br&gt;Shape__Len: 208.08195420800&lt;br&gt;Link: https://jtmt.sharepoint.com/:b:/r/sites/ModelsDepartment/StrategicPlanningDepartment/DocLib1/%D7%A4%D7%A8%D7%95%D7%99%D7%99%D7%A7%D7%98%D7%99%D7%9D%20%D7%90%D7%95%D7%A4%D7%A0%D7%99%D7%99%D7%9D/%D7%A2%D7%99%D7%A8%D7%99%D7%99%D7%94/%D7%A2%D7%99%D7%A8%D7%99&lt;br&gt;Framework: בדיקת היתכנות&lt;br&gt;Engineer: &lt;br&gt;Director: רולי פלד&lt;br&gt;Architect: &lt;br&gt;respons: אורן</description>
	<Style><LineStyle><color>ff0000ff</color></LineStyle><PolyStyle><fill>0</fill></PolyStyle></Style>
	<ExtendedData><SchemaData schemaUrl="#bike_lanes_check">
		<SimpleData name="WKT">LINESTRING (35.213148 31.776781, 35.213151 31.77678, 35.213294 31.776822, 35.213806 31.776788, 35.213944 31.776717, 35.214058 31.776691, 35.214186 31.776691, 35.2144 31.776731, 35.214589 31.776813, 35.214704 31.776865, 35.214832 31.776886, 35.215255 31.776951)</SimpleData>
		<SimpleData name="PartName">קק&quot;ל</SimpleData>
		<SimpleData name="StreetName">קק&quot;ל</SimpleData>
		<SimpleData name="status_tex">בדיקת היתכנות</SimpleData>
		<SimpleData name="openyear_n">0</SimpleData>
		<SimpleData name="BPHTtype">0</SimpleData>
		<SimpleData name="usable">0</SimpleData>
		<SimpleData name="infra">0</SimpleData>
		<SimpleData name="roadtype">0</SimpleData>
		<SimpleData name="BPHdir">0</SimpleData>
		<SimpleData name="BPHplace">0</SimpleData>
		<SimpleData name="DIRtype">0</SimpleData>
		<SimpleData name="DIRTraffic">0</SimpleData>
		<SimpleData name="TOPOLOGY">0</SimpleData>
		<SimpleData name="DIV_Veh">0</SimpleData>
		<SimpleData name="DIV_Walk">0</SimpleData>
		<SimpleData name="Signpost">0</SimpleData>
		<SimpleData name="Parking">0</SimpleData>
		<SimpleData name="LEVEL_">0</SimpleData>
		<SimpleData name="PAINT">0</SimpleData>
		<SimpleData name="TREES">0</SimpleData>
		<SimpleData name="remarks">מתוכנן כדרך משולבת</SimpleData>
		<SimpleData name="globalID">0</SimpleData>
		<SimpleData name="id">0</SimpleData>
		<SimpleData name="GlobalID_2">{ac04f1fb-6bc5-45bc-b1b6-4bb0cf42eb1a}</SimpleData>
		<SimpleData name="CreationDa"></SimpleData>
		<SimpleData name="Creator"></SimpleData>
		<SimpleData name="EditDate"></SimpleData>
		<SimpleData name="Editor"></SimpleData>
		<SimpleData name="Shape__Len">208.08195420800</SimpleData>
		<SimpleData name="Link">https://jtmt.sharepoint.com/:b:/r/sites/ModelsDepartment/StrategicPlanningDepartment/DocLib1/%D7%A4%D7%A8%D7%95%D7%99%D7%99%D7%A7%D7%98%D7%99%D7%9D%20%D7%90%D7%95%D7%A4%D7%A0%D7%99%D7%99%D7%9D/%D7%A2%D7%99%D7%A8%D7%99%D7%99%D7%94/%D7%A2%D7%99%D7%A8%D7%99</SimpleData>
		<SimpleData name="Framework">בדיקת היתכנות</SimpleData>
		<SimpleData name="Engineer"></SimpleData>
		<SimpleData name="Director">רולי פלד</SimpleData>
		<SimpleData name="Architect"></SimpleData>
		<SimpleData name="respons">אורן</SimpleData>
		<SimpleData name="V39"></SimpleData>
	</SchemaData></ExtendedData>
      <MultiGeometry><LineString><coordinates>35.213148,31.776781,0 35.213151,31.77678,0 35.213294,31.776822,0 35.213806,31.776788,0 35.213944,31.776717,0 35.214058,31.776691,0 35.214186,31.776691,0 35.2144,31.776731,0 35.214589,31.776813,0 35.214704,31.776865,0 35.214832,31.776886,0 35.215255,31.776951,0</coordinates></LineString></MultiGeometry>
  </Placemark>
  <Placemark>
	<name></name>
	<description>תיאור: &lt;br&gt;PartName: התעשייה&lt;br&gt;StreetName: התעשייה&lt;br&gt;status_tex: בדיקת היתכנות&lt;br&gt;openyear_n: 0&lt;br&gt;BPHTtype: 0&lt;br&gt;usable: 0&lt;br&gt;infra: 0&lt;br&gt;roadtype: 0&lt;br&gt;BPHdir: 0.00000000000&lt;br&gt;BPHplace: 0&lt;br&gt;DIRtype: 0&lt;br&gt;DIRTraffic: 0&lt;br&gt;TOPOLOGY: 0&lt;br&gt;DIV_Veh: 0&lt;br&gt;DIV_Walk: 0&lt;br&gt;Signpost: 0&lt;br&gt;Parking: 0&lt;br&gt;LEVEL_: 0&lt;br&gt;PAINT: 0&lt;br&gt;TREES: 0&lt;br&gt;remarks: &lt;br&gt;globalID: 0&lt;br&gt;id: 0&lt;br&gt;GlobalID_2: {49aec84f-b7fe-4ceb-be73-bdfd3b35a495}&lt;br&gt;CreationDa: &lt;br&gt;Creator: &lt;br&gt;EditDate: &lt;br&gt;Editor: &lt;br&gt;Shape__Len: 233.12586417700&lt;br&gt;Link: https://jtmt.sharepoint.com/:p:/r/sites/ModelsDepartment/StrategicPlanningDepartment/DocLib1/%D7%A4%D7%A8%D7%95%D7%99%D7%99%D7%A7%D7%98%D7%99%D7%9D%20%D7%90%D7%95%D7%A4%D7%A0%D7%99%D7%99%D7%9D/%D7%AA%D7%9B%D7%A0%D7%99%D7%95%D7%AA%20%D7%9C%D7%9E%D7%99%D7%&lt;br&gt;Framework: בדיקת היתכנות מת&quot;י&lt;br&gt;Engineer: &lt;br&gt;Director: &lt;br&gt;Architect: &lt;br&gt;respons: </description>
	<Style><LineStyle><color>ff0000ff</color></LineStyle><PolyStyle><fill>0</fill></PolyStyle></Style>
	<ExtendedData><SchemaData schemaUrl="#bike_lanes_check">
		<SimpleData name="WKT">LINESTRING (35.215667 31.750482, 35.215158 31.749312, 35.214904 31.748849, 35.214617 31.74861)</SimpleData>
		<SimpleData name="PartName">התעשייה</SimpleData>
		<SimpleData name="StreetName">התעשייה</SimpleData>
		<SimpleData name="status_tex">בדיקת היתכנות</SimpleData>
		<SimpleData name="openyear_n">0</SimpleData>
		<SimpleData name="BPHTtype">0</SimpleData>
		<SimpleData name="usable">0</SimpleData>
		<SimpleData name="infra">0</SimpleData>
		<SimpleData name="roadtype">0</SimpleData>
		<SimpleData name="BPHdir">0</SimpleData>
		<SimpleData name="BPHplace">0</SimpleData>
		<SimpleData name="DIRtype">0</SimpleData>
		<SimpleData name="DIRTraffic">0</SimpleData>
		<SimpleData name="TOPOLOGY">0</SimpleData>
		<SimpleData name="DIV_Veh">0</SimpleData>
		<SimpleData name="DIV_Walk">0</SimpleData>
		<SimpleData name="Signpost">0</SimpleData>
		<SimpleData name="Parking">0</SimpleData>
		<SimpleData name="LEVEL_">0</SimpleData>
		<SimpleData name="PAINT">0</SimpleData>
		<SimpleData name="TREES">0</SimpleData>
		<SimpleData name="remarks"></SimpleData>
		<SimpleData name="globalID">0</SimpleData>
		<SimpleData name="id">0</SimpleData>
		<SimpleData name="GlobalID_2">{49aec84f-b7fe-4ceb-be73-bdfd3b35a495}</SimpleData>
		<SimpleData name="CreationDa"></SimpleData>
		<SimpleData name="Creator"></SimpleData>
		<SimpleData name="EditDate"></SimpleData>
		<SimpleData name="Editor"></SimpleData>
		<SimpleData name="Shape__Len">233.12586417700</SimpleData>
		<SimpleData name="Link">https://jtmt.sharepoint.com/:p:/r/sites/ModelsDepartment/StrategicPlanningDepartment/DocLib1/%D7%A4%D7%A8%D7%95%D7%99%D7%99%D7%A7%D7%98%D7%99%D7%9D%20%D7%90%D7%95%D7%A4%D7%A0%D7%99%D7%99%D7%9D/%D7%AA%D7%9B%D7%A0%D7%99%D7%95%D7%AA%20%D7%9C%D7%9E%D7%99%D7%</SimpleData>
		<SimpleData name="Framework">בדיקת היתכנות מת&quot;י</SimpleData>
		<SimpleData name="Engineer"></SimpleData>
		<SimpleData name="Director"></SimpleData>
		<SimpleData name="Architect"></SimpleData>
		<SimpleData name="respons"></SimpleData>
		<SimpleData name="V39"></SimpleData>
	</SchemaData></ExtendedData>
      <MultiGeometry><LineString><coordinates>35.215667,31.750482,0 35.215158,31.749312,0 35.214904,31.748849,0 35.214617,31.74861,0</coordinates></LineString></MultiGeometry>
  </Placemark>
  <Placemark>
	<name></name>
	<description>תיאור: &lt;br&gt;PartName: דרך בית לחם&lt;br&gt;StreetName: דרך בית לחם&lt;br&gt;status_tex: בדיקת היתכנות&lt;br&gt;openyear_n: 0&lt;br&gt;BPHTtype: 0&lt;br&gt;usable: 0&lt;br&gt;infra: 0&lt;br&gt;roadtype: 0&lt;br&gt;BPHdir: 0.00000000000&lt;br&gt;BPHplace: 0&lt;br&gt;DIRtype: 0&lt;br&gt;DIRTraffic: 0&lt;br&gt;TOPOLOGY: 0&lt;br&gt;DIV_Veh: 0&lt;br&gt;DIV_Walk: 0&lt;br&gt;Signpost: 0&lt;br&gt;Parking: 0&lt;br&gt;LEVEL_: 0&lt;br&gt;PAINT: 0&lt;br&gt;TREES: 0&lt;br&gt;remarks: &lt;br&gt;globalID: 0&lt;br&gt;id: 0&lt;br&gt;GlobalID_2: {3c4cc503-ef39-4a77-ad97-5dbb934f1893}&lt;br&gt;CreationDa: &lt;br&gt;Creator: &lt;br&gt;EditDate: &lt;br&gt;Editor: &lt;br&gt;Shape__Len: 303.56768673600&lt;br&gt;Link: &lt;br&gt;Framework: חיים פלאי בדיקה מרחבית&lt;br&gt;Engineer: &lt;br&gt;Director: &lt;br&gt;Architect: &lt;br&gt;respons: אביעד</description>
	<Style><LineStyle><color>ff0000ff</color></LineStyle><PolyStyle><fill>0</fill></PolyStyle></Style>
	<ExtendedData><SchemaData schemaUrl="#bike_lanes_check">
		<SimpleData name="WKT">LINESTRING (35.219751 31.754197, 35.220594 31.75586, 35.22097 31.756717, 35.220974 31.756726)</SimpleData>
		<SimpleData name="PartName">דרך בית לחם</SimpleData>
		<SimpleData name="StreetName">דרך בית לחם</SimpleData>
		<SimpleData name="status_tex">בדיקת היתכנות</SimpleData>
		<SimpleData name="openyear_n">0</SimpleData>
		<SimpleData name="BPHTtype">0</SimpleData>
		<SimpleData name="usable">0</SimpleData>
		<SimpleData name="infra">0</SimpleData>
		<SimpleData name="roadtype">0</SimpleData>
		<SimpleData name="BPHdir">0</SimpleData>
		<SimpleData name="BPHplace">0</SimpleData>
		<SimpleData name="DIRtype">0</SimpleData>
		<SimpleData name="DIRTraffic">0</SimpleData>
		<SimpleData name="TOPOLOGY">0</SimpleData>
		<SimpleData name="DIV_Veh">0</SimpleData>
		<SimpleData name="DIV_Walk">0</SimpleData>
		<SimpleData name="Signpost">0</SimpleData>
		<SimpleData name="Parking">0</SimpleData>
		<SimpleData name="LEVEL_">0</SimpleData>
		<SimpleData name="PAINT">0</SimpleData>
		<SimpleData name="TREES">0</SimpleData>
		<SimpleData name="remarks"></SimpleData>
		<SimpleData name="globalID">0</SimpleData>
		<SimpleData name="id">0</SimpleData>
		<SimpleData name="GlobalID_2">{3c4cc503-ef39-4a77-ad97-5dbb934f1893}</SimpleData>
		<SimpleData name="CreationDa"></SimpleData>
		<SimpleData name="Creator"></SimpleData>
		<SimpleData name="EditDate"></SimpleData>
		<SimpleData name="Editor"></SimpleData>
		<SimpleData name="Shape__Len">303.56768673600</SimpleData>
		<SimpleData name="Link"></SimpleData>
		<SimpleData name="Framework">חיים פלאי בדיקה מרחבית</SimpleData>
		<SimpleData name="Engineer"></SimpleData>
		<SimpleData name="Director"></SimpleData>
		<SimpleData name="Architect"></SimpleData>
		<SimpleData name="respons">אביעד</SimpleData>
		<SimpleData name="V39"></SimpleData>
	</SchemaData></ExtendedData>
      <MultiGeometry><LineString><coordinates>35.219751,31.754197,0 35.220594,31.75586,0 35.22097,31.756717,0 35.220974,31.756726,0</coordinates></LineString></MultiGeometry>
  </Placemark>
  <Placemark>
	<name></name>
	<description>תיאור: &lt;br&gt;PartName: הרצל&lt;br&gt;StreetName: הרצל&lt;br&gt;status_tex: בדיקת היתכנות&lt;br&gt;openyear_n: 0&lt;br&gt;BPHTtype: 0&lt;br&gt;usable: 0&lt;br&gt;infra: 0&lt;br&gt;roadtype: 0&lt;br&gt;BPHdir: 0.00000000000&lt;br&gt;BPHplace: 0&lt;br&gt;DIRtype: 0&lt;br&gt;DIRTraffic: 0&lt;br&gt;TOPOLOGY: 0&lt;br&gt;DIV_Veh: 0&lt;br&gt;DIV_Walk: 0&lt;br&gt;Signpost: 0&lt;br&gt;Parking: 0&lt;br&gt;LEVEL_: 0&lt;br&gt;PAINT: 0&lt;br&gt;TREES: 0&lt;br&gt;remarks: &lt;br&gt;globalID: 0&lt;br&gt;id: 0&lt;br&gt;GlobalID_2: {21dcec75-924e-41df-9bbf-86181f1e07a9}&lt;br&gt;CreationDa: &lt;br&gt;Creator: &lt;br&gt;EditDate: &lt;br&gt;Editor: &lt;br&gt;Shape__Len: 682.46674978700&lt;br&gt;Link: https://jtmt.sharepoint.com/:p:/r/sites/EngineeringDepartment/PlanningDivision/DocLib3/%D7%A6%D7%AA%D7%90%D7%9C/%D7%AA%D7%9B%D7%A0%D7%95%D7%9F/%D7%91%D7%99%D7%AA%20%D7%94%D7%9B%D7%A8%D7%9D%20%D7%A9%D7%9C%D7%91%20%D7%90%27/%D7%91%D7%99%D7%AA%20%D7%94%D7%9&lt;br&gt;Framework: מאיץ ד&lt;br&gt;Engineer: &lt;br&gt;Director: &lt;br&gt;Architect: &lt;br&gt;respons: </description>
	<Style><LineStyle><color>ff0000ff</color></LineStyle><PolyStyle><fill>0</fill></PolyStyle></Style>
	<ExtendedData><SchemaData schemaUrl="#bike_lanes_check">
		<SimpleData name="WKT">GEOMETRYCOLLECTION (LINESTRING (35.192186 31.782688, 35.194397 31.783136), LINESTRING (35.194362 31.783128, 35.194397 31.783136), LINESTRING (35.194397 31.783136, 35.194955 31.783264, 35.195717 31.783588, 35.198041 31.785786))</SimpleData>
		<SimpleData name="PartName">הרצל</SimpleData>
		<SimpleData name="StreetName">הרצל</SimpleData>
		<SimpleData name="status_tex">בדיקת היתכנות</SimpleData>
		<SimpleData name="openyear_n">0</SimpleData>
		<SimpleData name="BPHTtype">0</SimpleData>
		<SimpleData name="usable">0</SimpleData>
		<SimpleData name="infra">0</SimpleData>
		<SimpleData name="roadtype">0</SimpleData>
		<SimpleData name="BPHdir">0</SimpleData>
		<SimpleData name="BPHplace">0</SimpleData>
		<SimpleData name="DIRtype">0</SimpleData>
		<SimpleData name="DIRTraffic">0</SimpleData>
		<SimpleData name="TOPOLOGY">0</SimpleData>
		<SimpleData name="DIV_Veh">0</SimpleData>
		<SimpleData name="DIV_Walk">0</SimpleData>
		<SimpleData name="Signpost">0</SimpleData>
		<SimpleData name="Parking">0</SimpleData>
		<SimpleData name="LEVEL_">0</SimpleData>
		<SimpleData name="PAINT">0</SimpleData>
		<SimpleData name="TREES">0</SimpleData>
		<SimpleData name="remarks"></SimpleData>
		<SimpleData name="globalID">0</SimpleData>
		<SimpleData name="id">0</SimpleData>
		<SimpleData name="GlobalID_2">{21dcec75-924e-41df-9bbf-86181f1e07a9}</SimpleData>
		<SimpleData name="CreationDa"></SimpleData>
		<SimpleData name="Creator"></SimpleData>
		<SimpleData name="EditDate"></SimpleData>
		<SimpleData name="Editor"></SimpleData>
		<SimpleData name="Shape__Len">682.46674978700</SimpleData>
		<SimpleData name="Link">https://jtmt.sharepoint.com/:p:/r/sites/EngineeringDepartment/PlanningDivision/DocLib3/%D7%A6%D7%AA%D7%90%D7%9C/%D7%AA%D7%9B%D7%A0%D7%95%D7%9F/%D7%91%D7%99%D7%AA%20%D7%94%D7%9B%D7%A8%D7%9D%20%D7%A9%D7%9C%D7%91%20%D7%90%27/%D7%91%D7%99%D7%AA%20%D7%94%D7%9</SimpleData>
		<SimpleData name="Framework">מאיץ ד</SimpleData>
		<SimpleData name="Engineer"></SimpleData>
		<SimpleData name="Director"></SimpleData>
		<SimpleData name="Architect"></SimpleData>
		<SimpleData name="respons"></SimpleData>
		<SimpleData name="V39"></SimpleData>
	</SchemaData></ExtendedData>
      <MultiGeometry><LineString><coordinates>35.192186,31.782688 35.194397,31.783136</coordinates></LineString><LineString><coordinates>35.194362,31.783128 35.194397,31.783136</coordinates></LineString><LineString><coordinates>35.194397,31.783136 35.194955,31.783264 35.195717,31.783588 35.198041,31.785786</coordinates></LineString></MultiGeometry>
  </Placemark>
</Folder>
</Document></kml>
