<?xml version="1.0" encoding="utf-8" ?>
<kml xmlns="http://www.opengis.net/kml/2.2">
<Document id="root_doc">
<Schema name="bike_lanes_construction" id="bike_lanes_construction">
	<SimpleField name="WKT" type="string"></SimpleField>
	<SimpleField name="שם" type="int"></SimpleField>
	<SimpleField name="תיאור" type="int"></SimpleField>
	<SimpleField name="PartName" type="string"></SimpleField>
	<SimpleField name="StreetName" type="string"></SimpleField>
	<SimpleField name="status_tex" type="string"></SimpleField>
	<SimpleField name="openyear_n" type="string"></SimpleField>
	<SimpleField name="BPHTtype" type="int"></SimpleField>
	<SimpleField name="usable" type="int"></SimpleField>
	<SimpleField name="infra" type="int"></SimpleField>
	<SimpleField name="roadtype" type="int"></SimpleField>
	<SimpleField name="BPHdir" type="float"></SimpleField>
	<SimpleField name="BPHplace" type="float"></SimpleField>
	<SimpleField name="DIRtype" type="int"></SimpleField>
	<SimpleField name="DIRTraffic" type="int"></SimpleField>
	<SimpleField name="TOPOLOGY" type="int"></SimpleField>
	<SimpleField name="DIV_Veh" type="int"></SimpleField>
	<SimpleField name="DIV_Walk" type="int"></SimpleField>
	<SimpleField name="Signpost" type="int"></SimpleField>
	<SimpleField name="Parking" type="int"></SimpleField>
	<SimpleField name="LEVEL_" type="int"></SimpleField>
	<SimpleField name="PAINT" type="int"></SimpleField>
	<SimpleField name="TREES" type="int"></SimpleField>
	<SimpleField name="remarks" type="string"></SimpleField>
	<SimpleField name="globalID" type="string"></SimpleField>
	<SimpleField name="id" type="int"></SimpleField>
	<SimpleField name="GlobalID_2" type="string"></SimpleField>
	<SimpleField name="CreationDa" type="string"></SimpleField>
	<SimpleField name="Creator" type="string"></SimpleField>
	<SimpleField name="EditDate" type="string"></SimpleField>
	<SimpleField name="Editor" type="string"></SimpleField>
	<SimpleField name="Shape__Len" type="string"></SimpleField>
	<SimpleField name="Link" type="string"></SimpleField>
	<SimpleField name="Framework" type="string"></SimpleField>
	<SimpleField name="Engineer" type="string"></SimpleField>
	<SimpleField name="Director" type="string"></SimpleField>
	<SimpleField name="Architect" type="string"></SimpleField>
	<SimpleField name="respons" type="string"></SimpleField>
	<SimpleField name="V39" type="string"></SimpleField>
</Schema>
<Folder><name>bike_lanes_construction</name>
  <Placemark>
	<name></name>
	<description>תיאור: &lt;br&gt;PartName: דוד בנבנישתי&lt;br&gt;StreetName: דוד בנבנישתי&lt;br&gt;status_tex: בביצוע&lt;br&gt;openyear_n: 0&lt;br&gt;BPHTtype: 1&lt;br&gt;usable: 1&lt;br&gt;infra: 1&lt;br&gt;roadtype: 7&lt;br&gt;BPHdir: 0.00000000000&lt;br&gt;BPHplace: 5&lt;br&gt;DIRtype: 2&lt;br&gt;DIRTraffic: 9&lt;br&gt;TOPOLOGY: 0&lt;br&gt;DIV_Veh: 9&lt;br&gt;DIV_Walk: 3&lt;br&gt;Signpost: 999&lt;br&gt;Parking: 9&lt;br&gt;LEVEL_: 1&lt;br&gt;PAINT: 0&lt;br&gt;TREES: 1&lt;br&gt;remarks: לינק DWG https://jtmt.sharepoint.com/:f:/r/sites/ModelsDepartment/StrategicPlanningDepartment/DocLib1/%D7%A4%D7%A8%D7%95%D7%99%D7%99%D7%A7%D7%98%D7%99%D7%9D%20%D7%90%D7%95%D7%A4%D7%A0%D7%99%D7%99%D7%9D/%D7%A9%D7%95%D7%A0%D7%95%D7%AA%20%D7%90%D7%95%20&lt;br&gt;globalID: 0&lt;br&gt;id: 255&lt;br&gt;GlobalID_2: {b7ab0da0-684a-4a99-81db-b6e066185222}&lt;br&gt;CreationDa: 2025/08/25&lt;br&gt;Creator: JTMTJTMT&lt;br&gt;EditDate: 2025/08/25&lt;br&gt;Editor: JTMTJTMT&lt;br&gt;Shape__Len: 133.37392052200&lt;br&gt;Link: https://jtmt.sharepoint.com/:f:/r/sites/ModelsDepartment/StrategicPlanningDepartment/DocLib1/%D7%A4%D7%A8%D7%95%D7%99%D7%99%D7%A7%D7%98%D7%99%D7%9D%20%D7%90%D7%95%D7%A4%D7%A0%D7%99%D7%99%D7%9D/%D7%A9%D7%95%D7%A0%D7%95%D7%AA%20%D7%90%D7%95%20%D7%9E%D7%99%&lt;br&gt;Framework: &lt;br&gt;Engineer: &lt;br&gt;Director: &lt;br&gt;Architect: &lt;br&gt;respons: </description>
	<Style><LineStyle><color>ff0000ff</color></LineStyle><PolyStyle><fill>0</fill></PolyStyle></Style>
	<ExtendedData><SchemaData schemaUrl="#bike_lanes_construction">
		<SimpleData name="WKT">LINESTRING (35.191148 31.749103, 35.191204 31.749127, 35.191254 31.749149, 35.191374 31.749162, 35.191512 31.749174, 35.191702 31.749196, 35.192044 31.749242, 35.192184 31.749276, 35.192306 31.749305, 35.192377 31.749327, 35.192411 31.749347, 35.192463 31.74937, 35.192501 31.749387)</SimpleData>
		<SimpleData name="PartName">דוד בנבנישתי</SimpleData>
		<SimpleData name="StreetName">דוד בנבנישתי</SimpleData>
		<SimpleData name="status_tex">בביצוע</SimpleData>
		<SimpleData name="openyear_n">0</SimpleData>
		<SimpleData name="BPHTtype">1</SimpleData>
		<SimpleData name="usable">1</SimpleData>
		<SimpleData name="infra">1</SimpleData>
		<SimpleData name="roadtype">7</SimpleData>
		<SimpleData name="BPHdir">0</SimpleData>
		<SimpleData name="BPHplace">5</SimpleData>
		<SimpleData name="DIRtype">2</SimpleData>
		<SimpleData name="DIRTraffic">9</SimpleData>
		<SimpleData name="TOPOLOGY">0</SimpleData>
		<SimpleData name="DIV_Veh">9</SimpleData>
		<SimpleData name="DIV_Walk">3</SimpleData>
		<SimpleData name="Signpost">999</SimpleData>
		<SimpleData name="Parking">9</SimpleData>
		<SimpleData name="LEVEL_">1</SimpleData>
		<SimpleData name="PAINT">0</SimpleData>
		<SimpleData name="TREES">1</SimpleData>
		<SimpleData name="remarks">לינק DWG https://jtmt.sharepoint.com/:f:/r/sites/ModelsDepartment/StrategicPlanningDepartment/DocLib1/%D7%A4%D7%A8%D7%95%D7%99%D7%99%D7%A7%D7%98%D7%99%D7%9D%20%D7%90%D7%95%D7%A4%D7%A0%D7%99%D7%99%D7%9D/%D7%A9%D7%95%D7%A0%D7%95%D7%AA%20%D7%90%D7%95%20</SimpleData>
		<SimpleData name="globalID">0</SimpleData>
		<SimpleData name="id">255</SimpleData>
		<SimpleData name="GlobalID_2">{b7ab0da0-684a-4a99-81db-b6e066185222}</SimpleData>
		<SimpleData name="CreationDa">2025/08/25</SimpleData>
		<SimpleData name="Creator">JTMTJTMT</SimpleData>
		<SimpleData name="EditDate">2025/08/25</SimpleData>
		<SimpleData name="Editor">JTMTJTMT</SimpleData>
		<SimpleData name="Shape__Len">133.37392052200</SimpleData>
		<SimpleData name="Link">https://jtmt.sharepoint.com/:f:/r/sites/ModelsDepartment/StrategicPlanningDepartment/DocLib1/%D7%A4%D7%A8%D7%95%D7%99%D7%99%D7%A7%D7%98%D7%99%D7%9D%20%D7%90%D7%95%D7%A4%D7%A0%D7%99%D7%99%D7%9D/%D7%A9%D7%95%D7%A0%D7%95%D7%AA%20%D7%90%D7%95%20%D7%9E%D7%99%</SimpleData>
		<SimpleData name="Framework"></SimpleData>
		<SimpleData name="Engineer"></SimpleData>
		<SimpleData name="Director"></SimpleData>
		<SimpleData name="Architect"></SimpleData>
		<SimpleData name="respons"></SimpleData>
		<SimpleData name="V39"></SimpleData>
	</SchemaData></ExtendedData>
      <MultiGeometry><LineString><coordinates>35.191148,31.749103,0 35.191204,31.749127,0 35.191254,31.749149,0 35.191374,31.749162,0 35.191512,31.749174,0 35.191702,31.749196,0 35.192044,31.749242,0 35.192184,31.749276,0 35.192306,31.749305,0 35.192377,31.749327,0 35.192411,31.749347,0 35.192463,31.74937,0 35.192501,31.749387,0</coordinates></LineString></MultiGeometry>
  </Placemark>
  <Placemark>
	<name></name>
	<description>תיאור: &lt;br&gt;PartName: דוד בנבנישתי&lt;br&gt;StreetName: דוד בנבנישתי&lt;br&gt;status_tex: בביצוע&lt;br&gt;openyear_n: 0&lt;br&gt;BPHTtype: 4&lt;br&gt;usable: 0&lt;br&gt;infra: 1&lt;br&gt;roadtype: 5&lt;br&gt;BPHdir: 0.00000000000&lt;br&gt;BPHplace: 1&lt;br&gt;DIRtype: 2&lt;br&gt;DIRTraffic: 9&lt;br&gt;TOPOLOGY: 0&lt;br&gt;DIV_Veh: 9&lt;br&gt;DIV_Walk: 9&lt;br&gt;Signpost: 999&lt;br&gt;Parking: 9&lt;br&gt;LEVEL_: 1&lt;br&gt;PAINT: 3&lt;br&gt;TREES: 9&lt;br&gt;remarks: לינק DWG https://jtmt.sharepoint.com/:f:/r/sites/ModelsDepartment/StrategicPlanningDepartment/DocLib1/%D7%A4%D7%A8%D7%95%D7%99%D7%99%D7%A7%D7%98%D7%99%D7%9D%20%D7%90%D7%95%D7%A4%D7%A0%D7%99%D7%99%D7%9D/%D7%A9%D7%95%D7%A0%D7%95%D7%AA%20%D7%90%D7%95%20&lt;br&gt;globalID: 0&lt;br&gt;id: 255&lt;br&gt;GlobalID_2: {6957904c-b442-416d-9be1-364a2e324319}&lt;br&gt;CreationDa: 2025/08/25&lt;br&gt;Creator: JTMTJTMT&lt;br&gt;EditDate: 2025/08/25&lt;br&gt;Editor: JTMTJTMT&lt;br&gt;Shape__Len: 6.25028591390&lt;br&gt;Link: https://jtmt.sharepoint.com/:f:/r/sites/ModelsDepartment/StrategicPlanningDepartment/DocLib1/%D7%A4%D7%A8%D7%95%D7%99%D7%99%D7%A7%D7%98%D7%99%D7%9D%20%D7%90%D7%95%D7%A4%D7%A0%D7%99%D7%99%D7%9D/%D7%A9%D7%95%D7%A0%D7%95%D7%AA%20%D7%90%D7%95%20%D7%9E%D7%99%&lt;br&gt;Framework: &lt;br&gt;Engineer: &lt;br&gt;Director: &lt;br&gt;Architect: &lt;br&gt;respons: </description>
	<Style><LineStyle><color>ff0000ff</color></LineStyle><PolyStyle><fill>0</fill></PolyStyle></Style>
	<ExtendedData><SchemaData schemaUrl="#bike_lanes_construction">
		<SimpleData name="WKT">LINESTRING (35.192956 31.749508, 35.193021 31.749499)</SimpleData>
		<SimpleData name="PartName">דוד בנבנישתי</SimpleData>
		<SimpleData name="StreetName">דוד בנבנישתי</SimpleData>
		<SimpleData name="status_tex">בביצוע</SimpleData>
		<SimpleData name="openyear_n">0</SimpleData>
		<SimpleData name="BPHTtype">4</SimpleData>
		<SimpleData name="usable">0</SimpleData>
		<SimpleData name="infra">1</SimpleData>
		<SimpleData name="roadtype">5</SimpleData>
		<SimpleData name="BPHdir">0</SimpleData>
		<SimpleData name="BPHplace">1</SimpleData>
		<SimpleData name="DIRtype">2</SimpleData>
		<SimpleData name="DIRTraffic">9</SimpleData>
		<SimpleData name="TOPOLOGY">0</SimpleData>
		<SimpleData name="DIV_Veh">9</SimpleData>
		<SimpleData name="DIV_Walk">9</SimpleData>
		<SimpleData name="Signpost">999</SimpleData>
		<SimpleData name="Parking">9</SimpleData>
		<SimpleData name="LEVEL_">1</SimpleData>
		<SimpleData name="PAINT">3</SimpleData>
		<SimpleData name="TREES">9</SimpleData>
		<SimpleData name="remarks">לינק DWG https://jtmt.sharepoint.com/:f:/r/sites/ModelsDepartment/StrategicPlanningDepartment/DocLib1/%D7%A4%D7%A8%D7%95%D7%99%D7%99%D7%A7%D7%98%D7%99%D7%9D%20%D7%90%D7%95%D7%A4%D7%A0%D7%99%D7%99%D7%9D/%D7%A9%D7%95%D7%A0%D7%95%D7%AA%20%D7%90%D7%95%20</SimpleData>
		<SimpleData name="globalID">0</SimpleData>
		<SimpleData name="id">255</SimpleData>
		<SimpleData name="GlobalID_2">{6957904c-b442-416d-9be1-364a2e324319}</SimpleData>
		<SimpleData name="CreationDa">2025/08/25</SimpleData>
		<SimpleData name="Creator">JTMTJTMT</SimpleData>
		<SimpleData name="EditDate">2025/08/25</SimpleData>
		<SimpleData name="Editor">JTMTJTMT</SimpleData>
		<SimpleData name="Shape__Len">6.25028591390</SimpleData>
		<SimpleData name="Link">https://jtmt.sharepoint.com/:f:/r/sites/ModelsDepartment/StrategicPlanningDepartment/DocLib1/%D7%A4%D7%A8%D7%95%D7%99%D7%99%D7%A7%D7%98%D7%99%D7%9D%20%D7%90%D7%95%D7%A4%D7%A0%D7%99%D7%99%D7%9D/%D7%A9%D7%95%D7%A0%D7%95%D7%AA%20%D7%90%D7%95%20%D7%9E%D7%99%</SimpleData>
		<SimpleData name="Framework"></SimpleData>
		<SimpleData name="Engineer"></SimpleData>
		<SimpleData name="Director"></SimpleData>
		<SimpleData name="Architect"></SimpleData>
		<SimpleData name="respons"></SimpleData>
		<SimpleData name="V39"></SimpleData>
	</SchemaData></ExtendedData>
      <MultiGeometry><LineString><coordinates>35.192956,31.749508,0 35.193021,31.749499,0</coordinates></LineString></MultiGeometry>
  </Placemark>
  <Placemark>
	<name></name>
	<description>תיאור: &lt;br&gt;PartName: דוד בנבנישתי&lt;br&gt;StreetName: דוד בנבנישתי&lt;br&gt;status_tex: בביצוע&lt;br&gt;openyear_n: 0&lt;br&gt;BPHTtype: 4&lt;br&gt;usable: 1&lt;br&gt;infra: 1&lt;br&gt;roadtype: 5&lt;br&gt;BPHdir: 0.00000000000&lt;br&gt;BPHplace: 1&lt;br&gt;DIRtype: 2&lt;br&gt;DIRTraffic: 9&lt;br&gt;TOPOLOGY: 0&lt;br&gt;DIV_Veh: 9&lt;br&gt;DIV_Walk: 9&lt;br&gt;Signpost: 999&lt;br&gt;Parking: 9&lt;br&gt;LEVEL_: 0&lt;br&gt;PAINT: 3&lt;br&gt;TREES: 9&lt;br&gt;remarks: לינק DWG https://jtmt.sharepoint.com/:f:/r/sites/ModelsDepartment/StrategicPlanningDepartment/DocLib1/%D7%A4%D7%A8%D7%95%D7%99%D7%99%D7%A7%D7%98%D7%99%D7%9D%20%D7%90%D7%95%D7%A4%D7%A0%D7%99%D7%99%D7%9D/%D7%A9%D7%95%D7%A0%D7%95%D7%AA%20%D7%90%D7%95%20&lt;br&gt;globalID: 0&lt;br&gt;id: 255&lt;br&gt;GlobalID_2: {a87c8a1f-fd2b-4a0b-910b-230655a47834}&lt;br&gt;CreationDa: 2025/08/25&lt;br&gt;Creator: JTMTJTMT&lt;br&gt;EditDate: 2025/08/25&lt;br&gt;Editor: JTMTJTMT&lt;br&gt;Shape__Len: 5.95057478595&lt;br&gt;Link: https://jtmt.sharepoint.com/:f:/r/sites/ModelsDepartment/StrategicPlanningDepartment/DocLib1/%D7%A4%D7%A8%D7%95%D7%99%D7%99%D7%A7%D7%98%D7%99%D7%9D%20%D7%90%D7%95%D7%A4%D7%A0%D7%99%D7%99%D7%9D/%D7%A9%D7%95%D7%A0%D7%95%D7%AA%20%D7%90%D7%95%20%D7%9E%D7%99%&lt;br&gt;Framework: &lt;br&gt;Engineer: &lt;br&gt;Director: &lt;br&gt;Architect: &lt;br&gt;respons: </description>
	<Style><LineStyle><color>ff0000ff</color></LineStyle><PolyStyle><fill>0</fill></PolyStyle></Style>
	<ExtendedData><SchemaData schemaUrl="#bike_lanes_construction">
		<SimpleData name="WKT">LINESTRING (35.193073 31.749512, 35.193098 31.749528, 35.193121 31.749546)</SimpleData>
		<SimpleData name="PartName">דוד בנבנישתי</SimpleData>
		<SimpleData name="StreetName">דוד בנבנישתי</SimpleData>
		<SimpleData name="status_tex">בביצוע</SimpleData>
		<SimpleData name="openyear_n">0</SimpleData>
		<SimpleData name="BPHTtype">4</SimpleData>
		<SimpleData name="usable">1</SimpleData>
		<SimpleData name="infra">1</SimpleData>
		<SimpleData name="roadtype">5</SimpleData>
		<SimpleData name="BPHdir">0</SimpleData>
		<SimpleData name="BPHplace">1</SimpleData>
		<SimpleData name="DIRtype">2</SimpleData>
		<SimpleData name="DIRTraffic">9</SimpleData>
		<SimpleData name="TOPOLOGY">0</SimpleData>
		<SimpleData name="DIV_Veh">9</SimpleData>
		<SimpleData name="DIV_Walk">9</SimpleData>
		<SimpleData name="Signpost">999</SimpleData>
		<SimpleData name="Parking">9</SimpleData>
		<SimpleData name="LEVEL_">0</SimpleData>
		<SimpleData name="PAINT">3</SimpleData>
		<SimpleData name="TREES">9</SimpleData>
		<SimpleData name="remarks">לינק DWG https://jtmt.sharepoint.com/:f:/r/sites/ModelsDepartment/StrategicPlanningDepartment/DocLib1/%D7%A4%D7%A8%D7%95%D7%99%D7%99%D7%A7%D7%98%D7%99%D7%9D%20%D7%90%D7%95%D7%A4%D7%A0%D7%99%D7%99%D7%9D/%D7%A9%D7%95%D7%A0%D7%95%D7%AA%20%D7%90%D7%95%20</SimpleData>
		<SimpleData name="globalID">0</SimpleData>
		<SimpleData name="id">255</SimpleData>
		<SimpleData name="GlobalID_2">{a87c8a1f-fd2b-4a0b-910b-230655a47834}</SimpleData>
		<SimpleData name="CreationDa">2025/08/25</SimpleData>
		<SimpleData name="Creator">JTMTJTMT</SimpleData>
		<SimpleData name="EditDate">2025/08/25</SimpleData>
		<SimpleData name="Editor">JTMTJTMT</SimpleData>
		<SimpleData name="Shape__Len">5.95057478595</SimpleData>
		<SimpleData name="Link">https://jtmt.sharepoint.com/:f:/r/sites/ModelsDepartment/StrategicPlanningDepartment/DocLib1/%D7%A4%D7%A8%D7%95%D7%99%D7%99%D7%A7%D7%98%D7%99%D7%9D%20%D7%90%D7%95%D7%A4%D7%A0%D7%99%D7%99%D7%9D/%D7%A9%D7%95%D7%A0%D7%95%D7%AA%20%D7%90%D7%95%20%D7%9E%D7%99%</SimpleData>
		<SimpleData name="Framework"></SimpleData>
		<SimpleData name="Engineer"></SimpleData>
		<SimpleData name="Director"></SimpleData>
		<SimpleData name="Architect"></SimpleData>
		<SimpleData name="respons"></SimpleData>
		<SimpleData name="V39"></SimpleData>
	</SchemaData></ExtendedData>
      <MultiGeometry><LineString><coordinates>35.193073,31.749512,0 35.193098,31.749528,0 35.193121,31.749546,0</coordinates></LineString></MultiGeometry>
  </Placemark>
  <Placemark>
	<name></name>
	<description>תיאור: &lt;br&gt;PartName: אומגה&lt;br&gt;StreetName: לוחמי הגטאות&lt;br&gt;status_tex: בביצוע&lt;br&gt;openyear_n: 2021&lt;br&gt;BPHTtype: 1&lt;br&gt;usable: 1&lt;br&gt;infra: 1&lt;br&gt;roadtype: 5&lt;br&gt;BPHdir: 0.00000000000&lt;br&gt;BPHplace: 3&lt;br&gt;DIRtype: 2&lt;br&gt;DIRTraffic: 9&lt;br&gt;TOPOLOGY: 0&lt;br&gt;DIV_Veh: 3&lt;br&gt;DIV_Walk: 0&lt;br&gt;Signpost: 0&lt;br&gt;Parking: 0&lt;br&gt;LEVEL_: 0&lt;br&gt;PAINT: 0&lt;br&gt;TREES: 0&lt;br&gt;remarks: &lt;br&gt;globalID: 0&lt;br&gt;id: 143&lt;br&gt;GlobalID_2: {04a03343-a328-4e1b-873f-d409c35afa56}&lt;br&gt;CreationDa: 2025/08/25&lt;br&gt;Creator: JTMTJTMT&lt;br&gt;EditDate: 2025/08/25&lt;br&gt;Editor: JTMTJTMT&lt;br&gt;Shape__Len: 33.43492588180&lt;br&gt;Link: &lt;br&gt;Framework: &lt;br&gt;Engineer: &lt;br&gt;Director: &lt;br&gt;Architect: &lt;br&gt;respons: </description>
	<Style><LineStyle><color>ff0000ff</color></LineStyle><PolyStyle><fill>0</fill></PolyStyle></Style>
	<ExtendedData><SchemaData schemaUrl="#bike_lanes_construction">
		<SimpleData name="WKT">LINESTRING (35.239429 31.800993, 35.23931 31.800999, 35.239195 31.800989, 35.239078 31.800976)</SimpleData>
		<SimpleData name="PartName">אומגה</SimpleData>
		<SimpleData name="StreetName">לוחמי הגטאות</SimpleData>
		<SimpleData name="status_tex">בביצוע</SimpleData>
		<SimpleData name="openyear_n">2021</SimpleData>
		<SimpleData name="BPHTtype">1</SimpleData>
		<SimpleData name="usable">1</SimpleData>
		<SimpleData name="infra">1</SimpleData>
		<SimpleData name="roadtype">5</SimpleData>
		<SimpleData name="BPHdir">0</SimpleData>
		<SimpleData name="BPHplace">3</SimpleData>
		<SimpleData name="DIRtype">2</SimpleData>
		<SimpleData name="DIRTraffic">9</SimpleData>
		<SimpleData name="TOPOLOGY">0</SimpleData>
		<SimpleData name="DIV_Veh">3</SimpleData>
		<SimpleData name="DIV_Walk">0</SimpleData>
		<SimpleData name="Signpost">0</SimpleData>
		<SimpleData name="Parking">0</SimpleData>
		<SimpleData name="LEVEL_">0</SimpleData>
		<SimpleData name="PAINT">0</SimpleData>
		<SimpleData name="TREES">0</SimpleData>
		<SimpleData name="remarks"></SimpleData>
		<SimpleData name="globalID">0</SimpleData>
		<SimpleData name="id">143</SimpleData>
		<SimpleData name="GlobalID_2">{04a03343-a328-4e1b-873f-d409c35afa56}</SimpleData>
		<SimpleData name="CreationDa">2025/08/25</SimpleData>
		<SimpleData name="Creator">JTMTJTMT</SimpleData>
		<SimpleData name="EditDate">2025/08/25</SimpleData>
		<SimpleData name="Editor">JTMTJTMT</SimpleData>
		<SimpleData name="Shape__Len">33.43492588180</SimpleData>
		<SimpleData name="Link"></SimpleData>
		<SimpleData name="Framework"></SimpleData>
		<SimpleData name="Engineer"></SimpleData>
		<SimpleData name="Director"></SimpleData>
		<SimpleData name="Architect"></SimpleData>
		<SimpleData name="respons"></SimpleData>
		<SimpleData name="V39"></SimpleData>
	</SchemaData></ExtendedData>
      <MultiGeometry><LineString><coordinates>35.239429,31.800993,0 35.23931,31.800999,0 35.239195,31.800989,0 35.239078,31.800976,0</coordinates></LineString></MultiGeometry>
  </Placemark>
  <Placemark>
	<name></name>
	<description>תיאור: &lt;br&gt;PartName: דוד בנבנישתי&lt;br&gt;StreetName: דוד בנבנישתי&lt;br&gt;status_tex: בביצוע&lt;br&gt;openyear_n: 2016&lt;br&gt;BPHTtype: 1&lt;br&gt;usable: 0&lt;br&gt;infra: 4&lt;br&gt;roadtype: 5&lt;br&gt;BPHdir: 0.00000000000&lt;br&gt;BPHplace: 5&lt;br&gt;DIRtype: 0&lt;br&gt;DIRTraffic: 0&lt;br&gt;TOPOLOGY: 0&lt;br&gt;DIV_Veh: 9&lt;br&gt;DIV_Walk: 0&lt;br&gt;Signpost: 999&lt;br&gt;Parking: 9&lt;br&gt;LEVEL_: 1&lt;br&gt;PAINT: 0&lt;br&gt;TREES: 9&lt;br&gt;remarks: לינק DWG https://jtmt.sharepoint.com/:f:/r/sites/ModelsDepartment/StrategicPlanningDepartment/DocLib1/%D7%A4%D7%A8%D7%95%D7%99%D7%99%D7%A7%D7%98%D7%99%D7%9D%20%D7%90%D7%95%D7%A4%D7%A0%D7%99%D7%99%D7%9D/%D7%A9%D7%95%D7%A0%D7%95%D7%AA%20%D7%90%D7%95%20&lt;br&gt;globalID: 0&lt;br&gt;id: 255&lt;br&gt;GlobalID_2: {c5f6805b-1470-4ced-9e12-1cbe6c7dbb80}&lt;br&gt;CreationDa: 2025/08/25&lt;br&gt;Creator: JTMTJTMT&lt;br&gt;EditDate: 2025/08/25&lt;br&gt;Editor: JTMTJTMT&lt;br&gt;Shape__Len: 47.70592156310&lt;br&gt;Link: https://jtmt.sharepoint.com/:f:/r/sites/ModelsDepartment/StrategicPlanningDepartment/DocLib1/%D7%A4%D7%A8%D7%95%D7%99%D7%99%D7%A7%D7%98%D7%99%D7%9D%20%D7%90%D7%95%D7%A4%D7%A0%D7%99%D7%99%D7%9D/%D7%A9%D7%95%D7%A0%D7%95%D7%AA%20%D7%90%D7%95%20%D7%9E%D7%99%&lt;br&gt;Framework: &lt;br&gt;Engineer: &lt;br&gt;Director: &lt;br&gt;Architect: &lt;br&gt;respons: </description>
	<Style><LineStyle><color>ff0000ff</color></LineStyle><PolyStyle><fill>0</fill></PolyStyle></Style>
	<ExtendedData><SchemaData schemaUrl="#bike_lanes_construction">
		<SimpleData name="WKT">LINESTRING (35.192503 31.749388, 35.192503 31.749387, 35.192534 31.749392, 35.192618 31.749392, 35.192772 31.74939, 35.192829 31.749409, 35.192887 31.749447, 35.19293 31.749502, 35.192951 31.749506)</SimpleData>
		<SimpleData name="PartName">דוד בנבנישתי</SimpleData>
		<SimpleData name="StreetName">דוד בנבנישתי</SimpleData>
		<SimpleData name="status_tex">בביצוע</SimpleData>
		<SimpleData name="openyear_n">2016</SimpleData>
		<SimpleData name="BPHTtype">1</SimpleData>
		<SimpleData name="usable">0</SimpleData>
		<SimpleData name="infra">4</SimpleData>
		<SimpleData name="roadtype">5</SimpleData>
		<SimpleData name="BPHdir">0</SimpleData>
		<SimpleData name="BPHplace">5</SimpleData>
		<SimpleData name="DIRtype">0</SimpleData>
		<SimpleData name="DIRTraffic">0</SimpleData>
		<SimpleData name="TOPOLOGY">0</SimpleData>
		<SimpleData name="DIV_Veh">9</SimpleData>
		<SimpleData name="DIV_Walk">0</SimpleData>
		<SimpleData name="Signpost">999</SimpleData>
		<SimpleData name="Parking">9</SimpleData>
		<SimpleData name="LEVEL_">1</SimpleData>
		<SimpleData name="PAINT">0</SimpleData>
		<SimpleData name="TREES">9</SimpleData>
		<SimpleData name="remarks">לינק DWG https://jtmt.sharepoint.com/:f:/r/sites/ModelsDepartment/StrategicPlanningDepartment/DocLib1/%D7%A4%D7%A8%D7%95%D7%99%D7%99%D7%A7%D7%98%D7%99%D7%9D%20%D7%90%D7%95%D7%A4%D7%A0%D7%99%D7%99%D7%9D/%D7%A9%D7%95%D7%A0%D7%95%D7%AA%20%D7%90%D7%95%20</SimpleData>
		<SimpleData name="globalID">0</SimpleData>
		<SimpleData name="id">255</SimpleData>
		<SimpleData name="GlobalID_2">{c5f6805b-1470-4ced-9e12-1cbe6c7dbb80}</SimpleData>
		<SimpleData name="CreationDa">2025/08/25</SimpleData>
		<SimpleData name="Creator">JTMTJTMT</SimpleData>
		<SimpleData name="EditDate">2025/08/25</SimpleData>
		<SimpleData name="Editor">JTMTJTMT</SimpleData>
		<SimpleData name="Shape__Len">47.70592156310</SimpleData>
		<SimpleData name="Link">https://jtmt.sharepoint.com/:f:/r/sites/ModelsDepartment/StrategicPlanningDepartment/DocLib1/%D7%A4%D7%A8%D7%95%D7%99%D7%99%D7%A7%D7%98%D7%99%D7%9D%20%D7%90%D7%95%D7%A4%D7%A0%D7%99%D7%99%D7%9D/%D7%A9%D7%95%D7%A0%D7%95%D7%AA%20%D7%90%D7%95%20%D7%9E%D7%99%</SimpleData>
		<SimpleData name="Framework"></SimpleData>
		<SimpleData name="Engineer"></SimpleData>
		<SimpleData name="Director"></SimpleData>
		<SimpleData name="Architect"></SimpleData>
		<SimpleData name="respons"></SimpleData>
		<SimpleData name="V39"></SimpleData>
	</SchemaData></ExtendedData>
      <MultiGeometry><LineString><coordinates>35.192503,31.749388,0 35.192503,31.749387,0 35.192534,31.749392,0 35.192618,31.749392,0 35.192772,31.74939,0 35.192829,31.749409,0 35.192887,31.749447,0 35.19293,31.749502,0 35.192951,31.749506,0</coordinates></LineString></MultiGeometry>
  </Placemark>
  <Placemark>
	<name></name>
	<description>תיאור: &lt;br&gt;PartName: דניאל ינובסקי - מלונות הרכס&lt;br&gt;StreetName: דניאל ינובסקי&lt;br&gt;status_tex: בביצוע&lt;br&gt;openyear_n: 0&lt;br&gt;BPHTtype: 0&lt;br&gt;usable: 0&lt;br&gt;infra: 0&lt;br&gt;roadtype: 5&lt;br&gt;BPHdir: 0.00000000000&lt;br&gt;BPHplace: 2&lt;br&gt;DIRtype: 2&lt;br&gt;DIRTraffic: 9&lt;br&gt;TOPOLOGY: 0&lt;br&gt;DIV_Veh: 1&lt;br&gt;DIV_Walk: 0&lt;br&gt;Signpost: 0&lt;br&gt;Parking: 0&lt;br&gt;LEVEL_: 0&lt;br&gt;PAINT: 0&lt;br&gt;TREES: 0&lt;br&gt;remarks: &lt;br&gt;globalID: 0&lt;br&gt;id: 47&lt;br&gt;GlobalID_2: {9e4cc373-dbb8-444a-b048-2e7168ac1397}&lt;br&gt;CreationDa: 2025/08/25&lt;br&gt;Creator: JTMTJTMT&lt;br&gt;EditDate: 2025/08/25&lt;br&gt;Editor: JTMTJTMT&lt;br&gt;Shape__Len: 122.05691877400&lt;br&gt;Link: &lt;br&gt;Framework: מתוכנן&lt;br&gt;Engineer: אליה הנדסה&lt;br&gt;Director: אביב&lt;br&gt;Architect: &lt;br&gt;respons: </description>
	<Style><LineStyle><color>ff0000ff</color></LineStyle><PolyStyle><fill>0</fill></PolyStyle></Style>
	<ExtendedData><SchemaData schemaUrl="#bike_lanes_construction">
		<SimpleData name="WKT">LINESTRING (35.229875 31.754292, 35.231154 31.75416)</SimpleData>
		<SimpleData name="PartName">דניאל ינובסקי - מלונות הרכס</SimpleData>
		<SimpleData name="StreetName">דניאל ינובסקי</SimpleData>
		<SimpleData name="status_tex">בביצוע</SimpleData>
		<SimpleData name="openyear_n">0</SimpleData>
		<SimpleData name="BPHTtype">0</SimpleData>
		<SimpleData name="usable">0</SimpleData>
		<SimpleData name="infra">0</SimpleData>
		<SimpleData name="roadtype">5</SimpleData>
		<SimpleData name="BPHdir">0</SimpleData>
		<SimpleData name="BPHplace">2</SimpleData>
		<SimpleData name="DIRtype">2</SimpleData>
		<SimpleData name="DIRTraffic">9</SimpleData>
		<SimpleData name="TOPOLOGY">0</SimpleData>
		<SimpleData name="DIV_Veh">1</SimpleData>
		<SimpleData name="DIV_Walk">0</SimpleData>
		<SimpleData name="Signpost">0</SimpleData>
		<SimpleData name="Parking">0</SimpleData>
		<SimpleData name="LEVEL_">0</SimpleData>
		<SimpleData name="PAINT">0</SimpleData>
		<SimpleData name="TREES">0</SimpleData>
		<SimpleData name="remarks"></SimpleData>
		<SimpleData name="globalID">0</SimpleData>
		<SimpleData name="id">47</SimpleData>
		<SimpleData name="GlobalID_2">{9e4cc373-dbb8-444a-b048-2e7168ac1397}</SimpleData>
		<SimpleData name="CreationDa">2025/08/25</SimpleData>
		<SimpleData name="Creator">JTMTJTMT</SimpleData>
		<SimpleData name="EditDate">2025/08/25</SimpleData>
		<SimpleData name="Editor">JTMTJTMT</SimpleData>
		<SimpleData name="Shape__Len">122.05691877400</SimpleData>
		<SimpleData name="Link"></SimpleData>
		<SimpleData name="Framework">מתוכנן</SimpleData>
		<SimpleData name="Engineer">אליה הנדסה</SimpleData>
		<SimpleData name="Director">אביב</SimpleData>
		<SimpleData name="Architect"></SimpleData>
		<SimpleData name="respons"></SimpleData>
		<SimpleData name="V39"></SimpleData>
	</SchemaData></ExtendedData>
      <MultiGeometry><LineString><coordinates>35.229875,31.754292,0 35.231154,31.75416,0</coordinates></LineString></MultiGeometry>
  </Placemark>
  <Placemark>
	<name></name>
	<description>תיאור: &lt;br&gt;PartName: דניאל ינובסקי - מלונות הרכס&lt;br&gt;StreetName: דניאל ינובסקי&lt;br&gt;status_tex: בביצוע&lt;br&gt;openyear_n: 0&lt;br&gt;BPHTtype: 1&lt;br&gt;usable: 0&lt;br&gt;infra: 0&lt;br&gt;roadtype: 5&lt;br&gt;BPHdir: 0.00000000000&lt;br&gt;BPHplace: 2&lt;br&gt;DIRtype: 2&lt;br&gt;DIRTraffic: 9&lt;br&gt;TOPOLOGY: 0&lt;br&gt;DIV_Veh: 1&lt;br&gt;DIV_Walk: 0&lt;br&gt;Signpost: 0&lt;br&gt;Parking: 0&lt;br&gt;LEVEL_: 0&lt;br&gt;PAINT: 0&lt;br&gt;TREES: 0&lt;br&gt;remarks: &lt;br&gt;globalID: 0&lt;br&gt;id: 47&lt;br&gt;GlobalID_2: {90106b18-2ae6-48f4-8df5-13842873005e}&lt;br&gt;CreationDa: 2025/08/25&lt;br&gt;Creator: JTMTJTMT&lt;br&gt;EditDate: 2025/08/25&lt;br&gt;Editor: JTMTJTMT&lt;br&gt;Shape__Len: 122.50865488900&lt;br&gt;Link: &lt;br&gt;Framework: מתוכנן&lt;br&gt;Engineer: אליה הנדסה&lt;br&gt;Director: אביב&lt;br&gt;Architect: &lt;br&gt;respons: </description>
	<Style><LineStyle><color>ff0000ff</color></LineStyle><PolyStyle><fill>0</fill></PolyStyle></Style>
	<ExtendedData><SchemaData schemaUrl="#bike_lanes_construction">
		<SimpleData name="WKT">LINESTRING (35.228427 31.754606, 35.228594 31.754562, 35.228889 31.754455, 35.229668 31.754306)</SimpleData>
		<SimpleData name="PartName">דניאל ינובסקי - מלונות הרכס</SimpleData>
		<SimpleData name="StreetName">דניאל ינובסקי</SimpleData>
		<SimpleData name="status_tex">בביצוע</SimpleData>
		<SimpleData name="openyear_n">0</SimpleData>
		<SimpleData name="BPHTtype">1</SimpleData>
		<SimpleData name="usable">0</SimpleData>
		<SimpleData name="infra">0</SimpleData>
		<SimpleData name="roadtype">5</SimpleData>
		<SimpleData name="BPHdir">0</SimpleData>
		<SimpleData name="BPHplace">2</SimpleData>
		<SimpleData name="DIRtype">2</SimpleData>
		<SimpleData name="DIRTraffic">9</SimpleData>
		<SimpleData name="TOPOLOGY">0</SimpleData>
		<SimpleData name="DIV_Veh">1</SimpleData>
		<SimpleData name="DIV_Walk">0</SimpleData>
		<SimpleData name="Signpost">0</SimpleData>
		<SimpleData name="Parking">0</SimpleData>
		<SimpleData name="LEVEL_">0</SimpleData>
		<SimpleData name="PAINT">0</SimpleData>
		<SimpleData name="TREES">0</SimpleData>
		<SimpleData name="remarks"></SimpleData>
		<SimpleData name="globalID">0</SimpleData>
		<SimpleData name="id">47</SimpleData>
		<SimpleData name="GlobalID_2">{90106b18-2ae6-48f4-8df5-13842873005e}</SimpleData>
		<SimpleData name="CreationDa">2025/08/25</SimpleData>
		<SimpleData name="Creator">JTMTJTMT</SimpleData>
		<SimpleData name="EditDate">2025/08/25</SimpleData>
		<SimpleData name="Editor">JTMTJTMT</SimpleData>
		<SimpleData name="Shape__Len">122.50865488900</SimpleData>
		<SimpleData name="Link"></SimpleData>
		<SimpleData name="Framework">מתוכנן</SimpleData>
		<SimpleData name="Engineer">אליה הנדסה</SimpleData>
		<SimpleData name="Director">אביב</SimpleData>
		<SimpleData name="Architect"></SimpleData>
		<SimpleData name="respons"></SimpleData>
		<SimpleData name="V39"></SimpleData>
	</SchemaData></ExtendedData>
      <MultiGeometry><LineString><coordinates>35.228427,31.754606,0 35.228594,31.754562,0 35.228889,31.754455,0 35.229668,31.754306,0</coordinates></LineString></MultiGeometry>
  </Placemark>
  <Placemark>
	<name></name>
	<description>תיאור: &lt;br&gt;PartName: בגין - הרוזמרין&lt;br&gt;StreetName: הרוזמרין&lt;br&gt;status_tex: בביצוע&lt;br&gt;openyear_n: 0&lt;br&gt;BPHTtype: 1&lt;br&gt;usable: 0&lt;br&gt;infra: 0&lt;br&gt;roadtype: 5&lt;br&gt;BPHdir: 0.00000000000&lt;br&gt;BPHplace: 1&lt;br&gt;DIRtype: 2&lt;br&gt;DIRTraffic: 9&lt;br&gt;TOPOLOGY: 0&lt;br&gt;DIV_Veh: 9&lt;br&gt;DIV_Walk: 0&lt;br&gt;Signpost: 0&lt;br&gt;Parking: 9&lt;br&gt;LEVEL_: 0&lt;br&gt;PAINT: 0&lt;br&gt;TREES: 9&lt;br&gt;remarks: &lt;br&gt;globalID: 0&lt;br&gt;id: 227&lt;br&gt;GlobalID_2: {7c7e09e9-cbb7-47f2-a80d-c86c8889c422}&lt;br&gt;CreationDa: 2025/08/25&lt;br&gt;Creator: JTMTJTMT&lt;br&gt;EditDate: 2025/08/25&lt;br&gt;Editor: JTMTJTMT&lt;br&gt;Shape__Len: 6.88868748017&lt;br&gt;Link: &lt;br&gt;Framework: מתוכנן&lt;br&gt;Engineer: &lt;br&gt;Director: דוד אקרשטיין&lt;br&gt;Architect: &lt;br&gt;respons: </description>
	<Style><LineStyle><color>ff0000ff</color></LineStyle><PolyStyle><fill>0</fill></PolyStyle></Style>
	<ExtendedData><SchemaData schemaUrl="#bike_lanes_construction">
		<SimpleData name="WKT">LINESTRING (35.202513 31.732245, 35.202466 31.732292)</SimpleData>
		<SimpleData name="PartName">בגין - הרוזמרין</SimpleData>
		<SimpleData name="StreetName">הרוזמרין</SimpleData>
		<SimpleData name="status_tex">בביצוע</SimpleData>
		<SimpleData name="openyear_n">0</SimpleData>
		<SimpleData name="BPHTtype">1</SimpleData>
		<SimpleData name="usable">0</SimpleData>
		<SimpleData name="infra">0</SimpleData>
		<SimpleData name="roadtype">5</SimpleData>
		<SimpleData name="BPHdir">0</SimpleData>
		<SimpleData name="BPHplace">1</SimpleData>
		<SimpleData name="DIRtype">2</SimpleData>
		<SimpleData name="DIRTraffic">9</SimpleData>
		<SimpleData name="TOPOLOGY">0</SimpleData>
		<SimpleData name="DIV_Veh">9</SimpleData>
		<SimpleData name="DIV_Walk">0</SimpleData>
		<SimpleData name="Signpost">0</SimpleData>
		<SimpleData name="Parking">9</SimpleData>
		<SimpleData name="LEVEL_">0</SimpleData>
		<SimpleData name="PAINT">0</SimpleData>
		<SimpleData name="TREES">9</SimpleData>
		<SimpleData name="remarks"></SimpleData>
		<SimpleData name="globalID">0</SimpleData>
		<SimpleData name="id">227</SimpleData>
		<SimpleData name="GlobalID_2">{7c7e09e9-cbb7-47f2-a80d-c86c8889c422}</SimpleData>
		<SimpleData name="CreationDa">2025/08/25</SimpleData>
		<SimpleData name="Creator">JTMTJTMT</SimpleData>
		<SimpleData name="EditDate">2025/08/25</SimpleData>
		<SimpleData name="Editor">JTMTJTMT</SimpleData>
		<SimpleData name="Shape__Len">6.88868748017</SimpleData>
		<SimpleData name="Link"></SimpleData>
		<SimpleData name="Framework">מתוכנן</SimpleData>
		<SimpleData name="Engineer"></SimpleData>
		<SimpleData name="Director">דוד אקרשטיין</SimpleData>
		<SimpleData name="Architect"></SimpleData>
		<SimpleData name="respons"></SimpleData>
		<SimpleData name="V39"></SimpleData>
	</SchemaData></ExtendedData>
      <MultiGeometry><LineString><coordinates>35.202513,31.732245,0 35.202466,31.732292,0</coordinates></LineString></MultiGeometry>
  </Placemark>
  <Placemark>
	<name></name>
	<description>תיאור: &lt;br&gt;PartName: בגין לצפון&lt;br&gt;StreetName: שדרות מנחם בגין&lt;br&gt;status_tex: בביצוע&lt;br&gt;openyear_n: 0&lt;br&gt;BPHTtype: 1&lt;br&gt;usable: 0&lt;br&gt;infra: 0&lt;br&gt;roadtype: 5&lt;br&gt;BPHdir: 0.00000000000&lt;br&gt;BPHplace: 0&lt;br&gt;DIRtype: 2&lt;br&gt;DIRTraffic: 9&lt;br&gt;TOPOLOGY: 0&lt;br&gt;DIV_Veh: 0&lt;br&gt;DIV_Walk: 0&lt;br&gt;Signpost: 0&lt;br&gt;Parking: 0&lt;br&gt;LEVEL_: 0&lt;br&gt;PAINT: 0&lt;br&gt;TREES: 0&lt;br&gt;remarks: &lt;br&gt;globalID: 0&lt;br&gt;id: 227&lt;br&gt;GlobalID_2: {40fcf35e-24b1-4df5-81c6-7ede87516eb3}&lt;br&gt;CreationDa: 2025/08/25&lt;br&gt;Creator: JTMTJTMT&lt;br&gt;EditDate: 2025/08/25&lt;br&gt;Editor: JTMTJTMT&lt;br&gt;Shape__Len: 970.21709742100&lt;br&gt;Link: &lt;br&gt;Framework: מתוכנן&lt;br&gt;Engineer: &lt;br&gt;Director: דוד אקרשטיין&lt;br&gt;Architect: &lt;br&gt;respons: </description>
	<Style><LineStyle><color>ff0000ff</color></LineStyle><PolyStyle><fill>0</fill></PolyStyle></Style>
	<ExtendedData><SchemaData schemaUrl="#bike_lanes_construction">
		<SimpleData name="WKT">LINESTRING (35.202466 31.732294, 35.202445 31.732309, 35.202384 31.732288, 35.202299 31.732273, 35.202174 31.732279, 35.202152 31.732285, 35.20215 31.7323, 35.202161 31.732306, 35.202259 31.732303, 35.202354 31.732306, 35.202411 31.732322, 35.202455 31.732359, 35.202474 31.732387, 35.202494 31.732464, 35.202524 31.732583, 35.202592 31.732839, 35.20264 31.733002, 35.202684 31.733211, 35.202709 31.733375, 35.202736 31.733553, 35.202754 31.733742, 35.202761 31.733938, 35.202762 31.734042, 35.202772 31.734319, 35.202774 31.734428, 35.202796 31.734509, 35.202809 31.734579, 35.202821 31.734711, 35.202834 31.734818, 35.202821 31.73495, 35.202812 31.735043, 35.202779 31.735192, 35.202734 31.735382, 35.202688 31.735595, 35.202665 31.735814, 35.202644 31.73598, 35.20262 31.736071, 35.202578 31.736186, 35.202555 31.736277, 35.202516 31.73648, 35.202477 31.736683, 35.20245 31.736853, 35.202419 31.736995, 35.202391 31.737158, 35.202358 31.737315, 35.202329 31.737432, 35.202267 31.737634, 35.202227 31.737772, 35.202164 31.737935, 35.202115 31.738057, 35.202048 31.738227, 35.201978 31.738381, 35.201912 31.73851, 35.201761 31.738798, 35.201689 31.73892, 35.201582 31.739091, 35.201458 31.739271, 35.201311 31.739487, 35.201155 31.739716, 35.201091 31.739816, 35.200959 31.740008, 35.200919 31.740081, 35.200918 31.740188)</SimpleData>
		<SimpleData name="PartName">בגין לצפון</SimpleData>
		<SimpleData name="StreetName">שדרות מנחם בגין</SimpleData>
		<SimpleData name="status_tex">בביצוע</SimpleData>
		<SimpleData name="openyear_n">0</SimpleData>
		<SimpleData name="BPHTtype">1</SimpleData>
		<SimpleData name="usable">0</SimpleData>
		<SimpleData name="infra">0</SimpleData>
		<SimpleData name="roadtype">5</SimpleData>
		<SimpleData name="BPHdir">0</SimpleData>
		<SimpleData name="BPHplace">0</SimpleData>
		<SimpleData name="DIRtype">2</SimpleData>
		<SimpleData name="DIRTraffic">9</SimpleData>
		<SimpleData name="TOPOLOGY">0</SimpleData>
		<SimpleData name="DIV_Veh">0</SimpleData>
		<SimpleData name="DIV_Walk">0</SimpleData>
		<SimpleData name="Signpost">0</SimpleData>
		<SimpleData name="Parking">0</SimpleData>
		<SimpleData name="LEVEL_">0</SimpleData>
		<SimpleData name="PAINT">0</SimpleData>
		<SimpleData name="TREES">0</SimpleData>
		<SimpleData name="remarks"></SimpleData>
		<SimpleData name="globalID">0</SimpleData>
		<SimpleData name="id">227</SimpleData>
		<SimpleData name="GlobalID_2">{40fcf35e-24b1-4df5-81c6-7ede87516eb3}</SimpleData>
		<SimpleData name="CreationDa">2025/08/25</SimpleData>
		<SimpleData name="Creator">JTMTJTMT</SimpleData>
		<SimpleData name="EditDate">2025/08/25</SimpleData>
		<SimpleData name="Editor">JTMTJTMT</SimpleData>
		<SimpleData name="Shape__Len">970.21709742100</SimpleData>
		<SimpleData name="Link"></SimpleData>
		<SimpleData name="Framework">מתוכנן</SimpleData>
		<SimpleData name="Engineer"></SimpleData>
		<SimpleData name="Director">דוד אקרשטיין</SimpleData>
		<SimpleData name="Architect"></SimpleData>
		<SimpleData name="respons"></SimpleData>
		<SimpleData name="V39"></SimpleData>
	</SchemaData></ExtendedData>
      <MultiGeometry><LineString><coordinates>35.202466,31.732294,0 35.202445,31.732309,0 35.202384,31.732288,0 35.202299,31.732273,0 35.202174,31.732279,0 35.202152,31.732285,0 35.20215,31.7323,0 35.202161,31.732306,0 35.202259,31.732303,0 35.202354,31.732306,0 35.202411,31.732322,0 35.202455,31.732359,0 35.202474,31.732387,0 35.202494,31.732464,0 35.202524,31.732583,0 35.202592,31.732839,0 35.20264,31.733002,0 35.202684,31.733211,0 35.202709,31.733375,0 35.202736,31.733553,0 35.202754,31.733742,0 35.202761,31.733938,0 35.202762,31.734042,0 35.202772,31.734319,0 35.202774,31.734428,0 35.202796,31.734509,0 35.202809,31.734579,0 35.202821,31.734711,0 35.202834,31.734818,0 35.202821,31.73495,0 35.202812,31.735043,0 35.202779,31.735192,0 35.202734,31.735382,0 35.202688,31.735595,0 35.202665,31.735814,0 35.202644,31.73598,0 35.20262,31.736071,0 35.202578,31.736186,0 35.202555,31.736277,0 35.202516,31.73648,0 35.202477,31.736683,0 35.20245,31.736853,0 35.202419,31.736995,0 35.202391,31.737158,0 35.202358,31.737315,0 35.202329,31.737432,0 35.202267,31.737634,0 35.202227,31.737772,0 35.202164,31.737935,0 35.202115,31.738057,0 35.202048,31.738227,0 35.201978,31.738381,0 35.201912,31.73851,0 35.201761,31.738798,0 35.201689,31.73892,0 35.201582,31.739091,0 35.201458,31.739271,0 35.201311,31.739487,0 35.201155,31.739716,0 35.201091,31.739816,0 35.200959,31.740008,0 35.200919,31.740081,0 35.200918,31.740188,0</coordinates></LineString></MultiGeometry>
  </Placemark>
  <Placemark>
	<name></name>
	<description>תיאור: &lt;br&gt;PartName: הכניסה לעיר&lt;br&gt;StreetName: שדרות הרצל&lt;br&gt;status_tex: בביצוע&lt;br&gt;openyear_n: 0&lt;br&gt;BPHTtype: 1&lt;br&gt;usable: 0&lt;br&gt;infra: 0&lt;br&gt;roadtype: 3&lt;br&gt;BPHdir: 0.00000000000&lt;br&gt;BPHplace: 2&lt;br&gt;DIRtype: 2&lt;br&gt;DIRTraffic: 9&lt;br&gt;TOPOLOGY: 0&lt;br&gt;DIV_Veh: 9&lt;br&gt;DIV_Walk: 0&lt;br&gt;Signpost: 0&lt;br&gt;Parking: 0&lt;br&gt;LEVEL_: 0&lt;br&gt;PAINT: 0&lt;br&gt;TREES: 0&lt;br&gt;remarks: &lt;br&gt;globalID: 0&lt;br&gt;id: 222&lt;br&gt;GlobalID_2: {2f0d4d9c-e8f7-4143-9bf5-91d7a8712b92}&lt;br&gt;CreationDa: 2025/08/25&lt;br&gt;Creator: JTMTJTMT&lt;br&gt;EditDate: 2025/08/25&lt;br&gt;Editor: JTMTJTMT&lt;br&gt;Shape__Len: 80.26624857430&lt;br&gt;Link: &lt;br&gt;Framework: &lt;br&gt;Engineer: &lt;br&gt;Director: &lt;br&gt;Architect: &lt;br&gt;respons: עדן</description>
	<Style><LineStyle><color>ff0000ff</color></LineStyle><PolyStyle><fill>0</fill></PolyStyle></Style>
	<ExtendedData><SchemaData schemaUrl="#bike_lanes_construction">
		<SimpleData name="WKT">LINESTRING (35.19838 31.785873, 35.198354 31.785938, 35.198373 31.78601, 35.198516 31.786178, 35.1987 31.786373, 35.19877 31.786418, 35.198823 31.786433)</SimpleData>
		<SimpleData name="PartName">הכניסה לעיר</SimpleData>
		<SimpleData name="StreetName">שדרות הרצל</SimpleData>
		<SimpleData name="status_tex">בביצוע</SimpleData>
		<SimpleData name="openyear_n">0</SimpleData>
		<SimpleData name="BPHTtype">1</SimpleData>
		<SimpleData name="usable">0</SimpleData>
		<SimpleData name="infra">0</SimpleData>
		<SimpleData name="roadtype">3</SimpleData>
		<SimpleData name="BPHdir">0</SimpleData>
		<SimpleData name="BPHplace">2</SimpleData>
		<SimpleData name="DIRtype">2</SimpleData>
		<SimpleData name="DIRTraffic">9</SimpleData>
		<SimpleData name="TOPOLOGY">0</SimpleData>
		<SimpleData name="DIV_Veh">9</SimpleData>
		<SimpleData name="DIV_Walk">0</SimpleData>
		<SimpleData name="Signpost">0</SimpleData>
		<SimpleData name="Parking">0</SimpleData>
		<SimpleData name="LEVEL_">0</SimpleData>
		<SimpleData name="PAINT">0</SimpleData>
		<SimpleData name="TREES">0</SimpleData>
		<SimpleData name="remarks"></SimpleData>
		<SimpleData name="globalID">0</SimpleData>
		<SimpleData name="id">222</SimpleData>
		<SimpleData name="GlobalID_2">{2f0d4d9c-e8f7-4143-9bf5-91d7a8712b92}</SimpleData>
		<SimpleData name="CreationDa">2025/08/25</SimpleData>
		<SimpleData name="Creator">JTMTJTMT</SimpleData>
		<SimpleData name="EditDate">2025/08/25</SimpleData>
		<SimpleData name="Editor">JTMTJTMT</SimpleData>
		<SimpleData name="Shape__Len">80.26624857430</SimpleData>
		<SimpleData name="Link"></SimpleData>
		<SimpleData name="Framework"></SimpleData>
		<SimpleData name="Engineer"></SimpleData>
		<SimpleData name="Director"></SimpleData>
		<SimpleData name="Architect"></SimpleData>
		<SimpleData name="respons">עדן</SimpleData>
		<SimpleData name="V39"></SimpleData>
	</SchemaData></ExtendedData>
      <MultiGeometry><LineString><coordinates>35.19838,31.785873,0 35.198354,31.785938,0 35.198373,31.78601,0 35.198516,31.786178,0 35.1987,31.786373,0 35.19877,31.786418,0 35.198823,31.786433,0</coordinates></LineString></MultiGeometry>
  </Placemark>
  <Placemark>
	<name></name>
	<description>תיאור: &lt;br&gt;PartName: הכניסה לעיר&lt;br&gt;StreetName: שדרות הרצל&lt;br&gt;status_tex: בביצוע&lt;br&gt;openyear_n: 0&lt;br&gt;BPHTtype: 1&lt;br&gt;usable: 0&lt;br&gt;infra: 0&lt;br&gt;roadtype: 3&lt;br&gt;BPHdir: 0.00000000000&lt;br&gt;BPHplace: 1&lt;br&gt;DIRtype: 2&lt;br&gt;DIRTraffic: 9&lt;br&gt;TOPOLOGY: 0&lt;br&gt;DIV_Veh: 9&lt;br&gt;DIV_Walk: 0&lt;br&gt;Signpost: 0&lt;br&gt;Parking: 9&lt;br&gt;LEVEL_: 0&lt;br&gt;PAINT: 0&lt;br&gt;TREES: 9&lt;br&gt;remarks: &lt;br&gt;globalID: 0&lt;br&gt;id: 222&lt;br&gt;GlobalID_2: {5f64984a-f7c4-4bde-88a1-a5dd60e6891e}&lt;br&gt;CreationDa: 2025/08/25&lt;br&gt;Creator: JTMTJTMT&lt;br&gt;EditDate: 2025/08/25&lt;br&gt;Editor: JTMTJTMT&lt;br&gt;Shape__Len: 26.56484942910&lt;br&gt;Link: &lt;br&gt;Framework: &lt;br&gt;Engineer: &lt;br&gt;Director: &lt;br&gt;Architect: &lt;br&gt;respons: עדן</description>
	<Style><LineStyle><color>ff0000ff</color></LineStyle><PolyStyle><fill>0</fill></PolyStyle></Style>
	<ExtendedData><SchemaData schemaUrl="#bike_lanes_construction">
		<SimpleData name="WKT">LINESTRING (35.198884 31.786523, 35.199062 31.786708)</SimpleData>
		<SimpleData name="PartName">הכניסה לעיר</SimpleData>
		<SimpleData name="StreetName">שדרות הרצל</SimpleData>
		<SimpleData name="status_tex">בביצוע</SimpleData>
		<SimpleData name="openyear_n">0</SimpleData>
		<SimpleData name="BPHTtype">1</SimpleData>
		<SimpleData name="usable">0</SimpleData>
		<SimpleData name="infra">0</SimpleData>
		<SimpleData name="roadtype">3</SimpleData>
		<SimpleData name="BPHdir">0</SimpleData>
		<SimpleData name="BPHplace">1</SimpleData>
		<SimpleData name="DIRtype">2</SimpleData>
		<SimpleData name="DIRTraffic">9</SimpleData>
		<SimpleData name="TOPOLOGY">0</SimpleData>
		<SimpleData name="DIV_Veh">9</SimpleData>
		<SimpleData name="DIV_Walk">0</SimpleData>
		<SimpleData name="Signpost">0</SimpleData>
		<SimpleData name="Parking">9</SimpleData>
		<SimpleData name="LEVEL_">0</SimpleData>
		<SimpleData name="PAINT">0</SimpleData>
		<SimpleData name="TREES">9</SimpleData>
		<SimpleData name="remarks"></SimpleData>
		<SimpleData name="globalID">0</SimpleData>
		<SimpleData name="id">222</SimpleData>
		<SimpleData name="GlobalID_2">{5f64984a-f7c4-4bde-88a1-a5dd60e6891e}</SimpleData>
		<SimpleData name="CreationDa">2025/08/25</SimpleData>
		<SimpleData name="Creator">JTMTJTMT</SimpleData>
		<SimpleData name="EditDate">2025/08/25</SimpleData>
		<SimpleData name="Editor">JTMTJTMT</SimpleData>
		<SimpleData name="Shape__Len">26.56484942910</SimpleData>
		<SimpleData name="Link"></SimpleData>
		<SimpleData name="Framework"></SimpleData>
		<SimpleData name="Engineer"></SimpleData>
		<SimpleData name="Director"></SimpleData>
		<SimpleData name="Architect"></SimpleData>
		<SimpleData name="respons">עדן</SimpleData>
		<SimpleData name="V39"></SimpleData>
	</SchemaData></ExtendedData>
      <MultiGeometry><LineString><coordinates>35.198884,31.786523,0 35.199062,31.786708,0</coordinates></LineString></MultiGeometry>
  </Placemark>
  <Placemark>
	<name></name>
	<description>תיאור: &lt;br&gt;PartName: הכניסה לעיר&lt;br&gt;StreetName: שדרות הרצל&lt;br&gt;status_tex: בביצוע&lt;br&gt;openyear_n: 0&lt;br&gt;BPHTtype: 1&lt;br&gt;usable: 0&lt;br&gt;infra: 0&lt;br&gt;roadtype: 3&lt;br&gt;BPHdir: 0.00000000000&lt;br&gt;BPHplace: 1&lt;br&gt;DIRtype: 2&lt;br&gt;DIRTraffic: 9&lt;br&gt;TOPOLOGY: 0&lt;br&gt;DIV_Veh: 9&lt;br&gt;DIV_Walk: 0&lt;br&gt;Signpost: 0&lt;br&gt;Parking: 9&lt;br&gt;LEVEL_: 0&lt;br&gt;PAINT: 0&lt;br&gt;TREES: 9&lt;br&gt;remarks: &lt;br&gt;globalID: 0&lt;br&gt;id: 222&lt;br&gt;GlobalID_2: {c0840ccf-463c-43d5-86b8-d3daa7afe290}&lt;br&gt;CreationDa: 2025/08/25&lt;br&gt;Creator: JTMTJTMT&lt;br&gt;EditDate: 2025/08/25&lt;br&gt;Editor: JTMTJTMT&lt;br&gt;Shape__Len: 5.46571329705&lt;br&gt;Link: &lt;br&gt;Framework: &lt;br&gt;Engineer: &lt;br&gt;Director: &lt;br&gt;Architect: &lt;br&gt;respons: עדן</description>
	<Style><LineStyle><color>ff0000ff</color></LineStyle><PolyStyle><fill>0</fill></PolyStyle></Style>
	<ExtendedData><SchemaData schemaUrl="#bike_lanes_construction">
		<SimpleData name="WKT">LINESTRING (35.199122 31.78675, 35.199179 31.786752)</SimpleData>
		<SimpleData name="PartName">הכניסה לעיר</SimpleData>
		<SimpleData name="StreetName">שדרות הרצל</SimpleData>
		<SimpleData name="status_tex">בביצוע</SimpleData>
		<SimpleData name="openyear_n">0</SimpleData>
		<SimpleData name="BPHTtype">1</SimpleData>
		<SimpleData name="usable">0</SimpleData>
		<SimpleData name="infra">0</SimpleData>
		<SimpleData name="roadtype">3</SimpleData>
		<SimpleData name="BPHdir">0</SimpleData>
		<SimpleData name="BPHplace">1</SimpleData>
		<SimpleData name="DIRtype">2</SimpleData>
		<SimpleData name="DIRTraffic">9</SimpleData>
		<SimpleData name="TOPOLOGY">0</SimpleData>
		<SimpleData name="DIV_Veh">9</SimpleData>
		<SimpleData name="DIV_Walk">0</SimpleData>
		<SimpleData name="Signpost">0</SimpleData>
		<SimpleData name="Parking">9</SimpleData>
		<SimpleData name="LEVEL_">0</SimpleData>
		<SimpleData name="PAINT">0</SimpleData>
		<SimpleData name="TREES">9</SimpleData>
		<SimpleData name="remarks"></SimpleData>
		<SimpleData name="globalID">0</SimpleData>
		<SimpleData name="id">222</SimpleData>
		<SimpleData name="GlobalID_2">{c0840ccf-463c-43d5-86b8-d3daa7afe290}</SimpleData>
		<SimpleData name="CreationDa">2025/08/25</SimpleData>
		<SimpleData name="Creator">JTMTJTMT</SimpleData>
		<SimpleData name="EditDate">2025/08/25</SimpleData>
		<SimpleData name="Editor">JTMTJTMT</SimpleData>
		<SimpleData name="Shape__Len">5.46571329705</SimpleData>
		<SimpleData name="Link"></SimpleData>
		<SimpleData name="Framework"></SimpleData>
		<SimpleData name="Engineer"></SimpleData>
		<SimpleData name="Director"></SimpleData>
		<SimpleData name="Architect"></SimpleData>
		<SimpleData name="respons">עדן</SimpleData>
		<SimpleData name="V39"></SimpleData>
	</SchemaData></ExtendedData>
      <MultiGeometry><LineString><coordinates>35.199122,31.78675,0 35.199179,31.786752,0</coordinates></LineString></MultiGeometry>
  </Placemark>
  <Placemark>
	<name></name>
	<description>תיאור: &lt;br&gt;PartName: ריש לקיש&lt;br&gt;StreetName: ריש לקיש&lt;br&gt;status_tex: בביצוע&lt;br&gt;openyear_n: 0&lt;br&gt;BPHTtype: 0&lt;br&gt;usable: 0&lt;br&gt;infra: 0&lt;br&gt;roadtype: 4&lt;br&gt;BPHdir: 0.00000000000&lt;br&gt;BPHplace: 0&lt;br&gt;DIRtype: 0&lt;br&gt;DIRTraffic: 0&lt;br&gt;TOPOLOGY: 0&lt;br&gt;DIV_Veh: 0&lt;br&gt;DIV_Walk: 0&lt;br&gt;Signpost: 0&lt;br&gt;Parking: 0&lt;br&gt;LEVEL_: 0&lt;br&gt;PAINT: 0&lt;br&gt;TREES: 0&lt;br&gt;remarks: &lt;br&gt;globalID: 0&lt;br&gt;id: 209&lt;br&gt;GlobalID_2: {bd06e455-3cec-432f-b2ce-f9d650536033}&lt;br&gt;CreationDa: 2025/08/25&lt;br&gt;Creator: JTMTJTMT&lt;br&gt;EditDate: 2025/08/25&lt;br&gt;Editor: JTMTJTMT&lt;br&gt;Shape__Len: 8.12266239113&lt;br&gt;Link: &lt;br&gt;Framework: בדיקת היתכנות&lt;br&gt;Engineer: אייל הנדסת כבישים ותנועה&lt;br&gt;Director: דראוס - חן&lt;br&gt;Architect: &lt;br&gt;respons: </description>
	<Style><LineStyle><color>ff0000ff</color></LineStyle><PolyStyle><fill>0</fill></PolyStyle></Style>
	<ExtendedData><SchemaData schemaUrl="#bike_lanes_construction">
		<SimpleData name="WKT">LINESTRING (35.215122 31.760789, 35.215197 31.760754)</SimpleData>
		<SimpleData name="PartName">ריש לקיש</SimpleData>
		<SimpleData name="StreetName">ריש לקיש</SimpleData>
		<SimpleData name="status_tex">בביצוע</SimpleData>
		<SimpleData name="openyear_n">0</SimpleData>
		<SimpleData name="BPHTtype">0</SimpleData>
		<SimpleData name="usable">0</SimpleData>
		<SimpleData name="infra">0</SimpleData>
		<SimpleData name="roadtype">4</SimpleData>
		<SimpleData name="BPHdir">0</SimpleData>
		<SimpleData name="BPHplace">0</SimpleData>
		<SimpleData name="DIRtype">0</SimpleData>
		<SimpleData name="DIRTraffic">0</SimpleData>
		<SimpleData name="TOPOLOGY">0</SimpleData>
		<SimpleData name="DIV_Veh">0</SimpleData>
		<SimpleData name="DIV_Walk">0</SimpleData>
		<SimpleData name="Signpost">0</SimpleData>
		<SimpleData name="Parking">0</SimpleData>
		<SimpleData name="LEVEL_">0</SimpleData>
		<SimpleData name="PAINT">0</SimpleData>
		<SimpleData name="TREES">0</SimpleData>
		<SimpleData name="remarks"></SimpleData>
		<SimpleData name="globalID">0</SimpleData>
		<SimpleData name="id">209</SimpleData>
		<SimpleData name="GlobalID_2">{bd06e455-3cec-432f-b2ce-f9d650536033}</SimpleData>
		<SimpleData name="CreationDa">2025/08/25</SimpleData>
		<SimpleData name="Creator">JTMTJTMT</SimpleData>
		<SimpleData name="EditDate">2025/08/25</SimpleData>
		<SimpleData name="Editor">JTMTJTMT</SimpleData>
		<SimpleData name="Shape__Len">8.12266239113</SimpleData>
		<SimpleData name="Link"></SimpleData>
		<SimpleData name="Framework">בדיקת היתכנות</SimpleData>
		<SimpleData name="Engineer">אייל הנדסת כבישים ותנועה</SimpleData>
		<SimpleData name="Director">דראוס - חן</SimpleData>
		<SimpleData name="Architect"></SimpleData>
		<SimpleData name="respons"></SimpleData>
		<SimpleData name="V39"></SimpleData>
	</SchemaData></ExtendedData>
      <MultiGeometry><LineString><coordinates>35.215122,31.760789,0 35.215197,31.760754,0</coordinates></LineString></MultiGeometry>
  </Placemark>
  <Placemark>
	<name></name>
	<description>תיאור: &lt;br&gt;PartName: ריש לקיש&lt;br&gt;StreetName: ריש לקיש&lt;br&gt;status_tex: בביצוע&lt;br&gt;openyear_n: 0&lt;br&gt;BPHTtype: 0&lt;br&gt;usable: 0&lt;br&gt;infra: 0&lt;br&gt;roadtype: 7&lt;br&gt;BPHdir: 0.00000000000&lt;br&gt;BPHplace: 0&lt;br&gt;DIRtype: 0&lt;br&gt;DIRTraffic: 0&lt;br&gt;TOPOLOGY: 0&lt;br&gt;DIV_Veh: 0&lt;br&gt;DIV_Walk: 0&lt;br&gt;Signpost: 0&lt;br&gt;Parking: 0&lt;br&gt;LEVEL_: 0&lt;br&gt;PAINT: 0&lt;br&gt;TREES: 0&lt;br&gt;remarks: &lt;br&gt;globalID: 0&lt;br&gt;id: 209&lt;br&gt;GlobalID_2: {94daa321-ddbb-4b91-b231-9c1e985e331b}&lt;br&gt;CreationDa: 2025/08/25&lt;br&gt;Creator: JTMTJTMT&lt;br&gt;EditDate: 2025/08/25&lt;br&gt;Editor: JTMTJTMT&lt;br&gt;Shape__Len: 66.34349764150&lt;br&gt;Link: &lt;br&gt;Framework: בדיקת היתכנות&lt;br&gt;Engineer: אייל הנדסת כבישים ותנועה&lt;br&gt;Director: דראוס - חן&lt;br&gt;Architect: &lt;br&gt;respons: </description>
	<Style><LineStyle><color>ff0000ff</color></LineStyle><PolyStyle><fill>0</fill></PolyStyle></Style>
	<ExtendedData><SchemaData schemaUrl="#bike_lanes_construction">
		<SimpleData name="WKT">LINESTRING (35.215197 31.760754, 35.215814 31.760471)</SimpleData>
		<SimpleData name="PartName">ריש לקיש</SimpleData>
		<SimpleData name="StreetName">ריש לקיש</SimpleData>
		<SimpleData name="status_tex">בביצוע</SimpleData>
		<SimpleData name="openyear_n">0</SimpleData>
		<SimpleData name="BPHTtype">0</SimpleData>
		<SimpleData name="usable">0</SimpleData>
		<SimpleData name="infra">0</SimpleData>
		<SimpleData name="roadtype">7</SimpleData>
		<SimpleData name="BPHdir">0</SimpleData>
		<SimpleData name="BPHplace">0</SimpleData>
		<SimpleData name="DIRtype">0</SimpleData>
		<SimpleData name="DIRTraffic">0</SimpleData>
		<SimpleData name="TOPOLOGY">0</SimpleData>
		<SimpleData name="DIV_Veh">0</SimpleData>
		<SimpleData name="DIV_Walk">0</SimpleData>
		<SimpleData name="Signpost">0</SimpleData>
		<SimpleData name="Parking">0</SimpleData>
		<SimpleData name="LEVEL_">0</SimpleData>
		<SimpleData name="PAINT">0</SimpleData>
		<SimpleData name="TREES">0</SimpleData>
		<SimpleData name="remarks"></SimpleData>
		<SimpleData name="globalID">0</SimpleData>
		<SimpleData name="id">209</SimpleData>
		<SimpleData name="GlobalID_2">{94daa321-ddbb-4b91-b231-9c1e985e331b}</SimpleData>
		<SimpleData name="CreationDa">2025/08/25</SimpleData>
		<SimpleData name="Creator">JTMTJTMT</SimpleData>
		<SimpleData name="EditDate">2025/08/25</SimpleData>
		<SimpleData name="Editor">JTMTJTMT</SimpleData>
		<SimpleData name="Shape__Len">66.34349764150</SimpleData>
		<SimpleData name="Link"></SimpleData>
		<SimpleData name="Framework">בדיקת היתכנות</SimpleData>
		<SimpleData name="Engineer">אייל הנדסת כבישים ותנועה</SimpleData>
		<SimpleData name="Director">דראוס - חן</SimpleData>
		<SimpleData name="Architect"></SimpleData>
		<SimpleData name="respons"></SimpleData>
		<SimpleData name="V39"></SimpleData>
	</SchemaData></ExtendedData>
      <MultiGeometry><LineString><coordinates>35.215197,31.760754,0 35.215814,31.760471,0</coordinates></LineString></MultiGeometry>
  </Placemark>
  <Placemark>
	<name></name>
	<description>תיאור: &lt;br&gt;PartName: ריש לקיש&lt;br&gt;StreetName: ריש לקיש&lt;br&gt;status_tex: בביצוע&lt;br&gt;openyear_n: 0&lt;br&gt;BPHTtype: 0&lt;br&gt;usable: 0&lt;br&gt;infra: 0&lt;br&gt;roadtype: 4&lt;br&gt;BPHdir: 0.00000000000&lt;br&gt;BPHplace: 0&lt;br&gt;DIRtype: 0&lt;br&gt;DIRTraffic: 0&lt;br&gt;TOPOLOGY: 0&lt;br&gt;DIV_Veh: 0&lt;br&gt;DIV_Walk: 0&lt;br&gt;Signpost: 0&lt;br&gt;Parking: 0&lt;br&gt;LEVEL_: 0&lt;br&gt;PAINT: 0&lt;br&gt;TREES: 0&lt;br&gt;remarks: &lt;br&gt;globalID: 0&lt;br&gt;id: 209&lt;br&gt;GlobalID_2: {1f2be48f-3817-41f1-979d-00130e13583d}&lt;br&gt;CreationDa: 2025/08/25&lt;br&gt;Creator: JTMTJTMT&lt;br&gt;EditDate: 2025/08/25&lt;br&gt;Editor: JTMTJTMT&lt;br&gt;Shape__Len: 58.33971410570&lt;br&gt;Link: &lt;br&gt;Framework: בדיקת היתכנות&lt;br&gt;Engineer: אייל הנדסת כבישים ותנועה&lt;br&gt;Director: דראוס - חן&lt;br&gt;Architect: &lt;br&gt;respons: </description>
	<Style><LineStyle><color>ff0000ff</color></LineStyle><PolyStyle><fill>0</fill></PolyStyle></Style>
	<ExtendedData><SchemaData schemaUrl="#bike_lanes_construction">
		<SimpleData name="WKT">LINESTRING (35.214603 31.761068, 35.21462 31.761047, 35.215051 31.760821, 35.215122 31.760789)</SimpleData>
		<SimpleData name="PartName">ריש לקיש</SimpleData>
		<SimpleData name="StreetName">ריש לקיש</SimpleData>
		<SimpleData name="status_tex">בביצוע</SimpleData>
		<SimpleData name="openyear_n">0</SimpleData>
		<SimpleData name="BPHTtype">0</SimpleData>
		<SimpleData name="usable">0</SimpleData>
		<SimpleData name="infra">0</SimpleData>
		<SimpleData name="roadtype">4</SimpleData>
		<SimpleData name="BPHdir">0</SimpleData>
		<SimpleData name="BPHplace">0</SimpleData>
		<SimpleData name="DIRtype">0</SimpleData>
		<SimpleData name="DIRTraffic">0</SimpleData>
		<SimpleData name="TOPOLOGY">0</SimpleData>
		<SimpleData name="DIV_Veh">0</SimpleData>
		<SimpleData name="DIV_Walk">0</SimpleData>
		<SimpleData name="Signpost">0</SimpleData>
		<SimpleData name="Parking">0</SimpleData>
		<SimpleData name="LEVEL_">0</SimpleData>
		<SimpleData name="PAINT">0</SimpleData>
		<SimpleData name="TREES">0</SimpleData>
		<SimpleData name="remarks"></SimpleData>
		<SimpleData name="globalID">0</SimpleData>
		<SimpleData name="id">209</SimpleData>
		<SimpleData name="GlobalID_2">{1f2be48f-3817-41f1-979d-00130e13583d}</SimpleData>
		<SimpleData name="CreationDa">2025/08/25</SimpleData>
		<SimpleData name="Creator">JTMTJTMT</SimpleData>
		<SimpleData name="EditDate">2025/08/25</SimpleData>
		<SimpleData name="Editor">JTMTJTMT</SimpleData>
		<SimpleData name="Shape__Len">58.33971410570</SimpleData>
		<SimpleData name="Link"></SimpleData>
		<SimpleData name="Framework">בדיקת היתכנות</SimpleData>
		<SimpleData name="Engineer">אייל הנדסת כבישים ותנועה</SimpleData>
		<SimpleData name="Director">דראוס - חן</SimpleData>
		<SimpleData name="Architect"></SimpleData>
		<SimpleData name="respons"></SimpleData>
		<SimpleData name="V39"></SimpleData>
	</SchemaData></ExtendedData>
      <MultiGeometry><LineString><coordinates>35.214603,31.761068,0 35.21462,31.761047,0 35.215051,31.760821,0 35.215122,31.760789,0</coordinates></LineString></MultiGeometry>
  </Placemark>
  <Placemark>
	<name></name>
	<description>תיאור: &lt;br&gt;PartName: הכניסה לעיר&lt;br&gt;StreetName: גשר בן דור&lt;br&gt;status_tex: בביצוע&lt;br&gt;openyear_n: 0&lt;br&gt;BPHTtype: 1&lt;br&gt;usable: 0&lt;br&gt;infra: 0&lt;br&gt;roadtype: 4&lt;br&gt;BPHdir: 0.00000000000&lt;br&gt;BPHplace: 2&lt;br&gt;DIRtype: 2&lt;br&gt;DIRTraffic: 9&lt;br&gt;TOPOLOGY: 0&lt;br&gt;DIV_Veh: 0&lt;br&gt;DIV_Walk: 0&lt;br&gt;Signpost: 0&lt;br&gt;Parking: 0&lt;br&gt;LEVEL_: 0&lt;br&gt;PAINT: 0&lt;br&gt;TREES: 0&lt;br&gt;remarks: &lt;br&gt;globalID: 0&lt;br&gt;id: 137&lt;br&gt;GlobalID_2: {c55a004d-6670-4503-aae2-bfd415b079ba}&lt;br&gt;CreationDa: 2025/08/25&lt;br&gt;Creator: JTMTJTMT&lt;br&gt;EditDate: 2025/08/25&lt;br&gt;Editor: JTMTJTMT&lt;br&gt;Shape__Len: 48.15774176590&lt;br&gt;Link: &lt;br&gt;Framework: &lt;br&gt;Engineer: &lt;br&gt;Director: &lt;br&gt;Architect: &lt;br&gt;respons: עדן</description>
	<Style><LineStyle><color>ff0000ff</color></LineStyle><PolyStyle><fill>0</fill></PolyStyle></Style>
	<ExtendedData><SchemaData schemaUrl="#bike_lanes_construction">
		<SimpleData name="WKT">LINESTRING (35.19954 31.786376, 35.199327 31.786547, 35.199233 31.786633, 35.199209 31.786696)</SimpleData>
		<SimpleData name="PartName">הכניסה לעיר</SimpleData>
		<SimpleData name="StreetName">גשר בן דור</SimpleData>
		<SimpleData name="status_tex">בביצוע</SimpleData>
		<SimpleData name="openyear_n">0</SimpleData>
		<SimpleData name="BPHTtype">1</SimpleData>
		<SimpleData name="usable">0</SimpleData>
		<SimpleData name="infra">0</SimpleData>
		<SimpleData name="roadtype">4</SimpleData>
		<SimpleData name="BPHdir">0</SimpleData>
		<SimpleData name="BPHplace">2</SimpleData>
		<SimpleData name="DIRtype">2</SimpleData>
		<SimpleData name="DIRTraffic">9</SimpleData>
		<SimpleData name="TOPOLOGY">0</SimpleData>
		<SimpleData name="DIV_Veh">0</SimpleData>
		<SimpleData name="DIV_Walk">0</SimpleData>
		<SimpleData name="Signpost">0</SimpleData>
		<SimpleData name="Parking">0</SimpleData>
		<SimpleData name="LEVEL_">0</SimpleData>
		<SimpleData name="PAINT">0</SimpleData>
		<SimpleData name="TREES">0</SimpleData>
		<SimpleData name="remarks"></SimpleData>
		<SimpleData name="globalID">0</SimpleData>
		<SimpleData name="id">137</SimpleData>
		<SimpleData name="GlobalID_2">{c55a004d-6670-4503-aae2-bfd415b079ba}</SimpleData>
		<SimpleData name="CreationDa">2025/08/25</SimpleData>
		<SimpleData name="Creator">JTMTJTMT</SimpleData>
		<SimpleData name="EditDate">2025/08/25</SimpleData>
		<SimpleData name="Editor">JTMTJTMT</SimpleData>
		<SimpleData name="Shape__Len">48.15774176590</SimpleData>
		<SimpleData name="Link"></SimpleData>
		<SimpleData name="Framework"></SimpleData>
		<SimpleData name="Engineer"></SimpleData>
		<SimpleData name="Director"></SimpleData>
		<SimpleData name="Architect"></SimpleData>
		<SimpleData name="respons">עדן</SimpleData>
		<SimpleData name="V39"></SimpleData>
	</SchemaData></ExtendedData>
      <MultiGeometry><LineString><coordinates>35.19954,31.786376,0 35.199327,31.786547,0 35.199233,31.786633,0 35.199209,31.786696,0</coordinates></LineString></MultiGeometry>
  </Placemark>
  <Placemark>
	<name></name>
	<description>תיאור: &lt;br&gt;PartName: הכניסה לעיר&lt;br&gt;StreetName: גשר בן דור&lt;br&gt;status_tex: בביצוע&lt;br&gt;openyear_n: 0&lt;br&gt;BPHTtype: 1&lt;br&gt;usable: 0&lt;br&gt;infra: 0&lt;br&gt;roadtype: 4&lt;br&gt;BPHdir: 0.00000000000&lt;br&gt;BPHplace: 2&lt;br&gt;DIRtype: 2&lt;br&gt;DIRTraffic: 9&lt;br&gt;TOPOLOGY: 0&lt;br&gt;DIV_Veh: 0&lt;br&gt;DIV_Walk: 0&lt;br&gt;Signpost: 0&lt;br&gt;Parking: 0&lt;br&gt;LEVEL_: 0&lt;br&gt;PAINT: 0&lt;br&gt;TREES: 0&lt;br&gt;remarks: &lt;br&gt;globalID: 0&lt;br&gt;id: 137&lt;br&gt;GlobalID_2: {3514a018-415e-4a29-a4c0-da7e43d061c5}&lt;br&gt;CreationDa: 2025/08/25&lt;br&gt;Creator: JTMTJTMT&lt;br&gt;EditDate: 2025/08/25&lt;br&gt;Editor: JTMTJTMT&lt;br&gt;Shape__Len: 85.27637501570&lt;br&gt;Link: &lt;br&gt;Framework: &lt;br&gt;Engineer: &lt;br&gt;Director: &lt;br&gt;Architect: &lt;br&gt;respons: עדן</description>
	<Style><LineStyle><color>ff0000ff</color></LineStyle><PolyStyle><fill>0</fill></PolyStyle></Style>
	<ExtendedData><SchemaData schemaUrl="#bike_lanes_construction">
		<SimpleData name="WKT">GEOMETRYCOLLECTION (LINESTRING (35.200421 31.785884, 35.200474 31.785878, 35.200535 31.785881, 35.20058 31.785882, 35.200589 31.78588), LINESTRING (35.20042 31.785884, 35.20034 31.785895, 35.200156 31.785987, 35.199926 31.786133, 35.199802 31.786206))</SimpleData>
		<SimpleData name="PartName">הכניסה לעיר</SimpleData>
		<SimpleData name="StreetName">גשר בן דור</SimpleData>
		<SimpleData name="status_tex">בביצוע</SimpleData>
		<SimpleData name="openyear_n">0</SimpleData>
		<SimpleData name="BPHTtype">1</SimpleData>
		<SimpleData name="usable">0</SimpleData>
		<SimpleData name="infra">0</SimpleData>
		<SimpleData name="roadtype">4</SimpleData>
		<SimpleData name="BPHdir">0</SimpleData>
		<SimpleData name="BPHplace">2</SimpleData>
		<SimpleData name="DIRtype">2</SimpleData>
		<SimpleData name="DIRTraffic">9</SimpleData>
		<SimpleData name="TOPOLOGY">0</SimpleData>
		<SimpleData name="DIV_Veh">0</SimpleData>
		<SimpleData name="DIV_Walk">0</SimpleData>
		<SimpleData name="Signpost">0</SimpleData>
		<SimpleData name="Parking">0</SimpleData>
		<SimpleData name="LEVEL_">0</SimpleData>
		<SimpleData name="PAINT">0</SimpleData>
		<SimpleData name="TREES">0</SimpleData>
		<SimpleData name="remarks"></SimpleData>
		<SimpleData name="globalID">0</SimpleData>
		<SimpleData name="id">137</SimpleData>
		<SimpleData name="GlobalID_2">{3514a018-415e-4a29-a4c0-da7e43d061c5}</SimpleData>
		<SimpleData name="CreationDa">2025/08/25</SimpleData>
		<SimpleData name="Creator">JTMTJTMT</SimpleData>
		<SimpleData name="EditDate">2025/08/25</SimpleData>
		<SimpleData name="Editor">JTMTJTMT</SimpleData>
		<SimpleData name="Shape__Len">85.27637501570</SimpleData>
		<SimpleData name="Link"></SimpleData>
		<SimpleData name="Framework"></SimpleData>
		<SimpleData name="Engineer"></SimpleData>
		<SimpleData name="Director"></SimpleData>
		<SimpleData name="Architect"></SimpleData>
		<SimpleData name="respons">עדן</SimpleData>
		<SimpleData name="V39"></SimpleData>
	</SchemaData></ExtendedData>
      <MultiGeometry><LineString><coordinates>35.200421,31.785884 35.200474,31.785878 35.200535,31.785881 35.20058,31.785882 35.200589,31.78588</coordinates></LineString><LineString><coordinates>35.20042,31.785884 35.20034,31.785895 35.200156,31.785987 35.199926,31.786133 35.199802,31.786206</coordinates></LineString></MultiGeometry>
  </Placemark>
  <Placemark>
	<name></name>
	<description>תיאור: &lt;br&gt;PartName: הכניסה לעיר&lt;br&gt;StreetName: גשר בן דור&lt;br&gt;status_tex: בביצוע&lt;br&gt;openyear_n: 0&lt;br&gt;BPHTtype: 1&lt;br&gt;usable: 0&lt;br&gt;infra: 0&lt;br&gt;roadtype: 4&lt;br&gt;BPHdir: 0.00000000000&lt;br&gt;BPHplace: 1&lt;br&gt;DIRtype: 2&lt;br&gt;DIRTraffic: 9&lt;br&gt;TOPOLOGY: 0&lt;br&gt;DIV_Veh: 9&lt;br&gt;DIV_Walk: 0&lt;br&gt;Signpost: 0&lt;br&gt;Parking: 9&lt;br&gt;LEVEL_: 0&lt;br&gt;PAINT: 0&lt;br&gt;TREES: 9&lt;br&gt;remarks: &lt;br&gt;globalID: 0&lt;br&gt;id: 137&lt;br&gt;GlobalID_2: {05e799b5-15c6-4a8a-817a-0a9d0b4830f8}&lt;br&gt;CreationDa: 2025/08/25&lt;br&gt;Creator: JTMTJTMT&lt;br&gt;EditDate: 2025/08/25&lt;br&gt;Editor: JTMTJTMT&lt;br&gt;Shape__Len: 6.04051227378&lt;br&gt;Link: &lt;br&gt;Framework: &lt;br&gt;Engineer: &lt;br&gt;Director: &lt;br&gt;Architect: &lt;br&gt;respons: עדן</description>
	<Style><LineStyle><color>ff0000ff</color></LineStyle><PolyStyle><fill>0</fill></PolyStyle></Style>
	<ExtendedData><SchemaData schemaUrl="#bike_lanes_construction">
		<SimpleData name="WKT">LINESTRING (35.200589 31.785881, 35.200614 31.785831)</SimpleData>
		<SimpleData name="PartName">הכניסה לעיר</SimpleData>
		<SimpleData name="StreetName">גשר בן דור</SimpleData>
		<SimpleData name="status_tex">בביצוע</SimpleData>
		<SimpleData name="openyear_n">0</SimpleData>
		<SimpleData name="BPHTtype">1</SimpleData>
		<SimpleData name="usable">0</SimpleData>
		<SimpleData name="infra">0</SimpleData>
		<SimpleData name="roadtype">4</SimpleData>
		<SimpleData name="BPHdir">0</SimpleData>
		<SimpleData name="BPHplace">1</SimpleData>
		<SimpleData name="DIRtype">2</SimpleData>
		<SimpleData name="DIRTraffic">9</SimpleData>
		<SimpleData name="TOPOLOGY">0</SimpleData>
		<SimpleData name="DIV_Veh">9</SimpleData>
		<SimpleData name="DIV_Walk">0</SimpleData>
		<SimpleData name="Signpost">0</SimpleData>
		<SimpleData name="Parking">9</SimpleData>
		<SimpleData name="LEVEL_">0</SimpleData>
		<SimpleData name="PAINT">0</SimpleData>
		<SimpleData name="TREES">9</SimpleData>
		<SimpleData name="remarks"></SimpleData>
		<SimpleData name="globalID">0</SimpleData>
		<SimpleData name="id">137</SimpleData>
		<SimpleData name="GlobalID_2">{05e799b5-15c6-4a8a-817a-0a9d0b4830f8}</SimpleData>
		<SimpleData name="CreationDa">2025/08/25</SimpleData>
		<SimpleData name="Creator">JTMTJTMT</SimpleData>
		<SimpleData name="EditDate">2025/08/25</SimpleData>
		<SimpleData name="Editor">JTMTJTMT</SimpleData>
		<SimpleData name="Shape__Len">6.04051227378</SimpleData>
		<SimpleData name="Link"></SimpleData>
		<SimpleData name="Framework"></SimpleData>
		<SimpleData name="Engineer"></SimpleData>
		<SimpleData name="Director"></SimpleData>
		<SimpleData name="Architect"></SimpleData>
		<SimpleData name="respons">עדן</SimpleData>
		<SimpleData name="V39"></SimpleData>
	</SchemaData></ExtendedData>
      <MultiGeometry><LineString><coordinates>35.200589,31.785881,0 35.200614,31.785831,0</coordinates></LineString></MultiGeometry>
  </Placemark>
  <Placemark>
	<name></name>
	<description>תיאור: &lt;br&gt;PartName: הכניסה לעיר&lt;br&gt;StreetName: גשר בן דור&lt;br&gt;status_tex: בביצוע&lt;br&gt;openyear_n: 0&lt;br&gt;BPHTtype: 1&lt;br&gt;usable: 0&lt;br&gt;infra: 0&lt;br&gt;roadtype: 4&lt;br&gt;BPHdir: 0.00000000000&lt;br&gt;BPHplace: 1&lt;br&gt;DIRtype: 2&lt;br&gt;DIRTraffic: 9&lt;br&gt;TOPOLOGY: 0&lt;br&gt;DIV_Veh: 9&lt;br&gt;DIV_Walk: 0&lt;br&gt;Signpost: 0&lt;br&gt;Parking: 9&lt;br&gt;LEVEL_: 0&lt;br&gt;PAINT: 0&lt;br&gt;TREES: 9&lt;br&gt;remarks: &lt;br&gt;globalID: 0&lt;br&gt;id: 137&lt;br&gt;GlobalID_2: {063b9ad9-425c-43e2-8fad-da360fc96e02}&lt;br&gt;CreationDa: 2025/08/25&lt;br&gt;Creator: JTMTJTMT&lt;br&gt;EditDate: 2025/08/25&lt;br&gt;Editor: JTMTJTMT&lt;br&gt;Shape__Len: 26.13043521440&lt;br&gt;Link: &lt;br&gt;Framework: &lt;br&gt;Engineer: &lt;br&gt;Director: &lt;br&gt;Architect: &lt;br&gt;respons: עדן</description>
	<Style><LineStyle><color>ff0000ff</color></LineStyle><PolyStyle><fill>0</fill></PolyStyle></Style>
	<ExtendedData><SchemaData schemaUrl="#bike_lanes_construction">
		<SimpleData name="WKT">LINESTRING (35.200693 31.785759, 35.200895 31.785598)</SimpleData>
		<SimpleData name="PartName">הכניסה לעיר</SimpleData>
		<SimpleData name="StreetName">גשר בן דור</SimpleData>
		<SimpleData name="status_tex">בביצוע</SimpleData>
		<SimpleData name="openyear_n">0</SimpleData>
		<SimpleData name="BPHTtype">1</SimpleData>
		<SimpleData name="usable">0</SimpleData>
		<SimpleData name="infra">0</SimpleData>
		<SimpleData name="roadtype">4</SimpleData>
		<SimpleData name="BPHdir">0</SimpleData>
		<SimpleData name="BPHplace">1</SimpleData>
		<SimpleData name="DIRtype">2</SimpleData>
		<SimpleData name="DIRTraffic">9</SimpleData>
		<SimpleData name="TOPOLOGY">0</SimpleData>
		<SimpleData name="DIV_Veh">9</SimpleData>
		<SimpleData name="DIV_Walk">0</SimpleData>
		<SimpleData name="Signpost">0</SimpleData>
		<SimpleData name="Parking">9</SimpleData>
		<SimpleData name="LEVEL_">0</SimpleData>
		<SimpleData name="PAINT">0</SimpleData>
		<SimpleData name="TREES">9</SimpleData>
		<SimpleData name="remarks"></SimpleData>
		<SimpleData name="globalID">0</SimpleData>
		<SimpleData name="id">137</SimpleData>
		<SimpleData name="GlobalID_2">{063b9ad9-425c-43e2-8fad-da360fc96e02}</SimpleData>
		<SimpleData name="CreationDa">2025/08/25</SimpleData>
		<SimpleData name="Creator">JTMTJTMT</SimpleData>
		<SimpleData name="EditDate">2025/08/25</SimpleData>
		<SimpleData name="Editor">JTMTJTMT</SimpleData>
		<SimpleData name="Shape__Len">26.13043521440</SimpleData>
		<SimpleData name="Link"></SimpleData>
		<SimpleData name="Framework"></SimpleData>
		<SimpleData name="Engineer"></SimpleData>
		<SimpleData name="Director"></SimpleData>
		<SimpleData name="Architect"></SimpleData>
		<SimpleData name="respons">עדן</SimpleData>
		<SimpleData name="V39"></SimpleData>
	</SchemaData></ExtendedData>
      <MultiGeometry><LineString><coordinates>35.200693,31.785759,0 35.200895,31.785598,0</coordinates></LineString></MultiGeometry>
  </Placemark>
  <Placemark>
	<name></name>
	<description>תיאור: &lt;br&gt;PartName: הכניסה לעיר&lt;br&gt;StreetName: שדרות שז&quot;ר&lt;br&gt;status_tex: בביצוע&lt;br&gt;openyear_n: 0&lt;br&gt;BPHTtype: 1&lt;br&gt;usable: 0&lt;br&gt;infra: 0&lt;br&gt;roadtype: 5&lt;br&gt;BPHdir: 0.00000000000&lt;br&gt;BPHplace: 1&lt;br&gt;DIRtype: 2&lt;br&gt;DIRTraffic: 9&lt;br&gt;TOPOLOGY: 0&lt;br&gt;DIV_Veh: 9&lt;br&gt;DIV_Walk: 0&lt;br&gt;Signpost: 0&lt;br&gt;Parking: 9&lt;br&gt;LEVEL_: 0&lt;br&gt;PAINT: 0&lt;br&gt;TREES: 9&lt;br&gt;remarks: &lt;br&gt;globalID: 0&lt;br&gt;id: 234&lt;br&gt;GlobalID_2: {21d04872-20df-4d19-9ab7-186e4b029e0c}&lt;br&gt;CreationDa: 2025/08/25&lt;br&gt;Creator: JTMTJTMT&lt;br&gt;EditDate: 2025/08/25&lt;br&gt;Editor: JTMTJTMT&lt;br&gt;Shape__Len: 26.48683645800&lt;br&gt;Link: &lt;br&gt;Framework: &lt;br&gt;Engineer: &lt;br&gt;Director: &lt;br&gt;Architect: &lt;br&gt;respons: עדן</description>
	<Style><LineStyle><color>ff0000ff</color></LineStyle><PolyStyle><fill>0</fill></PolyStyle></Style>
	<ExtendedData><SchemaData schemaUrl="#bike_lanes_construction">
		<SimpleData name="WKT">LINESTRING (35.20145 31.787542, 35.201728 31.787517)</SimpleData>
		<SimpleData name="PartName">הכניסה לעיר</SimpleData>
		<SimpleData name="StreetName">שדרות שז&quot;ר</SimpleData>
		<SimpleData name="status_tex">בביצוע</SimpleData>
		<SimpleData name="openyear_n">0</SimpleData>
		<SimpleData name="BPHTtype">1</SimpleData>
		<SimpleData name="usable">0</SimpleData>
		<SimpleData name="infra">0</SimpleData>
		<SimpleData name="roadtype">5</SimpleData>
		<SimpleData name="BPHdir">0</SimpleData>
		<SimpleData name="BPHplace">1</SimpleData>
		<SimpleData name="DIRtype">2</SimpleData>
		<SimpleData name="DIRTraffic">9</SimpleData>
		<SimpleData name="TOPOLOGY">0</SimpleData>
		<SimpleData name="DIV_Veh">9</SimpleData>
		<SimpleData name="DIV_Walk">0</SimpleData>
		<SimpleData name="Signpost">0</SimpleData>
		<SimpleData name="Parking">9</SimpleData>
		<SimpleData name="LEVEL_">0</SimpleData>
		<SimpleData name="PAINT">0</SimpleData>
		<SimpleData name="TREES">9</SimpleData>
		<SimpleData name="remarks"></SimpleData>
		<SimpleData name="globalID">0</SimpleData>
		<SimpleData name="id">234</SimpleData>
		<SimpleData name="GlobalID_2">{21d04872-20df-4d19-9ab7-186e4b029e0c}</SimpleData>
		<SimpleData name="CreationDa">2025/08/25</SimpleData>
		<SimpleData name="Creator">JTMTJTMT</SimpleData>
		<SimpleData name="EditDate">2025/08/25</SimpleData>
		<SimpleData name="Editor">JTMTJTMT</SimpleData>
		<SimpleData name="Shape__Len">26.48683645800</SimpleData>
		<SimpleData name="Link"></SimpleData>
		<SimpleData name="Framework"></SimpleData>
		<SimpleData name="Engineer"></SimpleData>
		<SimpleData name="Director"></SimpleData>
		<SimpleData name="Architect"></SimpleData>
		<SimpleData name="respons">עדן</SimpleData>
		<SimpleData name="V39"></SimpleData>
	</SchemaData></ExtendedData>
      <MultiGeometry><LineString><coordinates>35.20145,31.787542,0 35.201728,31.787517,0</coordinates></LineString></MultiGeometry>
  </Placemark>
  <Placemark>
	<name></name>
	<description>תיאור: &lt;br&gt;PartName: טשרניחובסקי&lt;br&gt;StreetName: טשרניחובסקי&lt;br&gt;status_tex: בביצוע&lt;br&gt;openyear_n: 0&lt;br&gt;BPHTtype: 1&lt;br&gt;usable: 0&lt;br&gt;infra: 0&lt;br&gt;roadtype: 5&lt;br&gt;BPHdir: 0.00000000000&lt;br&gt;BPHplace: 1&lt;br&gt;DIRtype: 2&lt;br&gt;DIRTraffic: 9&lt;br&gt;TOPOLOGY: 0&lt;br&gt;DIV_Veh: 9&lt;br&gt;DIV_Walk: 0&lt;br&gt;Signpost: 0&lt;br&gt;Parking: 9&lt;br&gt;LEVEL_: 0&lt;br&gt;PAINT: 0&lt;br&gt;TREES: 9&lt;br&gt;remarks: &lt;br&gt;globalID: 0&lt;br&gt;id: 118&lt;br&gt;GlobalID_2: {85e82226-93f4-4e6c-9952-dad3cfd95402}&lt;br&gt;CreationDa: 2025/08/25&lt;br&gt;Creator: JTMTJTMT&lt;br&gt;EditDate: 2025/08/25&lt;br&gt;Editor: JTMTJTMT&lt;br&gt;Shape__Len: 11.31602620480&lt;br&gt;Link: &lt;br&gt;Framework: &lt;br&gt;Engineer: רולי פלד&lt;br&gt;Director: &lt;br&gt;Architect: &lt;br&gt;respons: </description>
	<Style><LineStyle><color>ff0000ff</color></LineStyle><PolyStyle><fill>0</fill></PolyStyle></Style>
	<ExtendedData><SchemaData schemaUrl="#bike_lanes_construction">
		<SimpleData name="WKT">LINESTRING (35.206117 31.765986, 35.206109 31.766087)</SimpleData>
		<SimpleData name="PartName">טשרניחובסקי</SimpleData>
		<SimpleData name="StreetName">טשרניחובסקי</SimpleData>
		<SimpleData name="status_tex">בביצוע</SimpleData>
		<SimpleData name="openyear_n">0</SimpleData>
		<SimpleData name="BPHTtype">1</SimpleData>
		<SimpleData name="usable">0</SimpleData>
		<SimpleData name="infra">0</SimpleData>
		<SimpleData name="roadtype">5</SimpleData>
		<SimpleData name="BPHdir">0</SimpleData>
		<SimpleData name="BPHplace">1</SimpleData>
		<SimpleData name="DIRtype">2</SimpleData>
		<SimpleData name="DIRTraffic">9</SimpleData>
		<SimpleData name="TOPOLOGY">0</SimpleData>
		<SimpleData name="DIV_Veh">9</SimpleData>
		<SimpleData name="DIV_Walk">0</SimpleData>
		<SimpleData name="Signpost">0</SimpleData>
		<SimpleData name="Parking">9</SimpleData>
		<SimpleData name="LEVEL_">0</SimpleData>
		<SimpleData name="PAINT">0</SimpleData>
		<SimpleData name="TREES">9</SimpleData>
		<SimpleData name="remarks"></SimpleData>
		<SimpleData name="globalID">0</SimpleData>
		<SimpleData name="id">118</SimpleData>
		<SimpleData name="GlobalID_2">{85e82226-93f4-4e6c-9952-dad3cfd95402}</SimpleData>
		<SimpleData name="CreationDa">2025/08/25</SimpleData>
		<SimpleData name="Creator">JTMTJTMT</SimpleData>
		<SimpleData name="EditDate">2025/08/25</SimpleData>
		<SimpleData name="Editor">JTMTJTMT</SimpleData>
		<SimpleData name="Shape__Len">11.31602620480</SimpleData>
		<SimpleData name="Link"></SimpleData>
		<SimpleData name="Framework"></SimpleData>
		<SimpleData name="Engineer">רולי פלד</SimpleData>
		<SimpleData name="Director"></SimpleData>
		<SimpleData name="Architect"></SimpleData>
		<SimpleData name="respons"></SimpleData>
		<SimpleData name="V39"></SimpleData>
	</SchemaData></ExtendedData>
      <MultiGeometry><LineString><coordinates>35.206117,31.765986,0 35.206109,31.766087,0</coordinates></LineString></MultiGeometry>
  </Placemark>
  <Placemark>
	<name></name>
	<description>תיאור: &lt;br&gt;PartName: טשרניחובסקי&lt;br&gt;StreetName: טשרניחובסקי&lt;br&gt;status_tex: בביצוע&lt;br&gt;openyear_n: 0&lt;br&gt;BPHTtype: 1&lt;br&gt;usable: 0&lt;br&gt;infra: 0&lt;br&gt;roadtype: 5&lt;br&gt;BPHdir: 0.00000000000&lt;br&gt;BPHplace: 2&lt;br&gt;DIRtype: 2&lt;br&gt;DIRTraffic: 9&lt;br&gt;TOPOLOGY: 0&lt;br&gt;DIV_Veh: 1&lt;br&gt;DIV_Walk: 0&lt;br&gt;Signpost: 0&lt;br&gt;Parking: 0&lt;br&gt;LEVEL_: 0&lt;br&gt;PAINT: 0&lt;br&gt;TREES: 0&lt;br&gt;remarks: &lt;br&gt;globalID: 0&lt;br&gt;id: 118&lt;br&gt;GlobalID_2: {d19c3049-40a1-4849-86d8-91a87375ec99}&lt;br&gt;CreationDa: 2025/08/25&lt;br&gt;Creator: JTMTJTMT&lt;br&gt;EditDate: 2025/08/25&lt;br&gt;Editor: JTMTJTMT&lt;br&gt;Shape__Len: 147.38621854200&lt;br&gt;Link: &lt;br&gt;Framework: &lt;br&gt;Engineer: רולי פלד&lt;br&gt;Director: &lt;br&gt;Architect: &lt;br&gt;respons: </description>
	<Style><LineStyle><color>ff0000ff</color></LineStyle><PolyStyle><fill>0</fill></PolyStyle></Style>
	<ExtendedData><SchemaData schemaUrl="#bike_lanes_construction">
		<SimpleData name="WKT">LINESTRING (35.206109 31.766094, 35.206104 31.766117, 35.206087 31.766145, 35.20608 31.766199, 35.206067 31.766298, 35.206081 31.766338, 35.20607 31.766407, 35.206052 31.766554, 35.206036 31.766726, 35.206036 31.766903, 35.206082 31.767192, 35.206095 31.7673, 35.206133 31.767406)</SimpleData>
		<SimpleData name="PartName">טשרניחובסקי</SimpleData>
		<SimpleData name="StreetName">טשרניחובסקי</SimpleData>
		<SimpleData name="status_tex">בביצוע</SimpleData>
		<SimpleData name="openyear_n">0</SimpleData>
		<SimpleData name="BPHTtype">1</SimpleData>
		<SimpleData name="usable">0</SimpleData>
		<SimpleData name="infra">0</SimpleData>
		<SimpleData name="roadtype">5</SimpleData>
		<SimpleData name="BPHdir">0</SimpleData>
		<SimpleData name="BPHplace">2</SimpleData>
		<SimpleData name="DIRtype">2</SimpleData>
		<SimpleData name="DIRTraffic">9</SimpleData>
		<SimpleData name="TOPOLOGY">0</SimpleData>
		<SimpleData name="DIV_Veh">1</SimpleData>
		<SimpleData name="DIV_Walk">0</SimpleData>
		<SimpleData name="Signpost">0</SimpleData>
		<SimpleData name="Parking">0</SimpleData>
		<SimpleData name="LEVEL_">0</SimpleData>
		<SimpleData name="PAINT">0</SimpleData>
		<SimpleData name="TREES">0</SimpleData>
		<SimpleData name="remarks"></SimpleData>
		<SimpleData name="globalID">0</SimpleData>
		<SimpleData name="id">118</SimpleData>
		<SimpleData name="GlobalID_2">{d19c3049-40a1-4849-86d8-91a87375ec99}</SimpleData>
		<SimpleData name="CreationDa">2025/08/25</SimpleData>
		<SimpleData name="Creator">JTMTJTMT</SimpleData>
		<SimpleData name="EditDate">2025/08/25</SimpleData>
		<SimpleData name="Editor">JTMTJTMT</SimpleData>
		<SimpleData name="Shape__Len">147.38621854200</SimpleData>
		<SimpleData name="Link"></SimpleData>
		<SimpleData name="Framework"></SimpleData>
		<SimpleData name="Engineer">רולי פלד</SimpleData>
		<SimpleData name="Director"></SimpleData>
		<SimpleData name="Architect"></SimpleData>
		<SimpleData name="respons"></SimpleData>
		<SimpleData name="V39"></SimpleData>
	</SchemaData></ExtendedData>
      <MultiGeometry><LineString><coordinates>35.206109,31.766094,0 35.206104,31.766117,0 35.206087,31.766145,0 35.20608,31.766199,0 35.206067,31.766298,0 35.206081,31.766338,0 35.20607,31.766407,0 35.206052,31.766554,0 35.206036,31.766726,0 35.206036,31.766903,0 35.206082,31.767192,0 35.206095,31.7673,0 35.206133,31.767406,0</coordinates></LineString></MultiGeometry>
  </Placemark>
  <Placemark>
	<name></name>
	<description>תיאור: &lt;br&gt;PartName: טשרניחובסקי&lt;br&gt;StreetName: טשרניחובסקי&lt;br&gt;status_tex: בביצוע&lt;br&gt;openyear_n: 0&lt;br&gt;BPHTtype: 1&lt;br&gt;usable: 0&lt;br&gt;infra: 0&lt;br&gt;roadtype: 5&lt;br&gt;BPHdir: 0.00000000000&lt;br&gt;BPHplace: 2&lt;br&gt;DIRtype: 2&lt;br&gt;DIRTraffic: 9&lt;br&gt;TOPOLOGY: 0&lt;br&gt;DIV_Veh: 1&lt;br&gt;DIV_Walk: 0&lt;br&gt;Signpost: 0&lt;br&gt;Parking: 1&lt;br&gt;LEVEL_: 0&lt;br&gt;PAINT: 0&lt;br&gt;TREES: 0&lt;br&gt;remarks: &lt;br&gt;globalID: 0&lt;br&gt;id: 118&lt;br&gt;GlobalID_2: {3058ee7b-ec3c-469d-a72f-e5c29bc00062}&lt;br&gt;CreationDa: 2025/08/25&lt;br&gt;Creator: JTMTJTMT&lt;br&gt;EditDate: 2025/08/25&lt;br&gt;Editor: JTMTJTMT&lt;br&gt;Shape__Len: 105.60985101000&lt;br&gt;Link: &lt;br&gt;Framework: &lt;br&gt;Engineer: רולי פלד&lt;br&gt;Director: &lt;br&gt;Architect: &lt;br&gt;respons: </description>
	<Style><LineStyle><color>ff0000ff</color></LineStyle><PolyStyle><fill>0</fill></PolyStyle></Style>
	<ExtendedData><SchemaData schemaUrl="#bike_lanes_construction">
		<SimpleData name="WKT">LINESTRING (35.206133 31.767406, 35.20617 31.767508, 35.206305 31.767762, 35.206393 31.767894, 35.206468 31.767983, 35.206554 31.76802, 35.206691 31.768125, 35.206711 31.768181, 35.206719 31.768185)</SimpleData>
		<SimpleData name="PartName">טשרניחובסקי</SimpleData>
		<SimpleData name="StreetName">טשרניחובסקי</SimpleData>
		<SimpleData name="status_tex">בביצוע</SimpleData>
		<SimpleData name="openyear_n">0</SimpleData>
		<SimpleData name="BPHTtype">1</SimpleData>
		<SimpleData name="usable">0</SimpleData>
		<SimpleData name="infra">0</SimpleData>
		<SimpleData name="roadtype">5</SimpleData>
		<SimpleData name="BPHdir">0</SimpleData>
		<SimpleData name="BPHplace">2</SimpleData>
		<SimpleData name="DIRtype">2</SimpleData>
		<SimpleData name="DIRTraffic">9</SimpleData>
		<SimpleData name="TOPOLOGY">0</SimpleData>
		<SimpleData name="DIV_Veh">1</SimpleData>
		<SimpleData name="DIV_Walk">0</SimpleData>
		<SimpleData name="Signpost">0</SimpleData>
		<SimpleData name="Parking">1</SimpleData>
		<SimpleData name="LEVEL_">0</SimpleData>
		<SimpleData name="PAINT">0</SimpleData>
		<SimpleData name="TREES">0</SimpleData>
		<SimpleData name="remarks"></SimpleData>
		<SimpleData name="globalID">0</SimpleData>
		<SimpleData name="id">118</SimpleData>
		<SimpleData name="GlobalID_2">{3058ee7b-ec3c-469d-a72f-e5c29bc00062}</SimpleData>
		<SimpleData name="CreationDa">2025/08/25</SimpleData>
		<SimpleData name="Creator">JTMTJTMT</SimpleData>
		<SimpleData name="EditDate">2025/08/25</SimpleData>
		<SimpleData name="Editor">JTMTJTMT</SimpleData>
		<SimpleData name="Shape__Len">105.60985101000</SimpleData>
		<SimpleData name="Link"></SimpleData>
		<SimpleData name="Framework"></SimpleData>
		<SimpleData name="Engineer">רולי פלד</SimpleData>
		<SimpleData name="Director"></SimpleData>
		<SimpleData name="Architect"></SimpleData>
		<SimpleData name="respons"></SimpleData>
		<SimpleData name="V39"></SimpleData>
	</SchemaData></ExtendedData>
      <MultiGeometry><LineString><coordinates>35.206133,31.767406,0 35.20617,31.767508,0 35.206305,31.767762,0 35.206393,31.767894,0 35.206468,31.767983,0 35.206554,31.76802,0 35.206691,31.768125,0 35.206711,31.768181,0 35.206719,31.768185,0</coordinates></LineString></MultiGeometry>
  </Placemark>
  <Placemark>
	<name></name>
	<description>תיאור: &lt;br&gt;PartName: שמואל סטפן וייז&lt;br&gt;StreetName: שמואל סטפן וייז&lt;br&gt;status_tex: בביצוע&lt;br&gt;openyear_n: 0&lt;br&gt;BPHTtype: 1&lt;br&gt;usable: 0&lt;br&gt;infra: 0&lt;br&gt;roadtype: 5&lt;br&gt;BPHdir: 0.00000000000&lt;br&gt;BPHplace: 2&lt;br&gt;DIRtype: 2&lt;br&gt;DIRTraffic: 9&lt;br&gt;TOPOLOGY: 0&lt;br&gt;DIV_Veh: 0&lt;br&gt;DIV_Walk: 0&lt;br&gt;Signpost: 0&lt;br&gt;Parking: 0&lt;br&gt;LEVEL_: 0&lt;br&gt;PAINT: 0&lt;br&gt;TREES: 0&lt;br&gt;remarks: &lt;br&gt;globalID: 0&lt;br&gt;id: 247&lt;br&gt;GlobalID_2: {e51a7a20-5667-405f-9e3a-4d925e5997ed}&lt;br&gt;CreationDa: 2025/08/25&lt;br&gt;Creator: JTMTJTMT&lt;br&gt;EditDate: 2025/08/25&lt;br&gt;Editor: JTMTJTMT&lt;br&gt;Shape__Len: 10.01185083340&lt;br&gt;Link: &lt;br&gt;Framework: &lt;br&gt;Engineer: רולי פלד&lt;br&gt;Director: &lt;br&gt;Architect: &lt;br&gt;respons: </description>
	<Style><LineStyle><color>ff0000ff</color></LineStyle><PolyStyle><fill>0</fill></PolyStyle></Style>
	<ExtendedData><SchemaData schemaUrl="#bike_lanes_construction">
		<SimpleData name="WKT">LINESTRING (35.201213 31.775823, 35.20122 31.775784, 35.201225 31.775772, 35.201253 31.775777, 35.201267 31.775782)</SimpleData>
		<SimpleData name="PartName">שמואל סטפן וייז</SimpleData>
		<SimpleData name="StreetName">שמואל סטפן וייז</SimpleData>
		<SimpleData name="status_tex">בביצוע</SimpleData>
		<SimpleData name="openyear_n">0</SimpleData>
		<SimpleData name="BPHTtype">1</SimpleData>
		<SimpleData name="usable">0</SimpleData>
		<SimpleData name="infra">0</SimpleData>
		<SimpleData name="roadtype">5</SimpleData>
		<SimpleData name="BPHdir">0</SimpleData>
		<SimpleData name="BPHplace">2</SimpleData>
		<SimpleData name="DIRtype">2</SimpleData>
		<SimpleData name="DIRTraffic">9</SimpleData>
		<SimpleData name="TOPOLOGY">0</SimpleData>
		<SimpleData name="DIV_Veh">0</SimpleData>
		<SimpleData name="DIV_Walk">0</SimpleData>
		<SimpleData name="Signpost">0</SimpleData>
		<SimpleData name="Parking">0</SimpleData>
		<SimpleData name="LEVEL_">0</SimpleData>
		<SimpleData name="PAINT">0</SimpleData>
		<SimpleData name="TREES">0</SimpleData>
		<SimpleData name="remarks"></SimpleData>
		<SimpleData name="globalID">0</SimpleData>
		<SimpleData name="id">247</SimpleData>
		<SimpleData name="GlobalID_2">{e51a7a20-5667-405f-9e3a-4d925e5997ed}</SimpleData>
		<SimpleData name="CreationDa">2025/08/25</SimpleData>
		<SimpleData name="Creator">JTMTJTMT</SimpleData>
		<SimpleData name="EditDate">2025/08/25</SimpleData>
		<SimpleData name="Editor">JTMTJTMT</SimpleData>
		<SimpleData name="Shape__Len">10.01185083340</SimpleData>
		<SimpleData name="Link"></SimpleData>
		<SimpleData name="Framework"></SimpleData>
		<SimpleData name="Engineer">רולי פלד</SimpleData>
		<SimpleData name="Director"></SimpleData>
		<SimpleData name="Architect"></SimpleData>
		<SimpleData name="respons"></SimpleData>
		<SimpleData name="V39"></SimpleData>
	</SchemaData></ExtendedData>
      <MultiGeometry><LineString><coordinates>35.201213,31.775823,0 35.20122,31.775784,0 35.201225,31.775772,0 35.201253,31.775777,0 35.201267,31.775782,0</coordinates></LineString></MultiGeometry>
  </Placemark>
  <Placemark>
	<name></name>
	<description>תיאור: &lt;br&gt;PartName: שמואל סטפן וייז&lt;br&gt;StreetName: שמואל סטפן וייז&lt;br&gt;status_tex: בביצוע&lt;br&gt;openyear_n: 0&lt;br&gt;BPHTtype: 0&lt;br&gt;usable: 0&lt;br&gt;infra: 0&lt;br&gt;roadtype: 5&lt;br&gt;BPHdir: 0.00000000000&lt;br&gt;BPHplace: 0&lt;br&gt;DIRtype: 0&lt;br&gt;DIRTraffic: 0&lt;br&gt;TOPOLOGY: 0&lt;br&gt;DIV_Veh: 0&lt;br&gt;DIV_Walk: 0&lt;br&gt;Signpost: 0&lt;br&gt;Parking: 0&lt;br&gt;LEVEL_: 0&lt;br&gt;PAINT: 0&lt;br&gt;TREES: 0&lt;br&gt;remarks: &lt;br&gt;globalID: 0&lt;br&gt;id: 247&lt;br&gt;GlobalID_2: {62c4ea57-f203-49b1-8432-f2db6d4e7098}&lt;br&gt;CreationDa: 2025/08/25&lt;br&gt;Creator: JTMTJTMT&lt;br&gt;EditDate: 2025/08/25&lt;br&gt;Editor: JTMTJTMT&lt;br&gt;Shape__Len: 7.63928427183&lt;br&gt;Link: &lt;br&gt;Framework: &lt;br&gt;Engineer: רולי פלד&lt;br&gt;Director: &lt;br&gt;Architect: &lt;br&gt;respons: </description>
	<Style><LineStyle><color>ff0000ff</color></LineStyle><PolyStyle><fill>0</fill></PolyStyle></Style>
	<ExtendedData><SchemaData schemaUrl="#bike_lanes_construction">
		<SimpleData name="WKT">LINESTRING (35.201267 31.775782, 35.201343 31.775806)</SimpleData>
		<SimpleData name="PartName">שמואל סטפן וייז</SimpleData>
		<SimpleData name="StreetName">שמואל סטפן וייז</SimpleData>
		<SimpleData name="status_tex">בביצוע</SimpleData>
		<SimpleData name="openyear_n">0</SimpleData>
		<SimpleData name="BPHTtype">0</SimpleData>
		<SimpleData name="usable">0</SimpleData>
		<SimpleData name="infra">0</SimpleData>
		<SimpleData name="roadtype">5</SimpleData>
		<SimpleData name="BPHdir">0</SimpleData>
		<SimpleData name="BPHplace">0</SimpleData>
		<SimpleData name="DIRtype">0</SimpleData>
		<SimpleData name="DIRTraffic">0</SimpleData>
		<SimpleData name="TOPOLOGY">0</SimpleData>
		<SimpleData name="DIV_Veh">0</SimpleData>
		<SimpleData name="DIV_Walk">0</SimpleData>
		<SimpleData name="Signpost">0</SimpleData>
		<SimpleData name="Parking">0</SimpleData>
		<SimpleData name="LEVEL_">0</SimpleData>
		<SimpleData name="PAINT">0</SimpleData>
		<SimpleData name="TREES">0</SimpleData>
		<SimpleData name="remarks"></SimpleData>
		<SimpleData name="globalID">0</SimpleData>
		<SimpleData name="id">247</SimpleData>
		<SimpleData name="GlobalID_2">{62c4ea57-f203-49b1-8432-f2db6d4e7098}</SimpleData>
		<SimpleData name="CreationDa">2025/08/25</SimpleData>
		<SimpleData name="Creator">JTMTJTMT</SimpleData>
		<SimpleData name="EditDate">2025/08/25</SimpleData>
		<SimpleData name="Editor">JTMTJTMT</SimpleData>
		<SimpleData name="Shape__Len">7.63928427183</SimpleData>
		<SimpleData name="Link"></SimpleData>
		<SimpleData name="Framework"></SimpleData>
		<SimpleData name="Engineer">רולי פלד</SimpleData>
		<SimpleData name="Director"></SimpleData>
		<SimpleData name="Architect"></SimpleData>
		<SimpleData name="respons"></SimpleData>
		<SimpleData name="V39"></SimpleData>
	</SchemaData></ExtendedData>
      <MultiGeometry><LineString><coordinates>35.201267,31.775782,0 35.201343,31.775806,0</coordinates></LineString></MultiGeometry>
  </Placemark>
  <Placemark>
	<name></name>
	<description>תיאור: &lt;br&gt;PartName: שמואל סטפן וייז&lt;br&gt;StreetName: שמואל סטפן וייז&lt;br&gt;status_tex: בביצוע&lt;br&gt;openyear_n: 0&lt;br&gt;BPHTtype: 1&lt;br&gt;usable: 0&lt;br&gt;infra: 0&lt;br&gt;roadtype: 5&lt;br&gt;BPHdir: 0.00000000000&lt;br&gt;BPHplace: 1&lt;br&gt;DIRtype: 2&lt;br&gt;DIRTraffic: 9&lt;br&gt;TOPOLOGY: 0&lt;br&gt;DIV_Veh: 9&lt;br&gt;DIV_Walk: 0&lt;br&gt;Signpost: 0&lt;br&gt;Parking: 9&lt;br&gt;LEVEL_: 0&lt;br&gt;PAINT: 0&lt;br&gt;TREES: 9&lt;br&gt;remarks: &lt;br&gt;globalID: 0&lt;br&gt;id: 247&lt;br&gt;GlobalID_2: {99b7e1bc-5b33-4e9e-9e8d-607010adc5ce}&lt;br&gt;CreationDa: 2025/08/25&lt;br&gt;Creator: JTMTJTMT&lt;br&gt;EditDate: 2025/08/25&lt;br&gt;Editor: JTMTJTMT&lt;br&gt;Shape__Len: 5.54358149956&lt;br&gt;Link: &lt;br&gt;Framework: &lt;br&gt;Engineer: רולי פלד&lt;br&gt;Director: &lt;br&gt;Architect: &lt;br&gt;respons: </description>
	<Style><LineStyle><color>ff0000ff</color></LineStyle><PolyStyle><fill>0</fill></PolyStyle></Style>
	<ExtendedData><SchemaData schemaUrl="#bike_lanes_construction">
		<SimpleData name="WKT">LINESTRING (35.201371 31.775814, 35.201425 31.775832)</SimpleData>
		<SimpleData name="PartName">שמואל סטפן וייז</SimpleData>
		<SimpleData name="StreetName">שמואל סטפן וייז</SimpleData>
		<SimpleData name="status_tex">בביצוע</SimpleData>
		<SimpleData name="openyear_n">0</SimpleData>
		<SimpleData name="BPHTtype">1</SimpleData>
		<SimpleData name="usable">0</SimpleData>
		<SimpleData name="infra">0</SimpleData>
		<SimpleData name="roadtype">5</SimpleData>
		<SimpleData name="BPHdir">0</SimpleData>
		<SimpleData name="BPHplace">1</SimpleData>
		<SimpleData name="DIRtype">2</SimpleData>
		<SimpleData name="DIRTraffic">9</SimpleData>
		<SimpleData name="TOPOLOGY">0</SimpleData>
		<SimpleData name="DIV_Veh">9</SimpleData>
		<SimpleData name="DIV_Walk">0</SimpleData>
		<SimpleData name="Signpost">0</SimpleData>
		<SimpleData name="Parking">9</SimpleData>
		<SimpleData name="LEVEL_">0</SimpleData>
		<SimpleData name="PAINT">0</SimpleData>
		<SimpleData name="TREES">9</SimpleData>
		<SimpleData name="remarks"></SimpleData>
		<SimpleData name="globalID">0</SimpleData>
		<SimpleData name="id">247</SimpleData>
		<SimpleData name="GlobalID_2">{99b7e1bc-5b33-4e9e-9e8d-607010adc5ce}</SimpleData>
		<SimpleData name="CreationDa">2025/08/25</SimpleData>
		<SimpleData name="Creator">JTMTJTMT</SimpleData>
		<SimpleData name="EditDate">2025/08/25</SimpleData>
		<SimpleData name="Editor">JTMTJTMT</SimpleData>
		<SimpleData name="Shape__Len">5.54358149956</SimpleData>
		<SimpleData name="Link"></SimpleData>
		<SimpleData name="Framework"></SimpleData>
		<SimpleData name="Engineer">רולי פלד</SimpleData>
		<SimpleData name="Director"></SimpleData>
		<SimpleData name="Architect"></SimpleData>
		<SimpleData name="respons"></SimpleData>
		<SimpleData name="V39"></SimpleData>
	</SchemaData></ExtendedData>
      <MultiGeometry><LineString><coordinates>35.201371,31.775814,0 35.201425,31.775832,0</coordinates></LineString></MultiGeometry>
  </Placemark>
  <Placemark>
	<name></name>
	<description>תיאור: &lt;br&gt;PartName: הפרסה&lt;br&gt;StreetName: הפרסה&lt;br&gt;status_tex: בביצוע&lt;br&gt;openyear_n: 0&lt;br&gt;BPHTtype: 0&lt;br&gt;usable: 0&lt;br&gt;infra: 0&lt;br&gt;roadtype: 4&lt;br&gt;BPHdir: 0.00000000000&lt;br&gt;BPHplace: 0&lt;br&gt;DIRtype: 0&lt;br&gt;DIRTraffic: 0&lt;br&gt;TOPOLOGY: 0&lt;br&gt;DIV_Veh: 0&lt;br&gt;DIV_Walk: 0&lt;br&gt;Signpost: 0&lt;br&gt;Parking: 0&lt;br&gt;LEVEL_: 0&lt;br&gt;PAINT: 0&lt;br&gt;TREES: 0&lt;br&gt;remarks: &lt;br&gt;globalID: 0&lt;br&gt;id: 81&lt;br&gt;GlobalID_2: {63947789-5f62-4b1c-a883-37df2015886e}&lt;br&gt;CreationDa: 2025/08/25&lt;br&gt;Creator: JTMTJTMT&lt;br&gt;EditDate: 2025/08/25&lt;br&gt;Editor: JTMTJTMT&lt;br&gt;Shape__Len: 164.63336649900&lt;br&gt;Link: &lt;br&gt;Framework: תכנית אב&lt;br&gt;Engineer: &lt;br&gt;Director: &lt;br&gt;Architect: &lt;br&gt;respons: עדן</description>
	<Style><LineStyle><color>ff0000ff</color></LineStyle><PolyStyle><fill>0</fill></PolyStyle></Style>
	<ExtendedData><SchemaData schemaUrl="#bike_lanes_construction">
		<SimpleData name="WKT">LINESTRING (35.213234 31.750757, 35.212531 31.750691, 35.211511 31.750569)</SimpleData>
		<SimpleData name="PartName">הפרסה</SimpleData>
		<SimpleData name="StreetName">הפרסה</SimpleData>
		<SimpleData name="status_tex">בביצוע</SimpleData>
		<SimpleData name="openyear_n">0</SimpleData>
		<SimpleData name="BPHTtype">0</SimpleData>
		<SimpleData name="usable">0</SimpleData>
		<SimpleData name="infra">0</SimpleData>
		<SimpleData name="roadtype">4</SimpleData>
		<SimpleData name="BPHdir">0</SimpleData>
		<SimpleData name="BPHplace">0</SimpleData>
		<SimpleData name="DIRtype">0</SimpleData>
		<SimpleData name="DIRTraffic">0</SimpleData>
		<SimpleData name="TOPOLOGY">0</SimpleData>
		<SimpleData name="DIV_Veh">0</SimpleData>
		<SimpleData name="DIV_Walk">0</SimpleData>
		<SimpleData name="Signpost">0</SimpleData>
		<SimpleData name="Parking">0</SimpleData>
		<SimpleData name="LEVEL_">0</SimpleData>
		<SimpleData name="PAINT">0</SimpleData>
		<SimpleData name="TREES">0</SimpleData>
		<SimpleData name="remarks"></SimpleData>
		<SimpleData name="globalID">0</SimpleData>
		<SimpleData name="id">81</SimpleData>
		<SimpleData name="GlobalID_2">{63947789-5f62-4b1c-a883-37df2015886e}</SimpleData>
		<SimpleData name="CreationDa">2025/08/25</SimpleData>
		<SimpleData name="Creator">JTMTJTMT</SimpleData>
		<SimpleData name="EditDate">2025/08/25</SimpleData>
		<SimpleData name="Editor">JTMTJTMT</SimpleData>
		<SimpleData name="Shape__Len">164.63336649900</SimpleData>
		<SimpleData name="Link"></SimpleData>
		<SimpleData name="Framework">תכנית אב</SimpleData>
		<SimpleData name="Engineer"></SimpleData>
		<SimpleData name="Director"></SimpleData>
		<SimpleData name="Architect"></SimpleData>
		<SimpleData name="respons">עדן</SimpleData>
		<SimpleData name="V39"></SimpleData>
	</SchemaData></ExtendedData>
      <MultiGeometry><LineString><coordinates>35.213234,31.750757,0 35.212531,31.750691,0 35.211511,31.750569,0</coordinates></LineString></MultiGeometry>
  </Placemark>
  <Placemark>
	<name></name>
	<description>תיאור: &lt;br&gt;PartName: הפרסה&lt;br&gt;StreetName: הפרסה&lt;br&gt;status_tex: בביצוע&lt;br&gt;openyear_n: 0&lt;br&gt;BPHTtype: 0&lt;br&gt;usable: 0&lt;br&gt;infra: 0&lt;br&gt;roadtype: 4&lt;br&gt;BPHdir: 0.00000000000&lt;br&gt;BPHplace: 0&lt;br&gt;DIRtype: 2&lt;br&gt;DIRTraffic: 0&lt;br&gt;TOPOLOGY: 0&lt;br&gt;DIV_Veh: 0&lt;br&gt;DIV_Walk: 0&lt;br&gt;Signpost: 0&lt;br&gt;Parking: 0&lt;br&gt;LEVEL_: 0&lt;br&gt;PAINT: 0&lt;br&gt;TREES: 0&lt;br&gt;remarks: &lt;br&gt;globalID: 0&lt;br&gt;id: 81&lt;br&gt;GlobalID_2: {e553457f-5800-4ea1-86df-cc52d92ec677}&lt;br&gt;CreationDa: 2025/08/25&lt;br&gt;Creator: JTMTJTMT&lt;br&gt;EditDate: 2025/08/25&lt;br&gt;Editor: JTMTJTMT&lt;br&gt;Shape__Len: 369.55392041000&lt;br&gt;Link: https://jtmt.sharepoint.com/:b:/r/sites/ModelsDepartment/StrategicPlanningDepartment/DocLib1/%D7%A4%D7%A8%D7%95%D7%99%D7%99%D7%A7%D7%98%D7%99%D7%9D%20%D7%90%D7%95%D7%A4%D7%A0%D7%99%D7%99%D7%9D/%D7%A2%D7%93%D7%9F/%D7%A4%D7%99%D7%99%D7%A8%20%D7%A7%D7%A0%D7&lt;br&gt;Framework: תכנון מפורט&lt;br&gt;Engineer: &lt;br&gt;Director: &lt;br&gt;Architect: &lt;br&gt;respons: עדן</description>
	<Style><LineStyle><color>ff0000ff</color></LineStyle><PolyStyle><fill>0</fill></PolyStyle></Style>
	<ExtendedData><SchemaData schemaUrl="#bike_lanes_construction">
		<SimpleData name="WKT">LINESTRING (35.213337 31.750958, 35.213208 31.750985, 35.212918 31.750918, 35.212796 31.750855, 35.212087 31.750748, 35.211737 31.750703, 35.211232 31.750681, 35.210987 31.750706, 35.210675 31.750775, 35.210363 31.750884, 35.210164 31.750988, 35.209957 31.751127, 35.20973 31.751346)</SimpleData>
		<SimpleData name="PartName">הפרסה</SimpleData>
		<SimpleData name="StreetName">הפרסה</SimpleData>
		<SimpleData name="status_tex">בביצוע</SimpleData>
		<SimpleData name="openyear_n">0</SimpleData>
		<SimpleData name="BPHTtype">0</SimpleData>
		<SimpleData name="usable">0</SimpleData>
		<SimpleData name="infra">0</SimpleData>
		<SimpleData name="roadtype">4</SimpleData>
		<SimpleData name="BPHdir">0</SimpleData>
		<SimpleData name="BPHplace">0</SimpleData>
		<SimpleData name="DIRtype">2</SimpleData>
		<SimpleData name="DIRTraffic">0</SimpleData>
		<SimpleData name="TOPOLOGY">0</SimpleData>
		<SimpleData name="DIV_Veh">0</SimpleData>
		<SimpleData name="DIV_Walk">0</SimpleData>
		<SimpleData name="Signpost">0</SimpleData>
		<SimpleData name="Parking">0</SimpleData>
		<SimpleData name="LEVEL_">0</SimpleData>
		<SimpleData name="PAINT">0</SimpleData>
		<SimpleData name="TREES">0</SimpleData>
		<SimpleData name="remarks"></SimpleData>
		<SimpleData name="globalID">0</SimpleData>
		<SimpleData name="id">81</SimpleData>
		<SimpleData name="GlobalID_2">{e553457f-5800-4ea1-86df-cc52d92ec677}</SimpleData>
		<SimpleData name="CreationDa">2025/08/25</SimpleData>
		<SimpleData name="Creator">JTMTJTMT</SimpleData>
		<SimpleData name="EditDate">2025/08/25</SimpleData>
		<SimpleData name="Editor">JTMTJTMT</SimpleData>
		<SimpleData name="Shape__Len">369.55392041000</SimpleData>
		<SimpleData name="Link">https://jtmt.sharepoint.com/:b:/r/sites/ModelsDepartment/StrategicPlanningDepartment/DocLib1/%D7%A4%D7%A8%D7%95%D7%99%D7%99%D7%A7%D7%98%D7%99%D7%9D%20%D7%90%D7%95%D7%A4%D7%A0%D7%99%D7%99%D7%9D/%D7%A2%D7%93%D7%9F/%D7%A4%D7%99%D7%99%D7%A8%20%D7%A7%D7%A0%D7</SimpleData>
		<SimpleData name="Framework">תכנון מפורט</SimpleData>
		<SimpleData name="Engineer"></SimpleData>
		<SimpleData name="Director"></SimpleData>
		<SimpleData name="Architect"></SimpleData>
		<SimpleData name="respons">עדן</SimpleData>
		<SimpleData name="V39"></SimpleData>
	</SchemaData></ExtendedData>
      <MultiGeometry><LineString><coordinates>35.213337,31.750958,0 35.213208,31.750985,0 35.212918,31.750918,0 35.212796,31.750855,0 35.212087,31.750748,0 35.211737,31.750703,0 35.211232,31.750681,0 35.210987,31.750706,0 35.210675,31.750775,0 35.210363,31.750884,0 35.210164,31.750988,0 35.209957,31.751127,0 35.20973,31.751346,0</coordinates></LineString></MultiGeometry>
  </Placemark>
  <Placemark>
	<name></name>
	<description>תיאור: &lt;br&gt;PartName: הפרסה&lt;br&gt;StreetName: הפרסה&lt;br&gt;status_tex: בביצוע&lt;br&gt;openyear_n: 0&lt;br&gt;BPHTtype: 0&lt;br&gt;usable: 0&lt;br&gt;infra: 0&lt;br&gt;roadtype: 4&lt;br&gt;BPHdir: 0.00000000000&lt;br&gt;BPHplace: 0&lt;br&gt;DIRtype: 0&lt;br&gt;DIRTraffic: 0&lt;br&gt;TOPOLOGY: 0&lt;br&gt;DIV_Veh: 0&lt;br&gt;DIV_Walk: 0&lt;br&gt;Signpost: 0&lt;br&gt;Parking: 0&lt;br&gt;LEVEL_: 0&lt;br&gt;PAINT: 0&lt;br&gt;TREES: 0&lt;br&gt;remarks: &lt;br&gt;globalID: 0&lt;br&gt;id: 81&lt;br&gt;GlobalID_2: {0b9cf781-fdf8-440c-a440-d263b627bd42}&lt;br&gt;CreationDa: 2025/08/25&lt;br&gt;Creator: JTMTJTMT&lt;br&gt;EditDate: 2025/08/25&lt;br&gt;Editor: JTMTJTMT&lt;br&gt;Shape__Len: 57.39955493290&lt;br&gt;Link: &lt;br&gt;Framework: תכנית אב&lt;br&gt;Engineer: &lt;br&gt;Director: &lt;br&gt;Architect: &lt;br&gt;respons: עדן</description>
	<Style><LineStyle><color>ff0000ff</color></LineStyle><PolyStyle><fill>0</fill></PolyStyle></Style>
	<ExtendedData><SchemaData schemaUrl="#bike_lanes_construction">
		<SimpleData name="WKT">LINESTRING (35.209725 31.751369, 35.209591 31.751683, 35.209493 31.751847)</SimpleData>
		<SimpleData name="PartName">הפרסה</SimpleData>
		<SimpleData name="StreetName">הפרסה</SimpleData>
		<SimpleData name="status_tex">בביצוע</SimpleData>
		<SimpleData name="openyear_n">0</SimpleData>
		<SimpleData name="BPHTtype">0</SimpleData>
		<SimpleData name="usable">0</SimpleData>
		<SimpleData name="infra">0</SimpleData>
		<SimpleData name="roadtype">4</SimpleData>
		<SimpleData name="BPHdir">0</SimpleData>
		<SimpleData name="BPHplace">0</SimpleData>
		<SimpleData name="DIRtype">0</SimpleData>
		<SimpleData name="DIRTraffic">0</SimpleData>
		<SimpleData name="TOPOLOGY">0</SimpleData>
		<SimpleData name="DIV_Veh">0</SimpleData>
		<SimpleData name="DIV_Walk">0</SimpleData>
		<SimpleData name="Signpost">0</SimpleData>
		<SimpleData name="Parking">0</SimpleData>
		<SimpleData name="LEVEL_">0</SimpleData>
		<SimpleData name="PAINT">0</SimpleData>
		<SimpleData name="TREES">0</SimpleData>
		<SimpleData name="remarks"></SimpleData>
		<SimpleData name="globalID">0</SimpleData>
		<SimpleData name="id">81</SimpleData>
		<SimpleData name="GlobalID_2">{0b9cf781-fdf8-440c-a440-d263b627bd42}</SimpleData>
		<SimpleData name="CreationDa">2025/08/25</SimpleData>
		<SimpleData name="Creator">JTMTJTMT</SimpleData>
		<SimpleData name="EditDate">2025/08/25</SimpleData>
		<SimpleData name="Editor">JTMTJTMT</SimpleData>
		<SimpleData name="Shape__Len">57.39955493290</SimpleData>
		<SimpleData name="Link"></SimpleData>
		<SimpleData name="Framework">תכנית אב</SimpleData>
		<SimpleData name="Engineer"></SimpleData>
		<SimpleData name="Director"></SimpleData>
		<SimpleData name="Architect"></SimpleData>
		<SimpleData name="respons">עדן</SimpleData>
		<SimpleData name="V39"></SimpleData>
	</SchemaData></ExtendedData>
      <MultiGeometry><LineString><coordinates>35.209725,31.751369,0 35.209591,31.751683,0 35.209493,31.751847,0</coordinates></LineString></MultiGeometry>
  </Placemark>
  <Placemark>
	<name></name>
	<description>תיאור: &lt;br&gt;PartName: הפרסה&lt;br&gt;StreetName: הפרסה&lt;br&gt;status_tex: בביצוע&lt;br&gt;openyear_n: 0&lt;br&gt;BPHTtype: 0&lt;br&gt;usable: 0&lt;br&gt;infra: 0&lt;br&gt;roadtype: 4&lt;br&gt;BPHdir: 0.00000000000&lt;br&gt;BPHplace: 0&lt;br&gt;DIRtype: 0&lt;br&gt;DIRTraffic: 0&lt;br&gt;TOPOLOGY: 0&lt;br&gt;DIV_Veh: 0&lt;br&gt;DIV_Walk: 0&lt;br&gt;Signpost: 0&lt;br&gt;Parking: 0&lt;br&gt;LEVEL_: 0&lt;br&gt;PAINT: 0&lt;br&gt;TREES: 0&lt;br&gt;remarks: &lt;br&gt;globalID: 0&lt;br&gt;id: 81&lt;br&gt;GlobalID_2: {fd37ddcb-b578-44e6-bebe-138acc1f0831}&lt;br&gt;CreationDa: 2025/08/25&lt;br&gt;Creator: JTMTJTMT&lt;br&gt;EditDate: 2025/08/25&lt;br&gt;Editor: JTMTJTMT&lt;br&gt;Shape__Len: 101.29524177300&lt;br&gt;Link: &lt;br&gt;Framework: תכנית אב&lt;br&gt;Engineer: &lt;br&gt;Director: &lt;br&gt;Architect: &lt;br&gt;respons: עדן</description>
	<Style><LineStyle><color>ff0000ff</color></LineStyle><PolyStyle><fill>0</fill></PolyStyle></Style>
	<ExtendedData><SchemaData schemaUrl="#bike_lanes_construction">
		<SimpleData name="WKT">LINESTRING (35.209411 31.751956, 35.209215 31.75221, 35.208951 31.752416, 35.208654 31.752583)</SimpleData>
		<SimpleData name="PartName">הפרסה</SimpleData>
		<SimpleData name="StreetName">הפרסה</SimpleData>
		<SimpleData name="status_tex">בביצוע</SimpleData>
		<SimpleData name="openyear_n">0</SimpleData>
		<SimpleData name="BPHTtype">0</SimpleData>
		<SimpleData name="usable">0</SimpleData>
		<SimpleData name="infra">0</SimpleData>
		<SimpleData name="roadtype">4</SimpleData>
		<SimpleData name="BPHdir">0</SimpleData>
		<SimpleData name="BPHplace">0</SimpleData>
		<SimpleData name="DIRtype">0</SimpleData>
		<SimpleData name="DIRTraffic">0</SimpleData>
		<SimpleData name="TOPOLOGY">0</SimpleData>
		<SimpleData name="DIV_Veh">0</SimpleData>
		<SimpleData name="DIV_Walk">0</SimpleData>
		<SimpleData name="Signpost">0</SimpleData>
		<SimpleData name="Parking">0</SimpleData>
		<SimpleData name="LEVEL_">0</SimpleData>
		<SimpleData name="PAINT">0</SimpleData>
		<SimpleData name="TREES">0</SimpleData>
		<SimpleData name="remarks"></SimpleData>
		<SimpleData name="globalID">0</SimpleData>
		<SimpleData name="id">81</SimpleData>
		<SimpleData name="GlobalID_2">{fd37ddcb-b578-44e6-bebe-138acc1f0831}</SimpleData>
		<SimpleData name="CreationDa">2025/08/25</SimpleData>
		<SimpleData name="Creator">JTMTJTMT</SimpleData>
		<SimpleData name="EditDate">2025/08/25</SimpleData>
		<SimpleData name="Editor">JTMTJTMT</SimpleData>
		<SimpleData name="Shape__Len">101.29524177300</SimpleData>
		<SimpleData name="Link"></SimpleData>
		<SimpleData name="Framework">תכנית אב</SimpleData>
		<SimpleData name="Engineer"></SimpleData>
		<SimpleData name="Director"></SimpleData>
		<SimpleData name="Architect"></SimpleData>
		<SimpleData name="respons">עדן</SimpleData>
		<SimpleData name="V39"></SimpleData>
	</SchemaData></ExtendedData>
      <MultiGeometry><LineString><coordinates>35.209411,31.751956,0 35.209215,31.75221,0 35.208951,31.752416,0 35.208654,31.752583,0</coordinates></LineString></MultiGeometry>
  </Placemark>
  <Placemark>
	<name></name>
	<description>תיאור: &lt;br&gt;PartName: הפרסה&lt;br&gt;StreetName: הפרסה&lt;br&gt;status_tex: בביצוע&lt;br&gt;openyear_n: 0&lt;br&gt;BPHTtype: 0&lt;br&gt;usable: 0&lt;br&gt;infra: 0&lt;br&gt;roadtype: 4&lt;br&gt;BPHdir: 0.00000000000&lt;br&gt;BPHplace: 0&lt;br&gt;DIRtype: 0&lt;br&gt;DIRTraffic: 0&lt;br&gt;TOPOLOGY: 0&lt;br&gt;DIV_Veh: 0&lt;br&gt;DIV_Walk: 0&lt;br&gt;Signpost: 0&lt;br&gt;Parking: 0&lt;br&gt;LEVEL_: 0&lt;br&gt;PAINT: 0&lt;br&gt;TREES: 0&lt;br&gt;remarks: &lt;br&gt;globalID: 0&lt;br&gt;id: 81&lt;br&gt;GlobalID_2: {a1e5fea9-3118-4ee9-9fe0-1f98de4caa96}&lt;br&gt;CreationDa: 2025/08/25&lt;br&gt;Creator: JTMTJTMT&lt;br&gt;EditDate: 2025/08/25&lt;br&gt;Editor: JTMTJTMT&lt;br&gt;Shape__Len: 138.85471501900&lt;br&gt;Link: &lt;br&gt;Framework: תכנית אב&lt;br&gt;Engineer: &lt;br&gt;Director: &lt;br&gt;Architect: &lt;br&gt;respons: עדן</description>
	<Style><LineStyle><color>ff0000ff</color></LineStyle><PolyStyle><fill>0</fill></PolyStyle></Style>
	<ExtendedData><SchemaData schemaUrl="#bike_lanes_construction">
		<SimpleData name="WKT">LINESTRING (35.209471 31.751602, 35.209249 31.751975, 35.208985 31.752255, 35.208688 31.752422, 35.208503 31.752487)</SimpleData>
		<SimpleData name="PartName">הפרסה</SimpleData>
		<SimpleData name="StreetName">הפרסה</SimpleData>
		<SimpleData name="status_tex">בביצוע</SimpleData>
		<SimpleData name="openyear_n">0</SimpleData>
		<SimpleData name="BPHTtype">0</SimpleData>
		<SimpleData name="usable">0</SimpleData>
		<SimpleData name="infra">0</SimpleData>
		<SimpleData name="roadtype">4</SimpleData>
		<SimpleData name="BPHdir">0</SimpleData>
		<SimpleData name="BPHplace">0</SimpleData>
		<SimpleData name="DIRtype">0</SimpleData>
		<SimpleData name="DIRTraffic">0</SimpleData>
		<SimpleData name="TOPOLOGY">0</SimpleData>
		<SimpleData name="DIV_Veh">0</SimpleData>
		<SimpleData name="DIV_Walk">0</SimpleData>
		<SimpleData name="Signpost">0</SimpleData>
		<SimpleData name="Parking">0</SimpleData>
		<SimpleData name="LEVEL_">0</SimpleData>
		<SimpleData name="PAINT">0</SimpleData>
		<SimpleData name="TREES">0</SimpleData>
		<SimpleData name="remarks"></SimpleData>
		<SimpleData name="globalID">0</SimpleData>
		<SimpleData name="id">81</SimpleData>
		<SimpleData name="GlobalID_2">{a1e5fea9-3118-4ee9-9fe0-1f98de4caa96}</SimpleData>
		<SimpleData name="CreationDa">2025/08/25</SimpleData>
		<SimpleData name="Creator">JTMTJTMT</SimpleData>
		<SimpleData name="EditDate">2025/08/25</SimpleData>
		<SimpleData name="Editor">JTMTJTMT</SimpleData>
		<SimpleData name="Shape__Len">138.85471501900</SimpleData>
		<SimpleData name="Link"></SimpleData>
		<SimpleData name="Framework">תכנית אב</SimpleData>
		<SimpleData name="Engineer"></SimpleData>
		<SimpleData name="Director"></SimpleData>
		<SimpleData name="Architect"></SimpleData>
		<SimpleData name="respons">עדן</SimpleData>
		<SimpleData name="V39"></SimpleData>
	</SchemaData></ExtendedData>
      <MultiGeometry><LineString><coordinates>35.209471,31.751602,0 35.209249,31.751975,0 35.208985,31.752255,0 35.208688,31.752422,0 35.208503,31.752487,0</coordinates></LineString></MultiGeometry>
  </Placemark>
  <Placemark>
	<name></name>
	<description>תיאור: &lt;br&gt;PartName: דרך חברון - אשר וינר&lt;br&gt;StreetName: דרך חברון&lt;br&gt;status_tex: בביצוע&lt;br&gt;openyear_n: 0&lt;br&gt;BPHTtype: 0&lt;br&gt;usable: 0&lt;br&gt;infra: 0&lt;br&gt;roadtype: 1&lt;br&gt;BPHdir: 0.00000000000&lt;br&gt;BPHplace: 0&lt;br&gt;DIRtype: 0&lt;br&gt;DIRTraffic: 0&lt;br&gt;TOPOLOGY: 0&lt;br&gt;DIV_Veh: 0&lt;br&gt;DIV_Walk: 0&lt;br&gt;Signpost: 0&lt;br&gt;Parking: 0&lt;br&gt;LEVEL_: 0&lt;br&gt;PAINT: 0&lt;br&gt;TREES: 0&lt;br&gt;remarks: &lt;br&gt;globalID: 0&lt;br&gt;id: 52&lt;br&gt;GlobalID_2: {c83c1835-0860-434a-99a6-94964787acd1}&lt;br&gt;CreationDa: 2025/08/25&lt;br&gt;Creator: JTMTJTMT&lt;br&gt;EditDate: 2025/08/25&lt;br&gt;Editor: JTMTJTMT&lt;br&gt;Shape__Len: 116.84477553300&lt;br&gt;Link: &lt;br&gt;Framework: מתוכנן&lt;br&gt;Engineer: &lt;br&gt;Director: &lt;br&gt;Architect: &lt;br&gt;respons: </description>
	<Style><LineStyle><color>ff0000ff</color></LineStyle><PolyStyle><fill>0</fill></PolyStyle></Style>
	<ExtendedData><SchemaData schemaUrl="#bike_lanes_construction">
		<SimpleData name="WKT">LINESTRING (35.215905 31.744771, 35.216073 31.744915, 35.216315 31.745277, 35.21655 31.745661)</SimpleData>
		<SimpleData name="PartName">דרך חברון - אשר וינר</SimpleData>
		<SimpleData name="StreetName">דרך חברון</SimpleData>
		<SimpleData name="status_tex">בביצוע</SimpleData>
		<SimpleData name="openyear_n">0</SimpleData>
		<SimpleData name="BPHTtype">0</SimpleData>
		<SimpleData name="usable">0</SimpleData>
		<SimpleData name="infra">0</SimpleData>
		<SimpleData name="roadtype">1</SimpleData>
		<SimpleData name="BPHdir">0</SimpleData>
		<SimpleData name="BPHplace">0</SimpleData>
		<SimpleData name="DIRtype">0</SimpleData>
		<SimpleData name="DIRTraffic">0</SimpleData>
		<SimpleData name="TOPOLOGY">0</SimpleData>
		<SimpleData name="DIV_Veh">0</SimpleData>
		<SimpleData name="DIV_Walk">0</SimpleData>
		<SimpleData name="Signpost">0</SimpleData>
		<SimpleData name="Parking">0</SimpleData>
		<SimpleData name="LEVEL_">0</SimpleData>
		<SimpleData name="PAINT">0</SimpleData>
		<SimpleData name="TREES">0</SimpleData>
		<SimpleData name="remarks"></SimpleData>
		<SimpleData name="globalID">0</SimpleData>
		<SimpleData name="id">52</SimpleData>
		<SimpleData name="GlobalID_2">{c83c1835-0860-434a-99a6-94964787acd1}</SimpleData>
		<SimpleData name="CreationDa">2025/08/25</SimpleData>
		<SimpleData name="Creator">JTMTJTMT</SimpleData>
		<SimpleData name="EditDate">2025/08/25</SimpleData>
		<SimpleData name="Editor">JTMTJTMT</SimpleData>
		<SimpleData name="Shape__Len">116.84477553300</SimpleData>
		<SimpleData name="Link"></SimpleData>
		<SimpleData name="Framework">מתוכנן</SimpleData>
		<SimpleData name="Engineer"></SimpleData>
		<SimpleData name="Director"></SimpleData>
		<SimpleData name="Architect"></SimpleData>
		<SimpleData name="respons"></SimpleData>
		<SimpleData name="V39"></SimpleData>
	</SchemaData></ExtendedData>
      <MultiGeometry><LineString><coordinates>35.215905,31.744771,0 35.216073,31.744915,0 35.216315,31.745277,0 35.21655,31.745661,0</coordinates></LineString></MultiGeometry>
  </Placemark>
  <Placemark>
	<name></name>
	<description>תיאור: &lt;br&gt;PartName: פארק האסבסטונים&lt;br&gt;StreetName: פארק האסבסטונים&lt;br&gt;status_tex: בביצוע&lt;br&gt;openyear_n: 0&lt;br&gt;BPHTtype: 1&lt;br&gt;usable: 0&lt;br&gt;infra: 0&lt;br&gt;roadtype: 7&lt;br&gt;BPHdir: 0.00000000000&lt;br&gt;BPHplace: 5&lt;br&gt;DIRtype: 2&lt;br&gt;DIRTraffic: 9&lt;br&gt;TOPOLOGY: 0&lt;br&gt;DIV_Veh: 9&lt;br&gt;DIV_Walk: 0&lt;br&gt;Signpost: 0&lt;br&gt;Parking: 0&lt;br&gt;LEVEL_: 0&lt;br&gt;PAINT: 0&lt;br&gt;TREES: 0&lt;br&gt;remarks: &lt;br&gt;globalID: 0&lt;br&gt;id: 182&lt;br&gt;GlobalID_2: {42a8c844-ade2-4fa9-8341-29a03ae8b8d7}&lt;br&gt;CreationDa: 2025/08/25&lt;br&gt;Creator: JTMTJTMT&lt;br&gt;EditDate: 2025/08/25&lt;br&gt;Editor: JTMTJTMT&lt;br&gt;Shape__Len: 276.07709834900&lt;br&gt;Link: https://jtmt.sharepoint.com/:f:/r/sites/ModelsDepartment/StrategicPlanningDepartment/DocLib1/%D7%A4%D7%A8%D7%95%D7%99%D7%99%D7%A7%D7%98%D7%99%D7%9D%20%D7%90%D7%95%D7%A4%D7%A0%D7%99%D7%99%D7%9D/%D7%94%D7%A8%D7%9C%D7%99/%D7%90%D7%96%D7%91%D7%A1%D7%98%D7%95&lt;br&gt;Framework: מתוכנן&lt;br&gt;Engineer: &lt;br&gt;Director: &lt;br&gt;Architect: &lt;br&gt;respons: הרל&quot;י</description>
	<Style><LineStyle><color>ff0000ff</color></LineStyle><PolyStyle><fill>0</fill></PolyStyle></Style>
	<ExtendedData><SchemaData schemaUrl="#bike_lanes_construction">
		<SimpleData name="WKT">LINESTRING (35.172104 31.75892, 35.172228 31.758915, 35.172344 31.758908, 35.172431 31.758892, 35.172557 31.758848, 35.172662 31.758807, 35.172803 31.758798, 35.173001 31.758813, 35.173226 31.75883, 35.173493 31.758824, 35.173665 31.758779, 35.173795 31.758693, 35.17387 31.758631, 35.174047 31.758538, 35.174113 31.7585, 35.174174 31.758445, 35.17435 31.758285, 35.17449 31.758164, 35.174534 31.758114, 35.174566 31.758062, 35.174596 31.758002)</SimpleData>
		<SimpleData name="PartName">פארק האסבסטונים</SimpleData>
		<SimpleData name="StreetName">פארק האסבסטונים</SimpleData>
		<SimpleData name="status_tex">בביצוע</SimpleData>
		<SimpleData name="openyear_n">0</SimpleData>
		<SimpleData name="BPHTtype">1</SimpleData>
		<SimpleData name="usable">0</SimpleData>
		<SimpleData name="infra">0</SimpleData>
		<SimpleData name="roadtype">7</SimpleData>
		<SimpleData name="BPHdir">0</SimpleData>
		<SimpleData name="BPHplace">5</SimpleData>
		<SimpleData name="DIRtype">2</SimpleData>
		<SimpleData name="DIRTraffic">9</SimpleData>
		<SimpleData name="TOPOLOGY">0</SimpleData>
		<SimpleData name="DIV_Veh">9</SimpleData>
		<SimpleData name="DIV_Walk">0</SimpleData>
		<SimpleData name="Signpost">0</SimpleData>
		<SimpleData name="Parking">0</SimpleData>
		<SimpleData name="LEVEL_">0</SimpleData>
		<SimpleData name="PAINT">0</SimpleData>
		<SimpleData name="TREES">0</SimpleData>
		<SimpleData name="remarks"></SimpleData>
		<SimpleData name="globalID">0</SimpleData>
		<SimpleData name="id">182</SimpleData>
		<SimpleData name="GlobalID_2">{42a8c844-ade2-4fa9-8341-29a03ae8b8d7}</SimpleData>
		<SimpleData name="CreationDa">2025/08/25</SimpleData>
		<SimpleData name="Creator">JTMTJTMT</SimpleData>
		<SimpleData name="EditDate">2025/08/25</SimpleData>
		<SimpleData name="Editor">JTMTJTMT</SimpleData>
		<SimpleData name="Shape__Len">276.07709834900</SimpleData>
		<SimpleData name="Link">https://jtmt.sharepoint.com/:f:/r/sites/ModelsDepartment/StrategicPlanningDepartment/DocLib1/%D7%A4%D7%A8%D7%95%D7%99%D7%99%D7%A7%D7%98%D7%99%D7%9D%20%D7%90%D7%95%D7%A4%D7%A0%D7%99%D7%99%D7%9D/%D7%94%D7%A8%D7%9C%D7%99/%D7%90%D7%96%D7%91%D7%A1%D7%98%D7%95</SimpleData>
		<SimpleData name="Framework">מתוכנן</SimpleData>
		<SimpleData name="Engineer"></SimpleData>
		<SimpleData name="Director"></SimpleData>
		<SimpleData name="Architect"></SimpleData>
		<SimpleData name="respons">הרל&quot;י</SimpleData>
		<SimpleData name="V39"></SimpleData>
	</SchemaData></ExtendedData>
      <MultiGeometry><LineString><coordinates>35.172104,31.75892,0 35.172228,31.758915,0 35.172344,31.758908,0 35.172431,31.758892,0 35.172557,31.758848,0 35.172662,31.758807,0 35.172803,31.758798,0 35.173001,31.758813,0 35.173226,31.75883,0 35.173493,31.758824,0 35.173665,31.758779,0 35.173795,31.758693,0 35.17387,31.758631,0 35.174047,31.758538,0 35.174113,31.7585,0 35.174174,31.758445,0 35.17435,31.758285,0 35.17449,31.758164,0 35.174534,31.758114,0 35.174566,31.758062,0 35.174596,31.758002,0</coordinates></LineString></MultiGeometry>
  </Placemark>
  <Placemark>
	<name></name>
	<description>תיאור: &lt;br&gt;PartName: חיבור גילה - עין יעל&lt;br&gt;StreetName: חיבור גילה&lt;br&gt;status_tex: בביצוע&lt;br&gt;openyear_n: 0&lt;br&gt;BPHTtype: 1&lt;br&gt;usable: 0&lt;br&gt;infra: 0&lt;br&gt;roadtype: 7&lt;br&gt;BPHdir: 0.00000000000&lt;br&gt;BPHplace: 5&lt;br&gt;DIRtype: 2&lt;br&gt;DIRTraffic: 9&lt;br&gt;TOPOLOGY: 0&lt;br&gt;DIV_Veh: 9&lt;br&gt;DIV_Walk: 0&lt;br&gt;Signpost: 0&lt;br&gt;Parking: 9&lt;br&gt;LEVEL_: 0&lt;br&gt;PAINT: 0&lt;br&gt;TREES: 0&lt;br&gt;remarks: &lt;br&gt;globalID: 0&lt;br&gt;id: 106&lt;br&gt;GlobalID_2: {333427d9-c3b6-4d28-922e-10973ce25b0d}&lt;br&gt;CreationDa: 2025/08/25&lt;br&gt;Creator: JTMTJTMT&lt;br&gt;EditDate: 2025/08/25&lt;br&gt;Editor: JTMTJTMT&lt;br&gt;Shape__Len: 1222.36788285000&lt;br&gt;Link: &lt;br&gt;Framework: מתוכנן&lt;br&gt;Engineer: &lt;br&gt;Director: אקרשטיין&lt;br&gt;Architect: &lt;br&gt;respons: </description>
	<Style><LineStyle><color>ff0000ff</color></LineStyle><PolyStyle><fill>0</fill></PolyStyle></Style>
	<ExtendedData><SchemaData schemaUrl="#bike_lanes_construction">
		<SimpleData name="WKT">LINESTRING (35.176511 31.741071, 35.176539 31.741129, 35.17658 31.74115, 35.176642 31.741154, 35.176855 31.741118, 35.177134 31.741079, 35.177246 31.741056, 35.177423 31.740997, 35.177607 31.740933, 35.177744 31.740865, 35.177988 31.740736, 35.178067 31.740703, 35.178157 31.740682, 35.178274 31.740683, 35.178407 31.740727, 35.178501 31.740768, 35.178578 31.740843, 35.17862 31.740934, 35.178661 31.741038, 35.178696 31.741154, 35.178706 31.741305, 35.178758 31.741662, 35.178802 31.741868, 35.178872 31.742052, 35.178982 31.742265, 35.179118 31.742423, 35.179349 31.742642, 35.179461 31.742754, 35.179601 31.742836, 35.180177 31.743057, 35.180299 31.743074, 35.180475 31.743059, 35.180788 31.743072, 35.181092 31.743135, 35.181524 31.743295, 35.18179 31.743453, 35.181968 31.743611, 35.182226 31.743933, 35.182339 31.744134, 35.182391 31.744269, 35.182529 31.744408, 35.182822 31.744587, 35.182983 31.744709, 35.183063 31.74482, 35.183123 31.744988, 35.183207 31.745179, 35.183403 31.745408, 35.183591 31.745527, 35.183797 31.745621, 35.184046 31.745674, 35.184201 31.745683, 35.184367 31.745744, 35.184549 31.745896, 35.184654 31.746033, 35.184656 31.746137, 35.184627 31.746255, 35.18456 31.746347, 35.184425 31.746459, 35.184245 31.746644, 35.184044 31.746918, 35.184041 31.746924)</SimpleData>
		<SimpleData name="PartName">חיבור גילה - עין יעל</SimpleData>
		<SimpleData name="StreetName">חיבור גילה</SimpleData>
		<SimpleData name="status_tex">בביצוע</SimpleData>
		<SimpleData name="openyear_n">0</SimpleData>
		<SimpleData name="BPHTtype">1</SimpleData>
		<SimpleData name="usable">0</SimpleData>
		<SimpleData name="infra">0</SimpleData>
		<SimpleData name="roadtype">7</SimpleData>
		<SimpleData name="BPHdir">0</SimpleData>
		<SimpleData name="BPHplace">5</SimpleData>
		<SimpleData name="DIRtype">2</SimpleData>
		<SimpleData name="DIRTraffic">9</SimpleData>
		<SimpleData name="TOPOLOGY">0</SimpleData>
		<SimpleData name="DIV_Veh">9</SimpleData>
		<SimpleData name="DIV_Walk">0</SimpleData>
		<SimpleData name="Signpost">0</SimpleData>
		<SimpleData name="Parking">9</SimpleData>
		<SimpleData name="LEVEL_">0</SimpleData>
		<SimpleData name="PAINT">0</SimpleData>
		<SimpleData name="TREES">0</SimpleData>
		<SimpleData name="remarks"></SimpleData>
		<SimpleData name="globalID">0</SimpleData>
		<SimpleData name="id">106</SimpleData>
		<SimpleData name="GlobalID_2">{333427d9-c3b6-4d28-922e-10973ce25b0d}</SimpleData>
		<SimpleData name="CreationDa">2025/08/25</SimpleData>
		<SimpleData name="Creator">JTMTJTMT</SimpleData>
		<SimpleData name="EditDate">2025/08/25</SimpleData>
		<SimpleData name="Editor">JTMTJTMT</SimpleData>
		<SimpleData name="Shape__Len">1222.36788285000</SimpleData>
		<SimpleData name="Link"></SimpleData>
		<SimpleData name="Framework">מתוכנן</SimpleData>
		<SimpleData name="Engineer"></SimpleData>
		<SimpleData name="Director">אקרשטיין</SimpleData>
		<SimpleData name="Architect"></SimpleData>
		<SimpleData name="respons"></SimpleData>
		<SimpleData name="V39"></SimpleData>
	</SchemaData></ExtendedData>
      <MultiGeometry><LineString><coordinates>35.176511,31.741071,0 35.176539,31.741129,0 35.17658,31.74115,0 35.176642,31.741154,0 35.176855,31.741118,0 35.177134,31.741079,0 35.177246,31.741056,0 35.177423,31.740997,0 35.177607,31.740933,0 35.177744,31.740865,0 35.177988,31.740736,0 35.178067,31.740703,0 35.178157,31.740682,0 35.178274,31.740683,0 35.178407,31.740727,0 35.178501,31.740768,0 35.178578,31.740843,0 35.17862,31.740934,0 35.178661,31.741038,0 35.178696,31.741154,0 35.178706,31.741305,0 35.178758,31.741662,0 35.178802,31.741868,0 35.178872,31.742052,0 35.178982,31.742265,0 35.179118,31.742423,0 35.179349,31.742642,0 35.179461,31.742754,0 35.179601,31.742836,0 35.180177,31.743057,0 35.180299,31.743074,0 35.180475,31.743059,0 35.180788,31.743072,0 35.181092,31.743135,0 35.181524,31.743295,0 35.18179,31.743453,0 35.181968,31.743611,0 35.182226,31.743933,0 35.182339,31.744134,0 35.182391,31.744269,0 35.182529,31.744408,0 35.182822,31.744587,0 35.182983,31.744709,0 35.183063,31.74482,0 35.183123,31.744988,0 35.183207,31.745179,0 35.183403,31.745408,0 35.183591,31.745527,0 35.183797,31.745621,0 35.184046,31.745674,0 35.184201,31.745683,0 35.184367,31.745744,0 35.184549,31.745896,0 35.184654,31.746033,0 35.184656,31.746137,0 35.184627,31.746255,0 35.18456,31.746347,0 35.184425,31.746459,0 35.184245,31.746644,0 35.184044,31.746918,0 35.184041,31.746924,0</coordinates></LineString></MultiGeometry>
  </Placemark>
  <Placemark>
	<name></name>
	<description>תיאור: &lt;br&gt;PartName: בגין לצפון&lt;br&gt;StreetName: שדרות מנחם בגין&lt;br&gt;status_tex: בביצוע&lt;br&gt;openyear_n: 0&lt;br&gt;BPHTtype: 1&lt;br&gt;usable: 0&lt;br&gt;infra: 0&lt;br&gt;roadtype: 3&lt;br&gt;BPHdir: 0.00000000000&lt;br&gt;BPHplace: 0&lt;br&gt;DIRtype: 2&lt;br&gt;DIRTraffic: 9&lt;br&gt;TOPOLOGY: 0&lt;br&gt;DIV_Veh: 0&lt;br&gt;DIV_Walk: 0&lt;br&gt;Signpost: 0&lt;br&gt;Parking: 0&lt;br&gt;LEVEL_: 0&lt;br&gt;PAINT: 0&lt;br&gt;TREES: 0&lt;br&gt;remarks: &lt;br&gt;globalID: 0&lt;br&gt;id: 227&lt;br&gt;GlobalID_2: {bd1019de-31c7-4859-9d7d-aed2a6a6dbb5}&lt;br&gt;CreationDa: 2025/08/25&lt;br&gt;Creator: JTMTJTMT&lt;br&gt;EditDate: 2025/08/25&lt;br&gt;Editor: JTMTJTMT&lt;br&gt;Shape__Len: 172.41253645300&lt;br&gt;Link: &lt;br&gt;Framework: מתוכנן&lt;br&gt;Engineer: &lt;br&gt;Director: דוד אקרשטיין&lt;br&gt;Architect: &lt;br&gt;respons: </description>
	<Style><LineStyle><color>ff0000ff</color></LineStyle><PolyStyle><fill>0</fill></PolyStyle></Style>
	<ExtendedData><SchemaData schemaUrl="#bike_lanes_construction">
		<SimpleData name="WKT">LINESTRING (35.200918 31.740198, 35.200931 31.740267, 35.201197 31.74043, 35.20118 31.740482, 35.200947 31.740768, 35.20078 31.740979, 35.20049 31.741328, 35.200415 31.74143)</SimpleData>
		<SimpleData name="PartName">בגין לצפון</SimpleData>
		<SimpleData name="StreetName">שדרות מנחם בגין</SimpleData>
		<SimpleData name="status_tex">בביצוע</SimpleData>
		<SimpleData name="openyear_n">0</SimpleData>
		<SimpleData name="BPHTtype">1</SimpleData>
		<SimpleData name="usable">0</SimpleData>
		<SimpleData name="infra">0</SimpleData>
		<SimpleData name="roadtype">3</SimpleData>
		<SimpleData name="BPHdir">0</SimpleData>
		<SimpleData name="BPHplace">0</SimpleData>
		<SimpleData name="DIRtype">2</SimpleData>
		<SimpleData name="DIRTraffic">9</SimpleData>
		<SimpleData name="TOPOLOGY">0</SimpleData>
		<SimpleData name="DIV_Veh">0</SimpleData>
		<SimpleData name="DIV_Walk">0</SimpleData>
		<SimpleData name="Signpost">0</SimpleData>
		<SimpleData name="Parking">0</SimpleData>
		<SimpleData name="LEVEL_">0</SimpleData>
		<SimpleData name="PAINT">0</SimpleData>
		<SimpleData name="TREES">0</SimpleData>
		<SimpleData name="remarks"></SimpleData>
		<SimpleData name="globalID">0</SimpleData>
		<SimpleData name="id">227</SimpleData>
		<SimpleData name="GlobalID_2">{bd1019de-31c7-4859-9d7d-aed2a6a6dbb5}</SimpleData>
		<SimpleData name="CreationDa">2025/08/25</SimpleData>
		<SimpleData name="Creator">JTMTJTMT</SimpleData>
		<SimpleData name="EditDate">2025/08/25</SimpleData>
		<SimpleData name="Editor">JTMTJTMT</SimpleData>
		<SimpleData name="Shape__Len">172.41253645300</SimpleData>
		<SimpleData name="Link"></SimpleData>
		<SimpleData name="Framework">מתוכנן</SimpleData>
		<SimpleData name="Engineer"></SimpleData>
		<SimpleData name="Director">דוד אקרשטיין</SimpleData>
		<SimpleData name="Architect"></SimpleData>
		<SimpleData name="respons"></SimpleData>
		<SimpleData name="V39"></SimpleData>
	</SchemaData></ExtendedData>
      <MultiGeometry><LineString><coordinates>35.200918,31.740198,0 35.200931,31.740267,0 35.201197,31.74043,0 35.20118,31.740482,0 35.200947,31.740768,0 35.20078,31.740979,0 35.20049,31.741328,0 35.200415,31.74143,0</coordinates></LineString></MultiGeometry>
  </Placemark>
  <Placemark>
	<name></name>
	<description>תיאור: &lt;br&gt;PartName: בגין לצפון&lt;br&gt;StreetName: שדרות מנחם בגין&lt;br&gt;status_tex: בביצוע&lt;br&gt;openyear_n: 0&lt;br&gt;BPHTtype: 1&lt;br&gt;usable: 0&lt;br&gt;infra: 0&lt;br&gt;roadtype: 3&lt;br&gt;BPHdir: 0.00000000000&lt;br&gt;BPHplace: 0&lt;br&gt;DIRtype: 2&lt;br&gt;DIRTraffic: 9&lt;br&gt;TOPOLOGY: 0&lt;br&gt;DIV_Veh: 0&lt;br&gt;DIV_Walk: 0&lt;br&gt;Signpost: 0&lt;br&gt;Parking: 0&lt;br&gt;LEVEL_: 0&lt;br&gt;PAINT: 0&lt;br&gt;TREES: 0&lt;br&gt;remarks: &lt;br&gt;globalID: 0&lt;br&gt;id: 227&lt;br&gt;GlobalID_2: {1af89cdd-e48d-472e-8774-e343bc34a3c0}&lt;br&gt;CreationDa: 2025/08/25&lt;br&gt;Creator: JTMTJTMT&lt;br&gt;EditDate: 2025/08/25&lt;br&gt;Editor: JTMTJTMT&lt;br&gt;Shape__Len: 9.58991512532&lt;br&gt;Link: &lt;br&gt;Framework: מתוכנן&lt;br&gt;Engineer: &lt;br&gt;Director: דוד אקרשטיין&lt;br&gt;Architect: &lt;br&gt;respons: </description>
	<Style><LineStyle><color>ff0000ff</color></LineStyle><PolyStyle><fill>0</fill></PolyStyle></Style>
	<ExtendedData><SchemaData schemaUrl="#bike_lanes_construction">
		<SimpleData name="WKT">LINESTRING (35.200414 31.741435, 35.200367 31.741512)</SimpleData>
		<SimpleData name="PartName">בגין לצפון</SimpleData>
		<SimpleData name="StreetName">שדרות מנחם בגין</SimpleData>
		<SimpleData name="status_tex">בביצוע</SimpleData>
		<SimpleData name="openyear_n">0</SimpleData>
		<SimpleData name="BPHTtype">1</SimpleData>
		<SimpleData name="usable">0</SimpleData>
		<SimpleData name="infra">0</SimpleData>
		<SimpleData name="roadtype">3</SimpleData>
		<SimpleData name="BPHdir">0</SimpleData>
		<SimpleData name="BPHplace">0</SimpleData>
		<SimpleData name="DIRtype">2</SimpleData>
		<SimpleData name="DIRTraffic">9</SimpleData>
		<SimpleData name="TOPOLOGY">0</SimpleData>
		<SimpleData name="DIV_Veh">0</SimpleData>
		<SimpleData name="DIV_Walk">0</SimpleData>
		<SimpleData name="Signpost">0</SimpleData>
		<SimpleData name="Parking">0</SimpleData>
		<SimpleData name="LEVEL_">0</SimpleData>
		<SimpleData name="PAINT">0</SimpleData>
		<SimpleData name="TREES">0</SimpleData>
		<SimpleData name="remarks"></SimpleData>
		<SimpleData name="globalID">0</SimpleData>
		<SimpleData name="id">227</SimpleData>
		<SimpleData name="GlobalID_2">{1af89cdd-e48d-472e-8774-e343bc34a3c0}</SimpleData>
		<SimpleData name="CreationDa">2025/08/25</SimpleData>
		<SimpleData name="Creator">JTMTJTMT</SimpleData>
		<SimpleData name="EditDate">2025/08/25</SimpleData>
		<SimpleData name="Editor">JTMTJTMT</SimpleData>
		<SimpleData name="Shape__Len">9.58991512532</SimpleData>
		<SimpleData name="Link"></SimpleData>
		<SimpleData name="Framework">מתוכנן</SimpleData>
		<SimpleData name="Engineer"></SimpleData>
		<SimpleData name="Director">דוד אקרשטיין</SimpleData>
		<SimpleData name="Architect"></SimpleData>
		<SimpleData name="respons"></SimpleData>
		<SimpleData name="V39"></SimpleData>
	</SchemaData></ExtendedData>
      <MultiGeometry><LineString><coordinates>35.200414,31.741435,0 35.200367,31.741512,0</coordinates></LineString></MultiGeometry>
  </Placemark>
  <Placemark>
	<name></name>
	<description>תיאור: &lt;br&gt;PartName: בגין לצפון&lt;br&gt;StreetName: שדרות מנחם בגין&lt;br&gt;status_tex: בביצוע&lt;br&gt;openyear_n: 0&lt;br&gt;BPHTtype: 1&lt;br&gt;usable: 0&lt;br&gt;infra: 0&lt;br&gt;roadtype: 3&lt;br&gt;BPHdir: 0.00000000000&lt;br&gt;BPHplace: 0&lt;br&gt;DIRtype: 2&lt;br&gt;DIRTraffic: 9&lt;br&gt;TOPOLOGY: 0&lt;br&gt;DIV_Veh: 0&lt;br&gt;DIV_Walk: 0&lt;br&gt;Signpost: 0&lt;br&gt;Parking: 0&lt;br&gt;LEVEL_: 0&lt;br&gt;PAINT: 0&lt;br&gt;TREES: 0&lt;br&gt;remarks: &lt;br&gt;globalID: 0&lt;br&gt;id: 227&lt;br&gt;GlobalID_2: {1e888a69-c4e2-4ea0-817d-9ba252ec30ef}&lt;br&gt;CreationDa: 2025/08/25&lt;br&gt;Creator: JTMTJTMT&lt;br&gt;EditDate: 2025/08/25&lt;br&gt;Editor: JTMTJTMT&lt;br&gt;Shape__Len: 428.18027307200&lt;br&gt;Link: &lt;br&gt;Framework: מתוכנן&lt;br&gt;Engineer: &lt;br&gt;Director: דוד אקרשטיין&lt;br&gt;Architect: &lt;br&gt;respons: </description>
	<Style><LineStyle><color>ff0000ff</color></LineStyle><PolyStyle><fill>0</fill></PolyStyle></Style>
	<ExtendedData><SchemaData schemaUrl="#bike_lanes_construction">
		<SimpleData name="WKT">LINESTRING (35.200367 31.741512, 35.200342 31.741549, 35.200124 31.741691, 35.199978 31.741809, 35.199659 31.742076, 35.199393 31.742336, 35.199117 31.74258, 35.198906 31.742789, 35.198773 31.742945, 35.198587 31.743144, 35.198336 31.743371, 35.198316 31.74347, 35.198365 31.743637, 35.198405 31.743839, 35.19842 31.743975, 35.198417 31.744081, 35.198389 31.744114, 35.198356 31.744131, 35.198301 31.744128, 35.198277 31.744087, 35.198265 31.744023, 35.198249 31.743874, 35.198223 31.743743, 35.198203 31.743703, 35.198165 31.743706)</SimpleData>
		<SimpleData name="PartName">בגין לצפון</SimpleData>
		<SimpleData name="StreetName">שדרות מנחם בגין</SimpleData>
		<SimpleData name="status_tex">בביצוע</SimpleData>
		<SimpleData name="openyear_n">0</SimpleData>
		<SimpleData name="BPHTtype">1</SimpleData>
		<SimpleData name="usable">0</SimpleData>
		<SimpleData name="infra">0</SimpleData>
		<SimpleData name="roadtype">3</SimpleData>
		<SimpleData name="BPHdir">0</SimpleData>
		<SimpleData name="BPHplace">0</SimpleData>
		<SimpleData name="DIRtype">2</SimpleData>
		<SimpleData name="DIRTraffic">9</SimpleData>
		<SimpleData name="TOPOLOGY">0</SimpleData>
		<SimpleData name="DIV_Veh">0</SimpleData>
		<SimpleData name="DIV_Walk">0</SimpleData>
		<SimpleData name="Signpost">0</SimpleData>
		<SimpleData name="Parking">0</SimpleData>
		<SimpleData name="LEVEL_">0</SimpleData>
		<SimpleData name="PAINT">0</SimpleData>
		<SimpleData name="TREES">0</SimpleData>
		<SimpleData name="remarks"></SimpleData>
		<SimpleData name="globalID">0</SimpleData>
		<SimpleData name="id">227</SimpleData>
		<SimpleData name="GlobalID_2">{1e888a69-c4e2-4ea0-817d-9ba252ec30ef}</SimpleData>
		<SimpleData name="CreationDa">2025/08/25</SimpleData>
		<SimpleData name="Creator">JTMTJTMT</SimpleData>
		<SimpleData name="EditDate">2025/08/25</SimpleData>
		<SimpleData name="Editor">JTMTJTMT</SimpleData>
		<SimpleData name="Shape__Len">428.18027307200</SimpleData>
		<SimpleData name="Link"></SimpleData>
		<SimpleData name="Framework">מתוכנן</SimpleData>
		<SimpleData name="Engineer"></SimpleData>
		<SimpleData name="Director">דוד אקרשטיין</SimpleData>
		<SimpleData name="Architect"></SimpleData>
		<SimpleData name="respons"></SimpleData>
		<SimpleData name="V39"></SimpleData>
	</SchemaData></ExtendedData>
      <MultiGeometry><LineString><coordinates>35.200367,31.741512,0 35.200342,31.741549,0 35.200124,31.741691,0 35.199978,31.741809,0 35.199659,31.742076,0 35.199393,31.742336,0 35.199117,31.74258,0 35.198906,31.742789,0 35.198773,31.742945,0 35.198587,31.743144,0 35.198336,31.743371,0 35.198316,31.74347,0 35.198365,31.743637,0 35.198405,31.743839,0 35.19842,31.743975,0 35.198417,31.744081,0 35.198389,31.744114,0 35.198356,31.744131,0 35.198301,31.744128,0 35.198277,31.744087,0 35.198265,31.744023,0 35.198249,31.743874,0 35.198223,31.743743,0 35.198203,31.743703,0 35.198165,31.743706,0</coordinates></LineString></MultiGeometry>
  </Placemark>
  <Placemark>
	<name></name>
	<description>תיאור: &lt;br&gt;PartName: דב יוסף&lt;br&gt;StreetName: דב יוסף&lt;br&gt;status_tex: בביצוע&lt;br&gt;openyear_n: 0&lt;br&gt;BPHTtype: 1&lt;br&gt;usable: 0&lt;br&gt;infra: 0&lt;br&gt;roadtype: 3&lt;br&gt;BPHdir: 0.00000000000&lt;br&gt;BPHplace: 1&lt;br&gt;DIRtype: 2&lt;br&gt;DIRTraffic: 9&lt;br&gt;TOPOLOGY: 0&lt;br&gt;DIV_Veh: 9&lt;br&gt;DIV_Walk: 0&lt;br&gt;Signpost: 0&lt;br&gt;Parking: 9&lt;br&gt;LEVEL_: 0&lt;br&gt;PAINT: 0&lt;br&gt;TREES: 9&lt;br&gt;remarks: &lt;br&gt;globalID: 0&lt;br&gt;id: 227&lt;br&gt;GlobalID_2: {215e6330-4864-45d8-ab8b-721c626a841c}&lt;br&gt;CreationDa: 2025/08/25&lt;br&gt;Creator: JTMTJTMT&lt;br&gt;EditDate: 2025/08/25&lt;br&gt;Editor: JTMTJTMT&lt;br&gt;Shape__Len: 7.15538690701&lt;br&gt;Link: &lt;br&gt;Framework: מתוכנן&lt;br&gt;Engineer: &lt;br&gt;Director: &lt;br&gt;Architect: &lt;br&gt;respons: </description>
	<Style><LineStyle><color>ff0000ff</color></LineStyle><PolyStyle><fill>0</fill></PolyStyle></Style>
	<ExtendedData><SchemaData schemaUrl="#bike_lanes_construction">
		<SimpleData name="WKT">LINESTRING (35.198126 31.743692, 35.198052 31.743704)</SimpleData>
		<SimpleData name="PartName">דב יוסף</SimpleData>
		<SimpleData name="StreetName">דב יוסף</SimpleData>
		<SimpleData name="status_tex">בביצוע</SimpleData>
		<SimpleData name="openyear_n">0</SimpleData>
		<SimpleData name="BPHTtype">1</SimpleData>
		<SimpleData name="usable">0</SimpleData>
		<SimpleData name="infra">0</SimpleData>
		<SimpleData name="roadtype">3</SimpleData>
		<SimpleData name="BPHdir">0</SimpleData>
		<SimpleData name="BPHplace">1</SimpleData>
		<SimpleData name="DIRtype">2</SimpleData>
		<SimpleData name="DIRTraffic">9</SimpleData>
		<SimpleData name="TOPOLOGY">0</SimpleData>
		<SimpleData name="DIV_Veh">9</SimpleData>
		<SimpleData name="DIV_Walk">0</SimpleData>
		<SimpleData name="Signpost">0</SimpleData>
		<SimpleData name="Parking">9</SimpleData>
		<SimpleData name="LEVEL_">0</SimpleData>
		<SimpleData name="PAINT">0</SimpleData>
		<SimpleData name="TREES">9</SimpleData>
		<SimpleData name="remarks"></SimpleData>
		<SimpleData name="globalID">0</SimpleData>
		<SimpleData name="id">227</SimpleData>
		<SimpleData name="GlobalID_2">{215e6330-4864-45d8-ab8b-721c626a841c}</SimpleData>
		<SimpleData name="CreationDa">2025/08/25</SimpleData>
		<SimpleData name="Creator">JTMTJTMT</SimpleData>
		<SimpleData name="EditDate">2025/08/25</SimpleData>
		<SimpleData name="Editor">JTMTJTMT</SimpleData>
		<SimpleData name="Shape__Len">7.15538690701</SimpleData>
		<SimpleData name="Link"></SimpleData>
		<SimpleData name="Framework">מתוכנן</SimpleData>
		<SimpleData name="Engineer"></SimpleData>
		<SimpleData name="Director"></SimpleData>
		<SimpleData name="Architect"></SimpleData>
		<SimpleData name="respons"></SimpleData>
		<SimpleData name="V39"></SimpleData>
	</SchemaData></ExtendedData>
      <MultiGeometry><LineString><coordinates>35.198126,31.743692,0 35.198052,31.743704,0</coordinates></LineString></MultiGeometry>
  </Placemark>
  <Placemark>
	<name></name>
	<description>תיאור: &lt;br&gt;PartName: הנציב - מורדות ארנונה&lt;br&gt;StreetName: אברהם זקן&lt;br&gt;status_tex: בביצוע&lt;br&gt;openyear_n: 0&lt;br&gt;BPHTtype: 1&lt;br&gt;usable: 0&lt;br&gt;infra: 0&lt;br&gt;roadtype: 4&lt;br&gt;BPHdir: 0.00000000000&lt;br&gt;BPHplace: 2&lt;br&gt;DIRtype: 2&lt;br&gt;DIRTraffic: 9&lt;br&gt;TOPOLOGY: 0&lt;br&gt;DIV_Veh: 3&lt;br&gt;DIV_Walk: 0&lt;br&gt;Signpost: 0&lt;br&gt;Parking: 1&lt;br&gt;LEVEL_: 0&lt;br&gt;PAINT: 0&lt;br&gt;TREES: 0&lt;br&gt;remarks: &lt;br&gt;globalID: 0&lt;br&gt;id: 76&lt;br&gt;GlobalID_2: {d5a3dd46-e3d7-4ba6-b4e1-94770fff7ec0}&lt;br&gt;CreationDa: 2025/08/25&lt;br&gt;Creator: JTMTJTMT&lt;br&gt;EditDate: 2025/08/25&lt;br&gt;Editor: JTMTJTMT&lt;br&gt;Shape__Len: 77.32592052480&lt;br&gt;Link: https://jtmt.sharepoint.com/:f:/r/sites/ModelsDepartment/StrategicPlanningDepartment/DocLib1/%D7%A4%D7%A8%D7%95%D7%99%D7%99%D7%A7%D7%98%D7%99%D7%9D%20%D7%90%D7%95%D7%A4%D7%A0%D7%99%D7%99%D7%9D/%D7%9E%D7%95%D7%A8%D7%99%D7%94/%D7%9E%D7%95%D7%A8%D7%93%D7%95&lt;br&gt;Framework: תכנון שכונות&lt;br&gt;Engineer: &lt;br&gt;Director: מנעד&lt;br&gt;Architect: רעות אביטל&lt;br&gt;respons: </description>
	<Style><LineStyle><color>ff0000ff</color></LineStyle><PolyStyle><fill>0</fill></PolyStyle></Style>
	<ExtendedData><SchemaData schemaUrl="#bike_lanes_construction">
		<SimpleData name="WKT">LINESTRING (35.221226 31.742631, 35.221572 31.742847, 35.221892 31.743034)</SimpleData>
		<SimpleData name="PartName">הנציב - מורדות ארנונה</SimpleData>
		<SimpleData name="StreetName">אברהם זקן</SimpleData>
		<SimpleData name="status_tex">בביצוע</SimpleData>
		<SimpleData name="openyear_n">0</SimpleData>
		<SimpleData name="BPHTtype">1</SimpleData>
		<SimpleData name="usable">0</SimpleData>
		<SimpleData name="infra">0</SimpleData>
		<SimpleData name="roadtype">4</SimpleData>
		<SimpleData name="BPHdir">0</SimpleData>
		<SimpleData name="BPHplace">2</SimpleData>
		<SimpleData name="DIRtype">2</SimpleData>
		<SimpleData name="DIRTraffic">9</SimpleData>
		<SimpleData name="TOPOLOGY">0</SimpleData>
		<SimpleData name="DIV_Veh">3</SimpleData>
		<SimpleData name="DIV_Walk">0</SimpleData>
		<SimpleData name="Signpost">0</SimpleData>
		<SimpleData name="Parking">1</SimpleData>
		<SimpleData name="LEVEL_">0</SimpleData>
		<SimpleData name="PAINT">0</SimpleData>
		<SimpleData name="TREES">0</SimpleData>
		<SimpleData name="remarks"></SimpleData>
		<SimpleData name="globalID">0</SimpleData>
		<SimpleData name="id">76</SimpleData>
		<SimpleData name="GlobalID_2">{d5a3dd46-e3d7-4ba6-b4e1-94770fff7ec0}</SimpleData>
		<SimpleData name="CreationDa">2025/08/25</SimpleData>
		<SimpleData name="Creator">JTMTJTMT</SimpleData>
		<SimpleData name="EditDate">2025/08/25</SimpleData>
		<SimpleData name="Editor">JTMTJTMT</SimpleData>
		<SimpleData name="Shape__Len">77.32592052480</SimpleData>
		<SimpleData name="Link">https://jtmt.sharepoint.com/:f:/r/sites/ModelsDepartment/StrategicPlanningDepartment/DocLib1/%D7%A4%D7%A8%D7%95%D7%99%D7%99%D7%A7%D7%98%D7%99%D7%9D%20%D7%90%D7%95%D7%A4%D7%A0%D7%99%D7%99%D7%9D/%D7%9E%D7%95%D7%A8%D7%99%D7%94/%D7%9E%D7%95%D7%A8%D7%93%D7%95</SimpleData>
		<SimpleData name="Framework">תכנון שכונות</SimpleData>
		<SimpleData name="Engineer"></SimpleData>
		<SimpleData name="Director">מנעד</SimpleData>
		<SimpleData name="Architect">רעות אביטל</SimpleData>
		<SimpleData name="respons"></SimpleData>
		<SimpleData name="V39"></SimpleData>
	</SchemaData></ExtendedData>
      <MultiGeometry><LineString><coordinates>35.221226,31.742631,0 35.221572,31.742847,0 35.221892,31.743034,0</coordinates></LineString></MultiGeometry>
  </Placemark>
  <Placemark>
	<name></name>
	<description>תיאור: &lt;br&gt;PartName: יצחק נבנצאל&lt;br&gt;StreetName: יצחק נבנצאל&lt;br&gt;status_tex: בביצוע&lt;br&gt;openyear_n: 0&lt;br&gt;BPHTtype: 1&lt;br&gt;usable: 0&lt;br&gt;infra: 0&lt;br&gt;roadtype: 4&lt;br&gt;BPHdir: 0.00000000000&lt;br&gt;BPHplace: 2&lt;br&gt;DIRtype: 2&lt;br&gt;DIRTraffic: 9&lt;br&gt;TOPOLOGY: 0&lt;br&gt;DIV_Veh: 3&lt;br&gt;DIV_Walk: 0&lt;br&gt;Signpost: 0&lt;br&gt;Parking: 1&lt;br&gt;LEVEL_: 0&lt;br&gt;PAINT: 0&lt;br&gt;TREES: 0&lt;br&gt;remarks: &lt;br&gt;globalID: 0&lt;br&gt;id: 76&lt;br&gt;GlobalID_2: {4034e85a-2153-4ba7-8363-5377db28d7a3}&lt;br&gt;CreationDa: 2025/08/25&lt;br&gt;Creator: JTMTJTMT&lt;br&gt;EditDate: 2025/08/25&lt;br&gt;Editor: JTMTJTMT&lt;br&gt;Shape__Len: 59.07697827100&lt;br&gt;Link: https://jtmt.sharepoint.com/:f:/r/sites/ModelsDepartment/StrategicPlanningDepartment/DocLib1/%D7%A4%D7%A8%D7%95%D7%99%D7%99%D7%A7%D7%98%D7%99%D7%9D%20%D7%90%D7%95%D7%A4%D7%A0%D7%99%D7%99%D7%9D/%D7%9E%D7%95%D7%A8%D7%99%D7%94/%D7%9E%D7%95%D7%A8%D7%93%D7%95&lt;br&gt;Framework: תכנון שכונות&lt;br&gt;Engineer: &lt;br&gt;Director: מנעד&lt;br&gt;Architect: רעות אביטל&lt;br&gt;respons: </description>
	<Style><LineStyle><color>ff0000ff</color></LineStyle><PolyStyle><fill>0</fill></PolyStyle></Style>
	<ExtendedData><SchemaData schemaUrl="#bike_lanes_construction">
		<SimpleData name="WKT">LINESTRING (35.222516 31.743436, 35.222711 31.743574, 35.223003 31.743768)</SimpleData>
		<SimpleData name="PartName">יצחק נבנצאל</SimpleData>
		<SimpleData name="StreetName">יצחק נבנצאל</SimpleData>
		<SimpleData name="status_tex">בביצוע</SimpleData>
		<SimpleData name="openyear_n">0</SimpleData>
		<SimpleData name="BPHTtype">1</SimpleData>
		<SimpleData name="usable">0</SimpleData>
		<SimpleData name="infra">0</SimpleData>
		<SimpleData name="roadtype">4</SimpleData>
		<SimpleData name="BPHdir">0</SimpleData>
		<SimpleData name="BPHplace">2</SimpleData>
		<SimpleData name="DIRtype">2</SimpleData>
		<SimpleData name="DIRTraffic">9</SimpleData>
		<SimpleData name="TOPOLOGY">0</SimpleData>
		<SimpleData name="DIV_Veh">3</SimpleData>
		<SimpleData name="DIV_Walk">0</SimpleData>
		<SimpleData name="Signpost">0</SimpleData>
		<SimpleData name="Parking">1</SimpleData>
		<SimpleData name="LEVEL_">0</SimpleData>
		<SimpleData name="PAINT">0</SimpleData>
		<SimpleData name="TREES">0</SimpleData>
		<SimpleData name="remarks"></SimpleData>
		<SimpleData name="globalID">0</SimpleData>
		<SimpleData name="id">76</SimpleData>
		<SimpleData name="GlobalID_2">{4034e85a-2153-4ba7-8363-5377db28d7a3}</SimpleData>
		<SimpleData name="CreationDa">2025/08/25</SimpleData>
		<SimpleData name="Creator">JTMTJTMT</SimpleData>
		<SimpleData name="EditDate">2025/08/25</SimpleData>
		<SimpleData name="Editor">JTMTJTMT</SimpleData>
		<SimpleData name="Shape__Len">59.07697827100</SimpleData>
		<SimpleData name="Link">https://jtmt.sharepoint.com/:f:/r/sites/ModelsDepartment/StrategicPlanningDepartment/DocLib1/%D7%A4%D7%A8%D7%95%D7%99%D7%99%D7%A7%D7%98%D7%99%D7%9D%20%D7%90%D7%95%D7%A4%D7%A0%D7%99%D7%99%D7%9D/%D7%9E%D7%95%D7%A8%D7%99%D7%94/%D7%9E%D7%95%D7%A8%D7%93%D7%95</SimpleData>
		<SimpleData name="Framework">תכנון שכונות</SimpleData>
		<SimpleData name="Engineer"></SimpleData>
		<SimpleData name="Director">מנעד</SimpleData>
		<SimpleData name="Architect">רעות אביטל</SimpleData>
		<SimpleData name="respons"></SimpleData>
		<SimpleData name="V39"></SimpleData>
	</SchemaData></ExtendedData>
      <MultiGeometry><LineString><coordinates>35.222516,31.743436,0 35.222711,31.743574,0 35.223003,31.743768,0</coordinates></LineString></MultiGeometry>
  </Placemark>
  <Placemark>
	<name></name>
	<description>תיאור: &lt;br&gt;PartName: יצחק נבנצאל&lt;br&gt;StreetName: יצחק נבנצאל&lt;br&gt;status_tex: בביצוע&lt;br&gt;openyear_n: 0&lt;br&gt;BPHTtype: 1&lt;br&gt;usable: 0&lt;br&gt;infra: 0&lt;br&gt;roadtype: 4&lt;br&gt;BPHdir: 0.00000000000&lt;br&gt;BPHplace: 0&lt;br&gt;DIRtype: 2&lt;br&gt;DIRTraffic: 9&lt;br&gt;TOPOLOGY: 0&lt;br&gt;DIV_Veh: 0&lt;br&gt;DIV_Walk: 0&lt;br&gt;Signpost: 0&lt;br&gt;Parking: 1&lt;br&gt;LEVEL_: 0&lt;br&gt;PAINT: 0&lt;br&gt;TREES: 0&lt;br&gt;remarks: &lt;br&gt;globalID: 0&lt;br&gt;id: 76&lt;br&gt;GlobalID_2: {764ea474-62c4-42a6-86c5-910131aadecf}&lt;br&gt;CreationDa: 2025/08/25&lt;br&gt;Creator: JTMTJTMT&lt;br&gt;EditDate: 2025/08/25&lt;br&gt;Editor: JTMTJTMT&lt;br&gt;Shape__Len: 143.06552001300&lt;br&gt;Link: https://jtmt.sharepoint.com/:f:/r/sites/ModelsDepartment/StrategicPlanningDepartment/DocLib1/%D7%A4%D7%A8%D7%95%D7%99%D7%99%D7%A7%D7%98%D7%99%D7%9D%20%D7%90%D7%95%D7%A4%D7%A0%D7%99%D7%99%D7%9D/%D7%9E%D7%95%D7%A8%D7%99%D7%94/%D7%9E%D7%95%D7%A8%D7%93%D7%95&lt;br&gt;Framework: תכנון מפורט&lt;br&gt;Engineer: &lt;br&gt;Director: מנעד&lt;br&gt;Architect: רעות אביטל&lt;br&gt;respons: </description>
	<Style><LineStyle><color>ff0000ff</color></LineStyle><PolyStyle><fill>0</fill></PolyStyle></Style>
	<ExtendedData><SchemaData schemaUrl="#bike_lanes_construction">
		<SimpleData name="WKT">LINESTRING (35.223518 31.744065, 35.223875 31.744289, 35.223999 31.744404, 35.224109 31.744557, 35.224178 31.744693, 35.22423 31.744887, 35.224274 31.745112)</SimpleData>
		<SimpleData name="PartName">יצחק נבנצאל</SimpleData>
		<SimpleData name="StreetName">יצחק נבנצאל</SimpleData>
		<SimpleData name="status_tex">בביצוע</SimpleData>
		<SimpleData name="openyear_n">0</SimpleData>
		<SimpleData name="BPHTtype">1</SimpleData>
		<SimpleData name="usable">0</SimpleData>
		<SimpleData name="infra">0</SimpleData>
		<SimpleData name="roadtype">4</SimpleData>
		<SimpleData name="BPHdir">0</SimpleData>
		<SimpleData name="BPHplace">0</SimpleData>
		<SimpleData name="DIRtype">2</SimpleData>
		<SimpleData name="DIRTraffic">9</SimpleData>
		<SimpleData name="TOPOLOGY">0</SimpleData>
		<SimpleData name="DIV_Veh">0</SimpleData>
		<SimpleData name="DIV_Walk">0</SimpleData>
		<SimpleData name="Signpost">0</SimpleData>
		<SimpleData name="Parking">1</SimpleData>
		<SimpleData name="LEVEL_">0</SimpleData>
		<SimpleData name="PAINT">0</SimpleData>
		<SimpleData name="TREES">0</SimpleData>
		<SimpleData name="remarks"></SimpleData>
		<SimpleData name="globalID">0</SimpleData>
		<SimpleData name="id">76</SimpleData>
		<SimpleData name="GlobalID_2">{764ea474-62c4-42a6-86c5-910131aadecf}</SimpleData>
		<SimpleData name="CreationDa">2025/08/25</SimpleData>
		<SimpleData name="Creator">JTMTJTMT</SimpleData>
		<SimpleData name="EditDate">2025/08/25</SimpleData>
		<SimpleData name="Editor">JTMTJTMT</SimpleData>
		<SimpleData name="Shape__Len">143.06552001300</SimpleData>
		<SimpleData name="Link">https://jtmt.sharepoint.com/:f:/r/sites/ModelsDepartment/StrategicPlanningDepartment/DocLib1/%D7%A4%D7%A8%D7%95%D7%99%D7%99%D7%A7%D7%98%D7%99%D7%9D%20%D7%90%D7%95%D7%A4%D7%A0%D7%99%D7%99%D7%9D/%D7%9E%D7%95%D7%A8%D7%99%D7%94/%D7%9E%D7%95%D7%A8%D7%93%D7%95</SimpleData>
		<SimpleData name="Framework">תכנון מפורט</SimpleData>
		<SimpleData name="Engineer"></SimpleData>
		<SimpleData name="Director">מנעד</SimpleData>
		<SimpleData name="Architect">רעות אביטל</SimpleData>
		<SimpleData name="respons"></SimpleData>
		<SimpleData name="V39"></SimpleData>
	</SchemaData></ExtendedData>
      <MultiGeometry><LineString><coordinates>35.223518,31.744065,0 35.223875,31.744289,0 35.223999,31.744404,0 35.224109,31.744557,0 35.224178,31.744693,0 35.22423,31.744887,0 35.224274,31.745112,0</coordinates></LineString></MultiGeometry>
  </Placemark>
  <Placemark>
	<name></name>
	<description>תיאור: &lt;br&gt;PartName: הנציב - מורדות ארנונה&lt;br&gt;StreetName: אברהם זקן&lt;br&gt;status_tex: בביצוע&lt;br&gt;openyear_n: 0&lt;br&gt;BPHTtype: 1&lt;br&gt;usable: 0&lt;br&gt;infra: 0&lt;br&gt;roadtype: 4&lt;br&gt;BPHdir: 0.00000000000&lt;br&gt;BPHplace: 2&lt;br&gt;DIRtype: 2&lt;br&gt;DIRTraffic: 9&lt;br&gt;TOPOLOGY: 0&lt;br&gt;DIV_Veh: 0&lt;br&gt;DIV_Walk: 0&lt;br&gt;Signpost: 0&lt;br&gt;Parking: 1&lt;br&gt;LEVEL_: 0&lt;br&gt;PAINT: 0&lt;br&gt;TREES: 0&lt;br&gt;remarks: &lt;br&gt;globalID: 0&lt;br&gt;id: 76&lt;br&gt;GlobalID_2: {59179eb6-ce12-4b85-9dd8-8fc90a19fb81}&lt;br&gt;CreationDa: 2025/08/25&lt;br&gt;Creator: JTMTJTMT&lt;br&gt;EditDate: 2025/08/25&lt;br&gt;Editor: JTMTJTMT&lt;br&gt;Shape__Len: 22.35884076100&lt;br&gt;Link: &lt;br&gt;Framework: תכנון שכונות&lt;br&gt;Engineer: רע&quot;מ הנדסה&lt;br&gt;Director: &lt;br&gt;Architect: &lt;br&gt;respons: </description>
	<Style><LineStyle><color>ff0000ff</color></LineStyle><PolyStyle><fill>0</fill></PolyStyle></Style>
	<ExtendedData><SchemaData schemaUrl="#bike_lanes_construction">
		<SimpleData name="WKT">LINESTRING (35.224487 31.745814, 35.224525 31.745901, 35.224619 31.745975)</SimpleData>
		<SimpleData name="PartName">הנציב - מורדות ארנונה</SimpleData>
		<SimpleData name="StreetName">אברהם זקן</SimpleData>
		<SimpleData name="status_tex">בביצוע</SimpleData>
		<SimpleData name="openyear_n">0</SimpleData>
		<SimpleData name="BPHTtype">1</SimpleData>
		<SimpleData name="usable">0</SimpleData>
		<SimpleData name="infra">0</SimpleData>
		<SimpleData name="roadtype">4</SimpleData>
		<SimpleData name="BPHdir">0</SimpleData>
		<SimpleData name="BPHplace">2</SimpleData>
		<SimpleData name="DIRtype">2</SimpleData>
		<SimpleData name="DIRTraffic">9</SimpleData>
		<SimpleData name="TOPOLOGY">0</SimpleData>
		<SimpleData name="DIV_Veh">0</SimpleData>
		<SimpleData name="DIV_Walk">0</SimpleData>
		<SimpleData name="Signpost">0</SimpleData>
		<SimpleData name="Parking">1</SimpleData>
		<SimpleData name="LEVEL_">0</SimpleData>
		<SimpleData name="PAINT">0</SimpleData>
		<SimpleData name="TREES">0</SimpleData>
		<SimpleData name="remarks"></SimpleData>
		<SimpleData name="globalID">0</SimpleData>
		<SimpleData name="id">76</SimpleData>
		<SimpleData name="GlobalID_2">{59179eb6-ce12-4b85-9dd8-8fc90a19fb81}</SimpleData>
		<SimpleData name="CreationDa">2025/08/25</SimpleData>
		<SimpleData name="Creator">JTMTJTMT</SimpleData>
		<SimpleData name="EditDate">2025/08/25</SimpleData>
		<SimpleData name="Editor">JTMTJTMT</SimpleData>
		<SimpleData name="Shape__Len">22.35884076100</SimpleData>
		<SimpleData name="Link"></SimpleData>
		<SimpleData name="Framework">תכנון שכונות</SimpleData>
		<SimpleData name="Engineer">רע&quot;מ הנדסה</SimpleData>
		<SimpleData name="Director"></SimpleData>
		<SimpleData name="Architect"></SimpleData>
		<SimpleData name="respons"></SimpleData>
		<SimpleData name="V39"></SimpleData>
	</SchemaData></ExtendedData>
      <MultiGeometry><LineString><coordinates>35.224487,31.745814,0 35.224525,31.745901,0 35.224619,31.745975,0</coordinates></LineString></MultiGeometry>
  </Placemark>
  <Placemark>
	<name></name>
	<description>תיאור: &lt;br&gt;PartName: יעקב פת&lt;br&gt;StreetName: יעקב פת&lt;br&gt;status_tex: בביצוע&lt;br&gt;openyear_n: 0&lt;br&gt;BPHTtype: 1&lt;br&gt;usable: 0&lt;br&gt;infra: 0&lt;br&gt;roadtype: 5&lt;br&gt;BPHdir: 0.00000000000&lt;br&gt;BPHplace: 1&lt;br&gt;DIRtype: 2&lt;br&gt;DIRTraffic: 9&lt;br&gt;TOPOLOGY: 0&lt;br&gt;DIV_Veh: 9&lt;br&gt;DIV_Walk: 0&lt;br&gt;Signpost: 0&lt;br&gt;Parking: 9&lt;br&gt;LEVEL_: 0&lt;br&gt;PAINT: 0&lt;br&gt;TREES: 9&lt;br&gt;remarks: &lt;br&gt;globalID: 0&lt;br&gt;id: 128&lt;br&gt;GlobalID_2: {7cda184f-2545-40f9-955d-73e745042679}&lt;br&gt;CreationDa: 2025/08/25&lt;br&gt;Creator: JTMTJTMT&lt;br&gt;EditDate: 2025/08/25&lt;br&gt;Editor: JTMTJTMT&lt;br&gt;Shape__Len: 14.17859149550&lt;br&gt;Link: &lt;br&gt;Framework: רכבת קלה - קו ירוק&lt;br&gt;Engineer: &lt;br&gt;Director: אמי מתום&lt;br&gt;Architect: &lt;br&gt;respons: </description>
	<Style><LineStyle><color>ff0000ff</color></LineStyle><PolyStyle><fill>0</fill></PolyStyle></Style>
	<ExtendedData><SchemaData schemaUrl="#bike_lanes_construction">
		<SimpleData name="WKT">LINESTRING (35.199338 31.754427, 35.199377 31.754304)</SimpleData>
		<SimpleData name="PartName">יעקב פת</SimpleData>
		<SimpleData name="StreetName">יעקב פת</SimpleData>
		<SimpleData name="status_tex">בביצוע</SimpleData>
		<SimpleData name="openyear_n">0</SimpleData>
		<SimpleData name="BPHTtype">1</SimpleData>
		<SimpleData name="usable">0</SimpleData>
		<SimpleData name="infra">0</SimpleData>
		<SimpleData name="roadtype">5</SimpleData>
		<SimpleData name="BPHdir">0</SimpleData>
		<SimpleData name="BPHplace">1</SimpleData>
		<SimpleData name="DIRtype">2</SimpleData>
		<SimpleData name="DIRTraffic">9</SimpleData>
		<SimpleData name="TOPOLOGY">0</SimpleData>
		<SimpleData name="DIV_Veh">9</SimpleData>
		<SimpleData name="DIV_Walk">0</SimpleData>
		<SimpleData name="Signpost">0</SimpleData>
		<SimpleData name="Parking">9</SimpleData>
		<SimpleData name="LEVEL_">0</SimpleData>
		<SimpleData name="PAINT">0</SimpleData>
		<SimpleData name="TREES">9</SimpleData>
		<SimpleData name="remarks"></SimpleData>
		<SimpleData name="globalID">0</SimpleData>
		<SimpleData name="id">128</SimpleData>
		<SimpleData name="GlobalID_2">{7cda184f-2545-40f9-955d-73e745042679}</SimpleData>
		<SimpleData name="CreationDa">2025/08/25</SimpleData>
		<SimpleData name="Creator">JTMTJTMT</SimpleData>
		<SimpleData name="EditDate">2025/08/25</SimpleData>
		<SimpleData name="Editor">JTMTJTMT</SimpleData>
		<SimpleData name="Shape__Len">14.17859149550</SimpleData>
		<SimpleData name="Link"></SimpleData>
		<SimpleData name="Framework">רכבת קלה - קו ירוק</SimpleData>
		<SimpleData name="Engineer"></SimpleData>
		<SimpleData name="Director">אמי מתום</SimpleData>
		<SimpleData name="Architect"></SimpleData>
		<SimpleData name="respons"></SimpleData>
		<SimpleData name="V39"></SimpleData>
	</SchemaData></ExtendedData>
      <MultiGeometry><LineString><coordinates>35.199338,31.754427,0 35.199377,31.754304,0</coordinates></LineString></MultiGeometry>
  </Placemark>
  <Placemark>
	<name></name>
	<description>תיאור: &lt;br&gt;PartName: יעקב פת&lt;br&gt;StreetName: יעקב פת&lt;br&gt;status_tex: בביצוע&lt;br&gt;openyear_n: 0&lt;br&gt;BPHTtype: 1&lt;br&gt;usable: 0&lt;br&gt;infra: 0&lt;br&gt;roadtype: 5&lt;br&gt;BPHdir: 0.00000000000&lt;br&gt;BPHplace: 2&lt;br&gt;DIRtype: 2&lt;br&gt;DIRTraffic: 9&lt;br&gt;TOPOLOGY: 0&lt;br&gt;DIV_Veh: 0&lt;br&gt;DIV_Walk: 0&lt;br&gt;Signpost: 0&lt;br&gt;Parking: 0&lt;br&gt;LEVEL_: 0&lt;br&gt;PAINT: 0&lt;br&gt;TREES: 0&lt;br&gt;remarks: &lt;br&gt;globalID: 0&lt;br&gt;id: 128&lt;br&gt;GlobalID_2: {a4614d75-0c8d-42ae-8fc0-37ae96c1edfd}&lt;br&gt;CreationDa: 2025/08/25&lt;br&gt;Creator: JTMTJTMT&lt;br&gt;EditDate: 2025/08/25&lt;br&gt;Editor: JTMTJTMT&lt;br&gt;Shape__Len: 78.02165472030&lt;br&gt;Link: &lt;br&gt;Framework: רכבת קלה - קו ירוק&lt;br&gt;Engineer: &lt;br&gt;Director: אמי מתום&lt;br&gt;Architect: &lt;br&gt;respons: </description>
	<Style><LineStyle><color>ff0000ff</color></LineStyle><PolyStyle><fill>0</fill></PolyStyle></Style>
	<ExtendedData><SchemaData schemaUrl="#bike_lanes_construction">
		<SimpleData name="WKT">GEOMETRYCOLLECTION (LINESTRING (35.199485 31.753849, 35.199496 31.753754, 35.199497 31.75368, 35.199484 31.753602), LINESTRING (35.199384 31.754296, 35.19944 31.75414, 35.199467 31.754015, 35.199484 31.753851))</SimpleData>
		<SimpleData name="PartName">יעקב פת</SimpleData>
		<SimpleData name="StreetName">יעקב פת</SimpleData>
		<SimpleData name="status_tex">בביצוע</SimpleData>
		<SimpleData name="openyear_n">0</SimpleData>
		<SimpleData name="BPHTtype">1</SimpleData>
		<SimpleData name="usable">0</SimpleData>
		<SimpleData name="infra">0</SimpleData>
		<SimpleData name="roadtype">5</SimpleData>
		<SimpleData name="BPHdir">0</SimpleData>
		<SimpleData name="BPHplace">2</SimpleData>
		<SimpleData name="DIRtype">2</SimpleData>
		<SimpleData name="DIRTraffic">9</SimpleData>
		<SimpleData name="TOPOLOGY">0</SimpleData>
		<SimpleData name="DIV_Veh">0</SimpleData>
		<SimpleData name="DIV_Walk">0</SimpleData>
		<SimpleData name="Signpost">0</SimpleData>
		<SimpleData name="Parking">0</SimpleData>
		<SimpleData name="LEVEL_">0</SimpleData>
		<SimpleData name="PAINT">0</SimpleData>
		<SimpleData name="TREES">0</SimpleData>
		<SimpleData name="remarks"></SimpleData>
		<SimpleData name="globalID">0</SimpleData>
		<SimpleData name="id">128</SimpleData>
		<SimpleData name="GlobalID_2">{a4614d75-0c8d-42ae-8fc0-37ae96c1edfd}</SimpleData>
		<SimpleData name="CreationDa">2025/08/25</SimpleData>
		<SimpleData name="Creator">JTMTJTMT</SimpleData>
		<SimpleData name="EditDate">2025/08/25</SimpleData>
		<SimpleData name="Editor">JTMTJTMT</SimpleData>
		<SimpleData name="Shape__Len">78.02165472030</SimpleData>
		<SimpleData name="Link"></SimpleData>
		<SimpleData name="Framework">רכבת קלה - קו ירוק</SimpleData>
		<SimpleData name="Engineer"></SimpleData>
		<SimpleData name="Director">אמי מתום</SimpleData>
		<SimpleData name="Architect"></SimpleData>
		<SimpleData name="respons"></SimpleData>
		<SimpleData name="V39"></SimpleData>
	</SchemaData></ExtendedData>
      <MultiGeometry><LineString><coordinates>35.199485,31.753849 35.199496,31.753754 35.199497,31.75368 35.199484,31.753602</coordinates></LineString><LineString><coordinates>35.199384,31.754296 35.19944,31.75414 35.199467,31.754015 35.199484,31.753851</coordinates></LineString></MultiGeometry>
  </Placemark>
  <Placemark>
	<name></name>
	<description>תיאור: &lt;br&gt;PartName: יעקב פת&lt;br&gt;StreetName: יעקב פת&lt;br&gt;status_tex: בביצוע&lt;br&gt;openyear_n: 0&lt;br&gt;BPHTtype: 1&lt;br&gt;usable: 0&lt;br&gt;infra: 0&lt;br&gt;roadtype: 5&lt;br&gt;BPHdir: 0.00000000000&lt;br&gt;BPHplace: 2&lt;br&gt;DIRtype: 2&lt;br&gt;DIRTraffic: 9&lt;br&gt;TOPOLOGY: 0&lt;br&gt;DIV_Veh: 0&lt;br&gt;DIV_Walk: 0&lt;br&gt;Signpost: 0&lt;br&gt;Parking: 0&lt;br&gt;LEVEL_: 0&lt;br&gt;PAINT: 0&lt;br&gt;TREES: 0&lt;br&gt;remarks: &lt;br&gt;globalID: 0&lt;br&gt;id: 128&lt;br&gt;GlobalID_2: {01d42914-5357-4b5b-906e-789cef2b253d}&lt;br&gt;CreationDa: 2025/08/25&lt;br&gt;Creator: JTMTJTMT&lt;br&gt;EditDate: 2025/08/25&lt;br&gt;Editor: JTMTJTMT&lt;br&gt;Shape__Len: 155.67777056000&lt;br&gt;Link: &lt;br&gt;Framework: רכבת קלה - קו ירוק&lt;br&gt;Engineer: &lt;br&gt;Director: אמי מתום&lt;br&gt;Architect: &lt;br&gt;respons: </description>
	<Style><LineStyle><color>ff0000ff</color></LineStyle><PolyStyle><fill>0</fill></PolyStyle></Style>
	<ExtendedData><SchemaData schemaUrl="#bike_lanes_construction">
		<SimpleData name="WKT">LINESTRING (35.198569 31.755668, 35.198782 31.755371, 35.198951 31.75515, 35.199074 31.754968, 35.19918 31.754791, 35.199212 31.754727, 35.199262 31.754618, 35.199337 31.754433)</SimpleData>
		<SimpleData name="PartName">יעקב פת</SimpleData>
		<SimpleData name="StreetName">יעקב פת</SimpleData>
		<SimpleData name="status_tex">בביצוע</SimpleData>
		<SimpleData name="openyear_n">0</SimpleData>
		<SimpleData name="BPHTtype">1</SimpleData>
		<SimpleData name="usable">0</SimpleData>
		<SimpleData name="infra">0</SimpleData>
		<SimpleData name="roadtype">5</SimpleData>
		<SimpleData name="BPHdir">0</SimpleData>
		<SimpleData name="BPHplace">2</SimpleData>
		<SimpleData name="DIRtype">2</SimpleData>
		<SimpleData name="DIRTraffic">9</SimpleData>
		<SimpleData name="TOPOLOGY">0</SimpleData>
		<SimpleData name="DIV_Veh">0</SimpleData>
		<SimpleData name="DIV_Walk">0</SimpleData>
		<SimpleData name="Signpost">0</SimpleData>
		<SimpleData name="Parking">0</SimpleData>
		<SimpleData name="LEVEL_">0</SimpleData>
		<SimpleData name="PAINT">0</SimpleData>
		<SimpleData name="TREES">0</SimpleData>
		<SimpleData name="remarks"></SimpleData>
		<SimpleData name="globalID">0</SimpleData>
		<SimpleData name="id">128</SimpleData>
		<SimpleData name="GlobalID_2">{01d42914-5357-4b5b-906e-789cef2b253d}</SimpleData>
		<SimpleData name="CreationDa">2025/08/25</SimpleData>
		<SimpleData name="Creator">JTMTJTMT</SimpleData>
		<SimpleData name="EditDate">2025/08/25</SimpleData>
		<SimpleData name="Editor">JTMTJTMT</SimpleData>
		<SimpleData name="Shape__Len">155.67777056000</SimpleData>
		<SimpleData name="Link"></SimpleData>
		<SimpleData name="Framework">רכבת קלה - קו ירוק</SimpleData>
		<SimpleData name="Engineer"></SimpleData>
		<SimpleData name="Director">אמי מתום</SimpleData>
		<SimpleData name="Architect"></SimpleData>
		<SimpleData name="respons"></SimpleData>
		<SimpleData name="V39"></SimpleData>
	</SchemaData></ExtendedData>
      <MultiGeometry><LineString><coordinates>35.198569,31.755668,0 35.198782,31.755371,0 35.198951,31.75515,0 35.199074,31.754968,0 35.19918,31.754791,0 35.199212,31.754727,0 35.199262,31.754618,0 35.199337,31.754433,0</coordinates></LineString></MultiGeometry>
  </Placemark>
  <Placemark>
	<name></name>
	<description>תיאור: &lt;br&gt;PartName: דב יוסף&lt;br&gt;StreetName: דב יוסף&lt;br&gt;status_tex: בביצוע&lt;br&gt;openyear_n: 0&lt;br&gt;BPHTtype: 1&lt;br&gt;usable: 0&lt;br&gt;infra: 0&lt;br&gt;roadtype: 5&lt;br&gt;BPHdir: 0.00000000000&lt;br&gt;BPHplace: 2&lt;br&gt;DIRtype: 2&lt;br&gt;DIRTraffic: 9&lt;br&gt;TOPOLOGY: 0&lt;br&gt;DIV_Veh: 0&lt;br&gt;DIV_Walk: 0&lt;br&gt;Signpost: 0&lt;br&gt;Parking: 0&lt;br&gt;LEVEL_: 0&lt;br&gt;PAINT: 0&lt;br&gt;TREES: 0&lt;br&gt;remarks: &lt;br&gt;globalID: 0&lt;br&gt;id: 34&lt;br&gt;GlobalID_2: {e435ad52-47dd-4dca-b2cd-8c72621a6692}&lt;br&gt;CreationDa: 2025/08/25&lt;br&gt;Creator: JTMTJTMT&lt;br&gt;EditDate: 2025/08/25&lt;br&gt;Editor: JTMTJTMT&lt;br&gt;Shape__Len: 89.01435696860&lt;br&gt;Link: &lt;br&gt;Framework: רכבת קלה - קו ירוק&lt;br&gt;Engineer: &lt;br&gt;Director: אמי מתום&lt;br&gt;Architect: &lt;br&gt;respons: </description>
	<Style><LineStyle><color>ff0000ff</color></LineStyle><PolyStyle><fill>0</fill></PolyStyle></Style>
	<ExtendedData><SchemaData schemaUrl="#bike_lanes_construction">
		<SimpleData name="WKT">LINESTRING (35.19899 31.75271, 35.198919 31.752555, 35.198748 31.752142, 35.198659 31.751959)</SimpleData>
		<SimpleData name="PartName">דב יוסף</SimpleData>
		<SimpleData name="StreetName">דב יוסף</SimpleData>
		<SimpleData name="status_tex">בביצוע</SimpleData>
		<SimpleData name="openyear_n">0</SimpleData>
		<SimpleData name="BPHTtype">1</SimpleData>
		<SimpleData name="usable">0</SimpleData>
		<SimpleData name="infra">0</SimpleData>
		<SimpleData name="roadtype">5</SimpleData>
		<SimpleData name="BPHdir">0</SimpleData>
		<SimpleData name="BPHplace">2</SimpleData>
		<SimpleData name="DIRtype">2</SimpleData>
		<SimpleData name="DIRTraffic">9</SimpleData>
		<SimpleData name="TOPOLOGY">0</SimpleData>
		<SimpleData name="DIV_Veh">0</SimpleData>
		<SimpleData name="DIV_Walk">0</SimpleData>
		<SimpleData name="Signpost">0</SimpleData>
		<SimpleData name="Parking">0</SimpleData>
		<SimpleData name="LEVEL_">0</SimpleData>
		<SimpleData name="PAINT">0</SimpleData>
		<SimpleData name="TREES">0</SimpleData>
		<SimpleData name="remarks"></SimpleData>
		<SimpleData name="globalID">0</SimpleData>
		<SimpleData name="id">34</SimpleData>
		<SimpleData name="GlobalID_2">{e435ad52-47dd-4dca-b2cd-8c72621a6692}</SimpleData>
		<SimpleData name="CreationDa">2025/08/25</SimpleData>
		<SimpleData name="Creator">JTMTJTMT</SimpleData>
		<SimpleData name="EditDate">2025/08/25</SimpleData>
		<SimpleData name="Editor">JTMTJTMT</SimpleData>
		<SimpleData name="Shape__Len">89.01435696860</SimpleData>
		<SimpleData name="Link"></SimpleData>
		<SimpleData name="Framework">רכבת קלה - קו ירוק</SimpleData>
		<SimpleData name="Engineer"></SimpleData>
		<SimpleData name="Director">אמי מתום</SimpleData>
		<SimpleData name="Architect"></SimpleData>
		<SimpleData name="respons"></SimpleData>
		<SimpleData name="V39"></SimpleData>
	</SchemaData></ExtendedData>
      <MultiGeometry><LineString><coordinates>35.19899,31.75271,0 35.198919,31.752555,0 35.198748,31.752142,0 35.198659,31.751959,0</coordinates></LineString></MultiGeometry>
  </Placemark>
  <Placemark>
	<name></name>
	<description>תיאור: &lt;br&gt;PartName: דב יוסף&lt;br&gt;StreetName: דב יוסף&lt;br&gt;status_tex: בביצוע&lt;br&gt;openyear_n: 0&lt;br&gt;BPHTtype: 1&lt;br&gt;usable: 0&lt;br&gt;infra: 0&lt;br&gt;roadtype: 5&lt;br&gt;BPHdir: 0.00000000000&lt;br&gt;BPHplace: 1&lt;br&gt;DIRtype: 2&lt;br&gt;DIRTraffic: 9&lt;br&gt;TOPOLOGY: 0&lt;br&gt;DIV_Veh: 9&lt;br&gt;DIV_Walk: 0&lt;br&gt;Signpost: 0&lt;br&gt;Parking: 9&lt;br&gt;LEVEL_: 0&lt;br&gt;PAINT: 0&lt;br&gt;TREES: 0&lt;br&gt;remarks: &lt;br&gt;globalID: 0&lt;br&gt;id: 34&lt;br&gt;GlobalID_2: {83a42afe-b3b7-4fa3-9ed2-9400f5a1980a}&lt;br&gt;CreationDa: 2025/08/25&lt;br&gt;Creator: JTMTJTMT&lt;br&gt;EditDate: 2025/08/25&lt;br&gt;Editor: JTMTJTMT&lt;br&gt;Shape__Len: 6.78419459045&lt;br&gt;Link: &lt;br&gt;Framework: רכבת קלה - קו ירוק&lt;br&gt;Engineer: &lt;br&gt;Director: אמי מתום&lt;br&gt;Architect: &lt;br&gt;respons: </description>
	<Style><LineStyle><color>ff0000ff</color></LineStyle><PolyStyle><fill>0</fill></PolyStyle></Style>
	<ExtendedData><SchemaData schemaUrl="#bike_lanes_construction">
		<SimpleData name="WKT">LINESTRING (35.198578 31.751868, 35.198528 31.751825)</SimpleData>
		<SimpleData name="PartName">דב יוסף</SimpleData>
		<SimpleData name="StreetName">דב יוסף</SimpleData>
		<SimpleData name="status_tex">בביצוע</SimpleData>
		<SimpleData name="openyear_n">0</SimpleData>
		<SimpleData name="BPHTtype">1</SimpleData>
		<SimpleData name="usable">0</SimpleData>
		<SimpleData name="infra">0</SimpleData>
		<SimpleData name="roadtype">5</SimpleData>
		<SimpleData name="BPHdir">0</SimpleData>
		<SimpleData name="BPHplace">1</SimpleData>
		<SimpleData name="DIRtype">2</SimpleData>
		<SimpleData name="DIRTraffic">9</SimpleData>
		<SimpleData name="TOPOLOGY">0</SimpleData>
		<SimpleData name="DIV_Veh">9</SimpleData>
		<SimpleData name="DIV_Walk">0</SimpleData>
		<SimpleData name="Signpost">0</SimpleData>
		<SimpleData name="Parking">9</SimpleData>
		<SimpleData name="LEVEL_">0</SimpleData>
		<SimpleData name="PAINT">0</SimpleData>
		<SimpleData name="TREES">0</SimpleData>
		<SimpleData name="remarks"></SimpleData>
		<SimpleData name="globalID">0</SimpleData>
		<SimpleData name="id">34</SimpleData>
		<SimpleData name="GlobalID_2">{83a42afe-b3b7-4fa3-9ed2-9400f5a1980a}</SimpleData>
		<SimpleData name="CreationDa">2025/08/25</SimpleData>
		<SimpleData name="Creator">JTMTJTMT</SimpleData>
		<SimpleData name="EditDate">2025/08/25</SimpleData>
		<SimpleData name="Editor">JTMTJTMT</SimpleData>
		<SimpleData name="Shape__Len">6.78419459045</SimpleData>
		<SimpleData name="Link"></SimpleData>
		<SimpleData name="Framework">רכבת קלה - קו ירוק</SimpleData>
		<SimpleData name="Engineer"></SimpleData>
		<SimpleData name="Director">אמי מתום</SimpleData>
		<SimpleData name="Architect"></SimpleData>
		<SimpleData name="respons"></SimpleData>
		<SimpleData name="V39"></SimpleData>
	</SchemaData></ExtendedData>
      <MultiGeometry><LineString><coordinates>35.198578,31.751868,0 35.198528,31.751825,0</coordinates></LineString></MultiGeometry>
  </Placemark>
  <Placemark>
	<name></name>
	<description>תיאור: &lt;br&gt;PartName: דב יוסף&lt;br&gt;StreetName: דב יוסף&lt;br&gt;status_tex: בביצוע&lt;br&gt;openyear_n: 0&lt;br&gt;BPHTtype: 1&lt;br&gt;usable: 0&lt;br&gt;infra: 0&lt;br&gt;roadtype: 5&lt;br&gt;BPHdir: 0.00000000000&lt;br&gt;BPHplace: 1&lt;br&gt;DIRtype: 2&lt;br&gt;DIRTraffic: 9&lt;br&gt;TOPOLOGY: 0&lt;br&gt;DIV_Veh: 9&lt;br&gt;DIV_Walk: 0&lt;br&gt;Signpost: 0&lt;br&gt;Parking: 9&lt;br&gt;LEVEL_: 0&lt;br&gt;PAINT: 0&lt;br&gt;TREES: 0&lt;br&gt;remarks: &lt;br&gt;globalID: 0&lt;br&gt;id: 34&lt;br&gt;GlobalID_2: {2b66841b-5e06-4544-a0bd-554203b4652c}&lt;br&gt;CreationDa: 2025/08/25&lt;br&gt;Creator: JTMTJTMT&lt;br&gt;EditDate: 2025/08/25&lt;br&gt;Editor: JTMTJTMT&lt;br&gt;Shape__Len: 9.52509972300&lt;br&gt;Link: &lt;br&gt;Framework: רכבת קלה - קו ירוק&lt;br&gt;Engineer: &lt;br&gt;Director: אמי מתום&lt;br&gt;Architect: &lt;br&gt;respons: </description>
	<Style><LineStyle><color>ff0000ff</color></LineStyle><PolyStyle><fill>0</fill></PolyStyle></Style>
	<ExtendedData><SchemaData schemaUrl="#bike_lanes_construction">
		<SimpleData name="WKT">LINESTRING (35.198526 31.751776, 35.198563 31.751696)</SimpleData>
		<SimpleData name="PartName">דב יוסף</SimpleData>
		<SimpleData name="StreetName">דב יוסף</SimpleData>
		<SimpleData name="status_tex">בביצוע</SimpleData>
		<SimpleData name="openyear_n">0</SimpleData>
		<SimpleData name="BPHTtype">1</SimpleData>
		<SimpleData name="usable">0</SimpleData>
		<SimpleData name="infra">0</SimpleData>
		<SimpleData name="roadtype">5</SimpleData>
		<SimpleData name="BPHdir">0</SimpleData>
		<SimpleData name="BPHplace">1</SimpleData>
		<SimpleData name="DIRtype">2</SimpleData>
		<SimpleData name="DIRTraffic">9</SimpleData>
		<SimpleData name="TOPOLOGY">0</SimpleData>
		<SimpleData name="DIV_Veh">9</SimpleData>
		<SimpleData name="DIV_Walk">0</SimpleData>
		<SimpleData name="Signpost">0</SimpleData>
		<SimpleData name="Parking">9</SimpleData>
		<SimpleData name="LEVEL_">0</SimpleData>
		<SimpleData name="PAINT">0</SimpleData>
		<SimpleData name="TREES">0</SimpleData>
		<SimpleData name="remarks"></SimpleData>
		<SimpleData name="globalID">0</SimpleData>
		<SimpleData name="id">34</SimpleData>
		<SimpleData name="GlobalID_2">{2b66841b-5e06-4544-a0bd-554203b4652c}</SimpleData>
		<SimpleData name="CreationDa">2025/08/25</SimpleData>
		<SimpleData name="Creator">JTMTJTMT</SimpleData>
		<SimpleData name="EditDate">2025/08/25</SimpleData>
		<SimpleData name="Editor">JTMTJTMT</SimpleData>
		<SimpleData name="Shape__Len">9.52509972300</SimpleData>
		<SimpleData name="Link"></SimpleData>
		<SimpleData name="Framework">רכבת קלה - קו ירוק</SimpleData>
		<SimpleData name="Engineer"></SimpleData>
		<SimpleData name="Director">אמי מתום</SimpleData>
		<SimpleData name="Architect"></SimpleData>
		<SimpleData name="respons"></SimpleData>
		<SimpleData name="V39"></SimpleData>
	</SchemaData></ExtendedData>
      <MultiGeometry><LineString><coordinates>35.198526,31.751776,0 35.198563,31.751696,0</coordinates></LineString></MultiGeometry>
  </Placemark>
  <Placemark>
	<name></name>
	<description>תיאור: &lt;br&gt;PartName: יפו - גשר המיתרים&lt;br&gt;StreetName: יפו&lt;br&gt;status_tex: בביצוע&lt;br&gt;openyear_n: 0&lt;br&gt;BPHTtype: 0&lt;br&gt;usable: 0&lt;br&gt;infra: 0&lt;br&gt;roadtype: 0&lt;br&gt;BPHdir: 0.00000000000&lt;br&gt;BPHplace: 0&lt;br&gt;DIRtype: 0&lt;br&gt;DIRTraffic: 0&lt;br&gt;TOPOLOGY: 0&lt;br&gt;DIV_Veh: 0&lt;br&gt;DIV_Walk: 0&lt;br&gt;Signpost: 0&lt;br&gt;Parking: 0&lt;br&gt;LEVEL_: 0&lt;br&gt;PAINT: 0&lt;br&gt;TREES: 0&lt;br&gt;remarks: &lt;br&gt;globalID: 0&lt;br&gt;id: 131&lt;br&gt;GlobalID_2: {8c020bef-f6b0-410a-b503-cf477e045a39}&lt;br&gt;CreationDa: 2025/08/25&lt;br&gt;Creator: JTMTJTMT&lt;br&gt;EditDate: 2025/08/25&lt;br&gt;Editor: JTMTJTMT&lt;br&gt;Shape__Len: 117.21591206200&lt;br&gt;Link: &lt;br&gt;Framework: רכבת קלה - הקו הירוק&lt;br&gt;Engineer: &lt;br&gt;Director: &lt;br&gt;Architect: &lt;br&gt;respons: </description>
	<Style><LineStyle><color>ff0000ff</color></LineStyle><PolyStyle><fill>0</fill></PolyStyle></Style>
	<ExtendedData><SchemaData schemaUrl="#bike_lanes_construction">
		<SimpleData name="WKT">LINESTRING (35.200972 31.789095, 35.201302 31.788997, 35.20154 31.788903, 35.201671 31.788839, 35.201899 31.788722, 35.202076 31.78866, 35.20209 31.788651)</SimpleData>
		<SimpleData name="PartName">יפו - גשר המיתרים</SimpleData>
		<SimpleData name="StreetName">יפו</SimpleData>
		<SimpleData name="status_tex">בביצוע</SimpleData>
		<SimpleData name="openyear_n">0</SimpleData>
		<SimpleData name="BPHTtype">0</SimpleData>
		<SimpleData name="usable">0</SimpleData>
		<SimpleData name="infra">0</SimpleData>
		<SimpleData name="roadtype">0</SimpleData>
		<SimpleData name="BPHdir">0</SimpleData>
		<SimpleData name="BPHplace">0</SimpleData>
		<SimpleData name="DIRtype">0</SimpleData>
		<SimpleData name="DIRTraffic">0</SimpleData>
		<SimpleData name="TOPOLOGY">0</SimpleData>
		<SimpleData name="DIV_Veh">0</SimpleData>
		<SimpleData name="DIV_Walk">0</SimpleData>
		<SimpleData name="Signpost">0</SimpleData>
		<SimpleData name="Parking">0</SimpleData>
		<SimpleData name="LEVEL_">0</SimpleData>
		<SimpleData name="PAINT">0</SimpleData>
		<SimpleData name="TREES">0</SimpleData>
		<SimpleData name="remarks"></SimpleData>
		<SimpleData name="globalID">0</SimpleData>
		<SimpleData name="id">131</SimpleData>
		<SimpleData name="GlobalID_2">{8c020bef-f6b0-410a-b503-cf477e045a39}</SimpleData>
		<SimpleData name="CreationDa">2025/08/25</SimpleData>
		<SimpleData name="Creator">JTMTJTMT</SimpleData>
		<SimpleData name="EditDate">2025/08/25</SimpleData>
		<SimpleData name="Editor">JTMTJTMT</SimpleData>
		<SimpleData name="Shape__Len">117.21591206200</SimpleData>
		<SimpleData name="Link"></SimpleData>
		<SimpleData name="Framework">רכבת קלה - הקו הירוק</SimpleData>
		<SimpleData name="Engineer"></SimpleData>
		<SimpleData name="Director"></SimpleData>
		<SimpleData name="Architect"></SimpleData>
		<SimpleData name="respons"></SimpleData>
		<SimpleData name="V39"></SimpleData>
	</SchemaData></ExtendedData>
      <MultiGeometry><LineString><coordinates>35.200972,31.789095,0 35.201302,31.788997,0 35.20154,31.788903,0 35.201671,31.788839,0 35.201899,31.788722,0 35.202076,31.78866,0 35.20209,31.788651,0</coordinates></LineString></MultiGeometry>
  </Placemark>
  <Placemark>
	<name></name>
	<description>תיאור: &lt;br&gt;PartName: שדרות הרצל&lt;br&gt;StreetName: שדרות הרצל&lt;br&gt;status_tex: בביצוע&lt;br&gt;openyear_n: 0&lt;br&gt;BPHTtype: 1&lt;br&gt;usable: 0&lt;br&gt;infra: 0&lt;br&gt;roadtype: 3&lt;br&gt;BPHdir: 0.00000000000&lt;br&gt;BPHplace: 1&lt;br&gt;DIRtype: 2&lt;br&gt;DIRTraffic: 9&lt;br&gt;TOPOLOGY: 0&lt;br&gt;DIV_Veh: 9&lt;br&gt;DIV_Walk: 0&lt;br&gt;Signpost: 0&lt;br&gt;Parking: 9&lt;br&gt;LEVEL_: 0&lt;br&gt;PAINT: 0&lt;br&gt;TREES: 9&lt;br&gt;remarks: &lt;br&gt;globalID: 0&lt;br&gt;id: 222&lt;br&gt;GlobalID_2: {63d8b1f2-f197-4ef6-8abb-f87414834939}&lt;br&gt;CreationDa: 2025/08/25&lt;br&gt;Creator: JTMTJTMT&lt;br&gt;EditDate: 2025/08/25&lt;br&gt;Editor: JTMTJTMT&lt;br&gt;Shape__Len: 4.53698162256&lt;br&gt;Link: &lt;br&gt;Framework: רכבת קלה - הקו הירוק&lt;br&gt;Engineer: &lt;br&gt;Director: &lt;br&gt;Architect: &lt;br&gt;respons: </description>
	<Style><LineStyle><color>ff0000ff</color></LineStyle><PolyStyle><fill>0</fill></PolyStyle></Style>
	<ExtendedData><SchemaData schemaUrl="#bike_lanes_construction">
		<SimpleData name="WKT">LINESTRING (35.198891 31.786442, 35.198898 31.786483)</SimpleData>
		<SimpleData name="PartName">שדרות הרצל</SimpleData>
		<SimpleData name="StreetName">שדרות הרצל</SimpleData>
		<SimpleData name="status_tex">בביצוע</SimpleData>
		<SimpleData name="openyear_n">0</SimpleData>
		<SimpleData name="BPHTtype">1</SimpleData>
		<SimpleData name="usable">0</SimpleData>
		<SimpleData name="infra">0</SimpleData>
		<SimpleData name="roadtype">3</SimpleData>
		<SimpleData name="BPHdir">0</SimpleData>
		<SimpleData name="BPHplace">1</SimpleData>
		<SimpleData name="DIRtype">2</SimpleData>
		<SimpleData name="DIRTraffic">9</SimpleData>
		<SimpleData name="TOPOLOGY">0</SimpleData>
		<SimpleData name="DIV_Veh">9</SimpleData>
		<SimpleData name="DIV_Walk">0</SimpleData>
		<SimpleData name="Signpost">0</SimpleData>
		<SimpleData name="Parking">9</SimpleData>
		<SimpleData name="LEVEL_">0</SimpleData>
		<SimpleData name="PAINT">0</SimpleData>
		<SimpleData name="TREES">9</SimpleData>
		<SimpleData name="remarks"></SimpleData>
		<SimpleData name="globalID">0</SimpleData>
		<SimpleData name="id">222</SimpleData>
		<SimpleData name="GlobalID_2">{63d8b1f2-f197-4ef6-8abb-f87414834939}</SimpleData>
		<SimpleData name="CreationDa">2025/08/25</SimpleData>
		<SimpleData name="Creator">JTMTJTMT</SimpleData>
		<SimpleData name="EditDate">2025/08/25</SimpleData>
		<SimpleData name="Editor">JTMTJTMT</SimpleData>
		<SimpleData name="Shape__Len">4.53698162256</SimpleData>
		<SimpleData name="Link"></SimpleData>
		<SimpleData name="Framework">רכבת קלה - הקו הירוק</SimpleData>
		<SimpleData name="Engineer"></SimpleData>
		<SimpleData name="Director"></SimpleData>
		<SimpleData name="Architect"></SimpleData>
		<SimpleData name="respons"></SimpleData>
		<SimpleData name="V39"></SimpleData>
	</SchemaData></ExtendedData>
      <MultiGeometry><LineString><coordinates>35.198891,31.786442,0 35.198898,31.786483,0</coordinates></LineString></MultiGeometry>
  </Placemark>
  <Placemark>
	<name></name>
	<description>תיאור: &lt;br&gt;PartName: שדרות הרצל&lt;br&gt;StreetName: שדרות הרצל&lt;br&gt;status_tex: בביצוע&lt;br&gt;openyear_n: 0&lt;br&gt;BPHTtype: 1&lt;br&gt;usable: 0&lt;br&gt;infra: 0&lt;br&gt;roadtype: 3&lt;br&gt;BPHdir: 0.00000000000&lt;br&gt;BPHplace: 1&lt;br&gt;DIRtype: 2&lt;br&gt;DIRTraffic: 9&lt;br&gt;TOPOLOGY: 0&lt;br&gt;DIV_Veh: 9&lt;br&gt;DIV_Walk: 0&lt;br&gt;Signpost: 0&lt;br&gt;Parking: 9&lt;br&gt;LEVEL_: 0&lt;br&gt;PAINT: 0&lt;br&gt;TREES: 9&lt;br&gt;remarks: &lt;br&gt;globalID: 0&lt;br&gt;id: 137&lt;br&gt;GlobalID_2: {eddba49a-a236-43a1-b373-46835c3d2032}&lt;br&gt;CreationDa: 2025/08/25&lt;br&gt;Creator: JTMTJTMT&lt;br&gt;EditDate: 2025/08/25&lt;br&gt;Editor: JTMTJTMT&lt;br&gt;Shape__Len: 5.63851326627&lt;br&gt;Link: &lt;br&gt;Framework: רכבת קלה - הקו הירוק&lt;br&gt;Engineer: &lt;br&gt;Director: &lt;br&gt;Architect: &lt;br&gt;respons: </description>
	<Style><LineStyle><color>ff0000ff</color></LineStyle><PolyStyle><fill>0</fill></PolyStyle></Style>
	<ExtendedData><SchemaData schemaUrl="#bike_lanes_construction">
		<SimpleData name="WKT">LINESTRING (35.199199 31.786718, 35.199148 31.786692)</SimpleData>
		<SimpleData name="PartName">שדרות הרצל</SimpleData>
		<SimpleData name="StreetName">שדרות הרצל</SimpleData>
		<SimpleData name="status_tex">בביצוע</SimpleData>
		<SimpleData name="openyear_n">0</SimpleData>
		<SimpleData name="BPHTtype">1</SimpleData>
		<SimpleData name="usable">0</SimpleData>
		<SimpleData name="infra">0</SimpleData>
		<SimpleData name="roadtype">3</SimpleData>
		<SimpleData name="BPHdir">0</SimpleData>
		<SimpleData name="BPHplace">1</SimpleData>
		<SimpleData name="DIRtype">2</SimpleData>
		<SimpleData name="DIRTraffic">9</SimpleData>
		<SimpleData name="TOPOLOGY">0</SimpleData>
		<SimpleData name="DIV_Veh">9</SimpleData>
		<SimpleData name="DIV_Walk">0</SimpleData>
		<SimpleData name="Signpost">0</SimpleData>
		<SimpleData name="Parking">9</SimpleData>
		<SimpleData name="LEVEL_">0</SimpleData>
		<SimpleData name="PAINT">0</SimpleData>
		<SimpleData name="TREES">9</SimpleData>
		<SimpleData name="remarks"></SimpleData>
		<SimpleData name="globalID">0</SimpleData>
		<SimpleData name="id">137</SimpleData>
		<SimpleData name="GlobalID_2">{eddba49a-a236-43a1-b373-46835c3d2032}</SimpleData>
		<SimpleData name="CreationDa">2025/08/25</SimpleData>
		<SimpleData name="Creator">JTMTJTMT</SimpleData>
		<SimpleData name="EditDate">2025/08/25</SimpleData>
		<SimpleData name="Editor">JTMTJTMT</SimpleData>
		<SimpleData name="Shape__Len">5.63851326627</SimpleData>
		<SimpleData name="Link"></SimpleData>
		<SimpleData name="Framework">רכבת קלה - הקו הירוק</SimpleData>
		<SimpleData name="Engineer"></SimpleData>
		<SimpleData name="Director"></SimpleData>
		<SimpleData name="Architect"></SimpleData>
		<SimpleData name="respons"></SimpleData>
		<SimpleData name="V39"></SimpleData>
	</SchemaData></ExtendedData>
      <MultiGeometry><LineString><coordinates>35.199199,31.786718,0 35.199148,31.786692,0</coordinates></LineString></MultiGeometry>
  </Placemark>
  <Placemark>
	<name></name>
	<description>תיאור: &lt;br&gt;PartName: בית השופט&lt;br&gt;StreetName: דרך חברון&lt;br&gt;status_tex: בביצוע&lt;br&gt;openyear_n: 0&lt;br&gt;BPHTtype: 1&lt;br&gt;usable: 0&lt;br&gt;infra: 0&lt;br&gt;roadtype: 1&lt;br&gt;BPHdir: 0.00000000000&lt;br&gt;BPHplace: 2&lt;br&gt;DIRtype: 2&lt;br&gt;DIRTraffic: 9&lt;br&gt;TOPOLOGY: 0&lt;br&gt;DIV_Veh: 0&lt;br&gt;DIV_Walk: 0&lt;br&gt;Signpost: 0&lt;br&gt;Parking: 0&lt;br&gt;LEVEL_: 0&lt;br&gt;PAINT: 0&lt;br&gt;TREES: 0&lt;br&gt;remarks: &lt;br&gt;globalID: 0&lt;br&gt;id: 52&lt;br&gt;GlobalID_2: {e0831838-b2bc-4efc-88d3-e777caf1276b}&lt;br&gt;CreationDa: 2025/08/25&lt;br&gt;Creator: JTMTJTMT&lt;br&gt;EditDate: 2025/08/25&lt;br&gt;Editor: JTMTJTMT&lt;br&gt;Shape__Len: 387.45899000800&lt;br&gt;Link: &lt;br&gt;Framework: רכבת קלה - הקו הכחול&lt;br&gt;Engineer: &lt;br&gt;Director: &lt;br&gt;Architect: &lt;br&gt;respons: </description>
	<Style><LineStyle><color>ff0000ff</color></LineStyle><PolyStyle><fill>0</fill></PolyStyle></Style>
	<ExtendedData><SchemaData schemaUrl="#bike_lanes_construction">
		<SimpleData name="WKT">LINESTRING (35.20573 31.731923, 35.206016 31.731999, 35.206218 31.732084, 35.206583 31.732278, 35.206943 31.732516, 35.207169 31.732668, 35.207454 31.732862, 35.207742 31.733042, 35.207963 31.733181, 35.208227 31.733352, 35.208407 31.73348, 35.208651 31.733683, 35.208814 31.733835, 35.208976 31.733996)</SimpleData>
		<SimpleData name="PartName">בית השופט</SimpleData>
		<SimpleData name="StreetName">דרך חברון</SimpleData>
		<SimpleData name="status_tex">בביצוע</SimpleData>
		<SimpleData name="openyear_n">0</SimpleData>
		<SimpleData name="BPHTtype">1</SimpleData>
		<SimpleData name="usable">0</SimpleData>
		<SimpleData name="infra">0</SimpleData>
		<SimpleData name="roadtype">1</SimpleData>
		<SimpleData name="BPHdir">0</SimpleData>
		<SimpleData name="BPHplace">2</SimpleData>
		<SimpleData name="DIRtype">2</SimpleData>
		<SimpleData name="DIRTraffic">9</SimpleData>
		<SimpleData name="TOPOLOGY">0</SimpleData>
		<SimpleData name="DIV_Veh">0</SimpleData>
		<SimpleData name="DIV_Walk">0</SimpleData>
		<SimpleData name="Signpost">0</SimpleData>
		<SimpleData name="Parking">0</SimpleData>
		<SimpleData name="LEVEL_">0</SimpleData>
		<SimpleData name="PAINT">0</SimpleData>
		<SimpleData name="TREES">0</SimpleData>
		<SimpleData name="remarks"></SimpleData>
		<SimpleData name="globalID">0</SimpleData>
		<SimpleData name="id">52</SimpleData>
		<SimpleData name="GlobalID_2">{e0831838-b2bc-4efc-88d3-e777caf1276b}</SimpleData>
		<SimpleData name="CreationDa">2025/08/25</SimpleData>
		<SimpleData name="Creator">JTMTJTMT</SimpleData>
		<SimpleData name="EditDate">2025/08/25</SimpleData>
		<SimpleData name="Editor">JTMTJTMT</SimpleData>
		<SimpleData name="Shape__Len">387.45899000800</SimpleData>
		<SimpleData name="Link"></SimpleData>
		<SimpleData name="Framework">רכבת קלה - הקו הכחול</SimpleData>
		<SimpleData name="Engineer"></SimpleData>
		<SimpleData name="Director"></SimpleData>
		<SimpleData name="Architect"></SimpleData>
		<SimpleData name="respons"></SimpleData>
		<SimpleData name="V39"></SimpleData>
	</SchemaData></ExtendedData>
      <MultiGeometry><LineString><coordinates>35.20573,31.731923,0 35.206016,31.731999,0 35.206218,31.732084,0 35.206583,31.732278,0 35.206943,31.732516,0 35.207169,31.732668,0 35.207454,31.732862,0 35.207742,31.733042,0 35.207963,31.733181,0 35.208227,31.733352,0 35.208407,31.73348,0 35.208651,31.733683,0 35.208814,31.733835,0 35.208976,31.733996,0</coordinates></LineString></MultiGeometry>
  </Placemark>
  <Placemark>
	<name></name>
	<description>תיאור: &lt;br&gt;PartName: דרך חברון&lt;br&gt;StreetName: דרך חברון&lt;br&gt;status_tex: בביצוע&lt;br&gt;openyear_n: 0&lt;br&gt;BPHTtype: 1&lt;br&gt;usable: 0&lt;br&gt;infra: 0&lt;br&gt;roadtype: 1&lt;br&gt;BPHdir: 0.00000000000&lt;br&gt;BPHplace: 1&lt;br&gt;DIRtype: 2&lt;br&gt;DIRTraffic: 9&lt;br&gt;TOPOLOGY: 0&lt;br&gt;DIV_Veh: 9&lt;br&gt;DIV_Walk: 0&lt;br&gt;Signpost: 0&lt;br&gt;Parking: 9&lt;br&gt;LEVEL_: 0&lt;br&gt;PAINT: 0&lt;br&gt;TREES: 9&lt;br&gt;remarks: &lt;br&gt;globalID: 0&lt;br&gt;id: 52&lt;br&gt;GlobalID_2: {98a42097-1876-4420-b633-6e54fcc7585e}&lt;br&gt;CreationDa: 2025/08/25&lt;br&gt;Creator: JTMTJTMT&lt;br&gt;EditDate: 2025/08/25&lt;br&gt;Editor: JTMTJTMT&lt;br&gt;Shape__Len: 8.68162066943&lt;br&gt;Link: &lt;br&gt;Framework: רכבת קלה - הקו הכחול&lt;br&gt;Engineer: &lt;br&gt;Director: &lt;br&gt;Architect: &lt;br&gt;respons: </description>
	<Style><LineStyle><color>ff0000ff</color></LineStyle><PolyStyle><fill>0</fill></PolyStyle></Style>
	<ExtendedData><SchemaData schemaUrl="#bike_lanes_construction">
		<SimpleData name="WKT">LINESTRING (35.210496 31.736858, 35.210527 31.736932)</SimpleData>
		<SimpleData name="PartName">דרך חברון</SimpleData>
		<SimpleData name="StreetName">דרך חברון</SimpleData>
		<SimpleData name="status_tex">בביצוע</SimpleData>
		<SimpleData name="openyear_n">0</SimpleData>
		<SimpleData name="BPHTtype">1</SimpleData>
		<SimpleData name="usable">0</SimpleData>
		<SimpleData name="infra">0</SimpleData>
		<SimpleData name="roadtype">1</SimpleData>
		<SimpleData name="BPHdir">0</SimpleData>
		<SimpleData name="BPHplace">1</SimpleData>
		<SimpleData name="DIRtype">2</SimpleData>
		<SimpleData name="DIRTraffic">9</SimpleData>
		<SimpleData name="TOPOLOGY">0</SimpleData>
		<SimpleData name="DIV_Veh">9</SimpleData>
		<SimpleData name="DIV_Walk">0</SimpleData>
		<SimpleData name="Signpost">0</SimpleData>
		<SimpleData name="Parking">9</SimpleData>
		<SimpleData name="LEVEL_">0</SimpleData>
		<SimpleData name="PAINT">0</SimpleData>
		<SimpleData name="TREES">9</SimpleData>
		<SimpleData name="remarks"></SimpleData>
		<SimpleData name="globalID">0</SimpleData>
		<SimpleData name="id">52</SimpleData>
		<SimpleData name="GlobalID_2">{98a42097-1876-4420-b633-6e54fcc7585e}</SimpleData>
		<SimpleData name="CreationDa">2025/08/25</SimpleData>
		<SimpleData name="Creator">JTMTJTMT</SimpleData>
		<SimpleData name="EditDate">2025/08/25</SimpleData>
		<SimpleData name="Editor">JTMTJTMT</SimpleData>
		<SimpleData name="Shape__Len">8.68162066943</SimpleData>
		<SimpleData name="Link"></SimpleData>
		<SimpleData name="Framework">רכבת קלה - הקו הכחול</SimpleData>
		<SimpleData name="Engineer"></SimpleData>
		<SimpleData name="Director"></SimpleData>
		<SimpleData name="Architect"></SimpleData>
		<SimpleData name="respons"></SimpleData>
		<SimpleData name="V39"></SimpleData>
	</SchemaData></ExtendedData>
      <MultiGeometry><LineString><coordinates>35.210496,31.736858,0 35.210527,31.736932,0</coordinates></LineString></MultiGeometry>
  </Placemark>
  <Placemark>
	<name></name>
	<description>תיאור: &lt;br&gt;PartName: דרך חברון&lt;br&gt;StreetName: דרך חברון&lt;br&gt;status_tex: בביצוע&lt;br&gt;openyear_n: 0&lt;br&gt;BPHTtype: 1&lt;br&gt;usable: 0&lt;br&gt;infra: 0&lt;br&gt;roadtype: 1&lt;br&gt;BPHdir: 0.00000000000&lt;br&gt;BPHplace: 1&lt;br&gt;DIRtype: 2&lt;br&gt;DIRTraffic: 9&lt;br&gt;TOPOLOGY: 0&lt;br&gt;DIV_Veh: 9&lt;br&gt;DIV_Walk: 0&lt;br&gt;Signpost: 0&lt;br&gt;Parking: 9&lt;br&gt;LEVEL_: 0&lt;br&gt;PAINT: 0&lt;br&gt;TREES: 9&lt;br&gt;remarks: &lt;br&gt;globalID: 0&lt;br&gt;id: 52&lt;br&gt;GlobalID_2: {71569bfc-a202-4bef-a9c9-90a8a74ef294}&lt;br&gt;CreationDa: 2025/08/25&lt;br&gt;Creator: JTMTJTMT&lt;br&gt;EditDate: 2025/08/25&lt;br&gt;Editor: JTMTJTMT&lt;br&gt;Shape__Len: 7.69181967994&lt;br&gt;Link: &lt;br&gt;Framework: רכבת קלה - הקו הכחול&lt;br&gt;Engineer: &lt;br&gt;Director: &lt;br&gt;Architect: &lt;br&gt;respons: </description>
	<Style><LineStyle><color>ff0000ff</color></LineStyle><PolyStyle><fill>0</fill></PolyStyle></Style>
	<ExtendedData><SchemaData schemaUrl="#bike_lanes_construction">
		<SimpleData name="WKT">LINESTRING (35.210535 31.736957, 35.210564 31.737022)</SimpleData>
		<SimpleData name="PartName">דרך חברון</SimpleData>
		<SimpleData name="StreetName">דרך חברון</SimpleData>
		<SimpleData name="status_tex">בביצוע</SimpleData>
		<SimpleData name="openyear_n">0</SimpleData>
		<SimpleData name="BPHTtype">1</SimpleData>
		<SimpleData name="usable">0</SimpleData>
		<SimpleData name="infra">0</SimpleData>
		<SimpleData name="roadtype">1</SimpleData>
		<SimpleData name="BPHdir">0</SimpleData>
		<SimpleData name="BPHplace">1</SimpleData>
		<SimpleData name="DIRtype">2</SimpleData>
		<SimpleData name="DIRTraffic">9</SimpleData>
		<SimpleData name="TOPOLOGY">0</SimpleData>
		<SimpleData name="DIV_Veh">9</SimpleData>
		<SimpleData name="DIV_Walk">0</SimpleData>
		<SimpleData name="Signpost">0</SimpleData>
		<SimpleData name="Parking">9</SimpleData>
		<SimpleData name="LEVEL_">0</SimpleData>
		<SimpleData name="PAINT">0</SimpleData>
		<SimpleData name="TREES">9</SimpleData>
		<SimpleData name="remarks"></SimpleData>
		<SimpleData name="globalID">0</SimpleData>
		<SimpleData name="id">52</SimpleData>
		<SimpleData name="GlobalID_2">{71569bfc-a202-4bef-a9c9-90a8a74ef294}</SimpleData>
		<SimpleData name="CreationDa">2025/08/25</SimpleData>
		<SimpleData name="Creator">JTMTJTMT</SimpleData>
		<SimpleData name="EditDate">2025/08/25</SimpleData>
		<SimpleData name="Editor">JTMTJTMT</SimpleData>
		<SimpleData name="Shape__Len">7.69181967994</SimpleData>
		<SimpleData name="Link"></SimpleData>
		<SimpleData name="Framework">רכבת קלה - הקו הכחול</SimpleData>
		<SimpleData name="Engineer"></SimpleData>
		<SimpleData name="Director"></SimpleData>
		<SimpleData name="Architect"></SimpleData>
		<SimpleData name="respons"></SimpleData>
		<SimpleData name="V39"></SimpleData>
	</SchemaData></ExtendedData>
      <MultiGeometry><LineString><coordinates>35.210535,31.736957,0 35.210564,31.737022,0</coordinates></LineString></MultiGeometry>
  </Placemark>
  <Placemark>
	<name></name>
	<description>תיאור: &lt;br&gt;PartName: דרך חברון&lt;br&gt;StreetName: דרך חברון&lt;br&gt;status_tex: בביצוע&lt;br&gt;openyear_n: 0&lt;br&gt;BPHTtype: 1&lt;br&gt;usable: 0&lt;br&gt;infra: 0&lt;br&gt;roadtype: 1&lt;br&gt;BPHdir: 0.00000000000&lt;br&gt;BPHplace: 2&lt;br&gt;DIRtype: 2&lt;br&gt;DIRTraffic: 9&lt;br&gt;TOPOLOGY: 0&lt;br&gt;DIV_Veh: 1&lt;br&gt;DIV_Walk: 0&lt;br&gt;Signpost: 0&lt;br&gt;Parking: 0&lt;br&gt;LEVEL_: 0&lt;br&gt;PAINT: 0&lt;br&gt;TREES: 0&lt;br&gt;remarks: &lt;br&gt;globalID: 0&lt;br&gt;id: 52&lt;br&gt;GlobalID_2: {3e08ddee-a776-4e4b-948a-1e4acce0cc7a}&lt;br&gt;CreationDa: 2025/08/25&lt;br&gt;Creator: JTMTJTMT&lt;br&gt;EditDate: 2025/08/25&lt;br&gt;Editor: JTMTJTMT&lt;br&gt;Shape__Len: 386.64179263400&lt;br&gt;Link: &lt;br&gt;Framework: רכבת קלה - הקו הכחול&lt;br&gt;Engineer: &lt;br&gt;Director: &lt;br&gt;Architect: &lt;br&gt;respons: </description>
	<Style><LineStyle><color>ff0000ff</color></LineStyle><PolyStyle><fill>0</fill></PolyStyle></Style>
	<ExtendedData><SchemaData schemaUrl="#bike_lanes_construction">
		<SimpleData name="WKT">LINESTRING (35.210564 31.737024, 35.210636 31.737212, 35.210699 31.737322, 35.210819 31.73751, 35.210912 31.737652, 35.21109 31.737941, 35.211353 31.738319, 35.211589 31.73866, 35.211912 31.739099, 35.212153 31.739418, 35.212182 31.739456, 35.212239 31.739578, 35.21248 31.739913, 35.21255 31.739993, 35.212577 31.740048)</SimpleData>
		<SimpleData name="PartName">דרך חברון</SimpleData>
		<SimpleData name="StreetName">דרך חברון</SimpleData>
		<SimpleData name="status_tex">בביצוע</SimpleData>
		<SimpleData name="openyear_n">0</SimpleData>
		<SimpleData name="BPHTtype">1</SimpleData>
		<SimpleData name="usable">0</SimpleData>
		<SimpleData name="infra">0</SimpleData>
		<SimpleData name="roadtype">1</SimpleData>
		<SimpleData name="BPHdir">0</SimpleData>
		<SimpleData name="BPHplace">2</SimpleData>
		<SimpleData name="DIRtype">2</SimpleData>
		<SimpleData name="DIRTraffic">9</SimpleData>
		<SimpleData name="TOPOLOGY">0</SimpleData>
		<SimpleData name="DIV_Veh">1</SimpleData>
		<SimpleData name="DIV_Walk">0</SimpleData>
		<SimpleData name="Signpost">0</SimpleData>
		<SimpleData name="Parking">0</SimpleData>
		<SimpleData name="LEVEL_">0</SimpleData>
		<SimpleData name="PAINT">0</SimpleData>
		<SimpleData name="TREES">0</SimpleData>
		<SimpleData name="remarks"></SimpleData>
		<SimpleData name="globalID">0</SimpleData>
		<SimpleData name="id">52</SimpleData>
		<SimpleData name="GlobalID_2">{3e08ddee-a776-4e4b-948a-1e4acce0cc7a}</SimpleData>
		<SimpleData name="CreationDa">2025/08/25</SimpleData>
		<SimpleData name="Creator">JTMTJTMT</SimpleData>
		<SimpleData name="EditDate">2025/08/25</SimpleData>
		<SimpleData name="Editor">JTMTJTMT</SimpleData>
		<SimpleData name="Shape__Len">386.64179263400</SimpleData>
		<SimpleData name="Link"></SimpleData>
		<SimpleData name="Framework">רכבת קלה - הקו הכחול</SimpleData>
		<SimpleData name="Engineer"></SimpleData>
		<SimpleData name="Director"></SimpleData>
		<SimpleData name="Architect"></SimpleData>
		<SimpleData name="respons"></SimpleData>
		<SimpleData name="V39"></SimpleData>
	</SchemaData></ExtendedData>
      <MultiGeometry><LineString><coordinates>35.210564,31.737024,0 35.210636,31.737212,0 35.210699,31.737322,0 35.210819,31.73751,0 35.210912,31.737652,0 35.21109,31.737941,0 35.211353,31.738319,0 35.211589,31.73866,0 35.211912,31.739099,0 35.212153,31.739418,0 35.212182,31.739456,0 35.212239,31.739578,0 35.21248,31.739913,0 35.21255,31.739993,0 35.212577,31.740048,0</coordinates></LineString></MultiGeometry>
  </Placemark>
  <Placemark>
	<name></name>
	<description>תיאור: &lt;br&gt;PartName: דרך חברון&lt;br&gt;StreetName: דרך חברון&lt;br&gt;status_tex: בביצוע&lt;br&gt;openyear_n: 0&lt;br&gt;BPHTtype: 1&lt;br&gt;usable: 0&lt;br&gt;infra: 0&lt;br&gt;roadtype: 1&lt;br&gt;BPHdir: 0.00000000000&lt;br&gt;BPHplace: 1&lt;br&gt;DIRtype: 2&lt;br&gt;DIRTraffic: 9&lt;br&gt;TOPOLOGY: 0&lt;br&gt;DIV_Veh: 9&lt;br&gt;DIV_Walk: 0&lt;br&gt;Signpost: 0&lt;br&gt;Parking: 9&lt;br&gt;LEVEL_: 0&lt;br&gt;PAINT: 0&lt;br&gt;TREES: 9&lt;br&gt;remarks: &lt;br&gt;globalID: 0&lt;br&gt;id: 52&lt;br&gt;GlobalID_2: {eb25ee72-0421-4d5b-9bdd-68b24e3dda52}&lt;br&gt;CreationDa: 2025/08/25&lt;br&gt;Creator: JTMTJTMT&lt;br&gt;EditDate: 2025/08/25&lt;br&gt;Editor: JTMTJTMT&lt;br&gt;Shape__Len: 9.60592916216&lt;br&gt;Link: &lt;br&gt;Framework: רכבת קלה - הקו הכחול&lt;br&gt;Engineer: &lt;br&gt;Director: &lt;br&gt;Architect: &lt;br&gt;respons: </description>
	<Style><LineStyle><color>ff0000ff</color></LineStyle><PolyStyle><fill>0</fill></PolyStyle></Style>
	<ExtendedData><SchemaData schemaUrl="#bike_lanes_construction">
		<SimpleData name="WKT">LINESTRING (35.212578 31.74005, 35.212629 31.740125)</SimpleData>
		<SimpleData name="PartName">דרך חברון</SimpleData>
		<SimpleData name="StreetName">דרך חברון</SimpleData>
		<SimpleData name="status_tex">בביצוע</SimpleData>
		<SimpleData name="openyear_n">0</SimpleData>
		<SimpleData name="BPHTtype">1</SimpleData>
		<SimpleData name="usable">0</SimpleData>
		<SimpleData name="infra">0</SimpleData>
		<SimpleData name="roadtype">1</SimpleData>
		<SimpleData name="BPHdir">0</SimpleData>
		<SimpleData name="BPHplace">1</SimpleData>
		<SimpleData name="DIRtype">2</SimpleData>
		<SimpleData name="DIRTraffic">9</SimpleData>
		<SimpleData name="TOPOLOGY">0</SimpleData>
		<SimpleData name="DIV_Veh">9</SimpleData>
		<SimpleData name="DIV_Walk">0</SimpleData>
		<SimpleData name="Signpost">0</SimpleData>
		<SimpleData name="Parking">9</SimpleData>
		<SimpleData name="LEVEL_">0</SimpleData>
		<SimpleData name="PAINT">0</SimpleData>
		<SimpleData name="TREES">9</SimpleData>
		<SimpleData name="remarks"></SimpleData>
		<SimpleData name="globalID">0</SimpleData>
		<SimpleData name="id">52</SimpleData>
		<SimpleData name="GlobalID_2">{eb25ee72-0421-4d5b-9bdd-68b24e3dda52}</SimpleData>
		<SimpleData name="CreationDa">2025/08/25</SimpleData>
		<SimpleData name="Creator">JTMTJTMT</SimpleData>
		<SimpleData name="EditDate">2025/08/25</SimpleData>
		<SimpleData name="Editor">JTMTJTMT</SimpleData>
		<SimpleData name="Shape__Len">9.60592916216</SimpleData>
		<SimpleData name="Link"></SimpleData>
		<SimpleData name="Framework">רכבת קלה - הקו הכחול</SimpleData>
		<SimpleData name="Engineer"></SimpleData>
		<SimpleData name="Director"></SimpleData>
		<SimpleData name="Architect"></SimpleData>
		<SimpleData name="respons"></SimpleData>
		<SimpleData name="V39"></SimpleData>
	</SchemaData></ExtendedData>
      <MultiGeometry><LineString><coordinates>35.212578,31.74005,0 35.212629,31.740125,0</coordinates></LineString></MultiGeometry>
  </Placemark>
  <Placemark>
	<name></name>
	<description>תיאור: &lt;br&gt;PartName: דרך חברון&lt;br&gt;StreetName: דרך חברון&lt;br&gt;status_tex: בביצוע&lt;br&gt;openyear_n: 0&lt;br&gt;BPHTtype: 1&lt;br&gt;usable: 0&lt;br&gt;infra: 0&lt;br&gt;roadtype: 1&lt;br&gt;BPHdir: 0.00000000000&lt;br&gt;BPHplace: 1&lt;br&gt;DIRtype: 2&lt;br&gt;DIRTraffic: 9&lt;br&gt;TOPOLOGY: 0&lt;br&gt;DIV_Veh: 9&lt;br&gt;DIV_Walk: 0&lt;br&gt;Signpost: 0&lt;br&gt;Parking: 9&lt;br&gt;LEVEL_: 0&lt;br&gt;PAINT: 0&lt;br&gt;TREES: 9&lt;br&gt;remarks: &lt;br&gt;globalID: 0&lt;br&gt;id: 52&lt;br&gt;GlobalID_2: {a50a3c6f-f191-4b84-ba93-e2243a5693b4}&lt;br&gt;CreationDa: 2025/08/25&lt;br&gt;Creator: JTMTJTMT&lt;br&gt;EditDate: 2025/08/25&lt;br&gt;Editor: JTMTJTMT&lt;br&gt;Shape__Len: 9.17263661661&lt;br&gt;Link: &lt;br&gt;Framework: רכבת קלה - הקו הכחול&lt;br&gt;Engineer: &lt;br&gt;Director: &lt;br&gt;Architect: &lt;br&gt;respons: </description>
	<Style><LineStyle><color>ff0000ff</color></LineStyle><PolyStyle><fill>0</fill></PolyStyle></Style>
	<ExtendedData><SchemaData schemaUrl="#bike_lanes_construction">
		<SimpleData name="WKT">LINESTRING (35.212642 31.740145, 35.212689 31.740217)</SimpleData>
		<SimpleData name="PartName">דרך חברון</SimpleData>
		<SimpleData name="StreetName">דרך חברון</SimpleData>
		<SimpleData name="status_tex">בביצוע</SimpleData>
		<SimpleData name="openyear_n">0</SimpleData>
		<SimpleData name="BPHTtype">1</SimpleData>
		<SimpleData name="usable">0</SimpleData>
		<SimpleData name="infra">0</SimpleData>
		<SimpleData name="roadtype">1</SimpleData>
		<SimpleData name="BPHdir">0</SimpleData>
		<SimpleData name="BPHplace">1</SimpleData>
		<SimpleData name="DIRtype">2</SimpleData>
		<SimpleData name="DIRTraffic">9</SimpleData>
		<SimpleData name="TOPOLOGY">0</SimpleData>
		<SimpleData name="DIV_Veh">9</SimpleData>
		<SimpleData name="DIV_Walk">0</SimpleData>
		<SimpleData name="Signpost">0</SimpleData>
		<SimpleData name="Parking">9</SimpleData>
		<SimpleData name="LEVEL_">0</SimpleData>
		<SimpleData name="PAINT">0</SimpleData>
		<SimpleData name="TREES">9</SimpleData>
		<SimpleData name="remarks"></SimpleData>
		<SimpleData name="globalID">0</SimpleData>
		<SimpleData name="id">52</SimpleData>
		<SimpleData name="GlobalID_2">{a50a3c6f-f191-4b84-ba93-e2243a5693b4}</SimpleData>
		<SimpleData name="CreationDa">2025/08/25</SimpleData>
		<SimpleData name="Creator">JTMTJTMT</SimpleData>
		<SimpleData name="EditDate">2025/08/25</SimpleData>
		<SimpleData name="Editor">JTMTJTMT</SimpleData>
		<SimpleData name="Shape__Len">9.17263661661</SimpleData>
		<SimpleData name="Link"></SimpleData>
		<SimpleData name="Framework">רכבת קלה - הקו הכחול</SimpleData>
		<SimpleData name="Engineer"></SimpleData>
		<SimpleData name="Director"></SimpleData>
		<SimpleData name="Architect"></SimpleData>
		<SimpleData name="respons"></SimpleData>
		<SimpleData name="V39"></SimpleData>
	</SchemaData></ExtendedData>
      <MultiGeometry><LineString><coordinates>35.212642,31.740145,0 35.212689,31.740217,0</coordinates></LineString></MultiGeometry>
  </Placemark>
  <Placemark>
	<name></name>
	<description>תיאור: &lt;br&gt;PartName: דרך חברון&lt;br&gt;StreetName: דרך חברון&lt;br&gt;status_tex: בביצוע&lt;br&gt;openyear_n: 0&lt;br&gt;BPHTtype: 1&lt;br&gt;usable: 0&lt;br&gt;infra: 0&lt;br&gt;roadtype: 1&lt;br&gt;BPHdir: 0.00000000000&lt;br&gt;BPHplace: 2&lt;br&gt;DIRtype: 2&lt;br&gt;DIRTraffic: 9&lt;br&gt;TOPOLOGY: 0&lt;br&gt;DIV_Veh: 1&lt;br&gt;DIV_Walk: 0&lt;br&gt;Signpost: 0&lt;br&gt;Parking: 0&lt;br&gt;LEVEL_: 0&lt;br&gt;PAINT: 0&lt;br&gt;TREES: 0&lt;br&gt;remarks: &lt;br&gt;globalID: 0&lt;br&gt;id: 52&lt;br&gt;GlobalID_2: {01f79259-4f40-4e53-97d1-0fc71fc16611}&lt;br&gt;CreationDa: 2025/08/25&lt;br&gt;Creator: JTMTJTMT&lt;br&gt;EditDate: 2025/08/25&lt;br&gt;Editor: JTMTJTMT&lt;br&gt;Shape__Len: 298.93925277300&lt;br&gt;Link: &lt;br&gt;Framework: רכבת קלה - הקו הכחול&lt;br&gt;Engineer: &lt;br&gt;Director: &lt;br&gt;Architect: &lt;br&gt;respons: </description>
	<Style><LineStyle><color>ff0000ff</color></LineStyle><PolyStyle><fill>0</fill></PolyStyle></Style>
	<ExtendedData><SchemaData schemaUrl="#bike_lanes_construction">
		<SimpleData name="WKT">LINESTRING (35.212689 31.740217, 35.212758 31.740324, 35.212815 31.740374, 35.21287 31.74044, 35.213023 31.740683, 35.213242 31.741023, 35.213403 31.741268, 35.213538 31.741492, 35.213703 31.74181, 35.213856 31.742097, 35.213995 31.742326, 35.214125 31.742518, 35.214143 31.74257, 35.214163 31.742593)</SimpleData>
		<SimpleData name="PartName">דרך חברון</SimpleData>
		<SimpleData name="StreetName">דרך חברון</SimpleData>
		<SimpleData name="status_tex">בביצוע</SimpleData>
		<SimpleData name="openyear_n">0</SimpleData>
		<SimpleData name="BPHTtype">1</SimpleData>
		<SimpleData name="usable">0</SimpleData>
		<SimpleData name="infra">0</SimpleData>
		<SimpleData name="roadtype">1</SimpleData>
		<SimpleData name="BPHdir">0</SimpleData>
		<SimpleData name="BPHplace">2</SimpleData>
		<SimpleData name="DIRtype">2</SimpleData>
		<SimpleData name="DIRTraffic">9</SimpleData>
		<SimpleData name="TOPOLOGY">0</SimpleData>
		<SimpleData name="DIV_Veh">1</SimpleData>
		<SimpleData name="DIV_Walk">0</SimpleData>
		<SimpleData name="Signpost">0</SimpleData>
		<SimpleData name="Parking">0</SimpleData>
		<SimpleData name="LEVEL_">0</SimpleData>
		<SimpleData name="PAINT">0</SimpleData>
		<SimpleData name="TREES">0</SimpleData>
		<SimpleData name="remarks"></SimpleData>
		<SimpleData name="globalID">0</SimpleData>
		<SimpleData name="id">52</SimpleData>
		<SimpleData name="GlobalID_2">{01f79259-4f40-4e53-97d1-0fc71fc16611}</SimpleData>
		<SimpleData name="CreationDa">2025/08/25</SimpleData>
		<SimpleData name="Creator">JTMTJTMT</SimpleData>
		<SimpleData name="EditDate">2025/08/25</SimpleData>
		<SimpleData name="Editor">JTMTJTMT</SimpleData>
		<SimpleData name="Shape__Len">298.93925277300</SimpleData>
		<SimpleData name="Link"></SimpleData>
		<SimpleData name="Framework">רכבת קלה - הקו הכחול</SimpleData>
		<SimpleData name="Engineer"></SimpleData>
		<SimpleData name="Director"></SimpleData>
		<SimpleData name="Architect"></SimpleData>
		<SimpleData name="respons"></SimpleData>
		<SimpleData name="V39"></SimpleData>
	</SchemaData></ExtendedData>
      <MultiGeometry><LineString><coordinates>35.212689,31.740217,0 35.212758,31.740324,0 35.212815,31.740374,0 35.21287,31.74044,0 35.213023,31.740683,0 35.213242,31.741023,0 35.213403,31.741268,0 35.213538,31.741492,0 35.213703,31.74181,0 35.213856,31.742097,0 35.213995,31.742326,0 35.214125,31.742518,0 35.214143,31.74257,0 35.214163,31.742593,0</coordinates></LineString></MultiGeometry>
  </Placemark>
  <Placemark>
	<name></name>
	<description>תיאור: &lt;br&gt;PartName: דרך חברון&lt;br&gt;StreetName: דרך חברון&lt;br&gt;status_tex: בביצוע&lt;br&gt;openyear_n: 0&lt;br&gt;BPHTtype: 1&lt;br&gt;usable: 0&lt;br&gt;infra: 0&lt;br&gt;roadtype: 1&lt;br&gt;BPHdir: 0.00000000000&lt;br&gt;BPHplace: 1&lt;br&gt;DIRtype: 2&lt;br&gt;DIRTraffic: 9&lt;br&gt;TOPOLOGY: 0&lt;br&gt;DIV_Veh: 9&lt;br&gt;DIV_Walk: 0&lt;br&gt;Signpost: 0&lt;br&gt;Parking: 9&lt;br&gt;LEVEL_: 0&lt;br&gt;PAINT: 0&lt;br&gt;TREES: 9&lt;br&gt;remarks: &lt;br&gt;globalID: 0&lt;br&gt;id: 52&lt;br&gt;GlobalID_2: {2cf0db96-daae-4b91-94b4-5761d64c218c}&lt;br&gt;CreationDa: 2025/08/25&lt;br&gt;Creator: JTMTJTMT&lt;br&gt;EditDate: 2025/08/25&lt;br&gt;Editor: JTMTJTMT&lt;br&gt;Shape__Len: 8.17675567276&lt;br&gt;Link: https://jtmt.sharepoint.com/:f:/r/sites/EngineeringDepartment/PlanningDivision/DocLib3/%D7%A6%D7%AA%D7%90%D7%9C/%D7%AA%D7%9B%D7%A0%D7%95%D7%9F/%D7%93%D7%A8%D7%9A%20%D7%97%D7%91%D7%A8%D7%95%D7%9F/%D7%90%D7%A9%D7%A8%20%D7%95%D7%99%D7%A0%D7%A8%20%D7%A2%D7%9&lt;br&gt;Framework: רכבת קלה - הקו הכחול&lt;br&gt;Engineer: &lt;br&gt;Director: &lt;br&gt;Architect: &lt;br&gt;respons: </description>
	<Style><LineStyle><color>ff0000ff</color></LineStyle><PolyStyle><fill>0</fill></PolyStyle></Style>
	<ExtendedData><SchemaData schemaUrl="#bike_lanes_construction">
		<SimpleData name="WKT">LINESTRING (35.214171 31.742595, 35.214219 31.742656)</SimpleData>
		<SimpleData name="PartName">דרך חברון</SimpleData>
		<SimpleData name="StreetName">דרך חברון</SimpleData>
		<SimpleData name="status_tex">בביצוע</SimpleData>
		<SimpleData name="openyear_n">0</SimpleData>
		<SimpleData name="BPHTtype">1</SimpleData>
		<SimpleData name="usable">0</SimpleData>
		<SimpleData name="infra">0</SimpleData>
		<SimpleData name="roadtype">1</SimpleData>
		<SimpleData name="BPHdir">0</SimpleData>
		<SimpleData name="BPHplace">1</SimpleData>
		<SimpleData name="DIRtype">2</SimpleData>
		<SimpleData name="DIRTraffic">9</SimpleData>
		<SimpleData name="TOPOLOGY">0</SimpleData>
		<SimpleData name="DIV_Veh">9</SimpleData>
		<SimpleData name="DIV_Walk">0</SimpleData>
		<SimpleData name="Signpost">0</SimpleData>
		<SimpleData name="Parking">9</SimpleData>
		<SimpleData name="LEVEL_">0</SimpleData>
		<SimpleData name="PAINT">0</SimpleData>
		<SimpleData name="TREES">9</SimpleData>
		<SimpleData name="remarks"></SimpleData>
		<SimpleData name="globalID">0</SimpleData>
		<SimpleData name="id">52</SimpleData>
		<SimpleData name="GlobalID_2">{2cf0db96-daae-4b91-94b4-5761d64c218c}</SimpleData>
		<SimpleData name="CreationDa">2025/08/25</SimpleData>
		<SimpleData name="Creator">JTMTJTMT</SimpleData>
		<SimpleData name="EditDate">2025/08/25</SimpleData>
		<SimpleData name="Editor">JTMTJTMT</SimpleData>
		<SimpleData name="Shape__Len">8.17675567276</SimpleData>
		<SimpleData name="Link">https://jtmt.sharepoint.com/:f:/r/sites/EngineeringDepartment/PlanningDivision/DocLib3/%D7%A6%D7%AA%D7%90%D7%9C/%D7%AA%D7%9B%D7%A0%D7%95%D7%9F/%D7%93%D7%A8%D7%9A%20%D7%97%D7%91%D7%A8%D7%95%D7%9F/%D7%90%D7%A9%D7%A8%20%D7%95%D7%99%D7%A0%D7%A8%20%D7%A2%D7%9</SimpleData>
		<SimpleData name="Framework">רכבת קלה - הקו הכחול</SimpleData>
		<SimpleData name="Engineer"></SimpleData>
		<SimpleData name="Director"></SimpleData>
		<SimpleData name="Architect"></SimpleData>
		<SimpleData name="respons"></SimpleData>
		<SimpleData name="V39"></SimpleData>
	</SchemaData></ExtendedData>
      <MultiGeometry><LineString><coordinates>35.214171,31.742595,0 35.214219,31.742656,0</coordinates></LineString></MultiGeometry>
  </Placemark>
  <Placemark>
	<name></name>
	<description>תיאור: &lt;br&gt;PartName: דרך חברון&lt;br&gt;StreetName: דרך חברון&lt;br&gt;status_tex: בביצוע&lt;br&gt;openyear_n: 0&lt;br&gt;BPHTtype: 1&lt;br&gt;usable: 0&lt;br&gt;infra: 0&lt;br&gt;roadtype: 1&lt;br&gt;BPHdir: 0.00000000000&lt;br&gt;BPHplace: 1&lt;br&gt;DIRtype: 2&lt;br&gt;DIRTraffic: 9&lt;br&gt;TOPOLOGY: 0&lt;br&gt;DIV_Veh: 9&lt;br&gt;DIV_Walk: 0&lt;br&gt;Signpost: 0&lt;br&gt;Parking: 9&lt;br&gt;LEVEL_: 0&lt;br&gt;PAINT: 0&lt;br&gt;TREES: 9&lt;br&gt;remarks: &lt;br&gt;globalID: 0&lt;br&gt;id: 52&lt;br&gt;GlobalID_2: {690bd968-3d9e-4cd9-aa29-236fcbf028ad}&lt;br&gt;CreationDa: 2025/08/25&lt;br&gt;Creator: JTMTJTMT&lt;br&gt;EditDate: 2025/08/25&lt;br&gt;Editor: JTMTJTMT&lt;br&gt;Shape__Len: 10.31793757450&lt;br&gt;Link: https://jtmt.sharepoint.com/:f:/r/sites/EngineeringDepartment/PlanningDivision/DocLib3/%D7%A6%D7%AA%D7%90%D7%9C/%D7%AA%D7%9B%D7%A0%D7%95%D7%9F/%D7%93%D7%A8%D7%9A%20%D7%97%D7%91%D7%A8%D7%95%D7%9F/%D7%90%D7%A9%D7%A8%20%D7%95%D7%99%D7%A0%D7%A8%20%D7%A2%D7%9&lt;br&gt;Framework: רכבת קלה - הקו הכחול&lt;br&gt;Engineer: &lt;br&gt;Director: &lt;br&gt;Architect: &lt;br&gt;respons: </description>
	<Style><LineStyle><color>ff0000ff</color></LineStyle><PolyStyle><fill>0</fill></PolyStyle></Style>
	<ExtendedData><SchemaData schemaUrl="#bike_lanes_construction">
		<SimpleData name="WKT">LINESTRING (35.214252 31.742708, 35.21431 31.742787)</SimpleData>
		<SimpleData name="PartName">דרך חברון</SimpleData>
		<SimpleData name="StreetName">דרך חברון</SimpleData>
		<SimpleData name="status_tex">בביצוע</SimpleData>
		<SimpleData name="openyear_n">0</SimpleData>
		<SimpleData name="BPHTtype">1</SimpleData>
		<SimpleData name="usable">0</SimpleData>
		<SimpleData name="infra">0</SimpleData>
		<SimpleData name="roadtype">1</SimpleData>
		<SimpleData name="BPHdir">0</SimpleData>
		<SimpleData name="BPHplace">1</SimpleData>
		<SimpleData name="DIRtype">2</SimpleData>
		<SimpleData name="DIRTraffic">9</SimpleData>
		<SimpleData name="TOPOLOGY">0</SimpleData>
		<SimpleData name="DIV_Veh">9</SimpleData>
		<SimpleData name="DIV_Walk">0</SimpleData>
		<SimpleData name="Signpost">0</SimpleData>
		<SimpleData name="Parking">9</SimpleData>
		<SimpleData name="LEVEL_">0</SimpleData>
		<SimpleData name="PAINT">0</SimpleData>
		<SimpleData name="TREES">9</SimpleData>
		<SimpleData name="remarks"></SimpleData>
		<SimpleData name="globalID">0</SimpleData>
		<SimpleData name="id">52</SimpleData>
		<SimpleData name="GlobalID_2">{690bd968-3d9e-4cd9-aa29-236fcbf028ad}</SimpleData>
		<SimpleData name="CreationDa">2025/08/25</SimpleData>
		<SimpleData name="Creator">JTMTJTMT</SimpleData>
		<SimpleData name="EditDate">2025/08/25</SimpleData>
		<SimpleData name="Editor">JTMTJTMT</SimpleData>
		<SimpleData name="Shape__Len">10.31793757450</SimpleData>
		<SimpleData name="Link">https://jtmt.sharepoint.com/:f:/r/sites/EngineeringDepartment/PlanningDivision/DocLib3/%D7%A6%D7%AA%D7%90%D7%9C/%D7%AA%D7%9B%D7%A0%D7%95%D7%9F/%D7%93%D7%A8%D7%9A%20%D7%97%D7%91%D7%A8%D7%95%D7%9F/%D7%90%D7%A9%D7%A8%20%D7%95%D7%99%D7%A0%D7%A8%20%D7%A2%D7%9</SimpleData>
		<SimpleData name="Framework">רכבת קלה - הקו הכחול</SimpleData>
		<SimpleData name="Engineer"></SimpleData>
		<SimpleData name="Director"></SimpleData>
		<SimpleData name="Architect"></SimpleData>
		<SimpleData name="respons"></SimpleData>
		<SimpleData name="V39"></SimpleData>
	</SchemaData></ExtendedData>
      <MultiGeometry><LineString><coordinates>35.214252,31.742708,0 35.21431,31.742787,0</coordinates></LineString></MultiGeometry>
  </Placemark>
  <Placemark>
	<name></name>
	<description>תיאור: &lt;br&gt;PartName: דרך חברון&lt;br&gt;StreetName: דרך חברון&lt;br&gt;status_tex: בביצוע&lt;br&gt;openyear_n: 0&lt;br&gt;BPHTtype: 1&lt;br&gt;usable: 0&lt;br&gt;infra: 0&lt;br&gt;roadtype: 1&lt;br&gt;BPHdir: 0.00000000000&lt;br&gt;BPHplace: 2&lt;br&gt;DIRtype: 2&lt;br&gt;DIRTraffic: 9&lt;br&gt;TOPOLOGY: 0&lt;br&gt;DIV_Veh: 1&lt;br&gt;DIV_Walk: 0&lt;br&gt;Signpost: 0&lt;br&gt;Parking: 0&lt;br&gt;LEVEL_: 0&lt;br&gt;PAINT: 0&lt;br&gt;TREES: 0&lt;br&gt;remarks: &lt;br&gt;globalID: 0&lt;br&gt;id: 52&lt;br&gt;GlobalID_2: {04c41845-656d-4785-b74d-9afbf370eb32}&lt;br&gt;CreationDa: 2025/08/25&lt;br&gt;Creator: JTMTJTMT&lt;br&gt;EditDate: 2025/08/25&lt;br&gt;Editor: JTMTJTMT&lt;br&gt;Shape__Len: 210.22251330000&lt;br&gt;Link: https://jtmt.sharepoint.com/:f:/r/sites/EngineeringDepartment/PlanningDivision/DocLib3/%D7%A6%D7%AA%D7%90%D7%9C/%D7%AA%D7%9B%D7%A0%D7%95%D7%9F/%D7%93%D7%A8%D7%9A%20%D7%97%D7%91%D7%A8%D7%95%D7%9F/%D7%90%D7%A9%D7%A8%20%D7%95%D7%99%D7%A0%D7%A8%20%D7%A2%D7%9&lt;br&gt;Framework: רכבת קלה - הקו הכחול&lt;br&gt;Engineer: &lt;br&gt;Director: &lt;br&gt;Architect: &lt;br&gt;respons: </description>
	<Style><LineStyle><color>ff0000ff</color></LineStyle><PolyStyle><fill>0</fill></PolyStyle></Style>
	<ExtendedData><SchemaData schemaUrl="#bike_lanes_construction">
		<SimpleData name="WKT">GEOMETRYCOLLECTION (LINESTRING (35.214385 31.742866, 35.214733 31.743299), LINESTRING (35.214734 31.743301, 35.214907 31.74353, 35.215003 31.743658, 35.215135 31.743827, 35.215273 31.743989, 35.215301 31.744041, 35.215311 31.744112, 35.215372 31.744186, 35.215451 31.744274, 35.215569 31.744362, 35.215628 31.744422))</SimpleData>
		<SimpleData name="PartName">דרך חברון</SimpleData>
		<SimpleData name="StreetName">דרך חברון</SimpleData>
		<SimpleData name="status_tex">בביצוע</SimpleData>
		<SimpleData name="openyear_n">0</SimpleData>
		<SimpleData name="BPHTtype">1</SimpleData>
		<SimpleData name="usable">0</SimpleData>
		<SimpleData name="infra">0</SimpleData>
		<SimpleData name="roadtype">1</SimpleData>
		<SimpleData name="BPHdir">0</SimpleData>
		<SimpleData name="BPHplace">2</SimpleData>
		<SimpleData name="DIRtype">2</SimpleData>
		<SimpleData name="DIRTraffic">9</SimpleData>
		<SimpleData name="TOPOLOGY">0</SimpleData>
		<SimpleData name="DIV_Veh">1</SimpleData>
		<SimpleData name="DIV_Walk">0</SimpleData>
		<SimpleData name="Signpost">0</SimpleData>
		<SimpleData name="Parking">0</SimpleData>
		<SimpleData name="LEVEL_">0</SimpleData>
		<SimpleData name="PAINT">0</SimpleData>
		<SimpleData name="TREES">0</SimpleData>
		<SimpleData name="remarks"></SimpleData>
		<SimpleData name="globalID">0</SimpleData>
		<SimpleData name="id">52</SimpleData>
		<SimpleData name="GlobalID_2">{04c41845-656d-4785-b74d-9afbf370eb32}</SimpleData>
		<SimpleData name="CreationDa">2025/08/25</SimpleData>
		<SimpleData name="Creator">JTMTJTMT</SimpleData>
		<SimpleData name="EditDate">2025/08/25</SimpleData>
		<SimpleData name="Editor">JTMTJTMT</SimpleData>
		<SimpleData name="Shape__Len">210.22251330000</SimpleData>
		<SimpleData name="Link">https://jtmt.sharepoint.com/:f:/r/sites/EngineeringDepartment/PlanningDivision/DocLib3/%D7%A6%D7%AA%D7%90%D7%9C/%D7%AA%D7%9B%D7%A0%D7%95%D7%9F/%D7%93%D7%A8%D7%9A%20%D7%97%D7%91%D7%A8%D7%95%D7%9F/%D7%90%D7%A9%D7%A8%20%D7%95%D7%99%D7%A0%D7%A8%20%D7%A2%D7%9</SimpleData>
		<SimpleData name="Framework">רכבת קלה - הקו הכחול</SimpleData>
		<SimpleData name="Engineer"></SimpleData>
		<SimpleData name="Director"></SimpleData>
		<SimpleData name="Architect"></SimpleData>
		<SimpleData name="respons"></SimpleData>
		<SimpleData name="V39"></SimpleData>
	</SchemaData></ExtendedData>
      <MultiGeometry><LineString><coordinates>35.214385,31.742866 35.214733,31.743299</coordinates></LineString><LineString><coordinates>35.214734,31.743301 35.214907,31.74353 35.215003,31.743658 35.215135,31.743827 35.215273,31.743989 35.215301,31.744041 35.215311,31.744112 35.215372,31.744186 35.215451,31.744274 35.215569,31.744362 35.215628,31.744422</coordinates></LineString></MultiGeometry>
  </Placemark>
  <Placemark>
	<name></name>
	<description>תיאור: &lt;br&gt;PartName: דרך חברון - אשר וינר&lt;br&gt;StreetName: דרך חברון&lt;br&gt;status_tex: בביצוע&lt;br&gt;openyear_n: 0&lt;br&gt;BPHTtype: 1&lt;br&gt;usable: 0&lt;br&gt;infra: 0&lt;br&gt;roadtype: 1&lt;br&gt;BPHdir: 0.00000000000&lt;br&gt;BPHplace: 1&lt;br&gt;DIRtype: 0&lt;br&gt;DIRTraffic: 9&lt;br&gt;TOPOLOGY: 0&lt;br&gt;DIV_Veh: 9&lt;br&gt;DIV_Walk: 0&lt;br&gt;Signpost: 0&lt;br&gt;Parking: 9&lt;br&gt;LEVEL_: 0&lt;br&gt;PAINT: 0&lt;br&gt;TREES: 9&lt;br&gt;remarks: &lt;br&gt;globalID: 0&lt;br&gt;id: 52&lt;br&gt;GlobalID_2: {2354ecc4-cbc9-492c-85ea-b2951153b681}&lt;br&gt;CreationDa: 2025/08/25&lt;br&gt;Creator: JTMTJTMT&lt;br&gt;EditDate: 2025/08/25&lt;br&gt;Editor: JTMTJTMT&lt;br&gt;Shape__Len: 11.33958308490&lt;br&gt;Link: &lt;br&gt;Framework: רכבת קלה - הקו הכחול&lt;br&gt;Engineer: &lt;br&gt;Director: &lt;br&gt;Architect: &lt;br&gt;respons: </description>
	<Style><LineStyle><color>ff0000ff</color></LineStyle><PolyStyle><fill>0</fill></PolyStyle></Style>
	<ExtendedData><SchemaData schemaUrl="#bike_lanes_construction">
		<SimpleData name="WKT">LINESTRING (35.21564 31.744435, 35.215723 31.744509)</SimpleData>
		<SimpleData name="PartName">דרך חברון - אשר וינר</SimpleData>
		<SimpleData name="StreetName">דרך חברון</SimpleData>
		<SimpleData name="status_tex">בביצוע</SimpleData>
		<SimpleData name="openyear_n">0</SimpleData>
		<SimpleData name="BPHTtype">1</SimpleData>
		<SimpleData name="usable">0</SimpleData>
		<SimpleData name="infra">0</SimpleData>
		<SimpleData name="roadtype">1</SimpleData>
		<SimpleData name="BPHdir">0</SimpleData>
		<SimpleData name="BPHplace">1</SimpleData>
		<SimpleData name="DIRtype">0</SimpleData>
		<SimpleData name="DIRTraffic">9</SimpleData>
		<SimpleData name="TOPOLOGY">0</SimpleData>
		<SimpleData name="DIV_Veh">9</SimpleData>
		<SimpleData name="DIV_Walk">0</SimpleData>
		<SimpleData name="Signpost">0</SimpleData>
		<SimpleData name="Parking">9</SimpleData>
		<SimpleData name="LEVEL_">0</SimpleData>
		<SimpleData name="PAINT">0</SimpleData>
		<SimpleData name="TREES">9</SimpleData>
		<SimpleData name="remarks"></SimpleData>
		<SimpleData name="globalID">0</SimpleData>
		<SimpleData name="id">52</SimpleData>
		<SimpleData name="GlobalID_2">{2354ecc4-cbc9-492c-85ea-b2951153b681}</SimpleData>
		<SimpleData name="CreationDa">2025/08/25</SimpleData>
		<SimpleData name="Creator">JTMTJTMT</SimpleData>
		<SimpleData name="EditDate">2025/08/25</SimpleData>
		<SimpleData name="Editor">JTMTJTMT</SimpleData>
		<SimpleData name="Shape__Len">11.33958308490</SimpleData>
		<SimpleData name="Link"></SimpleData>
		<SimpleData name="Framework">רכבת קלה - הקו הכחול</SimpleData>
		<SimpleData name="Engineer"></SimpleData>
		<SimpleData name="Director"></SimpleData>
		<SimpleData name="Architect"></SimpleData>
		<SimpleData name="respons"></SimpleData>
		<SimpleData name="V39"></SimpleData>
	</SchemaData></ExtendedData>
      <MultiGeometry><LineString><coordinates>35.21564,31.744435,0 35.215723,31.744509,0</coordinates></LineString></MultiGeometry>
  </Placemark>
  <Placemark>
	<name></name>
	<description>תיאור: &lt;br&gt;PartName: דרך חברון - אשר וינר&lt;br&gt;StreetName: דרך חברון&lt;br&gt;status_tex: בביצוע&lt;br&gt;openyear_n: 0&lt;br&gt;BPHTtype: 1&lt;br&gt;usable: 0&lt;br&gt;infra: 0&lt;br&gt;roadtype: 1&lt;br&gt;BPHdir: 0.00000000000&lt;br&gt;BPHplace: 1&lt;br&gt;DIRtype: 0&lt;br&gt;DIRTraffic: 9&lt;br&gt;TOPOLOGY: 0&lt;br&gt;DIV_Veh: 9&lt;br&gt;DIV_Walk: 0&lt;br&gt;Signpost: 0&lt;br&gt;Parking: 9&lt;br&gt;LEVEL_: 0&lt;br&gt;PAINT: 0&lt;br&gt;TREES: 9&lt;br&gt;remarks: &lt;br&gt;globalID: 0&lt;br&gt;id: 52&lt;br&gt;GlobalID_2: {6242bd61-08e7-490b-ba2c-4805c86369e4}&lt;br&gt;CreationDa: 2025/08/25&lt;br&gt;Creator: JTMTJTMT&lt;br&gt;EditDate: 2025/08/25&lt;br&gt;Editor: JTMTJTMT&lt;br&gt;Shape__Len: 12.30017435010&lt;br&gt;Link: &lt;br&gt;Framework: רכבת קלה - הקו הכחול&lt;br&gt;Engineer: &lt;br&gt;Director: &lt;br&gt;Architect: &lt;br&gt;respons: </description>
	<Style><LineStyle><color>ff0000ff</color></LineStyle><PolyStyle><fill>0</fill></PolyStyle></Style>
	<ExtendedData><SchemaData schemaUrl="#bike_lanes_construction">
		<SimpleData name="WKT">LINESTRING (35.21577 31.74457, 35.215832 31.744667)</SimpleData>
		<SimpleData name="PartName">דרך חברון - אשר וינר</SimpleData>
		<SimpleData name="StreetName">דרך חברון</SimpleData>
		<SimpleData name="status_tex">בביצוע</SimpleData>
		<SimpleData name="openyear_n">0</SimpleData>
		<SimpleData name="BPHTtype">1</SimpleData>
		<SimpleData name="usable">0</SimpleData>
		<SimpleData name="infra">0</SimpleData>
		<SimpleData name="roadtype">1</SimpleData>
		<SimpleData name="BPHdir">0</SimpleData>
		<SimpleData name="BPHplace">1</SimpleData>
		<SimpleData name="DIRtype">0</SimpleData>
		<SimpleData name="DIRTraffic">9</SimpleData>
		<SimpleData name="TOPOLOGY">0</SimpleData>
		<SimpleData name="DIV_Veh">9</SimpleData>
		<SimpleData name="DIV_Walk">0</SimpleData>
		<SimpleData name="Signpost">0</SimpleData>
		<SimpleData name="Parking">9</SimpleData>
		<SimpleData name="LEVEL_">0</SimpleData>
		<SimpleData name="PAINT">0</SimpleData>
		<SimpleData name="TREES">9</SimpleData>
		<SimpleData name="remarks"></SimpleData>
		<SimpleData name="globalID">0</SimpleData>
		<SimpleData name="id">52</SimpleData>
		<SimpleData name="GlobalID_2">{6242bd61-08e7-490b-ba2c-4805c86369e4}</SimpleData>
		<SimpleData name="CreationDa">2025/08/25</SimpleData>
		<SimpleData name="Creator">JTMTJTMT</SimpleData>
		<SimpleData name="EditDate">2025/08/25</SimpleData>
		<SimpleData name="Editor">JTMTJTMT</SimpleData>
		<SimpleData name="Shape__Len">12.30017435010</SimpleData>
		<SimpleData name="Link"></SimpleData>
		<SimpleData name="Framework">רכבת קלה - הקו הכחול</SimpleData>
		<SimpleData name="Engineer"></SimpleData>
		<SimpleData name="Director"></SimpleData>
		<SimpleData name="Architect"></SimpleData>
		<SimpleData name="respons"></SimpleData>
		<SimpleData name="V39"></SimpleData>
	</SchemaData></ExtendedData>
      <MultiGeometry><LineString><coordinates>35.21577,31.74457,0 35.215832,31.744667,0</coordinates></LineString></MultiGeometry>
  </Placemark>
  <Placemark>
	<name></name>
	<description>תיאור: &lt;br&gt;PartName: דרך חברון - אשר וינר&lt;br&gt;StreetName: דרך חברון&lt;br&gt;status_tex: בביצוע&lt;br&gt;openyear_n: 0&lt;br&gt;BPHTtype: 1&lt;br&gt;usable: 0&lt;br&gt;infra: 0&lt;br&gt;roadtype: 1&lt;br&gt;BPHdir: 0.00000000000&lt;br&gt;BPHplace: 1&lt;br&gt;DIRtype: 0&lt;br&gt;DIRTraffic: 9&lt;br&gt;TOPOLOGY: 0&lt;br&gt;DIV_Veh: 9&lt;br&gt;DIV_Walk: 0&lt;br&gt;Signpost: 0&lt;br&gt;Parking: 9&lt;br&gt;LEVEL_: 0&lt;br&gt;PAINT: 0&lt;br&gt;TREES: 9&lt;br&gt;remarks: &lt;br&gt;globalID: 0&lt;br&gt;id: 52&lt;br&gt;GlobalID_2: {5c6989cf-5f29-45d6-977b-de4971169f2a}&lt;br&gt;CreationDa: 2025/08/25&lt;br&gt;Creator: JTMTJTMT&lt;br&gt;EditDate: 2025/08/25&lt;br&gt;Editor: JTMTJTMT&lt;br&gt;Shape__Len: 9.46203864205&lt;br&gt;Link: &lt;br&gt;Framework: רכבת קלה - הקו הכחול&lt;br&gt;Engineer: &lt;br&gt;Director: &lt;br&gt;Architect: &lt;br&gt;respons: </description>
	<Style><LineStyle><color>ff0000ff</color></LineStyle><PolyStyle><fill>0</fill></PolyStyle></Style>
	<ExtendedData><SchemaData schemaUrl="#bike_lanes_construction">
		<SimpleData name="WKT">LINESTRING (35.215858 31.744693, 35.215905 31.744768)</SimpleData>
		<SimpleData name="PartName">דרך חברון - אשר וינר</SimpleData>
		<SimpleData name="StreetName">דרך חברון</SimpleData>
		<SimpleData name="status_tex">בביצוע</SimpleData>
		<SimpleData name="openyear_n">0</SimpleData>
		<SimpleData name="BPHTtype">1</SimpleData>
		<SimpleData name="usable">0</SimpleData>
		<SimpleData name="infra">0</SimpleData>
		<SimpleData name="roadtype">1</SimpleData>
		<SimpleData name="BPHdir">0</SimpleData>
		<SimpleData name="BPHplace">1</SimpleData>
		<SimpleData name="DIRtype">0</SimpleData>
		<SimpleData name="DIRTraffic">9</SimpleData>
		<SimpleData name="TOPOLOGY">0</SimpleData>
		<SimpleData name="DIV_Veh">9</SimpleData>
		<SimpleData name="DIV_Walk">0</SimpleData>
		<SimpleData name="Signpost">0</SimpleData>
		<SimpleData name="Parking">9</SimpleData>
		<SimpleData name="LEVEL_">0</SimpleData>
		<SimpleData name="PAINT">0</SimpleData>
		<SimpleData name="TREES">9</SimpleData>
		<SimpleData name="remarks"></SimpleData>
		<SimpleData name="globalID">0</SimpleData>
		<SimpleData name="id">52</SimpleData>
		<SimpleData name="GlobalID_2">{5c6989cf-5f29-45d6-977b-de4971169f2a}</SimpleData>
		<SimpleData name="CreationDa">2025/08/25</SimpleData>
		<SimpleData name="Creator">JTMTJTMT</SimpleData>
		<SimpleData name="EditDate">2025/08/25</SimpleData>
		<SimpleData name="Editor">JTMTJTMT</SimpleData>
		<SimpleData name="Shape__Len">9.46203864205</SimpleData>
		<SimpleData name="Link"></SimpleData>
		<SimpleData name="Framework">רכבת קלה - הקו הכחול</SimpleData>
		<SimpleData name="Engineer"></SimpleData>
		<SimpleData name="Director"></SimpleData>
		<SimpleData name="Architect"></SimpleData>
		<SimpleData name="respons"></SimpleData>
		<SimpleData name="V39"></SimpleData>
	</SchemaData></ExtendedData>
      <MultiGeometry><LineString><coordinates>35.215858,31.744693,0 35.215905,31.744768,0</coordinates></LineString></MultiGeometry>
  </Placemark>
  <Placemark>
	<name></name>
	<description>תיאור: &lt;br&gt;PartName: דרך חברון מקטע 24&lt;br&gt;StreetName: דרך חברון&lt;br&gt;status_tex: בביצוע&lt;br&gt;openyear_n: 0&lt;br&gt;BPHTtype: 1&lt;br&gt;usable: 0&lt;br&gt;infra: 0&lt;br&gt;roadtype: 1&lt;br&gt;BPHdir: 0.00000000000&lt;br&gt;BPHplace: 2&lt;br&gt;DIRtype: 2&lt;br&gt;DIRTraffic: 9&lt;br&gt;TOPOLOGY: 0&lt;br&gt;DIV_Veh: 1&lt;br&gt;DIV_Walk: 0&lt;br&gt;Signpost: 0&lt;br&gt;Parking: 0&lt;br&gt;LEVEL_: 0&lt;br&gt;PAINT: 0&lt;br&gt;TREES: 0&lt;br&gt;remarks: &lt;br&gt;globalID: 0&lt;br&gt;id: 52&lt;br&gt;GlobalID_2: {04409844-fc9f-45ff-a6e8-6b3f7cc2a63d}&lt;br&gt;CreationDa: 2025/08/25&lt;br&gt;Creator: JTMTJTMT&lt;br&gt;EditDate: 2025/08/25&lt;br&gt;Editor: JTMTJTMT&lt;br&gt;Shape__Len: 614.51287636200&lt;br&gt;Link: &lt;br&gt;Framework: רכבת קלה - הקו הכחול&lt;br&gt;Engineer: &lt;br&gt;Director: &lt;br&gt;Architect: &lt;br&gt;respons: </description>
	<Style><LineStyle><color>ff0000ff</color></LineStyle><PolyStyle><fill>0</fill></PolyStyle></Style>
	<ExtendedData><SchemaData schemaUrl="#bike_lanes_construction">
		<SimpleData name="WKT">LINESTRING (35.22241 31.756364, 35.222437 31.756429, 35.222586 31.756784, 35.222784 31.757281, 35.222975 31.757708, 35.223079 31.757984, 35.223274 31.758422, 35.223435 31.758768, 35.223601 31.759131, 35.223742 31.759407, 35.224053 31.759907, 35.22438 31.760436, 35.2246 31.760863, 35.224706 31.761055, 35.22486 31.761332, 35.224918 31.761406, 35.224978 31.761421)</SimpleData>
		<SimpleData name="PartName">דרך חברון מקטע 24</SimpleData>
		<SimpleData name="StreetName">דרך חברון</SimpleData>
		<SimpleData name="status_tex">בביצוע</SimpleData>
		<SimpleData name="openyear_n">0</SimpleData>
		<SimpleData name="BPHTtype">1</SimpleData>
		<SimpleData name="usable">0</SimpleData>
		<SimpleData name="infra">0</SimpleData>
		<SimpleData name="roadtype">1</SimpleData>
		<SimpleData name="BPHdir">0</SimpleData>
		<SimpleData name="BPHplace">2</SimpleData>
		<SimpleData name="DIRtype">2</SimpleData>
		<SimpleData name="DIRTraffic">9</SimpleData>
		<SimpleData name="TOPOLOGY">0</SimpleData>
		<SimpleData name="DIV_Veh">1</SimpleData>
		<SimpleData name="DIV_Walk">0</SimpleData>
		<SimpleData name="Signpost">0</SimpleData>
		<SimpleData name="Parking">0</SimpleData>
		<SimpleData name="LEVEL_">0</SimpleData>
		<SimpleData name="PAINT">0</SimpleData>
		<SimpleData name="TREES">0</SimpleData>
		<SimpleData name="remarks"></SimpleData>
		<SimpleData name="globalID">0</SimpleData>
		<SimpleData name="id">52</SimpleData>
		<SimpleData name="GlobalID_2">{04409844-fc9f-45ff-a6e8-6b3f7cc2a63d}</SimpleData>
		<SimpleData name="CreationDa">2025/08/25</SimpleData>
		<SimpleData name="Creator">JTMTJTMT</SimpleData>
		<SimpleData name="EditDate">2025/08/25</SimpleData>
		<SimpleData name="Editor">JTMTJTMT</SimpleData>
		<SimpleData name="Shape__Len">614.51287636200</SimpleData>
		<SimpleData name="Link"></SimpleData>
		<SimpleData name="Framework">רכבת קלה - הקו הכחול</SimpleData>
		<SimpleData name="Engineer"></SimpleData>
		<SimpleData name="Director"></SimpleData>
		<SimpleData name="Architect"></SimpleData>
		<SimpleData name="respons"></SimpleData>
		<SimpleData name="V39"></SimpleData>
	</SchemaData></ExtendedData>
      <MultiGeometry><LineString><coordinates>35.22241,31.756364,0 35.222437,31.756429,0 35.222586,31.756784,0 35.222784,31.757281,0 35.222975,31.757708,0 35.223079,31.757984,0 35.223274,31.758422,0 35.223435,31.758768,0 35.223601,31.759131,0 35.223742,31.759407,0 35.224053,31.759907,0 35.22438,31.760436,0 35.2246,31.760863,0 35.224706,31.761055,0 35.22486,31.761332,0 35.224918,31.761406,0 35.224978,31.761421,0</coordinates></LineString></MultiGeometry>
  </Placemark>
  <Placemark>
	<name></name>
	<description>תיאור: &lt;br&gt;PartName: דרך חברון מקטע 24&lt;br&gt;StreetName: דרך חברון&lt;br&gt;status_tex: בביצוע&lt;br&gt;openyear_n: 0&lt;br&gt;BPHTtype: 1&lt;br&gt;usable: 0&lt;br&gt;infra: 0&lt;br&gt;roadtype: 1&lt;br&gt;BPHdir: 0.00000000000&lt;br&gt;BPHplace: 0&lt;br&gt;DIRtype: 2&lt;br&gt;DIRTraffic: 9&lt;br&gt;TOPOLOGY: 0&lt;br&gt;DIV_Veh: 0&lt;br&gt;DIV_Walk: 0&lt;br&gt;Signpost: 0&lt;br&gt;Parking: 0&lt;br&gt;LEVEL_: 0&lt;br&gt;PAINT: 0&lt;br&gt;TREES: 0&lt;br&gt;remarks: &lt;br&gt;globalID: 0&lt;br&gt;id: 52&lt;br&gt;GlobalID_2: {ae4b9db4-3cef-4527-a5c4-ccaae748ec7e}&lt;br&gt;CreationDa: 2025/08/25&lt;br&gt;Creator: JTMTJTMT&lt;br&gt;EditDate: 2025/08/25&lt;br&gt;Editor: JTMTJTMT&lt;br&gt;Shape__Len: 7.25486060315&lt;br&gt;Link: &lt;br&gt;Framework: רכבת קלה - הקו הכחול&lt;br&gt;Engineer: &lt;br&gt;Director: &lt;br&gt;Architect: &lt;br&gt;respons: </description>
	<Style><LineStyle><color>ff0000ff</color></LineStyle><PolyStyle><fill>0</fill></PolyStyle></Style>
	<ExtendedData><SchemaData schemaUrl="#bike_lanes_construction">
		<SimpleData name="WKT">LINESTRING (35.22497 31.761432, 35.224989 31.761496)</SimpleData>
		<SimpleData name="PartName">דרך חברון מקטע 24</SimpleData>
		<SimpleData name="StreetName">דרך חברון</SimpleData>
		<SimpleData name="status_tex">בביצוע</SimpleData>
		<SimpleData name="openyear_n">0</SimpleData>
		<SimpleData name="BPHTtype">1</SimpleData>
		<SimpleData name="usable">0</SimpleData>
		<SimpleData name="infra">0</SimpleData>
		<SimpleData name="roadtype">1</SimpleData>
		<SimpleData name="BPHdir">0</SimpleData>
		<SimpleData name="BPHplace">0</SimpleData>
		<SimpleData name="DIRtype">2</SimpleData>
		<SimpleData name="DIRTraffic">9</SimpleData>
		<SimpleData name="TOPOLOGY">0</SimpleData>
		<SimpleData name="DIV_Veh">0</SimpleData>
		<SimpleData name="DIV_Walk">0</SimpleData>
		<SimpleData name="Signpost">0</SimpleData>
		<SimpleData name="Parking">0</SimpleData>
		<SimpleData name="LEVEL_">0</SimpleData>
		<SimpleData name="PAINT">0</SimpleData>
		<SimpleData name="TREES">0</SimpleData>
		<SimpleData name="remarks"></SimpleData>
		<SimpleData name="globalID">0</SimpleData>
		<SimpleData name="id">52</SimpleData>
		<SimpleData name="GlobalID_2">{ae4b9db4-3cef-4527-a5c4-ccaae748ec7e}</SimpleData>
		<SimpleData name="CreationDa">2025/08/25</SimpleData>
		<SimpleData name="Creator">JTMTJTMT</SimpleData>
		<SimpleData name="EditDate">2025/08/25</SimpleData>
		<SimpleData name="Editor">JTMTJTMT</SimpleData>
		<SimpleData name="Shape__Len">7.25486060315</SimpleData>
		<SimpleData name="Link"></SimpleData>
		<SimpleData name="Framework">רכבת קלה - הקו הכחול</SimpleData>
		<SimpleData name="Engineer"></SimpleData>
		<SimpleData name="Director"></SimpleData>
		<SimpleData name="Architect"></SimpleData>
		<SimpleData name="respons"></SimpleData>
		<SimpleData name="V39"></SimpleData>
	</SchemaData></ExtendedData>
      <MultiGeometry><LineString><coordinates>35.22497,31.761432,0 35.224989,31.761496,0</coordinates></LineString></MultiGeometry>
  </Placemark>
  <Placemark>
	<name></name>
	<description>תיאור: &lt;br&gt;PartName: דרך חברון מקטע 24&lt;br&gt;StreetName: דרך חברון&lt;br&gt;status_tex: בביצוע&lt;br&gt;openyear_n: 0&lt;br&gt;BPHTtype: 1&lt;br&gt;usable: 0&lt;br&gt;infra: 0&lt;br&gt;roadtype: 1&lt;br&gt;BPHdir: 0.00000000000&lt;br&gt;BPHplace: 1&lt;br&gt;DIRtype: 2&lt;br&gt;DIRTraffic: 9&lt;br&gt;TOPOLOGY: 0&lt;br&gt;DIV_Veh: 9&lt;br&gt;DIV_Walk: 0&lt;br&gt;Signpost: 0&lt;br&gt;Parking: 9&lt;br&gt;LEVEL_: 0&lt;br&gt;PAINT: 0&lt;br&gt;TREES: 9&lt;br&gt;remarks: &lt;br&gt;globalID: 0&lt;br&gt;id: 52&lt;br&gt;GlobalID_2: {fc9706f1-3bb7-439f-954f-71e16ea7f083}&lt;br&gt;CreationDa: 2025/08/25&lt;br&gt;Creator: JTMTJTMT&lt;br&gt;EditDate: 2025/08/25&lt;br&gt;Editor: JTMTJTMT&lt;br&gt;Shape__Len: 9.70058802830&lt;br&gt;Link: &lt;br&gt;Framework: רכבת קלה - הקו הכחול&lt;br&gt;Engineer: &lt;br&gt;Director: &lt;br&gt;Architect: &lt;br&gt;respons: </description>
	<Style><LineStyle><color>ff0000ff</color></LineStyle><PolyStyle><fill>0</fill></PolyStyle></Style>
	<ExtendedData><SchemaData schemaUrl="#bike_lanes_construction">
		<SimpleData name="WKT">LINESTRING (35.225005 31.761533, 35.225052 31.761611)</SimpleData>
		<SimpleData name="PartName">דרך חברון מקטע 24</SimpleData>
		<SimpleData name="StreetName">דרך חברון</SimpleData>
		<SimpleData name="status_tex">בביצוע</SimpleData>
		<SimpleData name="openyear_n">0</SimpleData>
		<SimpleData name="BPHTtype">1</SimpleData>
		<SimpleData name="usable">0</SimpleData>
		<SimpleData name="infra">0</SimpleData>
		<SimpleData name="roadtype">1</SimpleData>
		<SimpleData name="BPHdir">0</SimpleData>
		<SimpleData name="BPHplace">1</SimpleData>
		<SimpleData name="DIRtype">2</SimpleData>
		<SimpleData name="DIRTraffic">9</SimpleData>
		<SimpleData name="TOPOLOGY">0</SimpleData>
		<SimpleData name="DIV_Veh">9</SimpleData>
		<SimpleData name="DIV_Walk">0</SimpleData>
		<SimpleData name="Signpost">0</SimpleData>
		<SimpleData name="Parking">9</SimpleData>
		<SimpleData name="LEVEL_">0</SimpleData>
		<SimpleData name="PAINT">0</SimpleData>
		<SimpleData name="TREES">9</SimpleData>
		<SimpleData name="remarks"></SimpleData>
		<SimpleData name="globalID">0</SimpleData>
		<SimpleData name="id">52</SimpleData>
		<SimpleData name="GlobalID_2">{fc9706f1-3bb7-439f-954f-71e16ea7f083}</SimpleData>
		<SimpleData name="CreationDa">2025/08/25</SimpleData>
		<SimpleData name="Creator">JTMTJTMT</SimpleData>
		<SimpleData name="EditDate">2025/08/25</SimpleData>
		<SimpleData name="Editor">JTMTJTMT</SimpleData>
		<SimpleData name="Shape__Len">9.70058802830</SimpleData>
		<SimpleData name="Link"></SimpleData>
		<SimpleData name="Framework">רכבת קלה - הקו הכחול</SimpleData>
		<SimpleData name="Engineer"></SimpleData>
		<SimpleData name="Director"></SimpleData>
		<SimpleData name="Architect"></SimpleData>
		<SimpleData name="respons"></SimpleData>
		<SimpleData name="V39"></SimpleData>
	</SchemaData></ExtendedData>
      <MultiGeometry><LineString><coordinates>35.225005,31.761533,0 35.225052,31.761611,0</coordinates></LineString></MultiGeometry>
  </Placemark>
  <Placemark>
	<name></name>
	<description>תיאור: &lt;br&gt;PartName: דרך חברון&lt;br&gt;StreetName: דרך חברון&lt;br&gt;status_tex: בביצוע&lt;br&gt;openyear_n: 0&lt;br&gt;BPHTtype: 1&lt;br&gt;usable: 0&lt;br&gt;infra: 0&lt;br&gt;roadtype: 1&lt;br&gt;BPHdir: 0.00000000000&lt;br&gt;BPHplace: 1&lt;br&gt;DIRtype: 2&lt;br&gt;DIRTraffic: 9&lt;br&gt;TOPOLOGY: 0&lt;br&gt;DIV_Veh: 9&lt;br&gt;DIV_Walk: 0&lt;br&gt;Signpost: 0&lt;br&gt;Parking: 9&lt;br&gt;LEVEL_: 0&lt;br&gt;PAINT: 0&lt;br&gt;TREES: 9&lt;br&gt;remarks: &lt;br&gt;globalID: 0&lt;br&gt;id: 52&lt;br&gt;GlobalID_2: {edfa7cce-bb0d-41dd-9425-a56892c7c294}&lt;br&gt;CreationDa: 2025/08/25&lt;br&gt;Creator: JTMTJTMT&lt;br&gt;EditDate: 2025/08/25&lt;br&gt;Editor: JTMTJTMT&lt;br&gt;Shape__Len: 8.63261699914&lt;br&gt;Link: &lt;br&gt;Framework: רכבת קלה - הקו הכחול&lt;br&gt;Engineer: &lt;br&gt;Director: &lt;br&gt;Architect: &lt;br&gt;respons: </description>
	<Style><LineStyle><color>ff0000ff</color></LineStyle><PolyStyle><fill>0</fill></PolyStyle></Style>
	<ExtendedData><SchemaData schemaUrl="#bike_lanes_construction">
		<SimpleData name="WKT">LINESTRING (35.225119 31.761719, 35.225203 31.761749)</SimpleData>
		<SimpleData name="PartName">דרך חברון</SimpleData>
		<SimpleData name="StreetName">דרך חברון</SimpleData>
		<SimpleData name="status_tex">בביצוע</SimpleData>
		<SimpleData name="openyear_n">0</SimpleData>
		<SimpleData name="BPHTtype">1</SimpleData>
		<SimpleData name="usable">0</SimpleData>
		<SimpleData name="infra">0</SimpleData>
		<SimpleData name="roadtype">1</SimpleData>
		<SimpleData name="BPHdir">0</SimpleData>
		<SimpleData name="BPHplace">1</SimpleData>
		<SimpleData name="DIRtype">2</SimpleData>
		<SimpleData name="DIRTraffic">9</SimpleData>
		<SimpleData name="TOPOLOGY">0</SimpleData>
		<SimpleData name="DIV_Veh">9</SimpleData>
		<SimpleData name="DIV_Walk">0</SimpleData>
		<SimpleData name="Signpost">0</SimpleData>
		<SimpleData name="Parking">9</SimpleData>
		<SimpleData name="LEVEL_">0</SimpleData>
		<SimpleData name="PAINT">0</SimpleData>
		<SimpleData name="TREES">9</SimpleData>
		<SimpleData name="remarks"></SimpleData>
		<SimpleData name="globalID">0</SimpleData>
		<SimpleData name="id">52</SimpleData>
		<SimpleData name="GlobalID_2">{edfa7cce-bb0d-41dd-9425-a56892c7c294}</SimpleData>
		<SimpleData name="CreationDa">2025/08/25</SimpleData>
		<SimpleData name="Creator">JTMTJTMT</SimpleData>
		<SimpleData name="EditDate">2025/08/25</SimpleData>
		<SimpleData name="Editor">JTMTJTMT</SimpleData>
		<SimpleData name="Shape__Len">8.63261699914</SimpleData>
		<SimpleData name="Link"></SimpleData>
		<SimpleData name="Framework">רכבת קלה - הקו הכחול</SimpleData>
		<SimpleData name="Engineer"></SimpleData>
		<SimpleData name="Director"></SimpleData>
		<SimpleData name="Architect"></SimpleData>
		<SimpleData name="respons"></SimpleData>
		<SimpleData name="V39"></SimpleData>
	</SchemaData></ExtendedData>
      <MultiGeometry><LineString><coordinates>35.225119,31.761719,0 35.225203,31.761749,0</coordinates></LineString></MultiGeometry>
  </Placemark>
  <Placemark>
	<name></name>
	<description>תיאור: &lt;br&gt;PartName: דרך חברון&lt;br&gt;StreetName: דרך חברון&lt;br&gt;status_tex: בביצוע&lt;br&gt;openyear_n: 0&lt;br&gt;BPHTtype: 1&lt;br&gt;usable: 0&lt;br&gt;infra: 0&lt;br&gt;roadtype: 1&lt;br&gt;BPHdir: 0.00000000000&lt;br&gt;BPHplace: 1&lt;br&gt;DIRtype: 2&lt;br&gt;DIRTraffic: 9&lt;br&gt;TOPOLOGY: 0&lt;br&gt;DIV_Veh: 9&lt;br&gt;DIV_Walk: 0&lt;br&gt;Signpost: 0&lt;br&gt;Parking: 9&lt;br&gt;LEVEL_: 0&lt;br&gt;PAINT: 0&lt;br&gt;TREES: 9&lt;br&gt;remarks: &lt;br&gt;globalID: 0&lt;br&gt;id: 52&lt;br&gt;GlobalID_2: {33731331-2056-45ed-a923-d81fae1e47fe}&lt;br&gt;CreationDa: 2025/08/25&lt;br&gt;Creator: JTMTJTMT&lt;br&gt;EditDate: 2025/08/25&lt;br&gt;Editor: JTMTJTMT&lt;br&gt;Shape__Len: 10.30316455530&lt;br&gt;Link: &lt;br&gt;Framework: רכבת קלה - הקו הכחול&lt;br&gt;Engineer: &lt;br&gt;Director: &lt;br&gt;Architect: &lt;br&gt;respons: </description>
	<Style><LineStyle><color>ff0000ff</color></LineStyle><PolyStyle><fill>0</fill></PolyStyle></Style>
	<ExtendedData><SchemaData schemaUrl="#bike_lanes_construction">
		<SimpleData name="WKT">LINESTRING (35.225073 31.761708, 35.224977 31.761751)</SimpleData>
		<SimpleData name="PartName">דרך חברון</SimpleData>
		<SimpleData name="StreetName">דרך חברון</SimpleData>
		<SimpleData name="status_tex">בביצוע</SimpleData>
		<SimpleData name="openyear_n">0</SimpleData>
		<SimpleData name="BPHTtype">1</SimpleData>
		<SimpleData name="usable">0</SimpleData>
		<SimpleData name="infra">0</SimpleData>
		<SimpleData name="roadtype">1</SimpleData>
		<SimpleData name="BPHdir">0</SimpleData>
		<SimpleData name="BPHplace">1</SimpleData>
		<SimpleData name="DIRtype">2</SimpleData>
		<SimpleData name="DIRTraffic">9</SimpleData>
		<SimpleData name="TOPOLOGY">0</SimpleData>
		<SimpleData name="DIV_Veh">9</SimpleData>
		<SimpleData name="DIV_Walk">0</SimpleData>
		<SimpleData name="Signpost">0</SimpleData>
		<SimpleData name="Parking">9</SimpleData>
		<SimpleData name="LEVEL_">0</SimpleData>
		<SimpleData name="PAINT">0</SimpleData>
		<SimpleData name="TREES">9</SimpleData>
		<SimpleData name="remarks"></SimpleData>
		<SimpleData name="globalID">0</SimpleData>
		<SimpleData name="id">52</SimpleData>
		<SimpleData name="GlobalID_2">{33731331-2056-45ed-a923-d81fae1e47fe}</SimpleData>
		<SimpleData name="CreationDa">2025/08/25</SimpleData>
		<SimpleData name="Creator">JTMTJTMT</SimpleData>
		<SimpleData name="EditDate">2025/08/25</SimpleData>
		<SimpleData name="Editor">JTMTJTMT</SimpleData>
		<SimpleData name="Shape__Len">10.30316455530</SimpleData>
		<SimpleData name="Link"></SimpleData>
		<SimpleData name="Framework">רכבת קלה - הקו הכחול</SimpleData>
		<SimpleData name="Engineer"></SimpleData>
		<SimpleData name="Director"></SimpleData>
		<SimpleData name="Architect"></SimpleData>
		<SimpleData name="respons"></SimpleData>
		<SimpleData name="V39"></SimpleData>
	</SchemaData></ExtendedData>
      <MultiGeometry><LineString><coordinates>35.225073,31.761708,0 35.224977,31.761751,0</coordinates></LineString></MultiGeometry>
  </Placemark>
  <Placemark>
	<name></name>
	<description>תיאור: &lt;br&gt;PartName: דרך חברון&lt;br&gt;StreetName: דרך חברון&lt;br&gt;status_tex: בביצוע&lt;br&gt;openyear_n: 0&lt;br&gt;BPHTtype: 1&lt;br&gt;usable: 0&lt;br&gt;infra: 0&lt;br&gt;roadtype: 1&lt;br&gt;BPHdir: 0.00000000000&lt;br&gt;BPHplace: 1&lt;br&gt;DIRtype: 2&lt;br&gt;DIRTraffic: 9&lt;br&gt;TOPOLOGY: 0&lt;br&gt;DIV_Veh: 9&lt;br&gt;DIV_Walk: 0&lt;br&gt;Signpost: 0&lt;br&gt;Parking: 9&lt;br&gt;LEVEL_: 0&lt;br&gt;PAINT: 0&lt;br&gt;TREES: 9&lt;br&gt;remarks: &lt;br&gt;globalID: 0&lt;br&gt;id: 52&lt;br&gt;GlobalID_2: {fcda7a4d-3ab2-4da1-9314-640675fd3789}&lt;br&gt;CreationDa: 2025/08/25&lt;br&gt;Creator: JTMTJTMT&lt;br&gt;EditDate: 2025/08/25&lt;br&gt;Editor: JTMTJTMT&lt;br&gt;Shape__Len: 11.20760122540&lt;br&gt;Link: &lt;br&gt;Framework: רכבת קלה - הקו הכחול&lt;br&gt;Engineer: &lt;br&gt;Director: &lt;br&gt;Architect: &lt;br&gt;respons: </description>
	<Style><LineStyle><color>ff0000ff</color></LineStyle><PolyStyle><fill>0</fill></PolyStyle></Style>
	<ExtendedData><SchemaData schemaUrl="#bike_lanes_construction">
		<SimpleData name="WKT">LINESTRING (35.224958 31.761759, 35.224852 31.761803)</SimpleData>
		<SimpleData name="PartName">דרך חברון</SimpleData>
		<SimpleData name="StreetName">דרך חברון</SimpleData>
		<SimpleData name="status_tex">בביצוע</SimpleData>
		<SimpleData name="openyear_n">0</SimpleData>
		<SimpleData name="BPHTtype">1</SimpleData>
		<SimpleData name="usable">0</SimpleData>
		<SimpleData name="infra">0</SimpleData>
		<SimpleData name="roadtype">1</SimpleData>
		<SimpleData name="BPHdir">0</SimpleData>
		<SimpleData name="BPHplace">1</SimpleData>
		<SimpleData name="DIRtype">2</SimpleData>
		<SimpleData name="DIRTraffic">9</SimpleData>
		<SimpleData name="TOPOLOGY">0</SimpleData>
		<SimpleData name="DIV_Veh">9</SimpleData>
		<SimpleData name="DIV_Walk">0</SimpleData>
		<SimpleData name="Signpost">0</SimpleData>
		<SimpleData name="Parking">9</SimpleData>
		<SimpleData name="LEVEL_">0</SimpleData>
		<SimpleData name="PAINT">0</SimpleData>
		<SimpleData name="TREES">9</SimpleData>
		<SimpleData name="remarks"></SimpleData>
		<SimpleData name="globalID">0</SimpleData>
		<SimpleData name="id">52</SimpleData>
		<SimpleData name="GlobalID_2">{fcda7a4d-3ab2-4da1-9314-640675fd3789}</SimpleData>
		<SimpleData name="CreationDa">2025/08/25</SimpleData>
		<SimpleData name="Creator">JTMTJTMT</SimpleData>
		<SimpleData name="EditDate">2025/08/25</SimpleData>
		<SimpleData name="Editor">JTMTJTMT</SimpleData>
		<SimpleData name="Shape__Len">11.20760122540</SimpleData>
		<SimpleData name="Link"></SimpleData>
		<SimpleData name="Framework">רכבת קלה - הקו הכחול</SimpleData>
		<SimpleData name="Engineer"></SimpleData>
		<SimpleData name="Director"></SimpleData>
		<SimpleData name="Architect"></SimpleData>
		<SimpleData name="respons"></SimpleData>
		<SimpleData name="V39"></SimpleData>
	</SchemaData></ExtendedData>
      <MultiGeometry><LineString><coordinates>35.224958,31.761759,0 35.224852,31.761803,0</coordinates></LineString></MultiGeometry>
  </Placemark>
  <Placemark>
	<name></name>
	<description>תיאור: &lt;br&gt;PartName: דרך חברון&lt;br&gt;StreetName: דרך חברון&lt;br&gt;status_tex: בביצוע&lt;br&gt;openyear_n: 0&lt;br&gt;BPHTtype: 1&lt;br&gt;usable: 0&lt;br&gt;infra: 0&lt;br&gt;roadtype: 1&lt;br&gt;BPHdir: 0.00000000000&lt;br&gt;BPHplace: 2&lt;br&gt;DIRtype: 2&lt;br&gt;DIRTraffic: 9&lt;br&gt;TOPOLOGY: 0&lt;br&gt;DIV_Veh: 1&lt;br&gt;DIV_Walk: 0&lt;br&gt;Signpost: 0&lt;br&gt;Parking: 0&lt;br&gt;LEVEL_: 0&lt;br&gt;PAINT: 0&lt;br&gt;TREES: 0&lt;br&gt;remarks: &lt;br&gt;globalID: 0&lt;br&gt;id: 52&lt;br&gt;GlobalID_2: {d775577f-4d9a-482b-a16b-db791bc1b1ac}&lt;br&gt;CreationDa: 2025/08/25&lt;br&gt;Creator: JTMTJTMT&lt;br&gt;EditDate: 2025/08/25&lt;br&gt;Editor: JTMTJTMT&lt;br&gt;Shape__Len: 132.83100573800&lt;br&gt;Link: &lt;br&gt;Framework: רכבת קלה - הקו הכחול&lt;br&gt;Engineer: &lt;br&gt;Director: &lt;br&gt;Architect: &lt;br&gt;respons: </description>
	<Style><LineStyle><color>ff0000ff</color></LineStyle><PolyStyle><fill>0</fill></PolyStyle></Style>
	<ExtendedData><SchemaData schemaUrl="#bike_lanes_construction">
		<SimpleData name="WKT">LINESTRING (35.224839 31.761805, 35.224758 31.761836, 35.224753 31.761888, 35.224893 31.76213, 35.22498 31.762396, 35.225011 31.762623, 35.225045 31.762917)</SimpleData>
		<SimpleData name="PartName">דרך חברון</SimpleData>
		<SimpleData name="StreetName">דרך חברון</SimpleData>
		<SimpleData name="status_tex">בביצוע</SimpleData>
		<SimpleData name="openyear_n">0</SimpleData>
		<SimpleData name="BPHTtype">1</SimpleData>
		<SimpleData name="usable">0</SimpleData>
		<SimpleData name="infra">0</SimpleData>
		<SimpleData name="roadtype">1</SimpleData>
		<SimpleData name="BPHdir">0</SimpleData>
		<SimpleData name="BPHplace">2</SimpleData>
		<SimpleData name="DIRtype">2</SimpleData>
		<SimpleData name="DIRTraffic">9</SimpleData>
		<SimpleData name="TOPOLOGY">0</SimpleData>
		<SimpleData name="DIV_Veh">1</SimpleData>
		<SimpleData name="DIV_Walk">0</SimpleData>
		<SimpleData name="Signpost">0</SimpleData>
		<SimpleData name="Parking">0</SimpleData>
		<SimpleData name="LEVEL_">0</SimpleData>
		<SimpleData name="PAINT">0</SimpleData>
		<SimpleData name="TREES">0</SimpleData>
		<SimpleData name="remarks"></SimpleData>
		<SimpleData name="globalID">0</SimpleData>
		<SimpleData name="id">52</SimpleData>
		<SimpleData name="GlobalID_2">{d775577f-4d9a-482b-a16b-db791bc1b1ac}</SimpleData>
		<SimpleData name="CreationDa">2025/08/25</SimpleData>
		<SimpleData name="Creator">JTMTJTMT</SimpleData>
		<SimpleData name="EditDate">2025/08/25</SimpleData>
		<SimpleData name="Editor">JTMTJTMT</SimpleData>
		<SimpleData name="Shape__Len">132.83100573800</SimpleData>
		<SimpleData name="Link"></SimpleData>
		<SimpleData name="Framework">רכבת קלה - הקו הכחול</SimpleData>
		<SimpleData name="Engineer"></SimpleData>
		<SimpleData name="Director"></SimpleData>
		<SimpleData name="Architect"></SimpleData>
		<SimpleData name="respons"></SimpleData>
		<SimpleData name="V39"></SimpleData>
	</SchemaData></ExtendedData>
      <MultiGeometry><LineString><coordinates>35.224839,31.761805,0 35.224758,31.761836,0 35.224753,31.761888,0 35.224893,31.76213,0 35.22498,31.762396,0 35.225011,31.762623,0 35.225045,31.762917,0</coordinates></LineString></MultiGeometry>
  </Placemark>
  <Placemark>
	<name></name>
	<description>תיאור: &lt;br&gt;PartName: דרך חברון&lt;br&gt;StreetName: דרך חברון&lt;br&gt;status_tex: בביצוע&lt;br&gt;openyear_n: 0&lt;br&gt;BPHTtype: 0&lt;br&gt;usable: 0&lt;br&gt;infra: 0&lt;br&gt;roadtype: 1&lt;br&gt;BPHdir: 0.00000000000&lt;br&gt;BPHplace: 0&lt;br&gt;DIRtype: 2&lt;br&gt;DIRTraffic: 9&lt;br&gt;TOPOLOGY: 0&lt;br&gt;DIV_Veh: 9&lt;br&gt;DIV_Walk: 0&lt;br&gt;Signpost: 0&lt;br&gt;Parking: 0&lt;br&gt;LEVEL_: 0&lt;br&gt;PAINT: 0&lt;br&gt;TREES: 0&lt;br&gt;remarks: &lt;br&gt;globalID: 0&lt;br&gt;id: 52&lt;br&gt;GlobalID_2: {a5901d5e-33a6-462a-986c-c496ffc0dc1b}&lt;br&gt;CreationDa: 2025/08/25&lt;br&gt;Creator: JTMTJTMT&lt;br&gt;EditDate: 2025/08/25&lt;br&gt;Editor: JTMTJTMT&lt;br&gt;Shape__Len: 8.37177832094&lt;br&gt;Link: https://jtmt.sharepoint.com/:f:/r/sites/EngineeringDepartment/PlanningDivision/DocLib3/%D7%A6%D7%AA%D7%90%D7%9C/%D7%AA%D7%9B%D7%A0%D7%95%D7%9F/%D7%94%D7%A8%20%D7%97%D7%95%D7%9E%D7%94/%D7%A0%D7%AA%D7%A6%20%D7%A9%D7%9E%D7%95%D7%90%D7%9C%20%D7%9E%D7%90%D7%9&lt;br&gt;Framework: &lt;br&gt;Engineer: &lt;br&gt;Director: &lt;br&gt;Architect: &lt;br&gt;respons: </description>
	<Style><LineStyle><color>ff0000ff</color></LineStyle><PolyStyle><fill>0</fill></PolyStyle></Style>
	<ExtendedData><SchemaData schemaUrl="#bike_lanes_construction">
		<SimpleData name="WKT">LINESTRING (35.211535 31.738502, 35.211609 31.738461)</SimpleData>
		<SimpleData name="PartName">דרך חברון</SimpleData>
		<SimpleData name="StreetName">דרך חברון</SimpleData>
		<SimpleData name="status_tex">בביצוע</SimpleData>
		<SimpleData name="openyear_n">0</SimpleData>
		<SimpleData name="BPHTtype">0</SimpleData>
		<SimpleData name="usable">0</SimpleData>
		<SimpleData name="infra">0</SimpleData>
		<SimpleData name="roadtype">1</SimpleData>
		<SimpleData name="BPHdir">0</SimpleData>
		<SimpleData name="BPHplace">0</SimpleData>
		<SimpleData name="DIRtype">2</SimpleData>
		<SimpleData name="DIRTraffic">9</SimpleData>
		<SimpleData name="TOPOLOGY">0</SimpleData>
		<SimpleData name="DIV_Veh">9</SimpleData>
		<SimpleData name="DIV_Walk">0</SimpleData>
		<SimpleData name="Signpost">0</SimpleData>
		<SimpleData name="Parking">0</SimpleData>
		<SimpleData name="LEVEL_">0</SimpleData>
		<SimpleData name="PAINT">0</SimpleData>
		<SimpleData name="TREES">0</SimpleData>
		<SimpleData name="remarks"></SimpleData>
		<SimpleData name="globalID">0</SimpleData>
		<SimpleData name="id">52</SimpleData>
		<SimpleData name="GlobalID_2">{a5901d5e-33a6-462a-986c-c496ffc0dc1b}</SimpleData>
		<SimpleData name="CreationDa">2025/08/25</SimpleData>
		<SimpleData name="Creator">JTMTJTMT</SimpleData>
		<SimpleData name="EditDate">2025/08/25</SimpleData>
		<SimpleData name="Editor">JTMTJTMT</SimpleData>
		<SimpleData name="Shape__Len">8.37177832094</SimpleData>
		<SimpleData name="Link">https://jtmt.sharepoint.com/:f:/r/sites/EngineeringDepartment/PlanningDivision/DocLib3/%D7%A6%D7%AA%D7%90%D7%9C/%D7%AA%D7%9B%D7%A0%D7%95%D7%9F/%D7%94%D7%A8%20%D7%97%D7%95%D7%9E%D7%94/%D7%A0%D7%AA%D7%A6%20%D7%A9%D7%9E%D7%95%D7%90%D7%9C%20%D7%9E%D7%90%D7%9</SimpleData>
		<SimpleData name="Framework"></SimpleData>
		<SimpleData name="Engineer"></SimpleData>
		<SimpleData name="Director"></SimpleData>
		<SimpleData name="Architect"></SimpleData>
		<SimpleData name="respons"></SimpleData>
		<SimpleData name="V39"></SimpleData>
	</SchemaData></ExtendedData>
      <MultiGeometry><LineString><coordinates>35.211535,31.738502,0 35.211609,31.738461,0</coordinates></LineString></MultiGeometry>
  </Placemark>
  <Placemark>
	<name></name>
	<description>תיאור: &lt;br&gt;PartName: הרטום&lt;br&gt;StreetName: הרטום&lt;br&gt;status_tex: בביצוע&lt;br&gt;openyear_n: 0&lt;br&gt;BPHTtype: 1&lt;br&gt;usable: 0&lt;br&gt;infra: 0&lt;br&gt;roadtype: 3&lt;br&gt;BPHdir: 0.00000000000&lt;br&gt;BPHplace: 2&lt;br&gt;DIRtype: 2&lt;br&gt;DIRTraffic: 9&lt;br&gt;TOPOLOGY: 0&lt;br&gt;DIV_Veh: 1&lt;br&gt;DIV_Walk: 0&lt;br&gt;Signpost: 0&lt;br&gt;Parking: 0&lt;br&gt;LEVEL_: 0&lt;br&gt;PAINT: 0&lt;br&gt;TREES: 0&lt;br&gt;remarks: &lt;br&gt;globalID: 0&lt;br&gt;id: 96&lt;br&gt;GlobalID_2: {07169f36-b9fc-48dd-ba48-dc876f6c600f}&lt;br&gt;CreationDa: 2025/08/25&lt;br&gt;Creator: JTMTJTMT&lt;br&gt;EditDate: 2025/08/25&lt;br&gt;Editor: JTMTJTMT&lt;br&gt;Shape__Len: 117.30084284600&lt;br&gt;Link: &lt;br&gt;Framework: רכבת קלה - הקו הכחול&lt;br&gt;Engineer: &lt;br&gt;Director: &lt;br&gt;Architect: &lt;br&gt;respons: </description>
	<Style><LineStyle><color>ff0000ff</color></LineStyle><PolyStyle><fill>0</fill></PolyStyle></Style>
	<ExtendedData><SchemaData schemaUrl="#bike_lanes_construction">
		<SimpleData name="WKT">LINESTRING (35.214285 31.802573, 35.214282 31.802357, 35.214251 31.802191, 35.214215 31.80209, 35.214197 31.801957, 35.214171 31.801868, 35.214155 31.80184, 35.214098 31.801779, 35.214073 31.801707, 35.214055 31.801659, 35.214019 31.801627, 35.213946 31.801615)</SimpleData>
		<SimpleData name="PartName">הרטום</SimpleData>
		<SimpleData name="StreetName">הרטום</SimpleData>
		<SimpleData name="status_tex">בביצוע</SimpleData>
		<SimpleData name="openyear_n">0</SimpleData>
		<SimpleData name="BPHTtype">1</SimpleData>
		<SimpleData name="usable">0</SimpleData>
		<SimpleData name="infra">0</SimpleData>
		<SimpleData name="roadtype">3</SimpleData>
		<SimpleData name="BPHdir">0</SimpleData>
		<SimpleData name="BPHplace">2</SimpleData>
		<SimpleData name="DIRtype">2</SimpleData>
		<SimpleData name="DIRTraffic">9</SimpleData>
		<SimpleData name="TOPOLOGY">0</SimpleData>
		<SimpleData name="DIV_Veh">1</SimpleData>
		<SimpleData name="DIV_Walk">0</SimpleData>
		<SimpleData name="Signpost">0</SimpleData>
		<SimpleData name="Parking">0</SimpleData>
		<SimpleData name="LEVEL_">0</SimpleData>
		<SimpleData name="PAINT">0</SimpleData>
		<SimpleData name="TREES">0</SimpleData>
		<SimpleData name="remarks"></SimpleData>
		<SimpleData name="globalID">0</SimpleData>
		<SimpleData name="id">96</SimpleData>
		<SimpleData name="GlobalID_2">{07169f36-b9fc-48dd-ba48-dc876f6c600f}</SimpleData>
		<SimpleData name="CreationDa">2025/08/25</SimpleData>
		<SimpleData name="Creator">JTMTJTMT</SimpleData>
		<SimpleData name="EditDate">2025/08/25</SimpleData>
		<SimpleData name="Editor">JTMTJTMT</SimpleData>
		<SimpleData name="Shape__Len">117.30084284600</SimpleData>
		<SimpleData name="Link"></SimpleData>
		<SimpleData name="Framework">רכבת קלה - הקו הכחול</SimpleData>
		<SimpleData name="Engineer"></SimpleData>
		<SimpleData name="Director"></SimpleData>
		<SimpleData name="Architect"></SimpleData>
		<SimpleData name="respons"></SimpleData>
		<SimpleData name="V39"></SimpleData>
	</SchemaData></ExtendedData>
      <MultiGeometry><LineString><coordinates>35.214285,31.802573,0 35.214282,31.802357,0 35.214251,31.802191,0 35.214215,31.80209,0 35.214197,31.801957,0 35.214171,31.801868,0 35.214155,31.80184,0 35.214098,31.801779,0 35.214073,31.801707,0 35.214055,31.801659,0 35.214019,31.801627,0 35.213946,31.801615,0</coordinates></LineString></MultiGeometry>
  </Placemark>
  <Placemark>
	<name></name>
	<description>תיאור: &lt;br&gt;PartName: הרטום&lt;br&gt;StreetName: הרטום&lt;br&gt;status_tex: בביצוע&lt;br&gt;openyear_n: 0&lt;br&gt;BPHTtype: 1&lt;br&gt;usable: 0&lt;br&gt;infra: 0&lt;br&gt;roadtype: 3&lt;br&gt;BPHdir: 0.00000000000&lt;br&gt;BPHplace: 1&lt;br&gt;DIRtype: 2&lt;br&gt;DIRTraffic: 9&lt;br&gt;TOPOLOGY: 0&lt;br&gt;DIV_Veh: 9&lt;br&gt;DIV_Walk: 0&lt;br&gt;Signpost: 0&lt;br&gt;Parking: 9&lt;br&gt;LEVEL_: 0&lt;br&gt;PAINT: 0&lt;br&gt;TREES: 9&lt;br&gt;remarks: &lt;br&gt;globalID: 0&lt;br&gt;id: 96&lt;br&gt;GlobalID_2: {20da0de1-1c37-4d5c-b6f5-916c2fe401f7}&lt;br&gt;CreationDa: 2025/08/25&lt;br&gt;Creator: JTMTJTMT&lt;br&gt;EditDate: 2025/08/25&lt;br&gt;Editor: JTMTJTMT&lt;br&gt;Shape__Len: 7.45533653221&lt;br&gt;Link: &lt;br&gt;Framework: רכבת קלה - הקו הכחול&lt;br&gt;Engineer: &lt;br&gt;Director: &lt;br&gt;Architect: &lt;br&gt;respons: </description>
	<Style><LineStyle><color>ff0000ff</color></LineStyle><PolyStyle><fill>0</fill></PolyStyle></Style>
	<ExtendedData><SchemaData schemaUrl="#bike_lanes_construction">
		<SimpleData name="WKT">LINESTRING (35.213925 31.801609, 35.213894 31.801547)</SimpleData>
		<SimpleData name="PartName">הרטום</SimpleData>
		<SimpleData name="StreetName">הרטום</SimpleData>
		<SimpleData name="status_tex">בביצוע</SimpleData>
		<SimpleData name="openyear_n">0</SimpleData>
		<SimpleData name="BPHTtype">1</SimpleData>
		<SimpleData name="usable">0</SimpleData>
		<SimpleData name="infra">0</SimpleData>
		<SimpleData name="roadtype">3</SimpleData>
		<SimpleData name="BPHdir">0</SimpleData>
		<SimpleData name="BPHplace">1</SimpleData>
		<SimpleData name="DIRtype">2</SimpleData>
		<SimpleData name="DIRTraffic">9</SimpleData>
		<SimpleData name="TOPOLOGY">0</SimpleData>
		<SimpleData name="DIV_Veh">9</SimpleData>
		<SimpleData name="DIV_Walk">0</SimpleData>
		<SimpleData name="Signpost">0</SimpleData>
		<SimpleData name="Parking">9</SimpleData>
		<SimpleData name="LEVEL_">0</SimpleData>
		<SimpleData name="PAINT">0</SimpleData>
		<SimpleData name="TREES">9</SimpleData>
		<SimpleData name="remarks"></SimpleData>
		<SimpleData name="globalID">0</SimpleData>
		<SimpleData name="id">96</SimpleData>
		<SimpleData name="GlobalID_2">{20da0de1-1c37-4d5c-b6f5-916c2fe401f7}</SimpleData>
		<SimpleData name="CreationDa">2025/08/25</SimpleData>
		<SimpleData name="Creator">JTMTJTMT</SimpleData>
		<SimpleData name="EditDate">2025/08/25</SimpleData>
		<SimpleData name="Editor">JTMTJTMT</SimpleData>
		<SimpleData name="Shape__Len">7.45533653221</SimpleData>
		<SimpleData name="Link"></SimpleData>
		<SimpleData name="Framework">רכבת קלה - הקו הכחול</SimpleData>
		<SimpleData name="Engineer"></SimpleData>
		<SimpleData name="Director"></SimpleData>
		<SimpleData name="Architect"></SimpleData>
		<SimpleData name="respons"></SimpleData>
		<SimpleData name="V39"></SimpleData>
	</SchemaData></ExtendedData>
      <MultiGeometry><LineString><coordinates>35.213925,31.801609,0 35.213894,31.801547,0</coordinates></LineString></MultiGeometry>
  </Placemark>
  <Placemark>
	<name></name>
	<description>תיאור: &lt;br&gt;PartName: הרטום&lt;br&gt;StreetName: הרטום&lt;br&gt;status_tex: בביצוע&lt;br&gt;openyear_n: 0&lt;br&gt;BPHTtype: 1&lt;br&gt;usable: 0&lt;br&gt;infra: 0&lt;br&gt;roadtype: 3&lt;br&gt;BPHdir: 0.00000000000&lt;br&gt;BPHplace: 0&lt;br&gt;DIRtype: 2&lt;br&gt;DIRTraffic: 9&lt;br&gt;TOPOLOGY: 0&lt;br&gt;DIV_Veh: 0&lt;br&gt;DIV_Walk: 0&lt;br&gt;Signpost: 0&lt;br&gt;Parking: 0&lt;br&gt;LEVEL_: 0&lt;br&gt;PAINT: 0&lt;br&gt;TREES: 0&lt;br&gt;remarks: &lt;br&gt;globalID: 0&lt;br&gt;id: 96&lt;br&gt;GlobalID_2: {06593c30-e964-4724-b01a-1eabbd933942}&lt;br&gt;CreationDa: 2025/08/25&lt;br&gt;Creator: JTMTJTMT&lt;br&gt;EditDate: 2025/08/25&lt;br&gt;Editor: JTMTJTMT&lt;br&gt;Shape__Len: 7.59260537679&lt;br&gt;Link: &lt;br&gt;Framework: רכבת קלה - הקו הכחול&lt;br&gt;Engineer: &lt;br&gt;Director: &lt;br&gt;Architect: &lt;br&gt;respons: </description>
	<Style><LineStyle><color>ff0000ff</color></LineStyle><PolyStyle><fill>0</fill></PolyStyle></Style>
	<ExtendedData><SchemaData schemaUrl="#bike_lanes_construction">
		<SimpleData name="WKT">LINESTRING (35.213854 31.801487, 35.213822 31.801425)</SimpleData>
		<SimpleData name="PartName">הרטום</SimpleData>
		<SimpleData name="StreetName">הרטום</SimpleData>
		<SimpleData name="status_tex">בביצוע</SimpleData>
		<SimpleData name="openyear_n">0</SimpleData>
		<SimpleData name="BPHTtype">1</SimpleData>
		<SimpleData name="usable">0</SimpleData>
		<SimpleData name="infra">0</SimpleData>
		<SimpleData name="roadtype">3</SimpleData>
		<SimpleData name="BPHdir">0</SimpleData>
		<SimpleData name="BPHplace">0</SimpleData>
		<SimpleData name="DIRtype">2</SimpleData>
		<SimpleData name="DIRTraffic">9</SimpleData>
		<SimpleData name="TOPOLOGY">0</SimpleData>
		<SimpleData name="DIV_Veh">0</SimpleData>
		<SimpleData name="DIV_Walk">0</SimpleData>
		<SimpleData name="Signpost">0</SimpleData>
		<SimpleData name="Parking">0</SimpleData>
		<SimpleData name="LEVEL_">0</SimpleData>
		<SimpleData name="PAINT">0</SimpleData>
		<SimpleData name="TREES">0</SimpleData>
		<SimpleData name="remarks"></SimpleData>
		<SimpleData name="globalID">0</SimpleData>
		<SimpleData name="id">96</SimpleData>
		<SimpleData name="GlobalID_2">{06593c30-e964-4724-b01a-1eabbd933942}</SimpleData>
		<SimpleData name="CreationDa">2025/08/25</SimpleData>
		<SimpleData name="Creator">JTMTJTMT</SimpleData>
		<SimpleData name="EditDate">2025/08/25</SimpleData>
		<SimpleData name="Editor">JTMTJTMT</SimpleData>
		<SimpleData name="Shape__Len">7.59260537679</SimpleData>
		<SimpleData name="Link"></SimpleData>
		<SimpleData name="Framework">רכבת קלה - הקו הכחול</SimpleData>
		<SimpleData name="Engineer"></SimpleData>
		<SimpleData name="Director"></SimpleData>
		<SimpleData name="Architect"></SimpleData>
		<SimpleData name="respons"></SimpleData>
		<SimpleData name="V39"></SimpleData>
	</SchemaData></ExtendedData>
      <MultiGeometry><LineString><coordinates>35.213854,31.801487,0 35.213822,31.801425,0</coordinates></LineString></MultiGeometry>
  </Placemark>
  <Placemark>
	<name></name>
	<description>תיאור: &lt;br&gt;PartName: הרטום&lt;br&gt;StreetName: הרטום&lt;br&gt;status_tex: בביצוע&lt;br&gt;openyear_n: 0&lt;br&gt;BPHTtype: 1&lt;br&gt;usable: 0&lt;br&gt;infra: 0&lt;br&gt;roadtype: 3&lt;br&gt;BPHdir: 0.00000000000&lt;br&gt;BPHplace: 2&lt;br&gt;DIRtype: 2&lt;br&gt;DIRTraffic: 9&lt;br&gt;TOPOLOGY: 0&lt;br&gt;DIV_Veh: 1&lt;br&gt;DIV_Walk: 0&lt;br&gt;Signpost: 0&lt;br&gt;Parking: 0&lt;br&gt;LEVEL_: 0&lt;br&gt;PAINT: 0&lt;br&gt;TREES: 0&lt;br&gt;remarks: &lt;br&gt;globalID: 0&lt;br&gt;id: 96&lt;br&gt;GlobalID_2: {047b4483-2cdb-4980-8522-ed9f53f470de}&lt;br&gt;CreationDa: 2025/08/25&lt;br&gt;Creator: JTMTJTMT&lt;br&gt;EditDate: 2025/08/25&lt;br&gt;Editor: JTMTJTMT&lt;br&gt;Shape__Len: 150.02819364000&lt;br&gt;Link: &lt;br&gt;Framework: רכבת קלה - הקו הכחול&lt;br&gt;Engineer: &lt;br&gt;Director: &lt;br&gt;Architect: &lt;br&gt;respons: </description>
	<Style><LineStyle><color>ff0000ff</color></LineStyle><PolyStyle><fill>0</fill></PolyStyle></Style>
	<ExtendedData><SchemaData schemaUrl="#bike_lanes_construction">
		<SimpleData name="WKT">LINESTRING (35.213852 31.801436, 35.213847 31.801416, 35.213872 31.80138, 35.213896 31.801332, 35.213916 31.801273, 35.213901 31.801213, 35.213869 31.801094, 35.213817 31.800895, 35.213728 31.800635, 35.21362 31.800369, 35.213526 31.800184, 35.213509 31.800151)</SimpleData>
		<SimpleData name="PartName">הרטום</SimpleData>
		<SimpleData name="StreetName">הרטום</SimpleData>
		<SimpleData name="status_tex">בביצוע</SimpleData>
		<SimpleData name="openyear_n">0</SimpleData>
		<SimpleData name="BPHTtype">1</SimpleData>
		<SimpleData name="usable">0</SimpleData>
		<SimpleData name="infra">0</SimpleData>
		<SimpleData name="roadtype">3</SimpleData>
		<SimpleData name="BPHdir">0</SimpleData>
		<SimpleData name="BPHplace">2</SimpleData>
		<SimpleData name="DIRtype">2</SimpleData>
		<SimpleData name="DIRTraffic">9</SimpleData>
		<SimpleData name="TOPOLOGY">0</SimpleData>
		<SimpleData name="DIV_Veh">1</SimpleData>
		<SimpleData name="DIV_Walk">0</SimpleData>
		<SimpleData name="Signpost">0</SimpleData>
		<SimpleData name="Parking">0</SimpleData>
		<SimpleData name="LEVEL_">0</SimpleData>
		<SimpleData name="PAINT">0</SimpleData>
		<SimpleData name="TREES">0</SimpleData>
		<SimpleData name="remarks"></SimpleData>
		<SimpleData name="globalID">0</SimpleData>
		<SimpleData name="id">96</SimpleData>
		<SimpleData name="GlobalID_2">{047b4483-2cdb-4980-8522-ed9f53f470de}</SimpleData>
		<SimpleData name="CreationDa">2025/08/25</SimpleData>
		<SimpleData name="Creator">JTMTJTMT</SimpleData>
		<SimpleData name="EditDate">2025/08/25</SimpleData>
		<SimpleData name="Editor">JTMTJTMT</SimpleData>
		<SimpleData name="Shape__Len">150.02819364000</SimpleData>
		<SimpleData name="Link"></SimpleData>
		<SimpleData name="Framework">רכבת קלה - הקו הכחול</SimpleData>
		<SimpleData name="Engineer"></SimpleData>
		<SimpleData name="Director"></SimpleData>
		<SimpleData name="Architect"></SimpleData>
		<SimpleData name="respons"></SimpleData>
		<SimpleData name="V39"></SimpleData>
	</SchemaData></ExtendedData>
      <MultiGeometry><LineString><coordinates>35.213852,31.801436,0 35.213847,31.801416,0 35.213872,31.80138,0 35.213896,31.801332,0 35.213916,31.801273,0 35.213901,31.801213,0 35.213869,31.801094,0 35.213817,31.800895,0 35.213728,31.800635,0 35.21362,31.800369,0 35.213526,31.800184,0 35.213509,31.800151,0</coordinates></LineString></MultiGeometry>
  </Placemark>
  <Placemark>
	<name></name>
	<description>תיאור: &lt;br&gt;PartName: רק&quot;ל רמות&lt;br&gt;StreetName: שדרות גולדה מאיר&lt;br&gt;status_tex: בביצוע&lt;br&gt;openyear_n: 0&lt;br&gt;BPHTtype: 1&lt;br&gt;usable: 0&lt;br&gt;infra: 0&lt;br&gt;roadtype: 3&lt;br&gt;BPHdir: 0.00000000000&lt;br&gt;BPHplace: 2&lt;br&gt;DIRtype: 2&lt;br&gt;DIRTraffic: 9&lt;br&gt;TOPOLOGY: 0&lt;br&gt;DIV_Veh: 3&lt;br&gt;DIV_Walk: 0&lt;br&gt;Signpost: 0&lt;br&gt;Parking: 0&lt;br&gt;LEVEL_: 0&lt;br&gt;PAINT: 0&lt;br&gt;TREES: 0&lt;br&gt;remarks: &lt;br&gt;globalID: 0&lt;br&gt;id: 216&lt;br&gt;GlobalID_2: {53c851f5-5f6d-4928-bae3-ee011e844f51}&lt;br&gt;CreationDa: 2025/08/25&lt;br&gt;Creator: JTMTJTMT&lt;br&gt;EditDate: 2025/08/25&lt;br&gt;Editor: JTMTJTMT&lt;br&gt;Shape__Len: 154.59836376700&lt;br&gt;Link: &lt;br&gt;Framework: רכבת קלה - הקו הכחול&lt;br&gt;Engineer: &lt;br&gt;Director: &lt;br&gt;Architect: &lt;br&gt;respons: </description>
	<Style><LineStyle><color>ff0000ff</color></LineStyle><PolyStyle><fill>0</fill></PolyStyle></Style>
	<ExtendedData><SchemaData schemaUrl="#bike_lanes_construction">
		<SimpleData name="WKT">LINESTRING (35.213509 31.800151, 35.213501 31.800134, 35.213465 31.800123, 35.213373 31.800106, 35.213236 31.800082, 35.212954 31.800027, 35.212682 31.799972, 35.212236 31.799876, 35.211933 31.79982)</SimpleData>
		<SimpleData name="PartName">רק&quot;ל רמות</SimpleData>
		<SimpleData name="StreetName">שדרות גולדה מאיר</SimpleData>
		<SimpleData name="status_tex">בביצוע</SimpleData>
		<SimpleData name="openyear_n">0</SimpleData>
		<SimpleData name="BPHTtype">1</SimpleData>
		<SimpleData name="usable">0</SimpleData>
		<SimpleData name="infra">0</SimpleData>
		<SimpleData name="roadtype">3</SimpleData>
		<SimpleData name="BPHdir">0</SimpleData>
		<SimpleData name="BPHplace">2</SimpleData>
		<SimpleData name="DIRtype">2</SimpleData>
		<SimpleData name="DIRTraffic">9</SimpleData>
		<SimpleData name="TOPOLOGY">0</SimpleData>
		<SimpleData name="DIV_Veh">3</SimpleData>
		<SimpleData name="DIV_Walk">0</SimpleData>
		<SimpleData name="Signpost">0</SimpleData>
		<SimpleData name="Parking">0</SimpleData>
		<SimpleData name="LEVEL_">0</SimpleData>
		<SimpleData name="PAINT">0</SimpleData>
		<SimpleData name="TREES">0</SimpleData>
		<SimpleData name="remarks"></SimpleData>
		<SimpleData name="globalID">0</SimpleData>
		<SimpleData name="id">216</SimpleData>
		<SimpleData name="GlobalID_2">{53c851f5-5f6d-4928-bae3-ee011e844f51}</SimpleData>
		<SimpleData name="CreationDa">2025/08/25</SimpleData>
		<SimpleData name="Creator">JTMTJTMT</SimpleData>
		<SimpleData name="EditDate">2025/08/25</SimpleData>
		<SimpleData name="Editor">JTMTJTMT</SimpleData>
		<SimpleData name="Shape__Len">154.59836376700</SimpleData>
		<SimpleData name="Link"></SimpleData>
		<SimpleData name="Framework">רכבת קלה - הקו הכחול</SimpleData>
		<SimpleData name="Engineer"></SimpleData>
		<SimpleData name="Director"></SimpleData>
		<SimpleData name="Architect"></SimpleData>
		<SimpleData name="respons"></SimpleData>
		<SimpleData name="V39"></SimpleData>
	</SchemaData></ExtendedData>
      <MultiGeometry><LineString><coordinates>35.213509,31.800151,0 35.213501,31.800134,0 35.213465,31.800123,0 35.213373,31.800106,0 35.213236,31.800082,0 35.212954,31.800027,0 35.212682,31.799972,0 35.212236,31.799876,0 35.211933,31.79982,0</coordinates></LineString></MultiGeometry>
  </Placemark>
  <Placemark>
	<name></name>
	<description>תיאור: &lt;br&gt;PartName: רק&quot;ל רמות&lt;br&gt;StreetName: שדרות גולדה מאיר&lt;br&gt;status_tex: בביצוע&lt;br&gt;openyear_n: 0&lt;br&gt;BPHTtype: 1&lt;br&gt;usable: 0&lt;br&gt;infra: 0&lt;br&gt;roadtype: 3&lt;br&gt;BPHdir: 0.00000000000&lt;br&gt;BPHplace: 0&lt;br&gt;DIRtype: 2&lt;br&gt;DIRTraffic: 9&lt;br&gt;TOPOLOGY: 0&lt;br&gt;DIV_Veh: 0&lt;br&gt;DIV_Walk: 0&lt;br&gt;Signpost: 0&lt;br&gt;Parking: 0&lt;br&gt;LEVEL_: 0&lt;br&gt;PAINT: 0&lt;br&gt;TREES: 0&lt;br&gt;remarks: &lt;br&gt;globalID: 0&lt;br&gt;id: 216&lt;br&gt;GlobalID_2: {b85ee326-5183-478f-a9a8-b46620bd2bdc}&lt;br&gt;CreationDa: 2025/08/25&lt;br&gt;Creator: JTMTJTMT&lt;br&gt;EditDate: 2025/08/25&lt;br&gt;Editor: JTMTJTMT&lt;br&gt;Shape__Len: 4.56942250270&lt;br&gt;Link: &lt;br&gt;Framework: רכבת קלה - הקו הכחול&lt;br&gt;Engineer: &lt;br&gt;Director: &lt;br&gt;Architect: &lt;br&gt;respons: </description>
	<Style><LineStyle><color>ff0000ff</color></LineStyle><PolyStyle><fill>0</fill></PolyStyle></Style>
	<ExtendedData><SchemaData schemaUrl="#bike_lanes_construction">
		<SimpleData name="WKT">LINESTRING (35.203664 31.808266, 35.203617 31.808275)</SimpleData>
		<SimpleData name="PartName">רק&quot;ל רמות</SimpleData>
		<SimpleData name="StreetName">שדרות גולדה מאיר</SimpleData>
		<SimpleData name="status_tex">בביצוע</SimpleData>
		<SimpleData name="openyear_n">0</SimpleData>
		<SimpleData name="BPHTtype">1</SimpleData>
		<SimpleData name="usable">0</SimpleData>
		<SimpleData name="infra">0</SimpleData>
		<SimpleData name="roadtype">3</SimpleData>
		<SimpleData name="BPHdir">0</SimpleData>
		<SimpleData name="BPHplace">0</SimpleData>
		<SimpleData name="DIRtype">2</SimpleData>
		<SimpleData name="DIRTraffic">9</SimpleData>
		<SimpleData name="TOPOLOGY">0</SimpleData>
		<SimpleData name="DIV_Veh">0</SimpleData>
		<SimpleData name="DIV_Walk">0</SimpleData>
		<SimpleData name="Signpost">0</SimpleData>
		<SimpleData name="Parking">0</SimpleData>
		<SimpleData name="LEVEL_">0</SimpleData>
		<SimpleData name="PAINT">0</SimpleData>
		<SimpleData name="TREES">0</SimpleData>
		<SimpleData name="remarks"></SimpleData>
		<SimpleData name="globalID">0</SimpleData>
		<SimpleData name="id">216</SimpleData>
		<SimpleData name="GlobalID_2">{b85ee326-5183-478f-a9a8-b46620bd2bdc}</SimpleData>
		<SimpleData name="CreationDa">2025/08/25</SimpleData>
		<SimpleData name="Creator">JTMTJTMT</SimpleData>
		<SimpleData name="EditDate">2025/08/25</SimpleData>
		<SimpleData name="Editor">JTMTJTMT</SimpleData>
		<SimpleData name="Shape__Len">4.56942250270</SimpleData>
		<SimpleData name="Link"></SimpleData>
		<SimpleData name="Framework">רכבת קלה - הקו הכחול</SimpleData>
		<SimpleData name="Engineer"></SimpleData>
		<SimpleData name="Director"></SimpleData>
		<SimpleData name="Architect"></SimpleData>
		<SimpleData name="respons"></SimpleData>
		<SimpleData name="V39"></SimpleData>
	</SchemaData></ExtendedData>
      <MultiGeometry><LineString><coordinates>35.203664,31.808266,0 35.203617,31.808275,0</coordinates></LineString></MultiGeometry>
  </Placemark>
  <Placemark>
	<name></name>
	<description>תיאור: &lt;br&gt;PartName: רק&quot;ל רמות&lt;br&gt;StreetName: שדרות גולדה מאיר&lt;br&gt;status_tex: בביצוע&lt;br&gt;openyear_n: 0&lt;br&gt;BPHTtype: 1&lt;br&gt;usable: 0&lt;br&gt;infra: 0&lt;br&gt;roadtype: 3&lt;br&gt;BPHdir: 0.00000000000&lt;br&gt;BPHplace: 0&lt;br&gt;DIRtype: 2&lt;br&gt;DIRTraffic: 9&lt;br&gt;TOPOLOGY: 0&lt;br&gt;DIV_Veh: 0&lt;br&gt;DIV_Walk: 0&lt;br&gt;Signpost: 0&lt;br&gt;Parking: 0&lt;br&gt;LEVEL_: 0&lt;br&gt;PAINT: 0&lt;br&gt;TREES: 0&lt;br&gt;remarks: &lt;br&gt;globalID: 0&lt;br&gt;id: 216&lt;br&gt;GlobalID_2: {0c3d8374-9b1a-4b41-9b40-deff93313c84}&lt;br&gt;CreationDa: 2025/08/25&lt;br&gt;Creator: JTMTJTMT&lt;br&gt;EditDate: 2025/08/25&lt;br&gt;Editor: JTMTJTMT&lt;br&gt;Shape__Len: 566.77022654100&lt;br&gt;Link: &lt;br&gt;Framework: רכבת קלה - הקו הכחול&lt;br&gt;Engineer: &lt;br&gt;Director: &lt;br&gt;Architect: &lt;br&gt;respons: </description>
	<Style><LineStyle><color>ff0000ff</color></LineStyle><PolyStyle><fill>0</fill></PolyStyle></Style>
	<ExtendedData><SchemaData schemaUrl="#bike_lanes_construction">
		<SimpleData name="WKT">LINESTRING (35.203617 31.808275, 35.203585 31.808291, 35.20356 31.808316, 35.203598 31.808435, 35.203623 31.808606, 35.203654 31.808855, 35.20366 31.808997, 35.203682 31.809074, 35.203699 31.80919, 35.203694 31.809367, 35.203665 31.809577, 35.203635 31.809805, 35.203611 31.809931, 35.203551 31.810125, 35.203375 31.810593, 35.203208 31.810926, 35.202961 31.811255, 35.202709 31.81151, 35.202517 31.811667, 35.202279 31.811825, 35.202058 31.811946, 35.201643 31.81212, 35.201548 31.812153, 35.201411 31.812184, 35.201308 31.812199, 35.201266 31.8122, 35.201197 31.812189, 35.201137 31.812169, 35.201037 31.812175)</SimpleData>
		<SimpleData name="PartName">רק&quot;ל רמות</SimpleData>
		<SimpleData name="StreetName">שדרות גולדה מאיר</SimpleData>
		<SimpleData name="status_tex">בביצוע</SimpleData>
		<SimpleData name="openyear_n">0</SimpleData>
		<SimpleData name="BPHTtype">1</SimpleData>
		<SimpleData name="usable">0</SimpleData>
		<SimpleData name="infra">0</SimpleData>
		<SimpleData name="roadtype">3</SimpleData>
		<SimpleData name="BPHdir">0</SimpleData>
		<SimpleData name="BPHplace">0</SimpleData>
		<SimpleData name="DIRtype">2</SimpleData>
		<SimpleData name="DIRTraffic">9</SimpleData>
		<SimpleData name="TOPOLOGY">0</SimpleData>
		<SimpleData name="DIV_Veh">0</SimpleData>
		<SimpleData name="DIV_Walk">0</SimpleData>
		<SimpleData name="Signpost">0</SimpleData>
		<SimpleData name="Parking">0</SimpleData>
		<SimpleData name="LEVEL_">0</SimpleData>
		<SimpleData name="PAINT">0</SimpleData>
		<SimpleData name="TREES">0</SimpleData>
		<SimpleData name="remarks"></SimpleData>
		<SimpleData name="globalID">0</SimpleData>
		<SimpleData name="id">216</SimpleData>
		<SimpleData name="GlobalID_2">{0c3d8374-9b1a-4b41-9b40-deff93313c84}</SimpleData>
		<SimpleData name="CreationDa">2025/08/25</SimpleData>
		<SimpleData name="Creator">JTMTJTMT</SimpleData>
		<SimpleData name="EditDate">2025/08/25</SimpleData>
		<SimpleData name="Editor">JTMTJTMT</SimpleData>
		<SimpleData name="Shape__Len">566.77022654100</SimpleData>
		<SimpleData name="Link"></SimpleData>
		<SimpleData name="Framework">רכבת קלה - הקו הכחול</SimpleData>
		<SimpleData name="Engineer"></SimpleData>
		<SimpleData name="Director"></SimpleData>
		<SimpleData name="Architect"></SimpleData>
		<SimpleData name="respons"></SimpleData>
		<SimpleData name="V39"></SimpleData>
	</SchemaData></ExtendedData>
      <MultiGeometry><LineString><coordinates>35.203617,31.808275,0 35.203585,31.808291,0 35.20356,31.808316,0 35.203598,31.808435,0 35.203623,31.808606,0 35.203654,31.808855,0 35.20366,31.808997,0 35.203682,31.809074,0 35.203699,31.80919,0 35.203694,31.809367,0 35.203665,31.809577,0 35.203635,31.809805,0 35.203611,31.809931,0 35.203551,31.810125,0 35.203375,31.810593,0 35.203208,31.810926,0 35.202961,31.811255,0 35.202709,31.81151,0 35.202517,31.811667,0 35.202279,31.811825,0 35.202058,31.811946,0 35.201643,31.81212,0 35.201548,31.812153,0 35.201411,31.812184,0 35.201308,31.812199,0 35.201266,31.8122,0 35.201197,31.812189,0 35.201137,31.812169,0 35.201037,31.812175,0</coordinates></LineString></MultiGeometry>
  </Placemark>
  <Placemark>
	<name></name>
	<description>תיאור: &lt;br&gt;PartName: רק&quot;ל רמות&lt;br&gt;StreetName: שדרות גולדה מאיר&lt;br&gt;status_tex: בביצוע&lt;br&gt;openyear_n: 0&lt;br&gt;BPHTtype: 1&lt;br&gt;usable: 0&lt;br&gt;infra: 0&lt;br&gt;roadtype: 3&lt;br&gt;BPHdir: 0.00000000000&lt;br&gt;BPHplace: 0&lt;br&gt;DIRtype: 2&lt;br&gt;DIRTraffic: 9&lt;br&gt;TOPOLOGY: 0&lt;br&gt;DIV_Veh: 0&lt;br&gt;DIV_Walk: 0&lt;br&gt;Signpost: 0&lt;br&gt;Parking: 0&lt;br&gt;LEVEL_: 0&lt;br&gt;PAINT: 0&lt;br&gt;TREES: 0&lt;br&gt;remarks: &lt;br&gt;globalID: 0&lt;br&gt;id: 216&lt;br&gt;GlobalID_2: {cfbaa9e8-430f-4b25-9622-27f078c56dfe}&lt;br&gt;CreationDa: 2025/08/25&lt;br&gt;Creator: JTMTJTMT&lt;br&gt;EditDate: 2025/08/25&lt;br&gt;Editor: JTMTJTMT&lt;br&gt;Shape__Len: 656.06659594000&lt;br&gt;Link: &lt;br&gt;Framework: רכבת קלה - הקו הכחול&lt;br&gt;Engineer: &lt;br&gt;Director: &lt;br&gt;Architect: &lt;br&gt;respons: </description>
	<Style><LineStyle><color>ff0000ff</color></LineStyle><PolyStyle><fill>0</fill></PolyStyle></Style>
	<ExtendedData><SchemaData schemaUrl="#bike_lanes_construction">
		<SimpleData name="WKT">LINESTRING (35.200918 31.8122, 35.200751 31.812201, 35.200724 31.812204, 35.200699 31.812211, 35.200674 31.812228, 35.200641 31.812241, 35.200587 31.812251, 35.200498 31.812261, 35.20032 31.812269, 35.200165 31.812259, 35.20008 31.812258, 35.199919 31.812264, 35.199822 31.812268, 35.199558 31.812297, 35.199312 31.812325, 35.199088 31.812353, 35.198873 31.812384, 35.198651 31.812425, 35.198542 31.812461, 35.198423 31.812504, 35.198135 31.812603, 35.197786 31.812751, 35.197571 31.812861, 35.197349 31.812988, 35.19716 31.813109, 35.196934 31.813283, 35.196742 31.813458, 35.196587 31.813622, 35.196445 31.813803, 35.196358 31.813929, 35.196256 31.8141, 35.196161 31.814288, 35.196103 31.814432, 35.196056 31.81457, 35.195987 31.814767, 35.19593 31.814936, 35.195878 31.815061, 35.195848 31.815103, 35.195782 31.815177, 35.195772 31.815256)</SimpleData>
		<SimpleData name="PartName">רק&quot;ל רמות</SimpleData>
		<SimpleData name="StreetName">שדרות גולדה מאיר</SimpleData>
		<SimpleData name="status_tex">בביצוע</SimpleData>
		<SimpleData name="openyear_n">0</SimpleData>
		<SimpleData name="BPHTtype">1</SimpleData>
		<SimpleData name="usable">0</SimpleData>
		<SimpleData name="infra">0</SimpleData>
		<SimpleData name="roadtype">3</SimpleData>
		<SimpleData name="BPHdir">0</SimpleData>
		<SimpleData name="BPHplace">0</SimpleData>
		<SimpleData name="DIRtype">2</SimpleData>
		<SimpleData name="DIRTraffic">9</SimpleData>
		<SimpleData name="TOPOLOGY">0</SimpleData>
		<SimpleData name="DIV_Veh">0</SimpleData>
		<SimpleData name="DIV_Walk">0</SimpleData>
		<SimpleData name="Signpost">0</SimpleData>
		<SimpleData name="Parking">0</SimpleData>
		<SimpleData name="LEVEL_">0</SimpleData>
		<SimpleData name="PAINT">0</SimpleData>
		<SimpleData name="TREES">0</SimpleData>
		<SimpleData name="remarks"></SimpleData>
		<SimpleData name="globalID">0</SimpleData>
		<SimpleData name="id">216</SimpleData>
		<SimpleData name="GlobalID_2">{cfbaa9e8-430f-4b25-9622-27f078c56dfe}</SimpleData>
		<SimpleData name="CreationDa">2025/08/25</SimpleData>
		<SimpleData name="Creator">JTMTJTMT</SimpleData>
		<SimpleData name="EditDate">2025/08/25</SimpleData>
		<SimpleData name="Editor">JTMTJTMT</SimpleData>
		<SimpleData name="Shape__Len">656.06659594000</SimpleData>
		<SimpleData name="Link"></SimpleData>
		<SimpleData name="Framework">רכבת קלה - הקו הכחול</SimpleData>
		<SimpleData name="Engineer"></SimpleData>
		<SimpleData name="Director"></SimpleData>
		<SimpleData name="Architect"></SimpleData>
		<SimpleData name="respons"></SimpleData>
		<SimpleData name="V39"></SimpleData>
	</SchemaData></ExtendedData>
      <MultiGeometry><LineString><coordinates>35.200918,31.8122,0 35.200751,31.812201,0 35.200724,31.812204,0 35.200699,31.812211,0 35.200674,31.812228,0 35.200641,31.812241,0 35.200587,31.812251,0 35.200498,31.812261,0 35.20032,31.812269,0 35.200165,31.812259,0 35.20008,31.812258,0 35.199919,31.812264,0 35.199822,31.812268,0 35.199558,31.812297,0 35.199312,31.812325,0 35.199088,31.812353,0 35.198873,31.812384,0 35.198651,31.812425,0 35.198542,31.812461,0 35.198423,31.812504,0 35.198135,31.812603,0 35.197786,31.812751,0 35.197571,31.812861,0 35.197349,31.812988,0 35.19716,31.813109,0 35.196934,31.813283,0 35.196742,31.813458,0 35.196587,31.813622,0 35.196445,31.813803,0 35.196358,31.813929,0 35.196256,31.8141,0 35.196161,31.814288,0 35.196103,31.814432,0 35.196056,31.81457,0 35.195987,31.814767,0 35.19593,31.814936,0 35.195878,31.815061,0 35.195848,31.815103,0 35.195782,31.815177,0 35.195772,31.815256,0</coordinates></LineString></MultiGeometry>
  </Placemark>
  <Placemark>
	<name></name>
	<description>תיאור: &lt;br&gt;PartName: רק&quot;ל רמות&lt;br&gt;StreetName: שדרות גולדה מאיר&lt;br&gt;status_tex: בביצוע&lt;br&gt;openyear_n: 0&lt;br&gt;BPHTtype: 1&lt;br&gt;usable: 0&lt;br&gt;infra: 0&lt;br&gt;roadtype: 3&lt;br&gt;BPHdir: 0.00000000000&lt;br&gt;BPHplace: 0&lt;br&gt;DIRtype: 2&lt;br&gt;DIRTraffic: 9&lt;br&gt;TOPOLOGY: 0&lt;br&gt;DIV_Veh: 0&lt;br&gt;DIV_Walk: 0&lt;br&gt;Signpost: 0&lt;br&gt;Parking: 0&lt;br&gt;LEVEL_: 0&lt;br&gt;PAINT: 0&lt;br&gt;TREES: 0&lt;br&gt;remarks: &lt;br&gt;globalID: 0&lt;br&gt;id: 216&lt;br&gt;GlobalID_2: {f8e07c39-1a37-4f2a-a1a3-583127dc866e}&lt;br&gt;CreationDa: 2025/08/25&lt;br&gt;Creator: JTMTJTMT&lt;br&gt;EditDate: 2025/08/25&lt;br&gt;Editor: JTMTJTMT&lt;br&gt;Shape__Len: 410.93895573900&lt;br&gt;Link: &lt;br&gt;Framework: רכבת קלה - הקו הכחול&lt;br&gt;Engineer: &lt;br&gt;Director: &lt;br&gt;Architect: &lt;br&gt;respons: </description>
	<Style><LineStyle><color>ff0000ff</color></LineStyle><PolyStyle><fill>0</fill></PolyStyle></Style>
	<ExtendedData><SchemaData schemaUrl="#bike_lanes_construction">
		<SimpleData name="WKT">LINESTRING (35.195761 31.81534, 35.195702 31.815485, 35.19566 31.815573, 35.195659 31.815628, 35.195664 31.815719, 35.195658 31.815777, 35.195611 31.815934, 35.195383 31.816454, 35.195093 31.816992, 35.19511 31.817082, 35.195012 31.817312, 35.194973 31.817486, 35.194879 31.817603, 35.194815 31.817755, 35.194714 31.817979, 35.194699 31.818029, 35.194551 31.818195, 35.194362 31.818362, 35.194307 31.818425, 35.194156 31.818517, 35.19405 31.818513, 35.19403 31.818578)</SimpleData>
		<SimpleData name="PartName">רק&quot;ל רמות</SimpleData>
		<SimpleData name="StreetName">שדרות גולדה מאיר</SimpleData>
		<SimpleData name="status_tex">בביצוע</SimpleData>
		<SimpleData name="openyear_n">0</SimpleData>
		<SimpleData name="BPHTtype">1</SimpleData>
		<SimpleData name="usable">0</SimpleData>
		<SimpleData name="infra">0</SimpleData>
		<SimpleData name="roadtype">3</SimpleData>
		<SimpleData name="BPHdir">0</SimpleData>
		<SimpleData name="BPHplace">0</SimpleData>
		<SimpleData name="DIRtype">2</SimpleData>
		<SimpleData name="DIRTraffic">9</SimpleData>
		<SimpleData name="TOPOLOGY">0</SimpleData>
		<SimpleData name="DIV_Veh">0</SimpleData>
		<SimpleData name="DIV_Walk">0</SimpleData>
		<SimpleData name="Signpost">0</SimpleData>
		<SimpleData name="Parking">0</SimpleData>
		<SimpleData name="LEVEL_">0</SimpleData>
		<SimpleData name="PAINT">0</SimpleData>
		<SimpleData name="TREES">0</SimpleData>
		<SimpleData name="remarks"></SimpleData>
		<SimpleData name="globalID">0</SimpleData>
		<SimpleData name="id">216</SimpleData>
		<SimpleData name="GlobalID_2">{f8e07c39-1a37-4f2a-a1a3-583127dc866e}</SimpleData>
		<SimpleData name="CreationDa">2025/08/25</SimpleData>
		<SimpleData name="Creator">JTMTJTMT</SimpleData>
		<SimpleData name="EditDate">2025/08/25</SimpleData>
		<SimpleData name="Editor">JTMTJTMT</SimpleData>
		<SimpleData name="Shape__Len">410.93895573900</SimpleData>
		<SimpleData name="Link"></SimpleData>
		<SimpleData name="Framework">רכבת קלה - הקו הכחול</SimpleData>
		<SimpleData name="Engineer"></SimpleData>
		<SimpleData name="Director"></SimpleData>
		<SimpleData name="Architect"></SimpleData>
		<SimpleData name="respons"></SimpleData>
		<SimpleData name="V39"></SimpleData>
	</SchemaData></ExtendedData>
      <MultiGeometry><LineString><coordinates>35.195761,31.81534,0 35.195702,31.815485,0 35.19566,31.815573,0 35.195659,31.815628,0 35.195664,31.815719,0 35.195658,31.815777,0 35.195611,31.815934,0 35.195383,31.816454,0 35.195093,31.816992,0 35.19511,31.817082,0 35.195012,31.817312,0 35.194973,31.817486,0 35.194879,31.817603,0 35.194815,31.817755,0 35.194714,31.817979,0 35.194699,31.818029,0 35.194551,31.818195,0 35.194362,31.818362,0 35.194307,31.818425,0 35.194156,31.818517,0 35.19405,31.818513,0 35.19403,31.818578,0</coordinates></LineString></MultiGeometry>
  </Placemark>
  <Placemark>
	<name></name>
	<description>תיאור: &lt;br&gt;PartName: רק&quot;ל רמות&lt;br&gt;StreetName: שדרות גולדה מאיר&lt;br&gt;status_tex: בביצוע&lt;br&gt;openyear_n: 0&lt;br&gt;BPHTtype: 1&lt;br&gt;usable: 0&lt;br&gt;infra: 0&lt;br&gt;roadtype: 3&lt;br&gt;BPHdir: 0.00000000000&lt;br&gt;BPHplace: 0&lt;br&gt;DIRtype: 2&lt;br&gt;DIRTraffic: 9&lt;br&gt;TOPOLOGY: 0&lt;br&gt;DIV_Veh: 0&lt;br&gt;DIV_Walk: 0&lt;br&gt;Signpost: 0&lt;br&gt;Parking: 0&lt;br&gt;LEVEL_: 0&lt;br&gt;PAINT: 0&lt;br&gt;TREES: 0&lt;br&gt;remarks: &lt;br&gt;globalID: 0&lt;br&gt;id: 216&lt;br&gt;GlobalID_2: {51647920-589c-4788-bad7-1dd689b1ac80}&lt;br&gt;CreationDa: 2025/08/25&lt;br&gt;Creator: JTMTJTMT&lt;br&gt;EditDate: 2025/08/25&lt;br&gt;Editor: JTMTJTMT&lt;br&gt;Shape__Len: 557.53071643300&lt;br&gt;Link: &lt;br&gt;Framework: רכבת קלה - הקו הכחול&lt;br&gt;Engineer: &lt;br&gt;Director: &lt;br&gt;Architect: &lt;br&gt;respons: </description>
	<Style><LineStyle><color>ff0000ff</color></LineStyle><PolyStyle><fill>0</fill></PolyStyle></Style>
	<ExtendedData><SchemaData schemaUrl="#bike_lanes_construction">
		<SimpleData name="WKT">LINESTRING (35.19383 31.818704, 35.193714 31.818731, 35.19364 31.818719, 35.193482 31.818864, 35.191578 31.819548, 35.190959 31.819794, 35.190644 31.819945, 35.190104 31.820296, 35.189799 31.820604, 35.189492 31.82107, 35.189404 31.821277, 35.189352 31.821372, 35.189262 31.821451, 35.189295 31.8215)</SimpleData>
		<SimpleData name="PartName">רק&quot;ל רמות</SimpleData>
		<SimpleData name="StreetName">שדרות גולדה מאיר</SimpleData>
		<SimpleData name="status_tex">בביצוע</SimpleData>
		<SimpleData name="openyear_n">0</SimpleData>
		<SimpleData name="BPHTtype">1</SimpleData>
		<SimpleData name="usable">0</SimpleData>
		<SimpleData name="infra">0</SimpleData>
		<SimpleData name="roadtype">3</SimpleData>
		<SimpleData name="BPHdir">0</SimpleData>
		<SimpleData name="BPHplace">0</SimpleData>
		<SimpleData name="DIRtype">2</SimpleData>
		<SimpleData name="DIRTraffic">9</SimpleData>
		<SimpleData name="TOPOLOGY">0</SimpleData>
		<SimpleData name="DIV_Veh">0</SimpleData>
		<SimpleData name="DIV_Walk">0</SimpleData>
		<SimpleData name="Signpost">0</SimpleData>
		<SimpleData name="Parking">0</SimpleData>
		<SimpleData name="LEVEL_">0</SimpleData>
		<SimpleData name="PAINT">0</SimpleData>
		<SimpleData name="TREES">0</SimpleData>
		<SimpleData name="remarks"></SimpleData>
		<SimpleData name="globalID">0</SimpleData>
		<SimpleData name="id">216</SimpleData>
		<SimpleData name="GlobalID_2">{51647920-589c-4788-bad7-1dd689b1ac80}</SimpleData>
		<SimpleData name="CreationDa">2025/08/25</SimpleData>
		<SimpleData name="Creator">JTMTJTMT</SimpleData>
		<SimpleData name="EditDate">2025/08/25</SimpleData>
		<SimpleData name="Editor">JTMTJTMT</SimpleData>
		<SimpleData name="Shape__Len">557.53071643300</SimpleData>
		<SimpleData name="Link"></SimpleData>
		<SimpleData name="Framework">רכבת קלה - הקו הכחול</SimpleData>
		<SimpleData name="Engineer"></SimpleData>
		<SimpleData name="Director"></SimpleData>
		<SimpleData name="Architect"></SimpleData>
		<SimpleData name="respons"></SimpleData>
		<SimpleData name="V39"></SimpleData>
	</SchemaData></ExtendedData>
      <MultiGeometry><LineString><coordinates>35.19383,31.818704,0 35.193714,31.818731,0 35.19364,31.818719,0 35.193482,31.818864,0 35.191578,31.819548,0 35.190959,31.819794,0 35.190644,31.819945,0 35.190104,31.820296,0 35.189799,31.820604,0 35.189492,31.82107,0 35.189404,31.821277,0 35.189352,31.821372,0 35.189262,31.821451,0 35.189295,31.8215,0</coordinates></LineString></MultiGeometry>
  </Placemark>
  <Placemark>
	<name></name>
	<description>תיאור: &lt;br&gt;PartName: רק&quot;ל רמות&lt;br&gt;StreetName: שדרות גולדה מאיר&lt;br&gt;status_tex: בביצוע&lt;br&gt;openyear_n: 0&lt;br&gt;BPHTtype: 1&lt;br&gt;usable: 0&lt;br&gt;infra: 0&lt;br&gt;roadtype: 3&lt;br&gt;BPHdir: 0.00000000000&lt;br&gt;BPHplace: 0&lt;br&gt;DIRtype: 2&lt;br&gt;DIRTraffic: 9&lt;br&gt;TOPOLOGY: 0&lt;br&gt;DIV_Veh: 0&lt;br&gt;DIV_Walk: 0&lt;br&gt;Signpost: 0&lt;br&gt;Parking: 0&lt;br&gt;LEVEL_: 0&lt;br&gt;PAINT: 0&lt;br&gt;TREES: 0&lt;br&gt;remarks: &lt;br&gt;globalID: 0&lt;br&gt;id: 216&lt;br&gt;GlobalID_2: {cea6a9e0-20b6-46fe-bd0b-d580fe5ff9c0}&lt;br&gt;CreationDa: 2025/08/25&lt;br&gt;Creator: JTMTJTMT&lt;br&gt;EditDate: 2025/08/25&lt;br&gt;Editor: JTMTJTMT&lt;br&gt;Shape__Len: 6.68871981860&lt;br&gt;Link: &lt;br&gt;Framework: רכבת קלה - הקו הכחול&lt;br&gt;Engineer: &lt;br&gt;Director: &lt;br&gt;Architect: &lt;br&gt;respons: </description>
	<Style><LineStyle><color>ff0000ff</color></LineStyle><PolyStyle><fill>0</fill></PolyStyle></Style>
	<ExtendedData><SchemaData schemaUrl="#bike_lanes_construction">
		<SimpleData name="WKT">LINESTRING (35.193941 31.818649, 35.193879 31.818677)</SimpleData>
		<SimpleData name="PartName">רק&quot;ל רמות</SimpleData>
		<SimpleData name="StreetName">שדרות גולדה מאיר</SimpleData>
		<SimpleData name="status_tex">בביצוע</SimpleData>
		<SimpleData name="openyear_n">0</SimpleData>
		<SimpleData name="BPHTtype">1</SimpleData>
		<SimpleData name="usable">0</SimpleData>
		<SimpleData name="infra">0</SimpleData>
		<SimpleData name="roadtype">3</SimpleData>
		<SimpleData name="BPHdir">0</SimpleData>
		<SimpleData name="BPHplace">0</SimpleData>
		<SimpleData name="DIRtype">2</SimpleData>
		<SimpleData name="DIRTraffic">9</SimpleData>
		<SimpleData name="TOPOLOGY">0</SimpleData>
		<SimpleData name="DIV_Veh">0</SimpleData>
		<SimpleData name="DIV_Walk">0</SimpleData>
		<SimpleData name="Signpost">0</SimpleData>
		<SimpleData name="Parking">0</SimpleData>
		<SimpleData name="LEVEL_">0</SimpleData>
		<SimpleData name="PAINT">0</SimpleData>
		<SimpleData name="TREES">0</SimpleData>
		<SimpleData name="remarks"></SimpleData>
		<SimpleData name="globalID">0</SimpleData>
		<SimpleData name="id">216</SimpleData>
		<SimpleData name="GlobalID_2">{cea6a9e0-20b6-46fe-bd0b-d580fe5ff9c0}</SimpleData>
		<SimpleData name="CreationDa">2025/08/25</SimpleData>
		<SimpleData name="Creator">JTMTJTMT</SimpleData>
		<SimpleData name="EditDate">2025/08/25</SimpleData>
		<SimpleData name="Editor">JTMTJTMT</SimpleData>
		<SimpleData name="Shape__Len">6.68871981860</SimpleData>
		<SimpleData name="Link"></SimpleData>
		<SimpleData name="Framework">רכבת קלה - הקו הכחול</SimpleData>
		<SimpleData name="Engineer"></SimpleData>
		<SimpleData name="Director"></SimpleData>
		<SimpleData name="Architect"></SimpleData>
		<SimpleData name="respons"></SimpleData>
		<SimpleData name="V39"></SimpleData>
	</SchemaData></ExtendedData>
      <MultiGeometry><LineString><coordinates>35.193941,31.818649,0 35.193879,31.818677,0</coordinates></LineString></MultiGeometry>
  </Placemark>
  <Placemark>
	<name></name>
	<description>תיאור: &lt;br&gt;PartName: רק&quot;ל רמות&lt;br&gt;StreetName: שדרות גולדה מאיר&lt;br&gt;status_tex: בביצוע&lt;br&gt;openyear_n: 0&lt;br&gt;BPHTtype: 3&lt;br&gt;usable: 0&lt;br&gt;infra: 0&lt;br&gt;roadtype: 3&lt;br&gt;BPHdir: 0.00000000000&lt;br&gt;BPHplace: 0&lt;br&gt;DIRtype: 2&lt;br&gt;DIRTraffic: 9&lt;br&gt;TOPOLOGY: 0&lt;br&gt;DIV_Veh: 0&lt;br&gt;DIV_Walk: 0&lt;br&gt;Signpost: 0&lt;br&gt;Parking: 0&lt;br&gt;LEVEL_: 0&lt;br&gt;PAINT: 0&lt;br&gt;TREES: 0&lt;br&gt;remarks: &lt;br&gt;globalID: 0&lt;br&gt;id: 216&lt;br&gt;GlobalID_2: {7affff03-58ac-453b-b160-6b76f7cf5374}&lt;br&gt;CreationDa: 2025/08/25&lt;br&gt;Creator: JTMTJTMT&lt;br&gt;EditDate: 2025/08/25&lt;br&gt;Editor: JTMTJTMT&lt;br&gt;Shape__Len: 227.57749934900&lt;br&gt;Link: &lt;br&gt;Framework: רכבת קלה - הקו הכחול&lt;br&gt;Engineer: &lt;br&gt;Director: &lt;br&gt;Architect: &lt;br&gt;respons: </description>
	<Style><LineStyle><color>ff0000ff</color></LineStyle><PolyStyle><fill>0</fill></PolyStyle></Style>
	<ExtendedData><SchemaData schemaUrl="#bike_lanes_construction">
		<SimpleData name="WKT">LINESTRING (35.188857 31.823358, 35.188816 31.823459, 35.188532 31.824533, 35.18848 31.824842, 35.188494 31.825137, 35.188464 31.825372)</SimpleData>
		<SimpleData name="PartName">רק&quot;ל רמות</SimpleData>
		<SimpleData name="StreetName">שדרות גולדה מאיר</SimpleData>
		<SimpleData name="status_tex">בביצוע</SimpleData>
		<SimpleData name="openyear_n">0</SimpleData>
		<SimpleData name="BPHTtype">3</SimpleData>
		<SimpleData name="usable">0</SimpleData>
		<SimpleData name="infra">0</SimpleData>
		<SimpleData name="roadtype">3</SimpleData>
		<SimpleData name="BPHdir">0</SimpleData>
		<SimpleData name="BPHplace">0</SimpleData>
		<SimpleData name="DIRtype">2</SimpleData>
		<SimpleData name="DIRTraffic">9</SimpleData>
		<SimpleData name="TOPOLOGY">0</SimpleData>
		<SimpleData name="DIV_Veh">0</SimpleData>
		<SimpleData name="DIV_Walk">0</SimpleData>
		<SimpleData name="Signpost">0</SimpleData>
		<SimpleData name="Parking">0</SimpleData>
		<SimpleData name="LEVEL_">0</SimpleData>
		<SimpleData name="PAINT">0</SimpleData>
		<SimpleData name="TREES">0</SimpleData>
		<SimpleData name="remarks"></SimpleData>
		<SimpleData name="globalID">0</SimpleData>
		<SimpleData name="id">216</SimpleData>
		<SimpleData name="GlobalID_2">{7affff03-58ac-453b-b160-6b76f7cf5374}</SimpleData>
		<SimpleData name="CreationDa">2025/08/25</SimpleData>
		<SimpleData name="Creator">JTMTJTMT</SimpleData>
		<SimpleData name="EditDate">2025/08/25</SimpleData>
		<SimpleData name="Editor">JTMTJTMT</SimpleData>
		<SimpleData name="Shape__Len">227.57749934900</SimpleData>
		<SimpleData name="Link"></SimpleData>
		<SimpleData name="Framework">רכבת קלה - הקו הכחול</SimpleData>
		<SimpleData name="Engineer"></SimpleData>
		<SimpleData name="Director"></SimpleData>
		<SimpleData name="Architect"></SimpleData>
		<SimpleData name="respons"></SimpleData>
		<SimpleData name="V39"></SimpleData>
	</SchemaData></ExtendedData>
      <MultiGeometry><LineString><coordinates>35.188857,31.823358,0 35.188816,31.823459,0 35.188532,31.824533,0 35.18848,31.824842,0 35.188494,31.825137,0 35.188464,31.825372,0</coordinates></LineString></MultiGeometry>
  </Placemark>
  <Placemark>
	<name></name>
	<description>תיאור: &lt;br&gt;PartName: רק&quot;ל רמות&lt;br&gt;StreetName: שדרות גולדה מאיר&lt;br&gt;status_tex: בביצוע&lt;br&gt;openyear_n: 0&lt;br&gt;BPHTtype: 1&lt;br&gt;usable: 0&lt;br&gt;infra: 0&lt;br&gt;roadtype: 3&lt;br&gt;BPHdir: 0.00000000000&lt;br&gt;BPHplace: 0&lt;br&gt;DIRtype: 2&lt;br&gt;DIRTraffic: 9&lt;br&gt;TOPOLOGY: 0&lt;br&gt;DIV_Veh: 0&lt;br&gt;DIV_Walk: 0&lt;br&gt;Signpost: 0&lt;br&gt;Parking: 0&lt;br&gt;LEVEL_: 0&lt;br&gt;PAINT: 0&lt;br&gt;TREES: 0&lt;br&gt;remarks: &lt;br&gt;globalID: 0&lt;br&gt;id: 216&lt;br&gt;GlobalID_2: {d39c7515-e11e-4300-9bc1-8e7ec070250b}&lt;br&gt;CreationDa: 2025/08/25&lt;br&gt;Creator: JTMTJTMT&lt;br&gt;EditDate: 2025/08/25&lt;br&gt;Editor: JTMTJTMT&lt;br&gt;Shape__Len: 7.45843036725&lt;br&gt;Link: &lt;br&gt;Framework: רכבת קלה - הקו הכחול&lt;br&gt;Engineer: &lt;br&gt;Director: &lt;br&gt;Architect: &lt;br&gt;respons: </description>
	<Style><LineStyle><color>ff0000ff</color></LineStyle><PolyStyle><fill>0</fill></PolyStyle></Style>
	<ExtendedData><SchemaData schemaUrl="#bike_lanes_construction">
		<SimpleData name="WKT">LINESTRING (35.189302 31.821586, 35.18928 31.821651)</SimpleData>
		<SimpleData name="PartName">רק&quot;ל רמות</SimpleData>
		<SimpleData name="StreetName">שדרות גולדה מאיר</SimpleData>
		<SimpleData name="status_tex">בביצוע</SimpleData>
		<SimpleData name="openyear_n">0</SimpleData>
		<SimpleData name="BPHTtype">1</SimpleData>
		<SimpleData name="usable">0</SimpleData>
		<SimpleData name="infra">0</SimpleData>
		<SimpleData name="roadtype">3</SimpleData>
		<SimpleData name="BPHdir">0</SimpleData>
		<SimpleData name="BPHplace">0</SimpleData>
		<SimpleData name="DIRtype">2</SimpleData>
		<SimpleData name="DIRTraffic">9</SimpleData>
		<SimpleData name="TOPOLOGY">0</SimpleData>
		<SimpleData name="DIV_Veh">0</SimpleData>
		<SimpleData name="DIV_Walk">0</SimpleData>
		<SimpleData name="Signpost">0</SimpleData>
		<SimpleData name="Parking">0</SimpleData>
		<SimpleData name="LEVEL_">0</SimpleData>
		<SimpleData name="PAINT">0</SimpleData>
		<SimpleData name="TREES">0</SimpleData>
		<SimpleData name="remarks"></SimpleData>
		<SimpleData name="globalID">0</SimpleData>
		<SimpleData name="id">216</SimpleData>
		<SimpleData name="GlobalID_2">{d39c7515-e11e-4300-9bc1-8e7ec070250b}</SimpleData>
		<SimpleData name="CreationDa">2025/08/25</SimpleData>
		<SimpleData name="Creator">JTMTJTMT</SimpleData>
		<SimpleData name="EditDate">2025/08/25</SimpleData>
		<SimpleData name="Editor">JTMTJTMT</SimpleData>
		<SimpleData name="Shape__Len">7.45843036725</SimpleData>
		<SimpleData name="Link"></SimpleData>
		<SimpleData name="Framework">רכבת קלה - הקו הכחול</SimpleData>
		<SimpleData name="Engineer"></SimpleData>
		<SimpleData name="Director"></SimpleData>
		<SimpleData name="Architect"></SimpleData>
		<SimpleData name="respons"></SimpleData>
		<SimpleData name="V39"></SimpleData>
	</SchemaData></ExtendedData>
      <MultiGeometry><LineString><coordinates>35.189302,31.821586,0 35.18928,31.821651,0</coordinates></LineString></MultiGeometry>
  </Placemark>
  <Placemark>
	<name></name>
	<description>תיאור: &lt;br&gt;PartName: רק&quot;ל רמות&lt;br&gt;StreetName: שדרות גולדה מאיר&lt;br&gt;status_tex: בביצוע&lt;br&gt;openyear_n: 0&lt;br&gt;BPHTtype: 1&lt;br&gt;usable: 0&lt;br&gt;infra: 0&lt;br&gt;roadtype: 3&lt;br&gt;BPHdir: 0.00000000000&lt;br&gt;BPHplace: 0&lt;br&gt;DIRtype: 2&lt;br&gt;DIRTraffic: 9&lt;br&gt;TOPOLOGY: 0&lt;br&gt;DIV_Veh: 0&lt;br&gt;DIV_Walk: 0&lt;br&gt;Signpost: 0&lt;br&gt;Parking: 0&lt;br&gt;LEVEL_: 0&lt;br&gt;PAINT: 0&lt;br&gt;TREES: 0&lt;br&gt;remarks: &lt;br&gt;globalID: 0&lt;br&gt;id: 216&lt;br&gt;GlobalID_2: {85121a43-bb91-4d0e-9dd2-dc6d19371e3a}&lt;br&gt;CreationDa: 2025/08/25&lt;br&gt;Creator: JTMTJTMT&lt;br&gt;EditDate: 2025/08/25&lt;br&gt;Editor: JTMTJTMT&lt;br&gt;Shape__Len: 192.76780904500&lt;br&gt;Link: &lt;br&gt;Framework: רכבת קלה - הקו הכחול&lt;br&gt;Engineer: &lt;br&gt;Director: &lt;br&gt;Architect: &lt;br&gt;respons: </description>
	<Style><LineStyle><color>ff0000ff</color></LineStyle><PolyStyle><fill>0</fill></PolyStyle></Style>
	<ExtendedData><SchemaData schemaUrl="#bike_lanes_construction">
		<SimpleData name="WKT">LINESTRING (35.189276 31.821676, 35.189253 31.821728, 35.189251 31.821791, 35.189287 31.821871, 35.189203 31.822284, 35.18919 31.822361, 35.18898 31.823058, 35.188857 31.823358)</SimpleData>
		<SimpleData name="PartName">רק&quot;ל רמות</SimpleData>
		<SimpleData name="StreetName">שדרות גולדה מאיר</SimpleData>
		<SimpleData name="status_tex">בביצוע</SimpleData>
		<SimpleData name="openyear_n">0</SimpleData>
		<SimpleData name="BPHTtype">1</SimpleData>
		<SimpleData name="usable">0</SimpleData>
		<SimpleData name="infra">0</SimpleData>
		<SimpleData name="roadtype">3</SimpleData>
		<SimpleData name="BPHdir">0</SimpleData>
		<SimpleData name="BPHplace">0</SimpleData>
		<SimpleData name="DIRtype">2</SimpleData>
		<SimpleData name="DIRTraffic">9</SimpleData>
		<SimpleData name="TOPOLOGY">0</SimpleData>
		<SimpleData name="DIV_Veh">0</SimpleData>
		<SimpleData name="DIV_Walk">0</SimpleData>
		<SimpleData name="Signpost">0</SimpleData>
		<SimpleData name="Parking">0</SimpleData>
		<SimpleData name="LEVEL_">0</SimpleData>
		<SimpleData name="PAINT">0</SimpleData>
		<SimpleData name="TREES">0</SimpleData>
		<SimpleData name="remarks"></SimpleData>
		<SimpleData name="globalID">0</SimpleData>
		<SimpleData name="id">216</SimpleData>
		<SimpleData name="GlobalID_2">{85121a43-bb91-4d0e-9dd2-dc6d19371e3a}</SimpleData>
		<SimpleData name="CreationDa">2025/08/25</SimpleData>
		<SimpleData name="Creator">JTMTJTMT</SimpleData>
		<SimpleData name="EditDate">2025/08/25</SimpleData>
		<SimpleData name="Editor">JTMTJTMT</SimpleData>
		<SimpleData name="Shape__Len">192.76780904500</SimpleData>
		<SimpleData name="Link"></SimpleData>
		<SimpleData name="Framework">רכבת קלה - הקו הכחול</SimpleData>
		<SimpleData name="Engineer"></SimpleData>
		<SimpleData name="Director"></SimpleData>
		<SimpleData name="Architect"></SimpleData>
		<SimpleData name="respons"></SimpleData>
		<SimpleData name="V39"></SimpleData>
	</SchemaData></ExtendedData>
      <MultiGeometry><LineString><coordinates>35.189276,31.821676,0 35.189253,31.821728,0 35.189251,31.821791,0 35.189287,31.821871,0 35.189203,31.822284,0 35.18919,31.822361,0 35.18898,31.823058,0 35.188857,31.823358,0</coordinates></LineString></MultiGeometry>
  </Placemark>
  <Placemark>
	<name></name>
	<description>תיאור: &lt;br&gt;PartName: פת הפרסה&lt;br&gt;StreetName: יעקב פת&lt;br&gt;status_tex: בביצוע&lt;br&gt;openyear_n: 0&lt;br&gt;BPHTtype: 3&lt;br&gt;usable: 0&lt;br&gt;infra: 0&lt;br&gt;roadtype: 7&lt;br&gt;BPHdir: 0.00000000000&lt;br&gt;BPHplace: 0&lt;br&gt;DIRtype: 2&lt;br&gt;DIRTraffic: 9&lt;br&gt;TOPOLOGY: 0&lt;br&gt;DIV_Veh: 0&lt;br&gt;DIV_Walk: 0&lt;br&gt;Signpost: 0&lt;br&gt;Parking: 0&lt;br&gt;LEVEL_: 0&lt;br&gt;PAINT: 0&lt;br&gt;TREES: 0&lt;br&gt;remarks: &lt;br&gt;globalID: 0&lt;br&gt;id: 128&lt;br&gt;GlobalID_2: {99eaa9b7-4e4c-45c8-b28c-4e0cc9c92fd6}&lt;br&gt;CreationDa: 2025/08/25&lt;br&gt;Creator: JTMTJTMT&lt;br&gt;EditDate: 2025/08/25&lt;br&gt;Editor: JTMTJTMT&lt;br&gt;Shape__Len: 38.81008592480&lt;br&gt;Link: &lt;br&gt;Framework: רכבת קלה - הקו הכחול&lt;br&gt;Engineer: &lt;br&gt;Director: &lt;br&gt;Architect: &lt;br&gt;respons: </description>
	<Style><LineStyle><color>ff0000ff</color></LineStyle><PolyStyle><fill>0</fill></PolyStyle></Style>
	<ExtendedData><SchemaData schemaUrl="#bike_lanes_construction">
		<SimpleData name="WKT">LINESTRING (35.206151 31.750304, 35.206109 31.750333, 35.206073 31.750347, 35.206037 31.750347, 35.205999 31.750331, 35.205962 31.750308, 35.205934 31.750285, 35.205889 31.750267, 35.205835 31.750245, 35.205791 31.750239)</SimpleData>
		<SimpleData name="PartName">פת הפרסה</SimpleData>
		<SimpleData name="StreetName">יעקב פת</SimpleData>
		<SimpleData name="status_tex">בביצוע</SimpleData>
		<SimpleData name="openyear_n">0</SimpleData>
		<SimpleData name="BPHTtype">3</SimpleData>
		<SimpleData name="usable">0</SimpleData>
		<SimpleData name="infra">0</SimpleData>
		<SimpleData name="roadtype">7</SimpleData>
		<SimpleData name="BPHdir">0</SimpleData>
		<SimpleData name="BPHplace">0</SimpleData>
		<SimpleData name="DIRtype">2</SimpleData>
		<SimpleData name="DIRTraffic">9</SimpleData>
		<SimpleData name="TOPOLOGY">0</SimpleData>
		<SimpleData name="DIV_Veh">0</SimpleData>
		<SimpleData name="DIV_Walk">0</SimpleData>
		<SimpleData name="Signpost">0</SimpleData>
		<SimpleData name="Parking">0</SimpleData>
		<SimpleData name="LEVEL_">0</SimpleData>
		<SimpleData name="PAINT">0</SimpleData>
		<SimpleData name="TREES">0</SimpleData>
		<SimpleData name="remarks"></SimpleData>
		<SimpleData name="globalID">0</SimpleData>
		<SimpleData name="id">128</SimpleData>
		<SimpleData name="GlobalID_2">{99eaa9b7-4e4c-45c8-b28c-4e0cc9c92fd6}</SimpleData>
		<SimpleData name="CreationDa">2025/08/25</SimpleData>
		<SimpleData name="Creator">JTMTJTMT</SimpleData>
		<SimpleData name="EditDate">2025/08/25</SimpleData>
		<SimpleData name="Editor">JTMTJTMT</SimpleData>
		<SimpleData name="Shape__Len">38.81008592480</SimpleData>
		<SimpleData name="Link"></SimpleData>
		<SimpleData name="Framework">רכבת קלה - הקו הכחול</SimpleData>
		<SimpleData name="Engineer"></SimpleData>
		<SimpleData name="Director"></SimpleData>
		<SimpleData name="Architect"></SimpleData>
		<SimpleData name="respons"></SimpleData>
		<SimpleData name="V39"></SimpleData>
	</SchemaData></ExtendedData>
      <MultiGeometry><LineString><coordinates>35.206151,31.750304,0 35.206109,31.750333,0 35.206073,31.750347,0 35.206037,31.750347,0 35.205999,31.750331,0 35.205962,31.750308,0 35.205934,31.750285,0 35.205889,31.750267,0 35.205835,31.750245,0 35.205791,31.750239,0</coordinates></LineString></MultiGeometry>
  </Placemark>
  <Placemark>
	<name></name>
	<description>תיאור: &lt;br&gt;PartName: פת - הפרסה&lt;br&gt;StreetName: יעקב פת&lt;br&gt;status_tex: בביצוע&lt;br&gt;openyear_n: 0&lt;br&gt;BPHTtype: 3&lt;br&gt;usable: 0&lt;br&gt;infra: 0&lt;br&gt;roadtype: 5&lt;br&gt;BPHdir: 0.00000000000&lt;br&gt;BPHplace: 0&lt;br&gt;DIRtype: 2&lt;br&gt;DIRTraffic: 9&lt;br&gt;TOPOLOGY: 0&lt;br&gt;DIV_Veh: 0&lt;br&gt;DIV_Walk: 0&lt;br&gt;Signpost: 0&lt;br&gt;Parking: 0&lt;br&gt;LEVEL_: 0&lt;br&gt;PAINT: 0&lt;br&gt;TREES: 0&lt;br&gt;remarks: &lt;br&gt;globalID: 0&lt;br&gt;id: 128&lt;br&gt;GlobalID_2: {e99fb8e6-b4c5-44f5-9412-a8f9666145a5}&lt;br&gt;CreationDa: 2025/08/25&lt;br&gt;Creator: JTMTJTMT&lt;br&gt;EditDate: 2025/08/25&lt;br&gt;Editor: JTMTJTMT&lt;br&gt;Shape__Len: 173.33046468600&lt;br&gt;Link: &lt;br&gt;Framework: רכבת קלה - הקו הכחול&lt;br&gt;Engineer: &lt;br&gt;Director: &lt;br&gt;Architect: &lt;br&gt;respons: </description>
	<Style><LineStyle><color>ff0000ff</color></LineStyle><PolyStyle><fill>0</fill></PolyStyle></Style>
	<ExtendedData><SchemaData schemaUrl="#bike_lanes_construction">
		<SimpleData name="WKT">LINESTRING (35.205361 31.750714, 35.205108 31.75066, 35.205021 31.750633, 35.204991 31.750614, 35.204772 31.750562, 35.204689 31.750546, 35.204277 31.750565, 35.203974 31.750582, 35.203571 31.750646)</SimpleData>
		<SimpleData name="PartName">פת - הפרסה</SimpleData>
		<SimpleData name="StreetName">יעקב פת</SimpleData>
		<SimpleData name="status_tex">בביצוע</SimpleData>
		<SimpleData name="openyear_n">0</SimpleData>
		<SimpleData name="BPHTtype">3</SimpleData>
		<SimpleData name="usable">0</SimpleData>
		<SimpleData name="infra">0</SimpleData>
		<SimpleData name="roadtype">5</SimpleData>
		<SimpleData name="BPHdir">0</SimpleData>
		<SimpleData name="BPHplace">0</SimpleData>
		<SimpleData name="DIRtype">2</SimpleData>
		<SimpleData name="DIRTraffic">9</SimpleData>
		<SimpleData name="TOPOLOGY">0</SimpleData>
		<SimpleData name="DIV_Veh">0</SimpleData>
		<SimpleData name="DIV_Walk">0</SimpleData>
		<SimpleData name="Signpost">0</SimpleData>
		<SimpleData name="Parking">0</SimpleData>
		<SimpleData name="LEVEL_">0</SimpleData>
		<SimpleData name="PAINT">0</SimpleData>
		<SimpleData name="TREES">0</SimpleData>
		<SimpleData name="remarks"></SimpleData>
		<SimpleData name="globalID">0</SimpleData>
		<SimpleData name="id">128</SimpleData>
		<SimpleData name="GlobalID_2">{e99fb8e6-b4c5-44f5-9412-a8f9666145a5}</SimpleData>
		<SimpleData name="CreationDa">2025/08/25</SimpleData>
		<SimpleData name="Creator">JTMTJTMT</SimpleData>
		<SimpleData name="EditDate">2025/08/25</SimpleData>
		<SimpleData name="Editor">JTMTJTMT</SimpleData>
		<SimpleData name="Shape__Len">173.33046468600</SimpleData>
		<SimpleData name="Link"></SimpleData>
		<SimpleData name="Framework">רכבת קלה - הקו הכחול</SimpleData>
		<SimpleData name="Engineer"></SimpleData>
		<SimpleData name="Director"></SimpleData>
		<SimpleData name="Architect"></SimpleData>
		<SimpleData name="respons"></SimpleData>
		<SimpleData name="V39"></SimpleData>
	</SchemaData></ExtendedData>
      <MultiGeometry><LineString><coordinates>35.205361,31.750714,0 35.205108,31.75066,0 35.205021,31.750633,0 35.204991,31.750614,0 35.204772,31.750562,0 35.204689,31.750546,0 35.204277,31.750565,0 35.203974,31.750582,0 35.203571,31.750646,0</coordinates></LineString></MultiGeometry>
  </Placemark>
  <Placemark>
	<name></name>
	<description>תיאור: &lt;br&gt;PartName: רשב&quot;ג&lt;br&gt;StreetName: רשב&quot;ג&lt;br&gt;status_tex: בביצוע&lt;br&gt;openyear_n: 0&lt;br&gt;BPHTtype: 1&lt;br&gt;usable: 0&lt;br&gt;infra: 0&lt;br&gt;roadtype: 4&lt;br&gt;BPHdir: 0.00000000000&lt;br&gt;BPHplace: 2&lt;br&gt;DIRtype: 2&lt;br&gt;DIRTraffic: 9&lt;br&gt;TOPOLOGY: 0&lt;br&gt;DIV_Veh: 0&lt;br&gt;DIV_Walk: 0&lt;br&gt;Signpost: 0&lt;br&gt;Parking: 0&lt;br&gt;LEVEL_: 0&lt;br&gt;PAINT: 0&lt;br&gt;TREES: 0&lt;br&gt;remarks: &lt;br&gt;globalID: 0&lt;br&gt;id: 213&lt;br&gt;GlobalID_2: {e679ccb6-a39b-4bf3-87ad-d7d09a4de8ba}&lt;br&gt;CreationDa: 2025/08/25&lt;br&gt;Creator: JTMTJTMT&lt;br&gt;EditDate: 2025/08/25&lt;br&gt;Editor: JTMTJTMT&lt;br&gt;Shape__Len: 155.47023362600&lt;br&gt;Link: &lt;br&gt;Framework: רכבת קלה - הקו הסגול&lt;br&gt;Engineer: &lt;br&gt;Director: &lt;br&gt;Architect: &lt;br&gt;respons: </description>
	<Style><LineStyle><color>ff0000ff</color></LineStyle><PolyStyle><fill>0</fill></PolyStyle></Style>
	<ExtendedData><SchemaData schemaUrl="#bike_lanes_construction">
		<SimpleData name="WKT">LINESTRING (35.20774 31.75427, 35.207678 31.754155, 35.20746 31.753736, 35.207323 31.753476, 35.207295 31.753454, 35.207276 31.75344, 35.207241 31.753428, 35.207211 31.753422, 35.207162 31.753426, 35.207119 31.753448, 35.206802 31.753644)</SimpleData>
		<SimpleData name="PartName">רשב&quot;ג</SimpleData>
		<SimpleData name="StreetName">רשב&quot;ג</SimpleData>
		<SimpleData name="status_tex">בביצוע</SimpleData>
		<SimpleData name="openyear_n">0</SimpleData>
		<SimpleData name="BPHTtype">1</SimpleData>
		<SimpleData name="usable">0</SimpleData>
		<SimpleData name="infra">0</SimpleData>
		<SimpleData name="roadtype">4</SimpleData>
		<SimpleData name="BPHdir">0</SimpleData>
		<SimpleData name="BPHplace">2</SimpleData>
		<SimpleData name="DIRtype">2</SimpleData>
		<SimpleData name="DIRTraffic">9</SimpleData>
		<SimpleData name="TOPOLOGY">0</SimpleData>
		<SimpleData name="DIV_Veh">0</SimpleData>
		<SimpleData name="DIV_Walk">0</SimpleData>
		<SimpleData name="Signpost">0</SimpleData>
		<SimpleData name="Parking">0</SimpleData>
		<SimpleData name="LEVEL_">0</SimpleData>
		<SimpleData name="PAINT">0</SimpleData>
		<SimpleData name="TREES">0</SimpleData>
		<SimpleData name="remarks"></SimpleData>
		<SimpleData name="globalID">0</SimpleData>
		<SimpleData name="id">213</SimpleData>
		<SimpleData name="GlobalID_2">{e679ccb6-a39b-4bf3-87ad-d7d09a4de8ba}</SimpleData>
		<SimpleData name="CreationDa">2025/08/25</SimpleData>
		<SimpleData name="Creator">JTMTJTMT</SimpleData>
		<SimpleData name="EditDate">2025/08/25</SimpleData>
		<SimpleData name="Editor">JTMTJTMT</SimpleData>
		<SimpleData name="Shape__Len">155.47023362600</SimpleData>
		<SimpleData name="Link"></SimpleData>
		<SimpleData name="Framework">רכבת קלה - הקו הסגול</SimpleData>
		<SimpleData name="Engineer"></SimpleData>
		<SimpleData name="Director"></SimpleData>
		<SimpleData name="Architect"></SimpleData>
		<SimpleData name="respons"></SimpleData>
		<SimpleData name="V39"></SimpleData>
	</SchemaData></ExtendedData>
      <MultiGeometry><LineString><coordinates>35.20774,31.75427,0 35.207678,31.754155,0 35.20746,31.753736,0 35.207323,31.753476,0 35.207295,31.753454,0 35.207276,31.75344,0 35.207241,31.753428,0 35.207211,31.753422,0 35.207162,31.753426,0 35.207119,31.753448,0 35.206802,31.753644,0</coordinates></LineString></MultiGeometry>
  </Placemark>
  <Placemark>
	<name></name>
	<description>תיאור: &lt;br&gt;PartName: דרך חברון&lt;br&gt;StreetName: דרך חברון&lt;br&gt;status_tex: בביצוע&lt;br&gt;openyear_n: 0&lt;br&gt;BPHTtype: 1&lt;br&gt;usable: 0&lt;br&gt;infra: 0&lt;br&gt;roadtype: 1&lt;br&gt;BPHdir: 0.00000000000&lt;br&gt;BPHplace: 2&lt;br&gt;DIRtype: 2&lt;br&gt;DIRTraffic: 9&lt;br&gt;TOPOLOGY: 0&lt;br&gt;DIV_Veh: 0&lt;br&gt;DIV_Walk: 0&lt;br&gt;Signpost: 0&lt;br&gt;Parking: 0&lt;br&gt;LEVEL_: 0&lt;br&gt;PAINT: 0&lt;br&gt;TREES: 0&lt;br&gt;remarks: &lt;br&gt;globalID: 0&lt;br&gt;id: 52&lt;br&gt;GlobalID_2: {490f80ae-02f0-495b-9e2e-57bcf97e1452}&lt;br&gt;CreationDa: 2025/08/25&lt;br&gt;Creator: JTMTJTMT&lt;br&gt;EditDate: 2025/08/25&lt;br&gt;Editor: JTMTJTMT&lt;br&gt;Shape__Len: 350.89535475600&lt;br&gt;Link: &lt;br&gt;Framework: רכבת קלה - הקו הכחול&lt;br&gt;Engineer: &lt;br&gt;Director: &lt;br&gt;Architect: &lt;br&gt;respons: </description>
	<Style><LineStyle><color>ff0000ff</color></LineStyle><PolyStyle><fill>0</fill></PolyStyle></Style>
	<ExtendedData><SchemaData schemaUrl="#bike_lanes_construction">
		<SimpleData name="WKT">LINESTRING (35.208976 31.733996, 35.208978 31.733999, 35.209058 31.734121, 35.209189 31.734276, 35.209283 31.734359, 35.209407 31.734524, 35.209526 31.734708, 35.209679 31.734987, 35.209805 31.735231, 35.209952 31.735507, 35.210125 31.73586, 35.210291 31.736252, 35.210398 31.736521, 35.210494 31.736788, 35.210489 31.736837, 35.210494 31.736854)</SimpleData>
		<SimpleData name="PartName">דרך חברון</SimpleData>
		<SimpleData name="StreetName">דרך חברון</SimpleData>
		<SimpleData name="status_tex">בביצוע</SimpleData>
		<SimpleData name="openyear_n">0</SimpleData>
		<SimpleData name="BPHTtype">1</SimpleData>
		<SimpleData name="usable">0</SimpleData>
		<SimpleData name="infra">0</SimpleData>
		<SimpleData name="roadtype">1</SimpleData>
		<SimpleData name="BPHdir">0</SimpleData>
		<SimpleData name="BPHplace">2</SimpleData>
		<SimpleData name="DIRtype">2</SimpleData>
		<SimpleData name="DIRTraffic">9</SimpleData>
		<SimpleData name="TOPOLOGY">0</SimpleData>
		<SimpleData name="DIV_Veh">0</SimpleData>
		<SimpleData name="DIV_Walk">0</SimpleData>
		<SimpleData name="Signpost">0</SimpleData>
		<SimpleData name="Parking">0</SimpleData>
		<SimpleData name="LEVEL_">0</SimpleData>
		<SimpleData name="PAINT">0</SimpleData>
		<SimpleData name="TREES">0</SimpleData>
		<SimpleData name="remarks"></SimpleData>
		<SimpleData name="globalID">0</SimpleData>
		<SimpleData name="id">52</SimpleData>
		<SimpleData name="GlobalID_2">{490f80ae-02f0-495b-9e2e-57bcf97e1452}</SimpleData>
		<SimpleData name="CreationDa">2025/08/25</SimpleData>
		<SimpleData name="Creator">JTMTJTMT</SimpleData>
		<SimpleData name="EditDate">2025/08/25</SimpleData>
		<SimpleData name="Editor">JTMTJTMT</SimpleData>
		<SimpleData name="Shape__Len">350.89535475600</SimpleData>
		<SimpleData name="Link"></SimpleData>
		<SimpleData name="Framework">רכבת קלה - הקו הכחול</SimpleData>
		<SimpleData name="Engineer"></SimpleData>
		<SimpleData name="Director"></SimpleData>
		<SimpleData name="Architect"></SimpleData>
		<SimpleData name="respons"></SimpleData>
		<SimpleData name="V39"></SimpleData>
	</SchemaData></ExtendedData>
      <MultiGeometry><LineString><coordinates>35.208976,31.733996,0 35.208978,31.733999,0 35.209058,31.734121,0 35.209189,31.734276,0 35.209283,31.734359,0 35.209407,31.734524,0 35.209526,31.734708,0 35.209679,31.734987,0 35.209805,31.735231,0 35.209952,31.735507,0 35.210125,31.73586,0 35.210291,31.736252,0 35.210398,31.736521,0 35.210494,31.736788,0 35.210489,31.736837,0 35.210494,31.736854,0</coordinates></LineString></MultiGeometry>
  </Placemark>
  <Placemark>
	<name></name>
	<description>תיאור: &lt;br&gt;PartName: הרצל - בית הכרם&lt;br&gt;StreetName: בית הכרם&lt;br&gt;status_tex: בביצוע&lt;br&gt;openyear_n: 0&lt;br&gt;BPHTtype: 0&lt;br&gt;usable: 0&lt;br&gt;infra: 0&lt;br&gt;roadtype: 4&lt;br&gt;BPHdir: 0.00000000000&lt;br&gt;BPHplace: 0&lt;br&gt;DIRtype: 0&lt;br&gt;DIRTraffic: 0&lt;br&gt;TOPOLOGY: 0&lt;br&gt;DIV_Veh: 0&lt;br&gt;DIV_Walk: 0&lt;br&gt;Signpost: 0&lt;br&gt;Parking: 0&lt;br&gt;LEVEL_: 0&lt;br&gt;PAINT: 0&lt;br&gt;TREES: 0&lt;br&gt;remarks: &lt;br&gt;globalID: 0&lt;br&gt;id: 25&lt;br&gt;GlobalID_2: {d74e6075-046f-4c6d-996c-03e238b937bc}&lt;br&gt;CreationDa: 2025/08/25&lt;br&gt;Creator: JTMTJTMT&lt;br&gt;EditDate: 2025/08/25&lt;br&gt;Editor: JTMTJTMT&lt;br&gt;Shape__Len: 554.49435347900&lt;br&gt;Link: https://jtmt.sharepoint.com/:p:/r/sites/EngineeringDepartment/PlanningDivision/DocLib3/%D7%A6%D7%AA%D7%90%D7%9C/%D7%AA%D7%9B%D7%A0%D7%95%D7%9F/%D7%91%D7%99%D7%AA%20%D7%94%D7%9B%D7%A8%D7%9D%20%D7%A9%D7%9C%D7%91%20%D7%90%27/%D7%91%D7%99%D7%AA%20%D7%94%D7%9&lt;br&gt;Framework: &lt;br&gt;Engineer: &lt;br&gt;Director: &lt;br&gt;Architect: &lt;br&gt;respons: </description>
	<Style><LineStyle><color>ff0000ff</color></LineStyle><PolyStyle><fill>0</fill></PolyStyle></Style>
	<ExtendedData><SchemaData schemaUrl="#bike_lanes_construction">
		<SimpleData name="WKT">LINESTRING (35.18809 31.779969, 35.188163 31.779917, 35.188298 31.779864, 35.188412 31.779852, 35.188589 31.77997, 35.188735 31.780198, 35.188835 31.780289, 35.188984 31.780323, 35.189266 31.780361, 35.189635 31.780407, 35.189943 31.780451, 35.190554 31.780541, 35.190796 31.780597, 35.191048 31.780745, 35.19132 31.780946, 35.191553 31.781149, 35.191864 31.781479, 35.191977 31.781649, 35.192027 31.781824, 35.192019 31.782084, 35.192035 31.782314, 35.192102 31.782444, 35.192155 31.782565)</SimpleData>
		<SimpleData name="PartName">הרצל - בית הכרם</SimpleData>
		<SimpleData name="StreetName">בית הכרם</SimpleData>
		<SimpleData name="status_tex">בביצוע</SimpleData>
		<SimpleData name="openyear_n">0</SimpleData>
		<SimpleData name="BPHTtype">0</SimpleData>
		<SimpleData name="usable">0</SimpleData>
		<SimpleData name="infra">0</SimpleData>
		<SimpleData name="roadtype">4</SimpleData>
		<SimpleData name="BPHdir">0</SimpleData>
		<SimpleData name="BPHplace">0</SimpleData>
		<SimpleData name="DIRtype">0</SimpleData>
		<SimpleData name="DIRTraffic">0</SimpleData>
		<SimpleData name="TOPOLOGY">0</SimpleData>
		<SimpleData name="DIV_Veh">0</SimpleData>
		<SimpleData name="DIV_Walk">0</SimpleData>
		<SimpleData name="Signpost">0</SimpleData>
		<SimpleData name="Parking">0</SimpleData>
		<SimpleData name="LEVEL_">0</SimpleData>
		<SimpleData name="PAINT">0</SimpleData>
		<SimpleData name="TREES">0</SimpleData>
		<SimpleData name="remarks"></SimpleData>
		<SimpleData name="globalID">0</SimpleData>
		<SimpleData name="id">25</SimpleData>
		<SimpleData name="GlobalID_2">{d74e6075-046f-4c6d-996c-03e238b937bc}</SimpleData>
		<SimpleData name="CreationDa">2025/08/25</SimpleData>
		<SimpleData name="Creator">JTMTJTMT</SimpleData>
		<SimpleData name="EditDate">2025/08/25</SimpleData>
		<SimpleData name="Editor">JTMTJTMT</SimpleData>
		<SimpleData name="Shape__Len">554.49435347900</SimpleData>
		<SimpleData name="Link">https://jtmt.sharepoint.com/:p:/r/sites/EngineeringDepartment/PlanningDivision/DocLib3/%D7%A6%D7%AA%D7%90%D7%9C/%D7%AA%D7%9B%D7%A0%D7%95%D7%9F/%D7%91%D7%99%D7%AA%20%D7%94%D7%9B%D7%A8%D7%9D%20%D7%A9%D7%9C%D7%91%20%D7%90%27/%D7%91%D7%99%D7%AA%20%D7%94%D7%9</SimpleData>
		<SimpleData name="Framework"></SimpleData>
		<SimpleData name="Engineer"></SimpleData>
		<SimpleData name="Director"></SimpleData>
		<SimpleData name="Architect"></SimpleData>
		<SimpleData name="respons"></SimpleData>
		<SimpleData name="V39"></SimpleData>
	</SchemaData></ExtendedData>
      <MultiGeometry><LineString><coordinates>35.18809,31.779969,0 35.188163,31.779917,0 35.188298,31.779864,0 35.188412,31.779852,0 35.188589,31.77997,0 35.188735,31.780198,0 35.188835,31.780289,0 35.188984,31.780323,0 35.189266,31.780361,0 35.189635,31.780407,0 35.189943,31.780451,0 35.190554,31.780541,0 35.190796,31.780597,0 35.191048,31.780745,0 35.19132,31.780946,0 35.191553,31.781149,0 35.191864,31.781479,0 35.191977,31.781649,0 35.192027,31.781824,0 35.192019,31.782084,0 35.192035,31.782314,0 35.192102,31.782444,0 35.192155,31.782565,0</coordinates></LineString></MultiGeometry>
  </Placemark>
  <Placemark>
	<name></name>
	<description>תיאור: &lt;br&gt;PartName: הרצל-אהרונוב&lt;br&gt;StreetName: אהרונוב&lt;br&gt;status_tex: בביצוע&lt;br&gt;openyear_n: 0&lt;br&gt;BPHTtype: 0&lt;br&gt;usable: 0&lt;br&gt;infra: 0&lt;br&gt;roadtype: 0&lt;br&gt;BPHdir: 0.00000000000&lt;br&gt;BPHplace: 0&lt;br&gt;DIRtype: 0&lt;br&gt;DIRTraffic: 0&lt;br&gt;TOPOLOGY: 0&lt;br&gt;DIV_Veh: 0&lt;br&gt;DIV_Walk: 0&lt;br&gt;Signpost: 0&lt;br&gt;Parking: 0&lt;br&gt;LEVEL_: 0&lt;br&gt;PAINT: 0&lt;br&gt;TREES: 0&lt;br&gt;remarks: &lt;br&gt;globalID: 0&lt;br&gt;id: 10&lt;br&gt;GlobalID_2: {b5f37c79-b1ac-4115-b603-054ecedb23c2}&lt;br&gt;CreationDa: 2025/08/25&lt;br&gt;Creator: JTMTJTMT&lt;br&gt;EditDate: 2025/08/25&lt;br&gt;Editor: JTMTJTMT&lt;br&gt;Shape__Len: 240.03136260600&lt;br&gt;Link: https://jtmt.sharepoint.com/:f:/r/sites/EngineeringDepartment/PlanningDivision/DocLib3/%D7%A6%D7%AA%D7%90%D7%9C/%D7%AA%D7%9B%D7%A0%D7%95%D7%9F/%D7%91%D7%99%D7%AA%20%D7%94%D7%9B%D7%A8%D7%9D%20%D7%A9%D7%9C%D7%91%20%D7%90%27/%D7%90%D7%91%D7%99%D7%96%D7%95%D&lt;br&gt;Framework: תכנון מוקדם&lt;br&gt;Engineer: &lt;br&gt;Director: &lt;br&gt;Architect: &lt;br&gt;respons: </description>
	<Style><LineStyle><color>ff0000ff</color></LineStyle><PolyStyle><fill>0</fill></PolyStyle></Style>
	<ExtendedData><SchemaData schemaUrl="#bike_lanes_construction">
		<SimpleData name="WKT">LINESTRING (35.185731 31.774926, 35.185918 31.775049, 35.186122 31.775179, 35.18639 31.775378, 35.186681 31.775585, 35.186847 31.775711, 35.186928 31.775817, 35.18701 31.775859, 35.187424 31.775942, 35.187749 31.775988, 35.187801 31.776017, 35.187828 31.776018)</SimpleData>
		<SimpleData name="PartName">הרצל-אהרונוב</SimpleData>
		<SimpleData name="StreetName">אהרונוב</SimpleData>
		<SimpleData name="status_tex">בביצוע</SimpleData>
		<SimpleData name="openyear_n">0</SimpleData>
		<SimpleData name="BPHTtype">0</SimpleData>
		<SimpleData name="usable">0</SimpleData>
		<SimpleData name="infra">0</SimpleData>
		<SimpleData name="roadtype">0</SimpleData>
		<SimpleData name="BPHdir">0</SimpleData>
		<SimpleData name="BPHplace">0</SimpleData>
		<SimpleData name="DIRtype">0</SimpleData>
		<SimpleData name="DIRTraffic">0</SimpleData>
		<SimpleData name="TOPOLOGY">0</SimpleData>
		<SimpleData name="DIV_Veh">0</SimpleData>
		<SimpleData name="DIV_Walk">0</SimpleData>
		<SimpleData name="Signpost">0</SimpleData>
		<SimpleData name="Parking">0</SimpleData>
		<SimpleData name="LEVEL_">0</SimpleData>
		<SimpleData name="PAINT">0</SimpleData>
		<SimpleData name="TREES">0</SimpleData>
		<SimpleData name="remarks"></SimpleData>
		<SimpleData name="globalID">0</SimpleData>
		<SimpleData name="id">10</SimpleData>
		<SimpleData name="GlobalID_2">{b5f37c79-b1ac-4115-b603-054ecedb23c2}</SimpleData>
		<SimpleData name="CreationDa">2025/08/25</SimpleData>
		<SimpleData name="Creator">JTMTJTMT</SimpleData>
		<SimpleData name="EditDate">2025/08/25</SimpleData>
		<SimpleData name="Editor">JTMTJTMT</SimpleData>
		<SimpleData name="Shape__Len">240.03136260600</SimpleData>
		<SimpleData name="Link">https://jtmt.sharepoint.com/:f:/r/sites/EngineeringDepartment/PlanningDivision/DocLib3/%D7%A6%D7%AA%D7%90%D7%9C/%D7%AA%D7%9B%D7%A0%D7%95%D7%9F/%D7%91%D7%99%D7%AA%20%D7%94%D7%9B%D7%A8%D7%9D%20%D7%A9%D7%9C%D7%91%20%D7%90%27/%D7%90%D7%91%D7%99%D7%96%D7%95%D</SimpleData>
		<SimpleData name="Framework">תכנון מוקדם</SimpleData>
		<SimpleData name="Engineer"></SimpleData>
		<SimpleData name="Director"></SimpleData>
		<SimpleData name="Architect"></SimpleData>
		<SimpleData name="respons"></SimpleData>
		<SimpleData name="V39"></SimpleData>
	</SchemaData></ExtendedData>
      <MultiGeometry><LineString><coordinates>35.185731,31.774926,0 35.185918,31.775049,0 35.186122,31.775179,0 35.18639,31.775378,0 35.186681,31.775585,0 35.186847,31.775711,0 35.186928,31.775817,0 35.18701,31.775859,0 35.187424,31.775942,0 35.187749,31.775988,0 35.187801,31.776017,0 35.187828,31.776018,0</coordinates></LineString></MultiGeometry>
  </Placemark>
  <Placemark>
	<name></name>
	<description>תיאור: &lt;br&gt;PartName: דרך משה ברעם&lt;br&gt;StreetName: דרך משה ברעם&lt;br&gt;status_tex: בביצוע&lt;br&gt;openyear_n: 0&lt;br&gt;BPHTtype: 1&lt;br&gt;usable: 0&lt;br&gt;infra: 0&lt;br&gt;roadtype: 5&lt;br&gt;BPHdir: 0.00000000000&lt;br&gt;BPHplace: 2&lt;br&gt;DIRtype: 2&lt;br&gt;DIRTraffic: 9&lt;br&gt;TOPOLOGY: 0&lt;br&gt;DIV_Veh: 0&lt;br&gt;DIV_Walk: 0&lt;br&gt;Signpost: 0&lt;br&gt;Parking: 0&lt;br&gt;LEVEL_: 0&lt;br&gt;PAINT: 0&lt;br&gt;TREES: 0&lt;br&gt;remarks: &lt;br&gt;globalID: 0&lt;br&gt;id: 162&lt;br&gt;GlobalID_2: {7a56f1a8-1297-4042-917c-7062b86729e6}&lt;br&gt;CreationDa: 2025/08/25&lt;br&gt;Creator: JTMTJTMT&lt;br&gt;EditDate: 2025/08/25&lt;br&gt;Editor: JTMTJTMT&lt;br&gt;Shape__Len: 498.02808178700&lt;br&gt;Link: https://jtmt.sharepoint.com/:f:/r/sites/ModelsDepartment/StrategicPlanningDepartment/DocLib1/%D7%A4%D7%A8%D7%95%D7%99%D7%99%D7%A7%D7%98%D7%99%D7%9D%20%D7%90%D7%95%D7%A4%D7%A0%D7%99%D7%99%D7%9D/%D7%9E%D7%95%D7%A8%D7%99%D7%94/%D7%9E%D7%A9%D7%94%20%D7%91%D7&lt;br&gt;Framework: תכנון מפורט&lt;br&gt;Engineer: &lt;br&gt;Director: &lt;br&gt;Architect: &lt;br&gt;respons: </description>
	<Style><LineStyle><color>ff0000ff</color></LineStyle><PolyStyle><fill>0</fill></PolyStyle></Style>
	<ExtendedData><SchemaData schemaUrl="#bike_lanes_construction">
		<SimpleData name="WKT">LINESTRING (35.205727 31.748859, 35.205769 31.748764, 35.205802 31.748704, 35.205854 31.748613, 35.205955 31.748467, 35.206076 31.748343, 35.206237 31.748214, 35.206364 31.748112, 35.206544 31.748002, 35.210227 31.746811)</SimpleData>
		<SimpleData name="PartName">דרך משה ברעם</SimpleData>
		<SimpleData name="StreetName">דרך משה ברעם</SimpleData>
		<SimpleData name="status_tex">בביצוע</SimpleData>
		<SimpleData name="openyear_n">0</SimpleData>
		<SimpleData name="BPHTtype">1</SimpleData>
		<SimpleData name="usable">0</SimpleData>
		<SimpleData name="infra">0</SimpleData>
		<SimpleData name="roadtype">5</SimpleData>
		<SimpleData name="BPHdir">0</SimpleData>
		<SimpleData name="BPHplace">2</SimpleData>
		<SimpleData name="DIRtype">2</SimpleData>
		<SimpleData name="DIRTraffic">9</SimpleData>
		<SimpleData name="TOPOLOGY">0</SimpleData>
		<SimpleData name="DIV_Veh">0</SimpleData>
		<SimpleData name="DIV_Walk">0</SimpleData>
		<SimpleData name="Signpost">0</SimpleData>
		<SimpleData name="Parking">0</SimpleData>
		<SimpleData name="LEVEL_">0</SimpleData>
		<SimpleData name="PAINT">0</SimpleData>
		<SimpleData name="TREES">0</SimpleData>
		<SimpleData name="remarks"></SimpleData>
		<SimpleData name="globalID">0</SimpleData>
		<SimpleData name="id">162</SimpleData>
		<SimpleData name="GlobalID_2">{7a56f1a8-1297-4042-917c-7062b86729e6}</SimpleData>
		<SimpleData name="CreationDa">2025/08/25</SimpleData>
		<SimpleData name="Creator">JTMTJTMT</SimpleData>
		<SimpleData name="EditDate">2025/08/25</SimpleData>
		<SimpleData name="Editor">JTMTJTMT</SimpleData>
		<SimpleData name="Shape__Len">498.02808178700</SimpleData>
		<SimpleData name="Link">https://jtmt.sharepoint.com/:f:/r/sites/ModelsDepartment/StrategicPlanningDepartment/DocLib1/%D7%A4%D7%A8%D7%95%D7%99%D7%99%D7%A7%D7%98%D7%99%D7%9D%20%D7%90%D7%95%D7%A4%D7%A0%D7%99%D7%99%D7%9D/%D7%9E%D7%95%D7%A8%D7%99%D7%94/%D7%9E%D7%A9%D7%94%20%D7%91%D7</SimpleData>
		<SimpleData name="Framework">תכנון מפורט</SimpleData>
		<SimpleData name="Engineer"></SimpleData>
		<SimpleData name="Director"></SimpleData>
		<SimpleData name="Architect"></SimpleData>
		<SimpleData name="respons"></SimpleData>
		<SimpleData name="V39"></SimpleData>
	</SchemaData></ExtendedData>
      <MultiGeometry><LineString><coordinates>35.205727,31.748859,0 35.205769,31.748764,0 35.205802,31.748704,0 35.205854,31.748613,0 35.205955,31.748467,0 35.206076,31.748343,0 35.206237,31.748214,0 35.206364,31.748112,0 35.206544,31.748002,0 35.210227,31.746811,0</coordinates></LineString></MultiGeometry>
  </Placemark>
  <Placemark>
	<name></name>
	<description>תיאור: &lt;br&gt;PartName: הר נוף&lt;br&gt;StreetName: הרב שאולזון&lt;br&gt;status_tex: בביצוע&lt;br&gt;openyear_n: 0&lt;br&gt;BPHTtype: 0&lt;br&gt;usable: 0&lt;br&gt;infra: 0&lt;br&gt;roadtype: 0&lt;br&gt;BPHdir: 0.00000000000&lt;br&gt;BPHplace: 0&lt;br&gt;DIRtype: 2&lt;br&gt;DIRTraffic: 9&lt;br&gt;TOPOLOGY: 0&lt;br&gt;DIV_Veh: 0&lt;br&gt;DIV_Walk: 0&lt;br&gt;Signpost: 0&lt;br&gt;Parking: 0&lt;br&gt;LEVEL_: 0&lt;br&gt;PAINT: 0&lt;br&gt;TREES: 0&lt;br&gt;remarks: &lt;br&gt;globalID: 0&lt;br&gt;id: 287&lt;br&gt;GlobalID_2: {2f5375c3-c80f-4828-8003-a15024b71458}&lt;br&gt;CreationDa: 2025/08/25&lt;br&gt;Creator: JTMTJTMT&lt;br&gt;EditDate: 2025/08/25&lt;br&gt;Editor: JTMTJTMT&lt;br&gt;Shape__Len: 278.51991160000&lt;br&gt;Link: https://jtmt.sharepoint.com/:f:/r/sites/ModelsDepartment/StrategicPlanningDepartment/DocLib1/%D7%A4%D7%A8%D7%95%D7%99%D7%99%D7%A7%D7%98%D7%99%D7%9D%20%D7%90%D7%95%D7%A4%D7%A0%D7%99%D7%99%D7%9D/%D7%9E%D7%95%D7%A8%D7%99%D7%94/%D7%A9%D7%90%D7%95%D7%9C%D7%96&lt;br&gt;Framework: תכנון ראשוני&lt;br&gt;Engineer: רולי פלד&lt;br&gt;Director: &lt;br&gt;Architect: &lt;br&gt;respons: </description>
	<Style><LineStyle><color>ff0000ff</color></LineStyle><PolyStyle><fill>0</fill></PolyStyle></Style>
	<ExtendedData><SchemaData schemaUrl="#bike_lanes_construction">
		<SimpleData name="WKT">LINESTRING (35.174165 31.785645, 35.174142 31.78553, 35.174021 31.785307, 35.173912 31.785136, 35.17364 31.78474, 35.173509 31.784528, 35.173419 31.784347, 35.173407 31.78419, 35.173391 31.784015, 35.173465 31.783671, 35.173578 31.783368, 35.17362 31.783332, 35.173623 31.783325)</SimpleData>
		<SimpleData name="PartName">הר נוף</SimpleData>
		<SimpleData name="StreetName">הרב שאולזון</SimpleData>
		<SimpleData name="status_tex">בביצוע</SimpleData>
		<SimpleData name="openyear_n">0</SimpleData>
		<SimpleData name="BPHTtype">0</SimpleData>
		<SimpleData name="usable">0</SimpleData>
		<SimpleData name="infra">0</SimpleData>
		<SimpleData name="roadtype">0</SimpleData>
		<SimpleData name="BPHdir">0</SimpleData>
		<SimpleData name="BPHplace">0</SimpleData>
		<SimpleData name="DIRtype">2</SimpleData>
		<SimpleData name="DIRTraffic">9</SimpleData>
		<SimpleData name="TOPOLOGY">0</SimpleData>
		<SimpleData name="DIV_Veh">0</SimpleData>
		<SimpleData name="DIV_Walk">0</SimpleData>
		<SimpleData name="Signpost">0</SimpleData>
		<SimpleData name="Parking">0</SimpleData>
		<SimpleData name="LEVEL_">0</SimpleData>
		<SimpleData name="PAINT">0</SimpleData>
		<SimpleData name="TREES">0</SimpleData>
		<SimpleData name="remarks"></SimpleData>
		<SimpleData name="globalID">0</SimpleData>
		<SimpleData name="id">287</SimpleData>
		<SimpleData name="GlobalID_2">{2f5375c3-c80f-4828-8003-a15024b71458}</SimpleData>
		<SimpleData name="CreationDa">2025/08/25</SimpleData>
		<SimpleData name="Creator">JTMTJTMT</SimpleData>
		<SimpleData name="EditDate">2025/08/25</SimpleData>
		<SimpleData name="Editor">JTMTJTMT</SimpleData>
		<SimpleData name="Shape__Len">278.51991160000</SimpleData>
		<SimpleData name="Link">https://jtmt.sharepoint.com/:f:/r/sites/ModelsDepartment/StrategicPlanningDepartment/DocLib1/%D7%A4%D7%A8%D7%95%D7%99%D7%99%D7%A7%D7%98%D7%99%D7%9D%20%D7%90%D7%95%D7%A4%D7%A0%D7%99%D7%99%D7%9D/%D7%9E%D7%95%D7%A8%D7%99%D7%94/%D7%A9%D7%90%D7%95%D7%9C%D7%96</SimpleData>
		<SimpleData name="Framework">תכנון ראשוני</SimpleData>
		<SimpleData name="Engineer">רולי פלד</SimpleData>
		<SimpleData name="Director"></SimpleData>
		<SimpleData name="Architect"></SimpleData>
		<SimpleData name="respons"></SimpleData>
		<SimpleData name="V39"></SimpleData>
	</SchemaData></ExtendedData>
      <MultiGeometry><LineString><coordinates>35.174165,31.785645,0 35.174142,31.78553,0 35.174021,31.785307,0 35.173912,31.785136,0 35.17364,31.78474,0 35.173509,31.784528,0 35.173419,31.784347,0 35.173407,31.78419,0 35.173391,31.784015,0 35.173465,31.783671,0 35.173578,31.783368,0 35.17362,31.783332,0 35.173623,31.783325,0</coordinates></LineString></MultiGeometry>
  </Placemark>
  <Placemark>
	<name></name>
	<description>תיאור: &lt;br&gt;PartName: בייט - הרוזמרין&lt;br&gt;StreetName: בייט - הרוזמרין&lt;br&gt;status_tex: בביצוע&lt;br&gt;openyear_n: 0&lt;br&gt;BPHTtype: 0&lt;br&gt;usable: 0&lt;br&gt;infra: 0&lt;br&gt;roadtype: 0&lt;br&gt;BPHdir: 0.00000000000&lt;br&gt;BPHplace: 0&lt;br&gt;DIRtype: 0&lt;br&gt;DIRTraffic: 0&lt;br&gt;TOPOLOGY: 0&lt;br&gt;DIV_Veh: 0&lt;br&gt;DIV_Walk: 0&lt;br&gt;Signpost: 0&lt;br&gt;Parking: 0&lt;br&gt;LEVEL_: 0&lt;br&gt;PAINT: 0&lt;br&gt;TREES: 0&lt;br&gt;remarks: &lt;br&gt;globalID: 0&lt;br&gt;id: 227&lt;br&gt;GlobalID_2: {903844ba-d144-448e-b922-4d7b05a49423}&lt;br&gt;CreationDa: 2025/08/25&lt;br&gt;Creator: JTMTJTMT&lt;br&gt;EditDate: 2025/08/25&lt;br&gt;Editor: JTMTJTMT&lt;br&gt;Shape__Len: 51.94991007020&lt;br&gt;Link: &lt;br&gt;Framework: מתוכנן&lt;br&gt;Engineer: &lt;br&gt;Director: דוד אקרשטיין&lt;br&gt;Architect: &lt;br&gt;respons: </description>
	<Style><LineStyle><color>ff0000ff</color></LineStyle><PolyStyle><fill>0</fill></PolyStyle></Style>
	<ExtendedData><SchemaData schemaUrl="#bike_lanes_construction">
		<SimpleData name="WKT">LINESTRING (35.202511 31.732228, 35.202366 31.731776)</SimpleData>
		<SimpleData name="PartName">בייט - הרוזמרין</SimpleData>
		<SimpleData name="StreetName">בייט - הרוזמרין</SimpleData>
		<SimpleData name="status_tex">בביצוע</SimpleData>
		<SimpleData name="openyear_n">0</SimpleData>
		<SimpleData name="BPHTtype">0</SimpleData>
		<SimpleData name="usable">0</SimpleData>
		<SimpleData name="infra">0</SimpleData>
		<SimpleData name="roadtype">0</SimpleData>
		<SimpleData name="BPHdir">0</SimpleData>
		<SimpleData name="BPHplace">0</SimpleData>
		<SimpleData name="DIRtype">0</SimpleData>
		<SimpleData name="DIRTraffic">0</SimpleData>
		<SimpleData name="TOPOLOGY">0</SimpleData>
		<SimpleData name="DIV_Veh">0</SimpleData>
		<SimpleData name="DIV_Walk">0</SimpleData>
		<SimpleData name="Signpost">0</SimpleData>
		<SimpleData name="Parking">0</SimpleData>
		<SimpleData name="LEVEL_">0</SimpleData>
		<SimpleData name="PAINT">0</SimpleData>
		<SimpleData name="TREES">0</SimpleData>
		<SimpleData name="remarks"></SimpleData>
		<SimpleData name="globalID">0</SimpleData>
		<SimpleData name="id">227</SimpleData>
		<SimpleData name="GlobalID_2">{903844ba-d144-448e-b922-4d7b05a49423}</SimpleData>
		<SimpleData name="CreationDa">2025/08/25</SimpleData>
		<SimpleData name="Creator">JTMTJTMT</SimpleData>
		<SimpleData name="EditDate">2025/08/25</SimpleData>
		<SimpleData name="Editor">JTMTJTMT</SimpleData>
		<SimpleData name="Shape__Len">51.94991007020</SimpleData>
		<SimpleData name="Link"></SimpleData>
		<SimpleData name="Framework">מתוכנן</SimpleData>
		<SimpleData name="Engineer"></SimpleData>
		<SimpleData name="Director">דוד אקרשטיין</SimpleData>
		<SimpleData name="Architect"></SimpleData>
		<SimpleData name="respons"></SimpleData>
		<SimpleData name="V39"></SimpleData>
	</SchemaData></ExtendedData>
      <MultiGeometry><LineString><coordinates>35.202511,31.732228,0 35.202366,31.731776,0</coordinates></LineString></MultiGeometry>
  </Placemark>
  <Placemark>
	<name></name>
	<description>תיאור: &lt;br&gt;PartName: פארק הצבאים - צומת פת&lt;br&gt;StreetName: פארק הצבאים - צומת פת&lt;br&gt;status_tex: בביצוע&lt;br&gt;openyear_n: 0&lt;br&gt;BPHTtype: 0&lt;br&gt;usable: 0&lt;br&gt;infra: 0&lt;br&gt;roadtype: 0&lt;br&gt;BPHdir: 0.00000000000&lt;br&gt;BPHplace: 0&lt;br&gt;DIRtype: 0&lt;br&gt;DIRTraffic: 0&lt;br&gt;TOPOLOGY: 0&lt;br&gt;DIV_Veh: 0&lt;br&gt;DIV_Walk: 0&lt;br&gt;Signpost: 0&lt;br&gt;Parking: 0&lt;br&gt;LEVEL_: 0&lt;br&gt;PAINT: 0&lt;br&gt;TREES: 0&lt;br&gt;remarks: &lt;br&gt;globalID: 0&lt;br&gt;id: 268&lt;br&gt;GlobalID_2: {eb3e0a8b-0212-4741-8ed0-f454e154ccb4}&lt;br&gt;CreationDa: 2025/08/25&lt;br&gt;Creator: JTMTJTMT&lt;br&gt;EditDate: 2025/08/25&lt;br&gt;Editor: JTMTJTMT&lt;br&gt;Shape__Len: 414.34659002400&lt;br&gt;Link: &lt;br&gt;Framework: 101-1182146&lt;br&gt;Engineer: &lt;br&gt;Director: &lt;br&gt;Architect: &lt;br&gt;respons: </description>
	<Style><LineStyle><color>ff0000ff</color></LineStyle><PolyStyle><fill>0</fill></PolyStyle></Style>
	<ExtendedData><SchemaData schemaUrl="#bike_lanes_construction">
		<SimpleData name="WKT">LINESTRING (35.199896 31.760713, 35.199902 31.760306, 35.199767 31.759845, 35.199536 31.759384, 35.199099 31.759016, 35.197557 31.757747)</SimpleData>
		<SimpleData name="PartName">פארק הצבאים - צומת פת</SimpleData>
		<SimpleData name="StreetName">פארק הצבאים - צומת פת</SimpleData>
		<SimpleData name="status_tex">בביצוע</SimpleData>
		<SimpleData name="openyear_n">0</SimpleData>
		<SimpleData name="BPHTtype">0</SimpleData>
		<SimpleData name="usable">0</SimpleData>
		<SimpleData name="infra">0</SimpleData>
		<SimpleData name="roadtype">0</SimpleData>
		<SimpleData name="BPHdir">0</SimpleData>
		<SimpleData name="BPHplace">0</SimpleData>
		<SimpleData name="DIRtype">0</SimpleData>
		<SimpleData name="DIRTraffic">0</SimpleData>
		<SimpleData name="TOPOLOGY">0</SimpleData>
		<SimpleData name="DIV_Veh">0</SimpleData>
		<SimpleData name="DIV_Walk">0</SimpleData>
		<SimpleData name="Signpost">0</SimpleData>
		<SimpleData name="Parking">0</SimpleData>
		<SimpleData name="LEVEL_">0</SimpleData>
		<SimpleData name="PAINT">0</SimpleData>
		<SimpleData name="TREES">0</SimpleData>
		<SimpleData name="remarks"></SimpleData>
		<SimpleData name="globalID">0</SimpleData>
		<SimpleData name="id">268</SimpleData>
		<SimpleData name="GlobalID_2">{eb3e0a8b-0212-4741-8ed0-f454e154ccb4}</SimpleData>
		<SimpleData name="CreationDa">2025/08/25</SimpleData>
		<SimpleData name="Creator">JTMTJTMT</SimpleData>
		<SimpleData name="EditDate">2025/08/25</SimpleData>
		<SimpleData name="Editor">JTMTJTMT</SimpleData>
		<SimpleData name="Shape__Len">414.34659002400</SimpleData>
		<SimpleData name="Link"></SimpleData>
		<SimpleData name="Framework">101-1182146</SimpleData>
		<SimpleData name="Engineer"></SimpleData>
		<SimpleData name="Director"></SimpleData>
		<SimpleData name="Architect"></SimpleData>
		<SimpleData name="respons"></SimpleData>
		<SimpleData name="V39"></SimpleData>
	</SchemaData></ExtendedData>
      <MultiGeometry><LineString><coordinates>35.199896,31.760713,0 35.199902,31.760306,0 35.199767,31.759845,0 35.199536,31.759384,0 35.199099,31.759016,0 35.197557,31.757747,0</coordinates></LineString></MultiGeometry>
  </Placemark>
  <Placemark>
	<name></name>
	<description>תיאור: &lt;br&gt;PartName: כביש 22&lt;br&gt;StreetName: כביש 22&lt;br&gt;status_tex: בביצוע&lt;br&gt;openyear_n: 0&lt;br&gt;BPHTtype: 0&lt;br&gt;usable: 0&lt;br&gt;infra: 0&lt;br&gt;roadtype: 0&lt;br&gt;BPHdir: 0.00000000000&lt;br&gt;BPHplace: 0&lt;br&gt;DIRtype: 0&lt;br&gt;DIRTraffic: 0&lt;br&gt;TOPOLOGY: 0&lt;br&gt;DIV_Veh: 0&lt;br&gt;DIV_Walk: 0&lt;br&gt;Signpost: 0&lt;br&gt;Parking: 0&lt;br&gt;LEVEL_: 0&lt;br&gt;PAINT: 0&lt;br&gt;TREES: 0&lt;br&gt;remarks: &lt;br&gt;globalID: 0&lt;br&gt;id: 96&lt;br&gt;GlobalID_2: {59125333-786e-4e69-bcbe-aa6489081ba1}&lt;br&gt;CreationDa: 2025/08/25&lt;br&gt;Creator: JTMTJTMT&lt;br&gt;EditDate: 2025/08/25&lt;br&gt;Editor: JTMTJTMT&lt;br&gt;Shape__Len: 85.40034780400&lt;br&gt;Link: &lt;br&gt;Framework: 101-0510263&lt;br&gt;Engineer: &lt;br&gt;Director: &lt;br&gt;Architect: &lt;br&gt;respons: מת&quot;י</description>
	<Style><LineStyle><color>ff0000ff</color></LineStyle><PolyStyle><fill>0</fill></PolyStyle></Style>
	<ExtendedData><SchemaData schemaUrl="#bike_lanes_construction">
		<SimpleData name="WKT">LINESTRING (35.21389 31.800279, 35.213981 31.800531, 35.214115 31.801024)</SimpleData>
		<SimpleData name="PartName">כביש 22</SimpleData>
		<SimpleData name="StreetName">כביש 22</SimpleData>
		<SimpleData name="status_tex">בביצוע</SimpleData>
		<SimpleData name="openyear_n">0</SimpleData>
		<SimpleData name="BPHTtype">0</SimpleData>
		<SimpleData name="usable">0</SimpleData>
		<SimpleData name="infra">0</SimpleData>
		<SimpleData name="roadtype">0</SimpleData>
		<SimpleData name="BPHdir">0</SimpleData>
		<SimpleData name="BPHplace">0</SimpleData>
		<SimpleData name="DIRtype">0</SimpleData>
		<SimpleData name="DIRTraffic">0</SimpleData>
		<SimpleData name="TOPOLOGY">0</SimpleData>
		<SimpleData name="DIV_Veh">0</SimpleData>
		<SimpleData name="DIV_Walk">0</SimpleData>
		<SimpleData name="Signpost">0</SimpleData>
		<SimpleData name="Parking">0</SimpleData>
		<SimpleData name="LEVEL_">0</SimpleData>
		<SimpleData name="PAINT">0</SimpleData>
		<SimpleData name="TREES">0</SimpleData>
		<SimpleData name="remarks"></SimpleData>
		<SimpleData name="globalID">0</SimpleData>
		<SimpleData name="id">96</SimpleData>
		<SimpleData name="GlobalID_2">{59125333-786e-4e69-bcbe-aa6489081ba1}</SimpleData>
		<SimpleData name="CreationDa">2025/08/25</SimpleData>
		<SimpleData name="Creator">JTMTJTMT</SimpleData>
		<SimpleData name="EditDate">2025/08/25</SimpleData>
		<SimpleData name="Editor">JTMTJTMT</SimpleData>
		<SimpleData name="Shape__Len">85.40034780400</SimpleData>
		<SimpleData name="Link"></SimpleData>
		<SimpleData name="Framework">101-0510263</SimpleData>
		<SimpleData name="Engineer"></SimpleData>
		<SimpleData name="Director"></SimpleData>
		<SimpleData name="Architect"></SimpleData>
		<SimpleData name="respons">מת&quot;י</SimpleData>
		<SimpleData name="V39"></SimpleData>
	</SchemaData></ExtendedData>
      <MultiGeometry><LineString><coordinates>35.21389,31.800279,0 35.213981,31.800531,0 35.214115,31.801024,0</coordinates></LineString></MultiGeometry>
  </Placemark>
  <Placemark>
	<name></name>
	<description>תיאור: &lt;br&gt;PartName: כביש 22&lt;br&gt;StreetName: כביש 22&lt;br&gt;status_tex: בביצוע&lt;br&gt;openyear_n: 0&lt;br&gt;BPHTtype: 0&lt;br&gt;usable: 0&lt;br&gt;infra: 0&lt;br&gt;roadtype: 0&lt;br&gt;BPHdir: 0.00000000000&lt;br&gt;BPHplace: 0&lt;br&gt;DIRtype: 0&lt;br&gt;DIRTraffic: 0&lt;br&gt;TOPOLOGY: 0&lt;br&gt;DIV_Veh: 0&lt;br&gt;DIV_Walk: 0&lt;br&gt;Signpost: 0&lt;br&gt;Parking: 0&lt;br&gt;LEVEL_: 0&lt;br&gt;PAINT: 0&lt;br&gt;TREES: 0&lt;br&gt;remarks: &lt;br&gt;globalID: 0&lt;br&gt;id: 96&lt;br&gt;GlobalID_2: {c7e63ac9-0130-45b8-b9ea-5b1c838402a0}&lt;br&gt;CreationDa: 2025/08/25&lt;br&gt;Creator: JTMTJTMT&lt;br&gt;EditDate: 2025/08/25&lt;br&gt;Editor: JTMTJTMT&lt;br&gt;Shape__Len: 6.92837820009&lt;br&gt;Link: &lt;br&gt;Framework: 101-0510263&lt;br&gt;Engineer: &lt;br&gt;Director: &lt;br&gt;Architect: &lt;br&gt;respons: מת&quot;י</description>
	<Style><LineStyle><color>ff0000ff</color></LineStyle><PolyStyle><fill>0</fill></PolyStyle></Style>
	<ExtendedData><SchemaData schemaUrl="#bike_lanes_construction">
		<SimpleData name="WKT">LINESTRING (35.214422 31.801293, 35.21445 31.801351)</SimpleData>
		<SimpleData name="PartName">כביש 22</SimpleData>
		<SimpleData name="StreetName">כביש 22</SimpleData>
		<SimpleData name="status_tex">בביצוע</SimpleData>
		<SimpleData name="openyear_n">0</SimpleData>
		<SimpleData name="BPHTtype">0</SimpleData>
		<SimpleData name="usable">0</SimpleData>
		<SimpleData name="infra">0</SimpleData>
		<SimpleData name="roadtype">0</SimpleData>
		<SimpleData name="BPHdir">0</SimpleData>
		<SimpleData name="BPHplace">0</SimpleData>
		<SimpleData name="DIRtype">0</SimpleData>
		<SimpleData name="DIRTraffic">0</SimpleData>
		<SimpleData name="TOPOLOGY">0</SimpleData>
		<SimpleData name="DIV_Veh">0</SimpleData>
		<SimpleData name="DIV_Walk">0</SimpleData>
		<SimpleData name="Signpost">0</SimpleData>
		<SimpleData name="Parking">0</SimpleData>
		<SimpleData name="LEVEL_">0</SimpleData>
		<SimpleData name="PAINT">0</SimpleData>
		<SimpleData name="TREES">0</SimpleData>
		<SimpleData name="remarks"></SimpleData>
		<SimpleData name="globalID">0</SimpleData>
		<SimpleData name="id">96</SimpleData>
		<SimpleData name="GlobalID_2">{c7e63ac9-0130-45b8-b9ea-5b1c838402a0}</SimpleData>
		<SimpleData name="CreationDa">2025/08/25</SimpleData>
		<SimpleData name="Creator">JTMTJTMT</SimpleData>
		<SimpleData name="EditDate">2025/08/25</SimpleData>
		<SimpleData name="Editor">JTMTJTMT</SimpleData>
		<SimpleData name="Shape__Len">6.92837820009</SimpleData>
		<SimpleData name="Link"></SimpleData>
		<SimpleData name="Framework">101-0510263</SimpleData>
		<SimpleData name="Engineer"></SimpleData>
		<SimpleData name="Director"></SimpleData>
		<SimpleData name="Architect"></SimpleData>
		<SimpleData name="respons">מת&quot;י</SimpleData>
		<SimpleData name="V39"></SimpleData>
	</SchemaData></ExtendedData>
      <MultiGeometry><LineString><coordinates>35.214422,31.801293,0 35.21445,31.801351,0</coordinates></LineString></MultiGeometry>
  </Placemark>
  <Placemark>
	<name></name>
	<description>תיאור: &lt;br&gt;PartName: כביש 22&lt;br&gt;StreetName: כביש 22&lt;br&gt;status_tex: בביצוע&lt;br&gt;openyear_n: 0&lt;br&gt;BPHTtype: 0&lt;br&gt;usable: 0&lt;br&gt;infra: 0&lt;br&gt;roadtype: 0&lt;br&gt;BPHdir: 0.00000000000&lt;br&gt;BPHplace: 0&lt;br&gt;DIRtype: 0&lt;br&gt;DIRTraffic: 0&lt;br&gt;TOPOLOGY: 0&lt;br&gt;DIV_Veh: 0&lt;br&gt;DIV_Walk: 0&lt;br&gt;Signpost: 0&lt;br&gt;Parking: 0&lt;br&gt;LEVEL_: 0&lt;br&gt;PAINT: 0&lt;br&gt;TREES: 0&lt;br&gt;remarks: &lt;br&gt;globalID: 0&lt;br&gt;id: 96&lt;br&gt;GlobalID_2: {1c4bc61e-2965-4eec-b539-aab37e2e9de4}&lt;br&gt;CreationDa: 2025/08/25&lt;br&gt;Creator: JTMTJTMT&lt;br&gt;EditDate: 2025/08/25&lt;br&gt;Editor: JTMTJTMT&lt;br&gt;Shape__Len: 4.58954309366&lt;br&gt;Link: &lt;br&gt;Framework: 101-0510263&lt;br&gt;Engineer: &lt;br&gt;Director: &lt;br&gt;Architect: &lt;br&gt;respons: מת&quot;י</description>
	<Style><LineStyle><color>ff0000ff</color></LineStyle><PolyStyle><fill>0</fill></PolyStyle></Style>
	<ExtendedData><SchemaData schemaUrl="#bike_lanes_construction">
		<SimpleData name="WKT">LINESTRING (35.214465 31.801372, 35.214482 31.801411)</SimpleData>
		<SimpleData name="PartName">כביש 22</SimpleData>
		<SimpleData name="StreetName">כביש 22</SimpleData>
		<SimpleData name="status_tex">בביצוע</SimpleData>
		<SimpleData name="openyear_n">0</SimpleData>
		<SimpleData name="BPHTtype">0</SimpleData>
		<SimpleData name="usable">0</SimpleData>
		<SimpleData name="infra">0</SimpleData>
		<SimpleData name="roadtype">0</SimpleData>
		<SimpleData name="BPHdir">0</SimpleData>
		<SimpleData name="BPHplace">0</SimpleData>
		<SimpleData name="DIRtype">0</SimpleData>
		<SimpleData name="DIRTraffic">0</SimpleData>
		<SimpleData name="TOPOLOGY">0</SimpleData>
		<SimpleData name="DIV_Veh">0</SimpleData>
		<SimpleData name="DIV_Walk">0</SimpleData>
		<SimpleData name="Signpost">0</SimpleData>
		<SimpleData name="Parking">0</SimpleData>
		<SimpleData name="LEVEL_">0</SimpleData>
		<SimpleData name="PAINT">0</SimpleData>
		<SimpleData name="TREES">0</SimpleData>
		<SimpleData name="remarks"></SimpleData>
		<SimpleData name="globalID">0</SimpleData>
		<SimpleData name="id">96</SimpleData>
		<SimpleData name="GlobalID_2">{1c4bc61e-2965-4eec-b539-aab37e2e9de4}</SimpleData>
		<SimpleData name="CreationDa">2025/08/25</SimpleData>
		<SimpleData name="Creator">JTMTJTMT</SimpleData>
		<SimpleData name="EditDate">2025/08/25</SimpleData>
		<SimpleData name="Editor">JTMTJTMT</SimpleData>
		<SimpleData name="Shape__Len">4.58954309366</SimpleData>
		<SimpleData name="Link"></SimpleData>
		<SimpleData name="Framework">101-0510263</SimpleData>
		<SimpleData name="Engineer"></SimpleData>
		<SimpleData name="Director"></SimpleData>
		<SimpleData name="Architect"></SimpleData>
		<SimpleData name="respons">מת&quot;י</SimpleData>
		<SimpleData name="V39"></SimpleData>
	</SchemaData></ExtendedData>
      <MultiGeometry><LineString><coordinates>35.214465,31.801372,0 35.214482,31.801411,0</coordinates></LineString></MultiGeometry>
  </Placemark>
  <Placemark>
	<name></name>
	<description>תיאור: &lt;br&gt;PartName: כביש 22&lt;br&gt;StreetName: כביש 22&lt;br&gt;status_tex: בביצוע&lt;br&gt;openyear_n: 0&lt;br&gt;BPHTtype: 0&lt;br&gt;usable: 0&lt;br&gt;infra: 0&lt;br&gt;roadtype: 0&lt;br&gt;BPHdir: 0.00000000000&lt;br&gt;BPHplace: 0&lt;br&gt;DIRtype: 0&lt;br&gt;DIRTraffic: 0&lt;br&gt;TOPOLOGY: 0&lt;br&gt;DIV_Veh: 0&lt;br&gt;DIV_Walk: 0&lt;br&gt;Signpost: 0&lt;br&gt;Parking: 0&lt;br&gt;LEVEL_: 0&lt;br&gt;PAINT: 0&lt;br&gt;TREES: 0&lt;br&gt;remarks: &lt;br&gt;globalID: 0&lt;br&gt;id: 96&lt;br&gt;GlobalID_2: {b4b99f6a-44e3-4876-86d9-04cb5b231e56}&lt;br&gt;CreationDa: 2025/08/25&lt;br&gt;Creator: JTMTJTMT&lt;br&gt;EditDate: 2025/08/25&lt;br&gt;Editor: JTMTJTMT&lt;br&gt;Shape__Len: 286.60930397200&lt;br&gt;Link: &lt;br&gt;Framework: 101-0510263&lt;br&gt;Engineer: &lt;br&gt;Director: &lt;br&gt;Architect: &lt;br&gt;respons: מת&quot;י</description>
	<Style><LineStyle><color>ff0000ff</color></LineStyle><PolyStyle><fill>0</fill></PolyStyle></Style>
	<ExtendedData><SchemaData schemaUrl="#bike_lanes_construction">
		<SimpleData name="WKT">LINESTRING (35.214471 31.80145, 35.214451 31.801517, 35.214537 31.801704, 35.214612 31.802179, 35.214596 31.802354, 35.214585 31.80261, 35.214541 31.803193, 35.21454 31.803613, 35.214645 31.804002)</SimpleData>
		<SimpleData name="PartName">כביש 22</SimpleData>
		<SimpleData name="StreetName">כביש 22</SimpleData>
		<SimpleData name="status_tex">בביצוע</SimpleData>
		<SimpleData name="openyear_n">0</SimpleData>
		<SimpleData name="BPHTtype">0</SimpleData>
		<SimpleData name="usable">0</SimpleData>
		<SimpleData name="infra">0</SimpleData>
		<SimpleData name="roadtype">0</SimpleData>
		<SimpleData name="BPHdir">0</SimpleData>
		<SimpleData name="BPHplace">0</SimpleData>
		<SimpleData name="DIRtype">0</SimpleData>
		<SimpleData name="DIRTraffic">0</SimpleData>
		<SimpleData name="TOPOLOGY">0</SimpleData>
		<SimpleData name="DIV_Veh">0</SimpleData>
		<SimpleData name="DIV_Walk">0</SimpleData>
		<SimpleData name="Signpost">0</SimpleData>
		<SimpleData name="Parking">0</SimpleData>
		<SimpleData name="LEVEL_">0</SimpleData>
		<SimpleData name="PAINT">0</SimpleData>
		<SimpleData name="TREES">0</SimpleData>
		<SimpleData name="remarks"></SimpleData>
		<SimpleData name="globalID">0</SimpleData>
		<SimpleData name="id">96</SimpleData>
		<SimpleData name="GlobalID_2">{b4b99f6a-44e3-4876-86d9-04cb5b231e56}</SimpleData>
		<SimpleData name="CreationDa">2025/08/25</SimpleData>
		<SimpleData name="Creator">JTMTJTMT</SimpleData>
		<SimpleData name="EditDate">2025/08/25</SimpleData>
		<SimpleData name="Editor">JTMTJTMT</SimpleData>
		<SimpleData name="Shape__Len">286.60930397200</SimpleData>
		<SimpleData name="Link"></SimpleData>
		<SimpleData name="Framework">101-0510263</SimpleData>
		<SimpleData name="Engineer"></SimpleData>
		<SimpleData name="Director"></SimpleData>
		<SimpleData name="Architect"></SimpleData>
		<SimpleData name="respons">מת&quot;י</SimpleData>
		<SimpleData name="V39"></SimpleData>
	</SchemaData></ExtendedData>
      <MultiGeometry><LineString><coordinates>35.214471,31.80145,0 35.214451,31.801517,0 35.214537,31.801704,0 35.214612,31.802179,0 35.214596,31.802354,0 35.214585,31.80261,0 35.214541,31.803193,0 35.21454,31.803613,0 35.214645,31.804002,0</coordinates></LineString></MultiGeometry>
  </Placemark>
  <Placemark>
	<name></name>
	<description>תיאור: &lt;br&gt;PartName: כביש 22&lt;br&gt;StreetName: כביש 22&lt;br&gt;status_tex: בביצוע&lt;br&gt;openyear_n: 0&lt;br&gt;BPHTtype: 0&lt;br&gt;usable: 0&lt;br&gt;infra: 0&lt;br&gt;roadtype: 0&lt;br&gt;BPHdir: 0.00000000000&lt;br&gt;BPHplace: 0&lt;br&gt;DIRtype: 0&lt;br&gt;DIRTraffic: 0&lt;br&gt;TOPOLOGY: 0&lt;br&gt;DIV_Veh: 0&lt;br&gt;DIV_Walk: 0&lt;br&gt;Signpost: 0&lt;br&gt;Parking: 0&lt;br&gt;LEVEL_: 0&lt;br&gt;PAINT: 0&lt;br&gt;TREES: 0&lt;br&gt;remarks: &lt;br&gt;globalID: 0&lt;br&gt;id: 96&lt;br&gt;GlobalID_2: {10825f41-a281-4799-b535-991d8b8ce690}&lt;br&gt;CreationDa: 2025/08/25&lt;br&gt;Creator: JTMTJTMT&lt;br&gt;EditDate: 2025/08/25&lt;br&gt;Editor: JTMTJTMT&lt;br&gt;Shape__Len: 31.64751135570&lt;br&gt;Link: &lt;br&gt;Framework: 101-0510263&lt;br&gt;Engineer: &lt;br&gt;Director: &lt;br&gt;Architect: &lt;br&gt;respons: מת&quot;י</description>
	<Style><LineStyle><color>ff0000ff</color></LineStyle><PolyStyle><fill>0</fill></PolyStyle></Style>
	<ExtendedData><SchemaData schemaUrl="#bike_lanes_construction">
		<SimpleData name="WKT">LINESTRING (35.214693 31.804092, 35.214387 31.804207)</SimpleData>
		<SimpleData name="PartName">כביש 22</SimpleData>
		<SimpleData name="StreetName">כביש 22</SimpleData>
		<SimpleData name="status_tex">בביצוע</SimpleData>
		<SimpleData name="openyear_n">0</SimpleData>
		<SimpleData name="BPHTtype">0</SimpleData>
		<SimpleData name="usable">0</SimpleData>
		<SimpleData name="infra">0</SimpleData>
		<SimpleData name="roadtype">0</SimpleData>
		<SimpleData name="BPHdir">0</SimpleData>
		<SimpleData name="BPHplace">0</SimpleData>
		<SimpleData name="DIRtype">0</SimpleData>
		<SimpleData name="DIRTraffic">0</SimpleData>
		<SimpleData name="TOPOLOGY">0</SimpleData>
		<SimpleData name="DIV_Veh">0</SimpleData>
		<SimpleData name="DIV_Walk">0</SimpleData>
		<SimpleData name="Signpost">0</SimpleData>
		<SimpleData name="Parking">0</SimpleData>
		<SimpleData name="LEVEL_">0</SimpleData>
		<SimpleData name="PAINT">0</SimpleData>
		<SimpleData name="TREES">0</SimpleData>
		<SimpleData name="remarks"></SimpleData>
		<SimpleData name="globalID">0</SimpleData>
		<SimpleData name="id">96</SimpleData>
		<SimpleData name="GlobalID_2">{10825f41-a281-4799-b535-991d8b8ce690}</SimpleData>
		<SimpleData name="CreationDa">2025/08/25</SimpleData>
		<SimpleData name="Creator">JTMTJTMT</SimpleData>
		<SimpleData name="EditDate">2025/08/25</SimpleData>
		<SimpleData name="Editor">JTMTJTMT</SimpleData>
		<SimpleData name="Shape__Len">31.64751135570</SimpleData>
		<SimpleData name="Link"></SimpleData>
		<SimpleData name="Framework">101-0510263</SimpleData>
		<SimpleData name="Engineer"></SimpleData>
		<SimpleData name="Director"></SimpleData>
		<SimpleData name="Architect"></SimpleData>
		<SimpleData name="respons">מת&quot;י</SimpleData>
		<SimpleData name="V39"></SimpleData>
	</SchemaData></ExtendedData>
      <MultiGeometry><LineString><coordinates>35.214693,31.804092,0 35.214387,31.804207,0</coordinates></LineString></MultiGeometry>
  </Placemark>
  <Placemark>
	<name></name>
	<description>תיאור: &lt;br&gt;PartName: כביש 22&lt;br&gt;StreetName: כביש 22&lt;br&gt;status_tex: בביצוע&lt;br&gt;openyear_n: 0&lt;br&gt;BPHTtype: 0&lt;br&gt;usable: 0&lt;br&gt;infra: 0&lt;br&gt;roadtype: 0&lt;br&gt;BPHdir: 0.00000000000&lt;br&gt;BPHplace: 0&lt;br&gt;DIRtype: 0&lt;br&gt;DIRTraffic: 0&lt;br&gt;TOPOLOGY: 0&lt;br&gt;DIV_Veh: 0&lt;br&gt;DIV_Walk: 0&lt;br&gt;Signpost: 0&lt;br&gt;Parking: 0&lt;br&gt;LEVEL_: 0&lt;br&gt;PAINT: 0&lt;br&gt;TREES: 0&lt;br&gt;remarks: &lt;br&gt;globalID: 0&lt;br&gt;id: 96&lt;br&gt;GlobalID_2: {25ad0948-c57e-4bc1-b99b-8c7089d59e22}&lt;br&gt;CreationDa: 2025/08/25&lt;br&gt;Creator: JTMTJTMT&lt;br&gt;EditDate: 2025/08/25&lt;br&gt;Editor: JTMTJTMT&lt;br&gt;Shape__Len: 13.17989162170&lt;br&gt;Link: &lt;br&gt;Framework: 101-0510263&lt;br&gt;Engineer: &lt;br&gt;Director: &lt;br&gt;Architect: &lt;br&gt;respons: מת&quot;י</description>
	<Style><LineStyle><color>ff0000ff</color></LineStyle><PolyStyle><fill>0</fill></PolyStyle></Style>
	<ExtendedData><SchemaData schemaUrl="#bike_lanes_construction">
		<SimpleData name="WKT">LINESTRING (35.214365 31.804259, 35.214432 31.804363)</SimpleData>
		<SimpleData name="PartName">כביש 22</SimpleData>
		<SimpleData name="StreetName">כביש 22</SimpleData>
		<SimpleData name="status_tex">בביצוע</SimpleData>
		<SimpleData name="openyear_n">0</SimpleData>
		<SimpleData name="BPHTtype">0</SimpleData>
		<SimpleData name="usable">0</SimpleData>
		<SimpleData name="infra">0</SimpleData>
		<SimpleData name="roadtype">0</SimpleData>
		<SimpleData name="BPHdir">0</SimpleData>
		<SimpleData name="BPHplace">0</SimpleData>
		<SimpleData name="DIRtype">0</SimpleData>
		<SimpleData name="DIRTraffic">0</SimpleData>
		<SimpleData name="TOPOLOGY">0</SimpleData>
		<SimpleData name="DIV_Veh">0</SimpleData>
		<SimpleData name="DIV_Walk">0</SimpleData>
		<SimpleData name="Signpost">0</SimpleData>
		<SimpleData name="Parking">0</SimpleData>
		<SimpleData name="LEVEL_">0</SimpleData>
		<SimpleData name="PAINT">0</SimpleData>
		<SimpleData name="TREES">0</SimpleData>
		<SimpleData name="remarks"></SimpleData>
		<SimpleData name="globalID">0</SimpleData>
		<SimpleData name="id">96</SimpleData>
		<SimpleData name="GlobalID_2">{25ad0948-c57e-4bc1-b99b-8c7089d59e22}</SimpleData>
		<SimpleData name="CreationDa">2025/08/25</SimpleData>
		<SimpleData name="Creator">JTMTJTMT</SimpleData>
		<SimpleData name="EditDate">2025/08/25</SimpleData>
		<SimpleData name="Editor">JTMTJTMT</SimpleData>
		<SimpleData name="Shape__Len">13.17989162170</SimpleData>
		<SimpleData name="Link"></SimpleData>
		<SimpleData name="Framework">101-0510263</SimpleData>
		<SimpleData name="Engineer"></SimpleData>
		<SimpleData name="Director"></SimpleData>
		<SimpleData name="Architect"></SimpleData>
		<SimpleData name="respons">מת&quot;י</SimpleData>
		<SimpleData name="V39"></SimpleData>
	</SchemaData></ExtendedData>
      <MultiGeometry><LineString><coordinates>35.214365,31.804259,0 35.214432,31.804363,0</coordinates></LineString></MultiGeometry>
  </Placemark>
  <Placemark>
	<name></name>
	<description>תיאור: &lt;br&gt;PartName: כביש 22&lt;br&gt;StreetName: כביש 22&lt;br&gt;status_tex: בביצוע&lt;br&gt;openyear_n: 0&lt;br&gt;BPHTtype: 0&lt;br&gt;usable: 0&lt;br&gt;infra: 0&lt;br&gt;roadtype: 0&lt;br&gt;BPHdir: 0.00000000000&lt;br&gt;BPHplace: 0&lt;br&gt;DIRtype: 0&lt;br&gt;DIRTraffic: 0&lt;br&gt;TOPOLOGY: 0&lt;br&gt;DIV_Veh: 0&lt;br&gt;DIV_Walk: 0&lt;br&gt;Signpost: 0&lt;br&gt;Parking: 0&lt;br&gt;LEVEL_: 0&lt;br&gt;PAINT: 0&lt;br&gt;TREES: 0&lt;br&gt;remarks: &lt;br&gt;globalID: 0&lt;br&gt;id: 96&lt;br&gt;GlobalID_2: {1cd42089-e991-41db-b08e-ae689961fb1c}&lt;br&gt;CreationDa: 2025/08/25&lt;br&gt;Creator: JTMTJTMT&lt;br&gt;EditDate: 2025/08/25&lt;br&gt;Editor: JTMTJTMT&lt;br&gt;Shape__Len: 8.55836605510&lt;br&gt;Link: &lt;br&gt;Framework: 101-0510263&lt;br&gt;Engineer: &lt;br&gt;Director: &lt;br&gt;Architect: &lt;br&gt;respons: מת&quot;י</description>
	<Style><LineStyle><color>ff0000ff</color></LineStyle><PolyStyle><fill>0</fill></PolyStyle></Style>
	<ExtendedData><SchemaData schemaUrl="#bike_lanes_construction">
		<SimpleData name="WKT">LINESTRING (35.214443 31.804459, 35.214409 31.804531)</SimpleData>
		<SimpleData name="PartName">כביש 22</SimpleData>
		<SimpleData name="StreetName">כביש 22</SimpleData>
		<SimpleData name="status_tex">בביצוע</SimpleData>
		<SimpleData name="openyear_n">0</SimpleData>
		<SimpleData name="BPHTtype">0</SimpleData>
		<SimpleData name="usable">0</SimpleData>
		<SimpleData name="infra">0</SimpleData>
		<SimpleData name="roadtype">0</SimpleData>
		<SimpleData name="BPHdir">0</SimpleData>
		<SimpleData name="BPHplace">0</SimpleData>
		<SimpleData name="DIRtype">0</SimpleData>
		<SimpleData name="DIRTraffic">0</SimpleData>
		<SimpleData name="TOPOLOGY">0</SimpleData>
		<SimpleData name="DIV_Veh">0</SimpleData>
		<SimpleData name="DIV_Walk">0</SimpleData>
		<SimpleData name="Signpost">0</SimpleData>
		<SimpleData name="Parking">0</SimpleData>
		<SimpleData name="LEVEL_">0</SimpleData>
		<SimpleData name="PAINT">0</SimpleData>
		<SimpleData name="TREES">0</SimpleData>
		<SimpleData name="remarks"></SimpleData>
		<SimpleData name="globalID">0</SimpleData>
		<SimpleData name="id">96</SimpleData>
		<SimpleData name="GlobalID_2">{1cd42089-e991-41db-b08e-ae689961fb1c}</SimpleData>
		<SimpleData name="CreationDa">2025/08/25</SimpleData>
		<SimpleData name="Creator">JTMTJTMT</SimpleData>
		<SimpleData name="EditDate">2025/08/25</SimpleData>
		<SimpleData name="Editor">JTMTJTMT</SimpleData>
		<SimpleData name="Shape__Len">8.55836605510</SimpleData>
		<SimpleData name="Link"></SimpleData>
		<SimpleData name="Framework">101-0510263</SimpleData>
		<SimpleData name="Engineer"></SimpleData>
		<SimpleData name="Director"></SimpleData>
		<SimpleData name="Architect"></SimpleData>
		<SimpleData name="respons">מת&quot;י</SimpleData>
		<SimpleData name="V39"></SimpleData>
	</SchemaData></ExtendedData>
      <MultiGeometry><LineString><coordinates>35.214443,31.804459,0 35.214409,31.804531,0</coordinates></LineString></MultiGeometry>
  </Placemark>
  <Placemark>
	<name></name>
	<description>תיאור: &lt;br&gt;PartName: כביש 22&lt;br&gt;StreetName: כביש 22&lt;br&gt;status_tex: בביצוע&lt;br&gt;openyear_n: 0&lt;br&gt;BPHTtype: 0&lt;br&gt;usable: 0&lt;br&gt;infra: 0&lt;br&gt;roadtype: 0&lt;br&gt;BPHdir: 0.00000000000&lt;br&gt;BPHplace: 0&lt;br&gt;DIRtype: 0&lt;br&gt;DIRTraffic: 0&lt;br&gt;TOPOLOGY: 0&lt;br&gt;DIV_Veh: 0&lt;br&gt;DIV_Walk: 0&lt;br&gt;Signpost: 0&lt;br&gt;Parking: 0&lt;br&gt;LEVEL_: 0&lt;br&gt;PAINT: 0&lt;br&gt;TREES: 0&lt;br&gt;remarks: &lt;br&gt;globalID: 0&lt;br&gt;id: 96&lt;br&gt;GlobalID_2: {df02f24d-2002-41e5-a0a3-ec34ad8845d4}&lt;br&gt;CreationDa: 2025/08/25&lt;br&gt;Creator: JTMTJTMT&lt;br&gt;EditDate: 2025/08/25&lt;br&gt;Editor: JTMTJTMT&lt;br&gt;Shape__Len: 6.48465895841&lt;br&gt;Link: &lt;br&gt;Framework: 101-0510263&lt;br&gt;Engineer: &lt;br&gt;Director: &lt;br&gt;Architect: &lt;br&gt;respons: מת&quot;י</description>
	<Style><LineStyle><color>ff0000ff</color></LineStyle><PolyStyle><fill>0</fill></PolyStyle></Style>
	<ExtendedData><SchemaData schemaUrl="#bike_lanes_construction">
		<SimpleData name="WKT">LINESTRING (35.214455 31.804725, 35.214428 31.804778)</SimpleData>
		<SimpleData name="PartName">כביש 22</SimpleData>
		<SimpleData name="StreetName">כביש 22</SimpleData>
		<SimpleData name="status_tex">בביצוע</SimpleData>
		<SimpleData name="openyear_n">0</SimpleData>
		<SimpleData name="BPHTtype">0</SimpleData>
		<SimpleData name="usable">0</SimpleData>
		<SimpleData name="infra">0</SimpleData>
		<SimpleData name="roadtype">0</SimpleData>
		<SimpleData name="BPHdir">0</SimpleData>
		<SimpleData name="BPHplace">0</SimpleData>
		<SimpleData name="DIRtype">0</SimpleData>
		<SimpleData name="DIRTraffic">0</SimpleData>
		<SimpleData name="TOPOLOGY">0</SimpleData>
		<SimpleData name="DIV_Veh">0</SimpleData>
		<SimpleData name="DIV_Walk">0</SimpleData>
		<SimpleData name="Signpost">0</SimpleData>
		<SimpleData name="Parking">0</SimpleData>
		<SimpleData name="LEVEL_">0</SimpleData>
		<SimpleData name="PAINT">0</SimpleData>
		<SimpleData name="TREES">0</SimpleData>
		<SimpleData name="remarks"></SimpleData>
		<SimpleData name="globalID">0</SimpleData>
		<SimpleData name="id">96</SimpleData>
		<SimpleData name="GlobalID_2">{df02f24d-2002-41e5-a0a3-ec34ad8845d4}</SimpleData>
		<SimpleData name="CreationDa">2025/08/25</SimpleData>
		<SimpleData name="Creator">JTMTJTMT</SimpleData>
		<SimpleData name="EditDate">2025/08/25</SimpleData>
		<SimpleData name="Editor">JTMTJTMT</SimpleData>
		<SimpleData name="Shape__Len">6.48465895841</SimpleData>
		<SimpleData name="Link"></SimpleData>
		<SimpleData name="Framework">101-0510263</SimpleData>
		<SimpleData name="Engineer"></SimpleData>
		<SimpleData name="Director"></SimpleData>
		<SimpleData name="Architect"></SimpleData>
		<SimpleData name="respons">מת&quot;י</SimpleData>
		<SimpleData name="V39"></SimpleData>
	</SchemaData></ExtendedData>
      <MultiGeometry><LineString><coordinates>35.214455,31.804725,0 35.214428,31.804778,0</coordinates></LineString></MultiGeometry>
  </Placemark>
  <Placemark>
	<name></name>
	<description>תיאור: &lt;br&gt;PartName: כביש 22&lt;br&gt;StreetName: כביש 22&lt;br&gt;status_tex: בביצוע&lt;br&gt;openyear_n: 0&lt;br&gt;BPHTtype: 0&lt;br&gt;usable: 0&lt;br&gt;infra: 0&lt;br&gt;roadtype: 8&lt;br&gt;BPHdir: 0.00000000000&lt;br&gt;BPHplace: 0&lt;br&gt;DIRtype: 0&lt;br&gt;DIRTraffic: 0&lt;br&gt;TOPOLOGY: 0&lt;br&gt;DIV_Veh: 0&lt;br&gt;DIV_Walk: 0&lt;br&gt;Signpost: 0&lt;br&gt;Parking: 0&lt;br&gt;LEVEL_: 0&lt;br&gt;PAINT: 0&lt;br&gt;TREES: 0&lt;br&gt;remarks: &lt;br&gt;globalID: 0&lt;br&gt;id: 96&lt;br&gt;GlobalID_2: {315c6dea-0c75-417a-9fee-4c04e38decc5}&lt;br&gt;CreationDa: 2025/08/25&lt;br&gt;Creator: JTMTJTMT&lt;br&gt;EditDate: 2025/08/25&lt;br&gt;Editor: JTMTJTMT&lt;br&gt;Shape__Len: 229.59554012000&lt;br&gt;Link: https://jtmt.sharepoint.com/:b:/r/sites/ModelsDepartment/StrategicPlanningDepartment/DocLib1/%D7%A4%D7%A8%D7%95%D7%99%D7%99%D7%A7%D7%98%D7%99%D7%9D%20%D7%90%D7%95%D7%A4%D7%A0%D7%99%D7%99%D7%9D/%D7%A2%D7%99%D7%A8%D7%99%D7%99%D7%94/17%20-%20%D7%A1%D7%95%D7&lt;br&gt;Framework: 101-0510263&lt;br&gt;Engineer: &lt;br&gt;Director: &lt;br&gt;Architect: &lt;br&gt;respons: מת&quot;י</description>
	<Style><LineStyle><color>ff0000ff</color></LineStyle><PolyStyle><fill>0</fill></PolyStyle></Style>
	<ExtendedData><SchemaData schemaUrl="#bike_lanes_construction">
		<SimpleData name="WKT">LINESTRING (35.21441 31.804524, 35.214551 31.804595, 35.215404 31.805516, 35.215925 31.806128)</SimpleData>
		<SimpleData name="PartName">כביש 22</SimpleData>
		<SimpleData name="StreetName">כביש 22</SimpleData>
		<SimpleData name="status_tex">בביצוע</SimpleData>
		<SimpleData name="openyear_n">0</SimpleData>
		<SimpleData name="BPHTtype">0</SimpleData>
		<SimpleData name="usable">0</SimpleData>
		<SimpleData name="infra">0</SimpleData>
		<SimpleData name="roadtype">8</SimpleData>
		<SimpleData name="BPHdir">0</SimpleData>
		<SimpleData name="BPHplace">0</SimpleData>
		<SimpleData name="DIRtype">0</SimpleData>
		<SimpleData name="DIRTraffic">0</SimpleData>
		<SimpleData name="TOPOLOGY">0</SimpleData>
		<SimpleData name="DIV_Veh">0</SimpleData>
		<SimpleData name="DIV_Walk">0</SimpleData>
		<SimpleData name="Signpost">0</SimpleData>
		<SimpleData name="Parking">0</SimpleData>
		<SimpleData name="LEVEL_">0</SimpleData>
		<SimpleData name="PAINT">0</SimpleData>
		<SimpleData name="TREES">0</SimpleData>
		<SimpleData name="remarks"></SimpleData>
		<SimpleData name="globalID">0</SimpleData>
		<SimpleData name="id">96</SimpleData>
		<SimpleData name="GlobalID_2">{315c6dea-0c75-417a-9fee-4c04e38decc5}</SimpleData>
		<SimpleData name="CreationDa">2025/08/25</SimpleData>
		<SimpleData name="Creator">JTMTJTMT</SimpleData>
		<SimpleData name="EditDate">2025/08/25</SimpleData>
		<SimpleData name="Editor">JTMTJTMT</SimpleData>
		<SimpleData name="Shape__Len">229.59554012000</SimpleData>
		<SimpleData name="Link">https://jtmt.sharepoint.com/:b:/r/sites/ModelsDepartment/StrategicPlanningDepartment/DocLib1/%D7%A4%D7%A8%D7%95%D7%99%D7%99%D7%A7%D7%98%D7%99%D7%9D%20%D7%90%D7%95%D7%A4%D7%A0%D7%99%D7%99%D7%9D/%D7%A2%D7%99%D7%A8%D7%99%D7%99%D7%94/17%20-%20%D7%A1%D7%95%D7</SimpleData>
		<SimpleData name="Framework">101-0510263</SimpleData>
		<SimpleData name="Engineer"></SimpleData>
		<SimpleData name="Director"></SimpleData>
		<SimpleData name="Architect"></SimpleData>
		<SimpleData name="respons">מת&quot;י</SimpleData>
		<SimpleData name="V39"></SimpleData>
	</SchemaData></ExtendedData>
      <MultiGeometry><LineString><coordinates>35.21441,31.804524,0 35.214551,31.804595,0 35.215404,31.805516,0 35.215925,31.806128,0</coordinates></LineString></MultiGeometry>
  </Placemark>
  <Placemark>
	<name></name>
	<description>תיאור: &lt;br&gt;PartName: כביש 22&lt;br&gt;StreetName: כביש 22&lt;br&gt;status_tex: בביצוע&lt;br&gt;openyear_n: 0&lt;br&gt;BPHTtype: 0&lt;br&gt;usable: 0&lt;br&gt;infra: 0&lt;br&gt;roadtype: 0&lt;br&gt;BPHdir: 0.00000000000&lt;br&gt;BPHplace: 0&lt;br&gt;DIRtype: 0&lt;br&gt;DIRTraffic: 0&lt;br&gt;TOPOLOGY: 0&lt;br&gt;DIV_Veh: 0&lt;br&gt;DIV_Walk: 0&lt;br&gt;Signpost: 0&lt;br&gt;Parking: 0&lt;br&gt;LEVEL_: 0&lt;br&gt;PAINT: 0&lt;br&gt;TREES: 0&lt;br&gt;remarks: &lt;br&gt;globalID: 0&lt;br&gt;id: 96&lt;br&gt;GlobalID_2: {9a09cef9-5f4d-4764-86d7-8953e41f08be}&lt;br&gt;CreationDa: 2025/08/25&lt;br&gt;Creator: JTMTJTMT&lt;br&gt;EditDate: 2025/08/25&lt;br&gt;Editor: JTMTJTMT&lt;br&gt;Shape__Len: 77.17299289910&lt;br&gt;Link: https://jtmt.sharepoint.com/:b:/r/sites/ModelsDepartment/StrategicPlanningDepartment/DocLib1/%D7%A4%D7%A8%D7%95%D7%99%D7%99%D7%A7%D7%98%D7%99%D7%9D%20%D7%90%D7%95%D7%A4%D7%A0%D7%99%D7%99%D7%9D/%D7%A2%D7%99%D7%A8%D7%99%D7%99%D7%94/17%20-%20%D7%A1%D7%95%D7&lt;br&gt;Framework: 101-0510263&lt;br&gt;Engineer: &lt;br&gt;Director: &lt;br&gt;Architect: &lt;br&gt;respons: מת&quot;י</description>
	<Style><LineStyle><color>ff0000ff</color></LineStyle><PolyStyle><fill>0</fill></PolyStyle></Style>
	<ExtendedData><SchemaData schemaUrl="#bike_lanes_construction">
		<SimpleData name="WKT">LINESTRING (35.216296 31.806345, 35.216382 31.806667, 35.216355 31.806867, 35.216296 31.807024)</SimpleData>
		<SimpleData name="PartName">כביש 22</SimpleData>
		<SimpleData name="StreetName">כביש 22</SimpleData>
		<SimpleData name="status_tex">בביצוע</SimpleData>
		<SimpleData name="openyear_n">0</SimpleData>
		<SimpleData name="BPHTtype">0</SimpleData>
		<SimpleData name="usable">0</SimpleData>
		<SimpleData name="infra">0</SimpleData>
		<SimpleData name="roadtype">0</SimpleData>
		<SimpleData name="BPHdir">0</SimpleData>
		<SimpleData name="BPHplace">0</SimpleData>
		<SimpleData name="DIRtype">0</SimpleData>
		<SimpleData name="DIRTraffic">0</SimpleData>
		<SimpleData name="TOPOLOGY">0</SimpleData>
		<SimpleData name="DIV_Veh">0</SimpleData>
		<SimpleData name="DIV_Walk">0</SimpleData>
		<SimpleData name="Signpost">0</SimpleData>
		<SimpleData name="Parking">0</SimpleData>
		<SimpleData name="LEVEL_">0</SimpleData>
		<SimpleData name="PAINT">0</SimpleData>
		<SimpleData name="TREES">0</SimpleData>
		<SimpleData name="remarks"></SimpleData>
		<SimpleData name="globalID">0</SimpleData>
		<SimpleData name="id">96</SimpleData>
		<SimpleData name="GlobalID_2">{9a09cef9-5f4d-4764-86d7-8953e41f08be}</SimpleData>
		<SimpleData name="CreationDa">2025/08/25</SimpleData>
		<SimpleData name="Creator">JTMTJTMT</SimpleData>
		<SimpleData name="EditDate">2025/08/25</SimpleData>
		<SimpleData name="Editor">JTMTJTMT</SimpleData>
		<SimpleData name="Shape__Len">77.17299289910</SimpleData>
		<SimpleData name="Link">https://jtmt.sharepoint.com/:b:/r/sites/ModelsDepartment/StrategicPlanningDepartment/DocLib1/%D7%A4%D7%A8%D7%95%D7%99%D7%99%D7%A7%D7%98%D7%99%D7%9D%20%D7%90%D7%95%D7%A4%D7%A0%D7%99%D7%99%D7%9D/%D7%A2%D7%99%D7%A8%D7%99%D7%99%D7%94/17%20-%20%D7%A1%D7%95%D7</SimpleData>
		<SimpleData name="Framework">101-0510263</SimpleData>
		<SimpleData name="Engineer"></SimpleData>
		<SimpleData name="Director"></SimpleData>
		<SimpleData name="Architect"></SimpleData>
		<SimpleData name="respons">מת&quot;י</SimpleData>
		<SimpleData name="V39"></SimpleData>
	</SchemaData></ExtendedData>
      <MultiGeometry><LineString><coordinates>35.216296,31.806345,0 35.216382,31.806667,0 35.216355,31.806867,0 35.216296,31.807024,0</coordinates></LineString></MultiGeometry>
  </Placemark>
  <Placemark>
	<name></name>
	<description>תיאור: &lt;br&gt;PartName: גבעת המטוס&lt;br&gt;StreetName: גבעת המטוס&lt;br&gt;status_tex: בביצוע&lt;br&gt;openyear_n: 0&lt;br&gt;BPHTtype: 0&lt;br&gt;usable: 0&lt;br&gt;infra: 0&lt;br&gt;roadtype: 0&lt;br&gt;BPHdir: 0.00000000000&lt;br&gt;BPHplace: 0&lt;br&gt;DIRtype: 2&lt;br&gt;DIRTraffic: 0&lt;br&gt;TOPOLOGY: 0&lt;br&gt;DIV_Veh: 0&lt;br&gt;DIV_Walk: 0&lt;br&gt;Signpost: 0&lt;br&gt;Parking: 0&lt;br&gt;LEVEL_: 0&lt;br&gt;PAINT: 0&lt;br&gt;TREES: 0&lt;br&gt;remarks: &lt;br&gt;globalID: 0&lt;br&gt;id: 52&lt;br&gt;GlobalID_2: {bf670abf-364f-4708-a955-87033c4fc019}&lt;br&gt;CreationDa: 2025/08/25&lt;br&gt;Creator: JTMTJTMT&lt;br&gt;EditDate: 2025/08/25&lt;br&gt;Editor: JTMTJTMT&lt;br&gt;Shape__Len: 28.06843466290&lt;br&gt;Link: &lt;br&gt;Framework: תכנון שכונות&lt;br&gt;Engineer: &lt;br&gt;Director: &lt;br&gt;Architect: &lt;br&gt;respons: </description>
	<Style><LineStyle><color>ff0000ff</color></LineStyle><PolyStyle><fill>0</fill></PolyStyle></Style>
	<ExtendedData><SchemaData schemaUrl="#bike_lanes_construction">
		<SimpleData name="WKT">LINESTRING (35.209112 31.737747, 35.209277 31.737537)</SimpleData>
		<SimpleData name="PartName">גבעת המטוס</SimpleData>
		<SimpleData name="StreetName">גבעת המטוס</SimpleData>
		<SimpleData name="status_tex">בביצוע</SimpleData>
		<SimpleData name="openyear_n">0</SimpleData>
		<SimpleData name="BPHTtype">0</SimpleData>
		<SimpleData name="usable">0</SimpleData>
		<SimpleData name="infra">0</SimpleData>
		<SimpleData name="roadtype">0</SimpleData>
		<SimpleData name="BPHdir">0</SimpleData>
		<SimpleData name="BPHplace">0</SimpleData>
		<SimpleData name="DIRtype">2</SimpleData>
		<SimpleData name="DIRTraffic">0</SimpleData>
		<SimpleData name="TOPOLOGY">0</SimpleData>
		<SimpleData name="DIV_Veh">0</SimpleData>
		<SimpleData name="DIV_Walk">0</SimpleData>
		<SimpleData name="Signpost">0</SimpleData>
		<SimpleData name="Parking">0</SimpleData>
		<SimpleData name="LEVEL_">0</SimpleData>
		<SimpleData name="PAINT">0</SimpleData>
		<SimpleData name="TREES">0</SimpleData>
		<SimpleData name="remarks"></SimpleData>
		<SimpleData name="globalID">0</SimpleData>
		<SimpleData name="id">52</SimpleData>
		<SimpleData name="GlobalID_2">{bf670abf-364f-4708-a955-87033c4fc019}</SimpleData>
		<SimpleData name="CreationDa">2025/08/25</SimpleData>
		<SimpleData name="Creator">JTMTJTMT</SimpleData>
		<SimpleData name="EditDate">2025/08/25</SimpleData>
		<SimpleData name="Editor">JTMTJTMT</SimpleData>
		<SimpleData name="Shape__Len">28.06843466290</SimpleData>
		<SimpleData name="Link"></SimpleData>
		<SimpleData name="Framework">תכנון שכונות</SimpleData>
		<SimpleData name="Engineer"></SimpleData>
		<SimpleData name="Director"></SimpleData>
		<SimpleData name="Architect"></SimpleData>
		<SimpleData name="respons"></SimpleData>
		<SimpleData name="V39"></SimpleData>
	</SchemaData></ExtendedData>
      <MultiGeometry><LineString><coordinates>35.209112,31.737747,0 35.209277,31.737537,0</coordinates></LineString></MultiGeometry>
  </Placemark>
  <Placemark>
	<name></name>
	<description>תיאור: &lt;br&gt;PartName: גבעת המטוס&lt;br&gt;StreetName: גבעת המטוס&lt;br&gt;status_tex: בביצוע&lt;br&gt;openyear_n: 0&lt;br&gt;BPHTtype: 0&lt;br&gt;usable: 0&lt;br&gt;infra: 0&lt;br&gt;roadtype: 0&lt;br&gt;BPHdir: 0.00000000000&lt;br&gt;BPHplace: 0&lt;br&gt;DIRtype: 2&lt;br&gt;DIRTraffic: 0&lt;br&gt;TOPOLOGY: 0&lt;br&gt;DIV_Veh: 0&lt;br&gt;DIV_Walk: 0&lt;br&gt;Signpost: 0&lt;br&gt;Parking: 0&lt;br&gt;LEVEL_: 0&lt;br&gt;PAINT: 0&lt;br&gt;TREES: 0&lt;br&gt;remarks: &lt;br&gt;globalID: 0&lt;br&gt;id: 52&lt;br&gt;GlobalID_2: {275cfcba-8c2c-475d-aa0d-89479a013e12}&lt;br&gt;CreationDa: 2025/08/25&lt;br&gt;Creator: JTMTJTMT&lt;br&gt;EditDate: 2025/08/25&lt;br&gt;Editor: JTMTJTMT&lt;br&gt;Shape__Len: 12.90995172440&lt;br&gt;Link: &lt;br&gt;Framework: תכנון שכונות&lt;br&gt;Engineer: &lt;br&gt;Director: &lt;br&gt;Architect: &lt;br&gt;respons: </description>
	<Style><LineStyle><color>ff0000ff</color></LineStyle><PolyStyle><fill>0</fill></PolyStyle></Style>
	<ExtendedData><SchemaData schemaUrl="#bike_lanes_construction">
		<SimpleData name="WKT">LINESTRING (35.209465 31.737284, 35.209558 31.7372)</SimpleData>
		<SimpleData name="PartName">גבעת המטוס</SimpleData>
		<SimpleData name="StreetName">גבעת המטוס</SimpleData>
		<SimpleData name="status_tex">בביצוע</SimpleData>
		<SimpleData name="openyear_n">0</SimpleData>
		<SimpleData name="BPHTtype">0</SimpleData>
		<SimpleData name="usable">0</SimpleData>
		<SimpleData name="infra">0</SimpleData>
		<SimpleData name="roadtype">0</SimpleData>
		<SimpleData name="BPHdir">0</SimpleData>
		<SimpleData name="BPHplace">0</SimpleData>
		<SimpleData name="DIRtype">2</SimpleData>
		<SimpleData name="DIRTraffic">0</SimpleData>
		<SimpleData name="TOPOLOGY">0</SimpleData>
		<SimpleData name="DIV_Veh">0</SimpleData>
		<SimpleData name="DIV_Walk">0</SimpleData>
		<SimpleData name="Signpost">0</SimpleData>
		<SimpleData name="Parking">0</SimpleData>
		<SimpleData name="LEVEL_">0</SimpleData>
		<SimpleData name="PAINT">0</SimpleData>
		<SimpleData name="TREES">0</SimpleData>
		<SimpleData name="remarks"></SimpleData>
		<SimpleData name="globalID">0</SimpleData>
		<SimpleData name="id">52</SimpleData>
		<SimpleData name="GlobalID_2">{275cfcba-8c2c-475d-aa0d-89479a013e12}</SimpleData>
		<SimpleData name="CreationDa">2025/08/25</SimpleData>
		<SimpleData name="Creator">JTMTJTMT</SimpleData>
		<SimpleData name="EditDate">2025/08/25</SimpleData>
		<SimpleData name="Editor">JTMTJTMT</SimpleData>
		<SimpleData name="Shape__Len">12.90995172440</SimpleData>
		<SimpleData name="Link"></SimpleData>
		<SimpleData name="Framework">תכנון שכונות</SimpleData>
		<SimpleData name="Engineer"></SimpleData>
		<SimpleData name="Director"></SimpleData>
		<SimpleData name="Architect"></SimpleData>
		<SimpleData name="respons"></SimpleData>
		<SimpleData name="V39"></SimpleData>
	</SchemaData></ExtendedData>
      <MultiGeometry><LineString><coordinates>35.209465,31.737284,0 35.209558,31.7372,0</coordinates></LineString></MultiGeometry>
  </Placemark>
  <Placemark>
	<name></name>
	<description>תיאור: &lt;br&gt;PartName: גבעת המטוס&lt;br&gt;StreetName: גבעת המטוס&lt;br&gt;status_tex: בביצוע&lt;br&gt;openyear_n: 0&lt;br&gt;BPHTtype: 0&lt;br&gt;usable: 0&lt;br&gt;infra: 0&lt;br&gt;roadtype: 0&lt;br&gt;BPHdir: 0.00000000000&lt;br&gt;BPHplace: 0&lt;br&gt;DIRtype: 2&lt;br&gt;DIRTraffic: 0&lt;br&gt;TOPOLOGY: 0&lt;br&gt;DIV_Veh: 0&lt;br&gt;DIV_Walk: 0&lt;br&gt;Signpost: 0&lt;br&gt;Parking: 0&lt;br&gt;LEVEL_: 0&lt;br&gt;PAINT: 0&lt;br&gt;TREES: 0&lt;br&gt;remarks: &lt;br&gt;globalID: 0&lt;br&gt;id: 52&lt;br&gt;GlobalID_2: {739a1764-61b8-4d42-8358-2708d8b7d535}&lt;br&gt;CreationDa: 2025/08/25&lt;br&gt;Creator: JTMTJTMT&lt;br&gt;EditDate: 2025/08/25&lt;br&gt;Editor: JTMTJTMT&lt;br&gt;Shape__Len: 84.23820497760&lt;br&gt;Link: &lt;br&gt;Framework: תכנון שכונות&lt;br&gt;Engineer: &lt;br&gt;Director: &lt;br&gt;Architect: &lt;br&gt;respons: </description>
	<Style><LineStyle><color>ff0000ff</color></LineStyle><PolyStyle><fill>0</fill></PolyStyle></Style>
	<ExtendedData><SchemaData schemaUrl="#bike_lanes_construction">
		<SimpleData name="WKT">LINESTRING (35.209558 31.7372, 35.209584 31.737185, 35.209765 31.737208, 35.209833 31.737199, 35.209935 31.737158, 35.21035 31.736929)</SimpleData>
		<SimpleData name="PartName">גבעת המטוס</SimpleData>
		<SimpleData name="StreetName">גבעת המטוס</SimpleData>
		<SimpleData name="status_tex">בביצוע</SimpleData>
		<SimpleData name="openyear_n">0</SimpleData>
		<SimpleData name="BPHTtype">0</SimpleData>
		<SimpleData name="usable">0</SimpleData>
		<SimpleData name="infra">0</SimpleData>
		<SimpleData name="roadtype">0</SimpleData>
		<SimpleData name="BPHdir">0</SimpleData>
		<SimpleData name="BPHplace">0</SimpleData>
		<SimpleData name="DIRtype">2</SimpleData>
		<SimpleData name="DIRTraffic">0</SimpleData>
		<SimpleData name="TOPOLOGY">0</SimpleData>
		<SimpleData name="DIV_Veh">0</SimpleData>
		<SimpleData name="DIV_Walk">0</SimpleData>
		<SimpleData name="Signpost">0</SimpleData>
		<SimpleData name="Parking">0</SimpleData>
		<SimpleData name="LEVEL_">0</SimpleData>
		<SimpleData name="PAINT">0</SimpleData>
		<SimpleData name="TREES">0</SimpleData>
		<SimpleData name="remarks"></SimpleData>
		<SimpleData name="globalID">0</SimpleData>
		<SimpleData name="id">52</SimpleData>
		<SimpleData name="GlobalID_2">{739a1764-61b8-4d42-8358-2708d8b7d535}</SimpleData>
		<SimpleData name="CreationDa">2025/08/25</SimpleData>
		<SimpleData name="Creator">JTMTJTMT</SimpleData>
		<SimpleData name="EditDate">2025/08/25</SimpleData>
		<SimpleData name="Editor">JTMTJTMT</SimpleData>
		<SimpleData name="Shape__Len">84.23820497760</SimpleData>
		<SimpleData name="Link"></SimpleData>
		<SimpleData name="Framework">תכנון שכונות</SimpleData>
		<SimpleData name="Engineer"></SimpleData>
		<SimpleData name="Director"></SimpleData>
		<SimpleData name="Architect"></SimpleData>
		<SimpleData name="respons"></SimpleData>
		<SimpleData name="V39"></SimpleData>
	</SchemaData></ExtendedData>
      <MultiGeometry><LineString><coordinates>35.209558,31.7372,0 35.209584,31.737185,0 35.209765,31.737208,0 35.209833,31.737199,0 35.209935,31.737158,0 35.21035,31.736929,0</coordinates></LineString></MultiGeometry>
  </Placemark>
  <Placemark>
	<name></name>
	<description>תיאור: &lt;br&gt;PartName: פארק האסבסטונים&lt;br&gt;StreetName: פארק האסבסטונים&lt;br&gt;status_tex: בביצוע&lt;br&gt;openyear_n: 0&lt;br&gt;BPHTtype: 0&lt;br&gt;usable: 0&lt;br&gt;infra: 0&lt;br&gt;roadtype: 0&lt;br&gt;BPHdir: 0.00000000000&lt;br&gt;BPHplace: 0&lt;br&gt;DIRtype: 0&lt;br&gt;DIRTraffic: 0&lt;br&gt;TOPOLOGY: 0&lt;br&gt;DIV_Veh: 0&lt;br&gt;DIV_Walk: 0&lt;br&gt;Signpost: 0&lt;br&gt;Parking: 0&lt;br&gt;LEVEL_: 0&lt;br&gt;PAINT: 0&lt;br&gt;TREES: 0&lt;br&gt;remarks: &lt;br&gt;globalID: 0&lt;br&gt;id: 264&lt;br&gt;GlobalID_2: {0e7005a8-3d41-4d85-b690-2d6703cc3cfd}&lt;br&gt;CreationDa: 2025/08/25&lt;br&gt;Creator: JTMTJTMT&lt;br&gt;EditDate: 2025/08/25&lt;br&gt;Editor: JTMTJTMT&lt;br&gt;Shape__Len: 210.47839479400&lt;br&gt;Link: &lt;br&gt;Framework: &lt;br&gt;Engineer: &lt;br&gt;Director: &lt;br&gt;Architect: &lt;br&gt;respons: </description>
	<Style><LineStyle><color>ff0000ff</color></LineStyle><PolyStyle><fill>0</fill></PolyStyle></Style>
	<ExtendedData><SchemaData schemaUrl="#bike_lanes_construction">
		<SimpleData name="WKT">LINESTRING (35.172107 31.758923, 35.171229 31.758942, 35.17002 31.759442)</SimpleData>
		<SimpleData name="PartName">פארק האסבסטונים</SimpleData>
		<SimpleData name="StreetName">פארק האסבסטונים</SimpleData>
		<SimpleData name="status_tex">בביצוע</SimpleData>
		<SimpleData name="openyear_n">0</SimpleData>
		<SimpleData name="BPHTtype">0</SimpleData>
		<SimpleData name="usable">0</SimpleData>
		<SimpleData name="infra">0</SimpleData>
		<SimpleData name="roadtype">0</SimpleData>
		<SimpleData name="BPHdir">0</SimpleData>
		<SimpleData name="BPHplace">0</SimpleData>
		<SimpleData name="DIRtype">0</SimpleData>
		<SimpleData name="DIRTraffic">0</SimpleData>
		<SimpleData name="TOPOLOGY">0</SimpleData>
		<SimpleData name="DIV_Veh">0</SimpleData>
		<SimpleData name="DIV_Walk">0</SimpleData>
		<SimpleData name="Signpost">0</SimpleData>
		<SimpleData name="Parking">0</SimpleData>
		<SimpleData name="LEVEL_">0</SimpleData>
		<SimpleData name="PAINT">0</SimpleData>
		<SimpleData name="TREES">0</SimpleData>
		<SimpleData name="remarks"></SimpleData>
		<SimpleData name="globalID">0</SimpleData>
		<SimpleData name="id">264</SimpleData>
		<SimpleData name="GlobalID_2">{0e7005a8-3d41-4d85-b690-2d6703cc3cfd}</SimpleData>
		<SimpleData name="CreationDa">2025/08/25</SimpleData>
		<SimpleData name="Creator">JTMTJTMT</SimpleData>
		<SimpleData name="EditDate">2025/08/25</SimpleData>
		<SimpleData name="Editor">JTMTJTMT</SimpleData>
		<SimpleData name="Shape__Len">210.47839479400</SimpleData>
		<SimpleData name="Link"></SimpleData>
		<SimpleData name="Framework"></SimpleData>
		<SimpleData name="Engineer"></SimpleData>
		<SimpleData name="Director"></SimpleData>
		<SimpleData name="Architect"></SimpleData>
		<SimpleData name="respons"></SimpleData>
		<SimpleData name="V39"></SimpleData>
	</SchemaData></ExtendedData>
      <MultiGeometry><LineString><coordinates>35.172107,31.758923,0 35.171229,31.758942,0 35.17002,31.759442,0</coordinates></LineString></MultiGeometry>
  </Placemark>
  <Placemark>
	<name></name>
	<description>תיאור: &lt;br&gt;PartName: פארק האסבסטונים&lt;br&gt;StreetName: פארק האסבסטונים&lt;br&gt;status_tex: בביצוע&lt;br&gt;openyear_n: 0&lt;br&gt;BPHTtype: 0&lt;br&gt;usable: 0&lt;br&gt;infra: 0&lt;br&gt;roadtype: 0&lt;br&gt;BPHdir: 0.00000000000&lt;br&gt;BPHplace: 0&lt;br&gt;DIRtype: 0&lt;br&gt;DIRTraffic: 0&lt;br&gt;TOPOLOGY: 0&lt;br&gt;DIV_Veh: 0&lt;br&gt;DIV_Walk: 0&lt;br&gt;Signpost: 0&lt;br&gt;Parking: 0&lt;br&gt;LEVEL_: 0&lt;br&gt;PAINT: 0&lt;br&gt;TREES: 0&lt;br&gt;remarks: &lt;br&gt;globalID: 0&lt;br&gt;id: 275&lt;br&gt;GlobalID_2: {070ebf2f-a159-4b8c-a20a-4aa8444107fa}&lt;br&gt;CreationDa: 2025/08/25&lt;br&gt;Creator: JTMTJTMT&lt;br&gt;EditDate: 2025/08/25&lt;br&gt;Editor: JTMTJTMT&lt;br&gt;Shape__Len: 397.92433405900&lt;br&gt;Link: &lt;br&gt;Framework: בדיקת היתכנות&lt;br&gt;Engineer: &lt;br&gt;Director: &lt;br&gt;Architect: &lt;br&gt;respons: </description>
	<Style><LineStyle><color>ff0000ff</color></LineStyle><PolyStyle><fill>0</fill></PolyStyle></Style>
	<ExtendedData><SchemaData schemaUrl="#bike_lanes_construction">
		<SimpleData name="WKT">LINESTRING (35.174599 31.758004, 35.174818 31.756903, 35.174845 31.755357, 35.174866 31.754432)</SimpleData>
		<SimpleData name="PartName">פארק האסבסטונים</SimpleData>
		<SimpleData name="StreetName">פארק האסבסטונים</SimpleData>
		<SimpleData name="status_tex">בביצוע</SimpleData>
		<SimpleData name="openyear_n">0</SimpleData>
		<SimpleData name="BPHTtype">0</SimpleData>
		<SimpleData name="usable">0</SimpleData>
		<SimpleData name="infra">0</SimpleData>
		<SimpleData name="roadtype">0</SimpleData>
		<SimpleData name="BPHdir">0</SimpleData>
		<SimpleData name="BPHplace">0</SimpleData>
		<SimpleData name="DIRtype">0</SimpleData>
		<SimpleData name="DIRTraffic">0</SimpleData>
		<SimpleData name="TOPOLOGY">0</SimpleData>
		<SimpleData name="DIV_Veh">0</SimpleData>
		<SimpleData name="DIV_Walk">0</SimpleData>
		<SimpleData name="Signpost">0</SimpleData>
		<SimpleData name="Parking">0</SimpleData>
		<SimpleData name="LEVEL_">0</SimpleData>
		<SimpleData name="PAINT">0</SimpleData>
		<SimpleData name="TREES">0</SimpleData>
		<SimpleData name="remarks"></SimpleData>
		<SimpleData name="globalID">0</SimpleData>
		<SimpleData name="id">275</SimpleData>
		<SimpleData name="GlobalID_2">{070ebf2f-a159-4b8c-a20a-4aa8444107fa}</SimpleData>
		<SimpleData name="CreationDa">2025/08/25</SimpleData>
		<SimpleData name="Creator">JTMTJTMT</SimpleData>
		<SimpleData name="EditDate">2025/08/25</SimpleData>
		<SimpleData name="Editor">JTMTJTMT</SimpleData>
		<SimpleData name="Shape__Len">397.92433405900</SimpleData>
		<SimpleData name="Link"></SimpleData>
		<SimpleData name="Framework">בדיקת היתכנות</SimpleData>
		<SimpleData name="Engineer"></SimpleData>
		<SimpleData name="Director"></SimpleData>
		<SimpleData name="Architect"></SimpleData>
		<SimpleData name="respons"></SimpleData>
		<SimpleData name="V39"></SimpleData>
	</SchemaData></ExtendedData>
      <MultiGeometry><LineString><coordinates>35.174599,31.758004,0 35.174818,31.756903,0 35.174845,31.755357,0 35.174866,31.754432,0</coordinates></LineString></MultiGeometry>
  </Placemark>
  <Placemark>
	<name></name>
	<description>תיאור: &lt;br&gt;PartName: חיבור לפסגת זאב&lt;br&gt;StreetName: יגאל ידין&lt;br&gt;status_tex: בביצוע&lt;br&gt;openyear_n: 0&lt;br&gt;BPHTtype: 0&lt;br&gt;usable: 0&lt;br&gt;infra: 0&lt;br&gt;roadtype: 0&lt;br&gt;BPHdir: 0.00000000000&lt;br&gt;BPHplace: 0&lt;br&gt;DIRtype: 0&lt;br&gt;DIRTraffic: 0&lt;br&gt;TOPOLOGY: 0&lt;br&gt;DIV_Veh: 0&lt;br&gt;DIV_Walk: 0&lt;br&gt;Signpost: 0&lt;br&gt;Parking: 0&lt;br&gt;LEVEL_: 0&lt;br&gt;PAINT: 0&lt;br&gt;TREES: 0&lt;br&gt;remarks: &lt;br&gt;globalID: 0&lt;br&gt;id: 277&lt;br&gt;GlobalID_2: {cd549d9d-d1ce-432c-8788-49477ae74cee}&lt;br&gt;CreationDa: 2025/08/25&lt;br&gt;Creator: JTMTJTMT&lt;br&gt;EditDate: 2025/08/25&lt;br&gt;Editor: JTMTJTMT&lt;br&gt;Shape__Len: 585.83115963300&lt;br&gt;Link: https://jtmt.sharepoint.com/:b:/r/sites/ModelsDepartment/StrategicPlanningDepartment/DocLib1/%D7%A4%D7%A8%D7%95%D7%99%D7%99%D7%A7%D7%98%D7%99%D7%9D%20%D7%90%D7%95%D7%A4%D7%A0%D7%99%D7%99%D7%9D/%D7%A9%D7%95%D7%A0%D7%95%D7%AA%20%D7%90%D7%95%20%D7%9E%D7%99%&lt;br&gt;Framework: בדיקת היתכנות&lt;br&gt;Engineer: &lt;br&gt;Director: &lt;br&gt;Architect: &lt;br&gt;respons: </description>
	<Style><LineStyle><color>ff0000ff</color></LineStyle><PolyStyle><fill>0</fill></PolyStyle></Style>
	<ExtendedData><SchemaData schemaUrl="#bike_lanes_construction">
		<SimpleData name="WKT">LINESTRING (35.233988 31.806562, 35.234109 31.806579, 35.234172 31.806589, 35.234181 31.80668, 35.234379 31.80674, 35.234302 31.806959, 35.234387 31.80694, 35.234471 31.806946, 35.234563 31.806987, 35.234662 31.80714, 35.234762 31.807305, 35.234909 31.807592, 35.235011 31.807741, 35.235313 31.808011, 35.235445 31.808085, 35.235661 31.808578, 35.235891 31.808881, 35.236148 31.809162, 35.236518 31.809456, 35.237145 31.809906, 35.237562 31.810461)</SimpleData>
		<SimpleData name="PartName">חיבור לפסגת זאב</SimpleData>
		<SimpleData name="StreetName">יגאל ידין</SimpleData>
		<SimpleData name="status_tex">בביצוע</SimpleData>
		<SimpleData name="openyear_n">0</SimpleData>
		<SimpleData name="BPHTtype">0</SimpleData>
		<SimpleData name="usable">0</SimpleData>
		<SimpleData name="infra">0</SimpleData>
		<SimpleData name="roadtype">0</SimpleData>
		<SimpleData name="BPHdir">0</SimpleData>
		<SimpleData name="BPHplace">0</SimpleData>
		<SimpleData name="DIRtype">0</SimpleData>
		<SimpleData name="DIRTraffic">0</SimpleData>
		<SimpleData name="TOPOLOGY">0</SimpleData>
		<SimpleData name="DIV_Veh">0</SimpleData>
		<SimpleData name="DIV_Walk">0</SimpleData>
		<SimpleData name="Signpost">0</SimpleData>
		<SimpleData name="Parking">0</SimpleData>
		<SimpleData name="LEVEL_">0</SimpleData>
		<SimpleData name="PAINT">0</SimpleData>
		<SimpleData name="TREES">0</SimpleData>
		<SimpleData name="remarks"></SimpleData>
		<SimpleData name="globalID">0</SimpleData>
		<SimpleData name="id">277</SimpleData>
		<SimpleData name="GlobalID_2">{cd549d9d-d1ce-432c-8788-49477ae74cee}</SimpleData>
		<SimpleData name="CreationDa">2025/08/25</SimpleData>
		<SimpleData name="Creator">JTMTJTMT</SimpleData>
		<SimpleData name="EditDate">2025/08/25</SimpleData>
		<SimpleData name="Editor">JTMTJTMT</SimpleData>
		<SimpleData name="Shape__Len">585.83115963300</SimpleData>
		<SimpleData name="Link">https://jtmt.sharepoint.com/:b:/r/sites/ModelsDepartment/StrategicPlanningDepartment/DocLib1/%D7%A4%D7%A8%D7%95%D7%99%D7%99%D7%A7%D7%98%D7%99%D7%9D%20%D7%90%D7%95%D7%A4%D7%A0%D7%99%D7%99%D7%9D/%D7%A9%D7%95%D7%A0%D7%95%D7%AA%20%D7%90%D7%95%20%D7%9E%D7%99%</SimpleData>
		<SimpleData name="Framework">בדיקת היתכנות</SimpleData>
		<SimpleData name="Engineer"></SimpleData>
		<SimpleData name="Director"></SimpleData>
		<SimpleData name="Architect"></SimpleData>
		<SimpleData name="respons"></SimpleData>
		<SimpleData name="V39"></SimpleData>
	</SchemaData></ExtendedData>
      <MultiGeometry><LineString><coordinates>35.233988,31.806562,0 35.234109,31.806579,0 35.234172,31.806589,0 35.234181,31.80668,0 35.234379,31.80674,0 35.234302,31.806959,0 35.234387,31.80694,0 35.234471,31.806946,0 35.234563,31.806987,0 35.234662,31.80714,0 35.234762,31.807305,0 35.234909,31.807592,0 35.235011,31.807741,0 35.235313,31.808011,0 35.235445,31.808085,0 35.235661,31.808578,0 35.235891,31.808881,0 35.236148,31.809162,0 35.236518,31.809456,0 35.237145,31.809906,0 35.237562,31.810461,0</coordinates></LineString></MultiGeometry>
  </Placemark>
  <Placemark>
	<name></name>
	<description>תיאור: &lt;br&gt;PartName: בגין מקטע ב&lt;br&gt;StreetName: כניסה לעיר - הר חוצבים&lt;br&gt;status_tex: בביצוע&lt;br&gt;openyear_n: 0&lt;br&gt;BPHTtype: 0&lt;br&gt;usable: 0&lt;br&gt;infra: 0&lt;br&gt;roadtype: 0&lt;br&gt;BPHdir: 0.00000000000&lt;br&gt;BPHplace: 0&lt;br&gt;DIRtype: 0&lt;br&gt;DIRTraffic: 0&lt;br&gt;TOPOLOGY: 0&lt;br&gt;DIV_Veh: 0&lt;br&gt;DIV_Walk: 0&lt;br&gt;Signpost: 0&lt;br&gt;Parking: 0&lt;br&gt;LEVEL_: 0&lt;br&gt;PAINT: 0&lt;br&gt;TREES: 0&lt;br&gt;remarks: &lt;br&gt;globalID: 0&lt;br&gt;id: 0&lt;br&gt;GlobalID_2: {9d3af274-0d2d-4fa1-b293-3fe547c535d8}&lt;br&gt;CreationDa: &lt;br&gt;Creator: &lt;br&gt;EditDate: &lt;br&gt;Editor: &lt;br&gt;Shape__Len: 1362.82314364000&lt;br&gt;Link: &lt;br&gt;Framework: נתצ בגין&lt;br&gt;Engineer: &lt;br&gt;Director: &lt;br&gt;Architect: &lt;br&gt;respons: </description>
	<Style><LineStyle><color>ff0000ff</color></LineStyle><PolyStyle><fill>0</fill></PolyStyle></Style>
	<ExtendedData><SchemaData schemaUrl="#bike_lanes_construction">
		<SimpleData name="WKT">LINESTRING (35.203038 31.799501, 35.20264 31.799375, 35.202261 31.799275, 35.201892 31.799277, 35.200901 31.799337, 35.200436 31.799381, 35.199918 31.799342, 35.199181 31.799063, 35.198578 31.798731, 35.19808 31.798342, 35.197449 31.79758, 35.197235 31.796872, 35.197159 31.796136, 35.19724 31.7958, 35.19746 31.795097, 35.197972 31.794021, 35.198236 31.793088, 35.198217 31.792063, 35.197814 31.792027, 35.197759 31.791833, 35.19802 31.791343)</SimpleData>
		<SimpleData name="PartName">בגין מקטע ב</SimpleData>
		<SimpleData name="StreetName">כניסה לעיר - הר חוצבים</SimpleData>
		<SimpleData name="status_tex">בביצוע</SimpleData>
		<SimpleData name="openyear_n">0</SimpleData>
		<SimpleData name="BPHTtype">0</SimpleData>
		<SimpleData name="usable">0</SimpleData>
		<SimpleData name="infra">0</SimpleData>
		<SimpleData name="roadtype">0</SimpleData>
		<SimpleData name="BPHdir">0</SimpleData>
		<SimpleData name="BPHplace">0</SimpleData>
		<SimpleData name="DIRtype">0</SimpleData>
		<SimpleData name="DIRTraffic">0</SimpleData>
		<SimpleData name="TOPOLOGY">0</SimpleData>
		<SimpleData name="DIV_Veh">0</SimpleData>
		<SimpleData name="DIV_Walk">0</SimpleData>
		<SimpleData name="Signpost">0</SimpleData>
		<SimpleData name="Parking">0</SimpleData>
		<SimpleData name="LEVEL_">0</SimpleData>
		<SimpleData name="PAINT">0</SimpleData>
		<SimpleData name="TREES">0</SimpleData>
		<SimpleData name="remarks"></SimpleData>
		<SimpleData name="globalID">0</SimpleData>
		<SimpleData name="id">0</SimpleData>
		<SimpleData name="GlobalID_2">{9d3af274-0d2d-4fa1-b293-3fe547c535d8}</SimpleData>
		<SimpleData name="CreationDa"></SimpleData>
		<SimpleData name="Creator"></SimpleData>
		<SimpleData name="EditDate"></SimpleData>
		<SimpleData name="Editor"></SimpleData>
		<SimpleData name="Shape__Len">1362.82314364000</SimpleData>
		<SimpleData name="Link"></SimpleData>
		<SimpleData name="Framework">נתצ בגין</SimpleData>
		<SimpleData name="Engineer"></SimpleData>
		<SimpleData name="Director"></SimpleData>
		<SimpleData name="Architect"></SimpleData>
		<SimpleData name="respons"></SimpleData>
		<SimpleData name="V39"></SimpleData>
	</SchemaData></ExtendedData>
      <MultiGeometry><LineString><coordinates>35.203038,31.799501,0 35.20264,31.799375,0 35.202261,31.799275,0 35.201892,31.799277,0 35.200901,31.799337,0 35.200436,31.799381,0 35.199918,31.799342,0 35.199181,31.799063,0 35.198578,31.798731,0 35.19808,31.798342,0 35.197449,31.79758,0 35.197235,31.796872,0 35.197159,31.796136,0 35.19724,31.7958,0 35.19746,31.795097,0 35.197972,31.794021,0 35.198236,31.793088,0 35.198217,31.792063,0 35.197814,31.792027,0 35.197759,31.791833,0 35.19802,31.791343,0</coordinates></LineString></MultiGeometry>
  </Placemark>
  <Placemark>
	<name></name>
	<description>תיאור: &lt;br&gt;PartName: טשרניחובסקי&lt;br&gt;StreetName: טשרניחובסקי&lt;br&gt;status_tex: בביצוע&lt;br&gt;openyear_n: 0&lt;br&gt;BPHTtype: 1&lt;br&gt;usable: 0&lt;br&gt;infra: 0&lt;br&gt;roadtype: 6&lt;br&gt;BPHdir: 0.00000000000&lt;br&gt;BPHplace: 2&lt;br&gt;DIRtype: 2&lt;br&gt;DIRTraffic: 9&lt;br&gt;TOPOLOGY: 0&lt;br&gt;DIV_Veh: 1&lt;br&gt;DIV_Walk: 0&lt;br&gt;Signpost: 0&lt;br&gt;Parking: 0&lt;br&gt;LEVEL_: 0&lt;br&gt;PAINT: 0&lt;br&gt;TREES: 0&lt;br&gt;remarks: &lt;br&gt;globalID: 0&lt;br&gt;id: 0&lt;br&gt;GlobalID_2: {cdd78d3b-ec18-49d0-8e89-0783b8de1c7e}&lt;br&gt;CreationDa: &lt;br&gt;Creator: &lt;br&gt;EditDate: &lt;br&gt;Editor: &lt;br&gt;Shape__Len: 41.14975605240&lt;br&gt;Link: &lt;br&gt;Framework: &lt;br&gt;Engineer: &lt;br&gt;Director: &lt;br&gt;Architect: &lt;br&gt;respons: </description>
	<Style><LineStyle><color>ff0000ff</color></LineStyle><PolyStyle><fill>0</fill></PolyStyle></Style>
	<ExtendedData><SchemaData schemaUrl="#bike_lanes_construction">
		<SimpleData name="WKT">LINESTRING (35.206183 31.76562, 35.206182 31.765627, 35.206147 31.765688, 35.206125 31.76585, 35.206117 31.765931, 35.206119 31.765983)</SimpleData>
		<SimpleData name="PartName">טשרניחובסקי</SimpleData>
		<SimpleData name="StreetName">טשרניחובסקי</SimpleData>
		<SimpleData name="status_tex">בביצוע</SimpleData>
		<SimpleData name="openyear_n">0</SimpleData>
		<SimpleData name="BPHTtype">1</SimpleData>
		<SimpleData name="usable">0</SimpleData>
		<SimpleData name="infra">0</SimpleData>
		<SimpleData name="roadtype">6</SimpleData>
		<SimpleData name="BPHdir">0</SimpleData>
		<SimpleData name="BPHplace">2</SimpleData>
		<SimpleData name="DIRtype">2</SimpleData>
		<SimpleData name="DIRTraffic">9</SimpleData>
		<SimpleData name="TOPOLOGY">0</SimpleData>
		<SimpleData name="DIV_Veh">1</SimpleData>
		<SimpleData name="DIV_Walk">0</SimpleData>
		<SimpleData name="Signpost">0</SimpleData>
		<SimpleData name="Parking">0</SimpleData>
		<SimpleData name="LEVEL_">0</SimpleData>
		<SimpleData name="PAINT">0</SimpleData>
		<SimpleData name="TREES">0</SimpleData>
		<SimpleData name="remarks"></SimpleData>
		<SimpleData name="globalID">0</SimpleData>
		<SimpleData name="id">0</SimpleData>
		<SimpleData name="GlobalID_2">{cdd78d3b-ec18-49d0-8e89-0783b8de1c7e}</SimpleData>
		<SimpleData name="CreationDa"></SimpleData>
		<SimpleData name="Creator"></SimpleData>
		<SimpleData name="EditDate"></SimpleData>
		<SimpleData name="Editor"></SimpleData>
		<SimpleData name="Shape__Len">41.14975605240</SimpleData>
		<SimpleData name="Link"></SimpleData>
		<SimpleData name="Framework"></SimpleData>
		<SimpleData name="Engineer"></SimpleData>
		<SimpleData name="Director"></SimpleData>
		<SimpleData name="Architect"></SimpleData>
		<SimpleData name="respons"></SimpleData>
		<SimpleData name="V39"></SimpleData>
	</SchemaData></ExtendedData>
      <MultiGeometry><LineString><coordinates>35.206183,31.76562,0 35.206182,31.765627,0 35.206147,31.765688,0 35.206125,31.76585,0 35.206117,31.765931,0 35.206119,31.765983,0</coordinates></LineString></MultiGeometry>
  </Placemark>
  <Placemark>
	<name></name>
	<description>תיאור: &lt;br&gt;PartName: כביש 22&lt;br&gt;StreetName: כביש 22&lt;br&gt;status_tex: בביצוע&lt;br&gt;openyear_n: 0&lt;br&gt;BPHTtype: 0&lt;br&gt;usable: 0&lt;br&gt;infra: 0&lt;br&gt;roadtype: 0&lt;br&gt;BPHdir: 0.00000000000&lt;br&gt;BPHplace: 0&lt;br&gt;DIRtype: 0&lt;br&gt;DIRTraffic: 0&lt;br&gt;TOPOLOGY: 0&lt;br&gt;DIV_Veh: 0&lt;br&gt;DIV_Walk: 0&lt;br&gt;Signpost: 0&lt;br&gt;Parking: 0&lt;br&gt;LEVEL_: 0&lt;br&gt;PAINT: 0&lt;br&gt;TREES: 0&lt;br&gt;remarks: &lt;br&gt;globalID: 0&lt;br&gt;id: 96&lt;br&gt;GlobalID_2: {5c89a613-5830-4a92-a7c4-c02972681690}&lt;br&gt;CreationDa: 2025/08/25&lt;br&gt;Creator: JTMTJTMT&lt;br&gt;EditDate: 2025/08/25&lt;br&gt;Editor: JTMTJTMT&lt;br&gt;Shape__Len: 31.64751135570&lt;br&gt;Link: &lt;br&gt;Framework: 101-0510263&lt;br&gt;Engineer: &lt;br&gt;Director: &lt;br&gt;Architect: &lt;br&gt;respons: מת&quot;י</description>
	<Style><LineStyle><color>ff0000ff</color></LineStyle><PolyStyle><fill>0</fill></PolyStyle></Style>
	<ExtendedData><SchemaData schemaUrl="#bike_lanes_construction">
		<SimpleData name="WKT">LINESTRING (35.214693 31.804092, 35.214387 31.804207)</SimpleData>
		<SimpleData name="PartName">כביש 22</SimpleData>
		<SimpleData name="StreetName">כביש 22</SimpleData>
		<SimpleData name="status_tex">בביצוע</SimpleData>
		<SimpleData name="openyear_n">0</SimpleData>
		<SimpleData name="BPHTtype">0</SimpleData>
		<SimpleData name="usable">0</SimpleData>
		<SimpleData name="infra">0</SimpleData>
		<SimpleData name="roadtype">0</SimpleData>
		<SimpleData name="BPHdir">0</SimpleData>
		<SimpleData name="BPHplace">0</SimpleData>
		<SimpleData name="DIRtype">0</SimpleData>
		<SimpleData name="DIRTraffic">0</SimpleData>
		<SimpleData name="TOPOLOGY">0</SimpleData>
		<SimpleData name="DIV_Veh">0</SimpleData>
		<SimpleData name="DIV_Walk">0</SimpleData>
		<SimpleData name="Signpost">0</SimpleData>
		<SimpleData name="Parking">0</SimpleData>
		<SimpleData name="LEVEL_">0</SimpleData>
		<SimpleData name="PAINT">0</SimpleData>
		<SimpleData name="TREES">0</SimpleData>
		<SimpleData name="remarks"></SimpleData>
		<SimpleData name="globalID">0</SimpleData>
		<SimpleData name="id">96</SimpleData>
		<SimpleData name="GlobalID_2">{5c89a613-5830-4a92-a7c4-c02972681690}</SimpleData>
		<SimpleData name="CreationDa">2025/08/25</SimpleData>
		<SimpleData name="Creator">JTMTJTMT</SimpleData>
		<SimpleData name="EditDate">2025/08/25</SimpleData>
		<SimpleData name="Editor">JTMTJTMT</SimpleData>
		<SimpleData name="Shape__Len">31.64751135570</SimpleData>
		<SimpleData name="Link"></SimpleData>
		<SimpleData name="Framework">101-0510263</SimpleData>
		<SimpleData name="Engineer"></SimpleData>
		<SimpleData name="Director"></SimpleData>
		<SimpleData name="Architect"></SimpleData>
		<SimpleData name="respons">מת&quot;י</SimpleData>
		<SimpleData name="V39"></SimpleData>
	</SchemaData></ExtendedData>
      <MultiGeometry><LineString><coordinates>35.214693,31.804092,0 35.214387,31.804207,0</coordinates></LineString></MultiGeometry>
  </Placemark>
  <Placemark>
	<name></name>
	<description>תיאור: &lt;br&gt;PartName: כביש 22&lt;br&gt;StreetName: כביש 22&lt;br&gt;status_tex: בביצוע&lt;br&gt;openyear_n: 0&lt;br&gt;BPHTtype: 0&lt;br&gt;usable: 0&lt;br&gt;infra: 0&lt;br&gt;roadtype: 0&lt;br&gt;BPHdir: 0.00000000000&lt;br&gt;BPHplace: 0&lt;br&gt;DIRtype: 0&lt;br&gt;DIRTraffic: 0&lt;br&gt;TOPOLOGY: 0&lt;br&gt;DIV_Veh: 0&lt;br&gt;DIV_Walk: 0&lt;br&gt;Signpost: 0&lt;br&gt;Parking: 0&lt;br&gt;LEVEL_: 0&lt;br&gt;PAINT: 0&lt;br&gt;TREES: 0&lt;br&gt;remarks: &lt;br&gt;globalID: 0&lt;br&gt;id: 96&lt;br&gt;GlobalID_2: {fb0ebbb1-0bbb-40fe-8b88-0053b99dfeeb}&lt;br&gt;CreationDa: 2025/08/25&lt;br&gt;Creator: JTMTJTMT&lt;br&gt;EditDate: 2025/08/25&lt;br&gt;Editor: JTMTJTMT&lt;br&gt;Shape__Len: 4.45948746531&lt;br&gt;Link: &lt;br&gt;Framework: 101-0510263&lt;br&gt;Engineer: &lt;br&gt;Director: &lt;br&gt;Architect: &lt;br&gt;respons: מת&quot;י</description>
	<Style><LineStyle><color>ff0000ff</color></LineStyle><PolyStyle><fill>0</fill></PolyStyle></Style>
	<ExtendedData><SchemaData schemaUrl="#bike_lanes_construction">
		<SimpleData name="WKT">LINESTRING (35.21433 31.804197, 35.21429 31.804175)</SimpleData>
		<SimpleData name="PartName">כביש 22</SimpleData>
		<SimpleData name="StreetName">כביש 22</SimpleData>
		<SimpleData name="status_tex">בביצוע</SimpleData>
		<SimpleData name="openyear_n">0</SimpleData>
		<SimpleData name="BPHTtype">0</SimpleData>
		<SimpleData name="usable">0</SimpleData>
		<SimpleData name="infra">0</SimpleData>
		<SimpleData name="roadtype">0</SimpleData>
		<SimpleData name="BPHdir">0</SimpleData>
		<SimpleData name="BPHplace">0</SimpleData>
		<SimpleData name="DIRtype">0</SimpleData>
		<SimpleData name="DIRTraffic">0</SimpleData>
		<SimpleData name="TOPOLOGY">0</SimpleData>
		<SimpleData name="DIV_Veh">0</SimpleData>
		<SimpleData name="DIV_Walk">0</SimpleData>
		<SimpleData name="Signpost">0</SimpleData>
		<SimpleData name="Parking">0</SimpleData>
		<SimpleData name="LEVEL_">0</SimpleData>
		<SimpleData name="PAINT">0</SimpleData>
		<SimpleData name="TREES">0</SimpleData>
		<SimpleData name="remarks"></SimpleData>
		<SimpleData name="globalID">0</SimpleData>
		<SimpleData name="id">96</SimpleData>
		<SimpleData name="GlobalID_2">{fb0ebbb1-0bbb-40fe-8b88-0053b99dfeeb}</SimpleData>
		<SimpleData name="CreationDa">2025/08/25</SimpleData>
		<SimpleData name="Creator">JTMTJTMT</SimpleData>
		<SimpleData name="EditDate">2025/08/25</SimpleData>
		<SimpleData name="Editor">JTMTJTMT</SimpleData>
		<SimpleData name="Shape__Len">4.45948746531</SimpleData>
		<SimpleData name="Link"></SimpleData>
		<SimpleData name="Framework">101-0510263</SimpleData>
		<SimpleData name="Engineer"></SimpleData>
		<SimpleData name="Director"></SimpleData>
		<SimpleData name="Architect"></SimpleData>
		<SimpleData name="respons">מת&quot;י</SimpleData>
		<SimpleData name="V39"></SimpleData>
	</SchemaData></ExtendedData>
      <MultiGeometry><LineString><coordinates>35.21433,31.804197,0 35.21429,31.804175,0</coordinates></LineString></MultiGeometry>
  </Placemark>
  <Placemark>
	<name></name>
	<description>תיאור: &lt;br&gt;PartName: כניסה לעיר - הר חוצבים&lt;br&gt;StreetName: כניסה לעיר - הר חוצבים&lt;br&gt;status_tex: בביצוע&lt;br&gt;openyear_n: 0&lt;br&gt;BPHTtype: 0&lt;br&gt;usable: 0&lt;br&gt;infra: 0&lt;br&gt;roadtype: 0&lt;br&gt;BPHdir: 0.00000000000&lt;br&gt;BPHplace: 0&lt;br&gt;DIRtype: 0&lt;br&gt;DIRTraffic: 0&lt;br&gt;TOPOLOGY: 0&lt;br&gt;DIV_Veh: 0&lt;br&gt;DIV_Walk: 0&lt;br&gt;Signpost: 0&lt;br&gt;Parking: 0&lt;br&gt;LEVEL_: 0&lt;br&gt;PAINT: 0&lt;br&gt;TREES: 0&lt;br&gt;remarks: &lt;br&gt;globalID: 0&lt;br&gt;id: 0&lt;br&gt;GlobalID_2: {8c3d613b-78b5-4f27-b6d6-4450ab5f9bc7}&lt;br&gt;CreationDa: &lt;br&gt;Creator: &lt;br&gt;EditDate: &lt;br&gt;Editor: &lt;br&gt;Shape__Len: 729.08769693200&lt;br&gt;Link: &lt;br&gt;Framework: נתצ בגין&lt;br&gt;Engineer: &lt;br&gt;Director: &lt;br&gt;Architect: &lt;br&gt;respons: </description>
	<Style><LineStyle><color>ff0000ff</color></LineStyle><PolyStyle><fill>0</fill></PolyStyle></Style>
	<ExtendedData><SchemaData schemaUrl="#bike_lanes_construction">
		<SimpleData name="WKT">LINESTRING (35.207988 31.807736, 35.207974 31.807737, 35.207839 31.807744, 35.207822 31.807746, 35.206613 31.806613, 35.206241 31.806114, 35.205372 31.804947, 35.204869 31.803331, 35.204869 31.802284, 35.204869 31.802195, 35.204764 31.802118)</SimpleData>
		<SimpleData name="PartName">כניסה לעיר - הר חוצבים</SimpleData>
		<SimpleData name="StreetName">כניסה לעיר - הר חוצבים</SimpleData>
		<SimpleData name="status_tex">בביצוע</SimpleData>
		<SimpleData name="openyear_n">0</SimpleData>
		<SimpleData name="BPHTtype">0</SimpleData>
		<SimpleData name="usable">0</SimpleData>
		<SimpleData name="infra">0</SimpleData>
		<SimpleData name="roadtype">0</SimpleData>
		<SimpleData name="BPHdir">0</SimpleData>
		<SimpleData name="BPHplace">0</SimpleData>
		<SimpleData name="DIRtype">0</SimpleData>
		<SimpleData name="DIRTraffic">0</SimpleData>
		<SimpleData name="TOPOLOGY">0</SimpleData>
		<SimpleData name="DIV_Veh">0</SimpleData>
		<SimpleData name="DIV_Walk">0</SimpleData>
		<SimpleData name="Signpost">0</SimpleData>
		<SimpleData name="Parking">0</SimpleData>
		<SimpleData name="LEVEL_">0</SimpleData>
		<SimpleData name="PAINT">0</SimpleData>
		<SimpleData name="TREES">0</SimpleData>
		<SimpleData name="remarks"></SimpleData>
		<SimpleData name="globalID">0</SimpleData>
		<SimpleData name="id">0</SimpleData>
		<SimpleData name="GlobalID_2">{8c3d613b-78b5-4f27-b6d6-4450ab5f9bc7}</SimpleData>
		<SimpleData name="CreationDa"></SimpleData>
		<SimpleData name="Creator"></SimpleData>
		<SimpleData name="EditDate"></SimpleData>
		<SimpleData name="Editor"></SimpleData>
		<SimpleData name="Shape__Len">729.08769693200</SimpleData>
		<SimpleData name="Link"></SimpleData>
		<SimpleData name="Framework">נתצ בגין</SimpleData>
		<SimpleData name="Engineer"></SimpleData>
		<SimpleData name="Director"></SimpleData>
		<SimpleData name="Architect"></SimpleData>
		<SimpleData name="respons"></SimpleData>
		<SimpleData name="V39"></SimpleData>
	</SchemaData></ExtendedData>
      <MultiGeometry><LineString><coordinates>35.207988,31.807736,0 35.207974,31.807737,0 35.207839,31.807744,0 35.207822,31.807746,0 35.206613,31.806613,0 35.206241,31.806114,0 35.205372,31.804947,0 35.204869,31.803331,0 35.204869,31.802284,0 35.204869,31.802195,0 35.204764,31.802118,0</coordinates></LineString></MultiGeometry>
  </Placemark>
  <Placemark>
	<name></name>
	<description>תיאור: &lt;br&gt;PartName: בגין מקטע ב&lt;br&gt;StreetName: כניסה לעיר - הר חוצבים&lt;br&gt;status_tex: בביצוע&lt;br&gt;openyear_n: 0&lt;br&gt;BPHTtype: 0&lt;br&gt;usable: 0&lt;br&gt;infra: 0&lt;br&gt;roadtype: 0&lt;br&gt;BPHdir: 0.00000000000&lt;br&gt;BPHplace: 0&lt;br&gt;DIRtype: 0&lt;br&gt;DIRTraffic: 0&lt;br&gt;TOPOLOGY: 0&lt;br&gt;DIV_Veh: 0&lt;br&gt;DIV_Walk: 0&lt;br&gt;Signpost: 0&lt;br&gt;Parking: 0&lt;br&gt;LEVEL_: 0&lt;br&gt;PAINT: 0&lt;br&gt;TREES: 0&lt;br&gt;remarks: &lt;br&gt;globalID: 0&lt;br&gt;id: 0&lt;br&gt;GlobalID_2: {da2d5a64-349e-4102-b5ef-38820f621103}&lt;br&gt;CreationDa: &lt;br&gt;Creator: &lt;br&gt;EditDate: &lt;br&gt;Editor: &lt;br&gt;Shape__Len: 311.88439707700&lt;br&gt;Link: &lt;br&gt;Framework: נתצ בגין&lt;br&gt;Engineer: &lt;br&gt;Director: &lt;br&gt;Architect: &lt;br&gt;respons: </description>
	<Style><LineStyle><color>ff0000ff</color></LineStyle><PolyStyle><fill>0</fill></PolyStyle></Style>
	<ExtendedData><SchemaData schemaUrl="#bike_lanes_construction">
		<SimpleData name="WKT">LINESTRING (35.204764 31.802118, 35.204715 31.802083, 35.204792 31.801343, 35.20432 31.801106, 35.203901 31.800678, 35.203554 31.799942, 35.203437 31.799773)</SimpleData>
		<SimpleData name="PartName">בגין מקטע ב</SimpleData>
		<SimpleData name="StreetName">כניסה לעיר - הר חוצבים</SimpleData>
		<SimpleData name="status_tex">בביצוע</SimpleData>
		<SimpleData name="openyear_n">0</SimpleData>
		<SimpleData name="BPHTtype">0</SimpleData>
		<SimpleData name="usable">0</SimpleData>
		<SimpleData name="infra">0</SimpleData>
		<SimpleData name="roadtype">0</SimpleData>
		<SimpleData name="BPHdir">0</SimpleData>
		<SimpleData name="BPHplace">0</SimpleData>
		<SimpleData name="DIRtype">0</SimpleData>
		<SimpleData name="DIRTraffic">0</SimpleData>
		<SimpleData name="TOPOLOGY">0</SimpleData>
		<SimpleData name="DIV_Veh">0</SimpleData>
		<SimpleData name="DIV_Walk">0</SimpleData>
		<SimpleData name="Signpost">0</SimpleData>
		<SimpleData name="Parking">0</SimpleData>
		<SimpleData name="LEVEL_">0</SimpleData>
		<SimpleData name="PAINT">0</SimpleData>
		<SimpleData name="TREES">0</SimpleData>
		<SimpleData name="remarks"></SimpleData>
		<SimpleData name="globalID">0</SimpleData>
		<SimpleData name="id">0</SimpleData>
		<SimpleData name="GlobalID_2">{da2d5a64-349e-4102-b5ef-38820f621103}</SimpleData>
		<SimpleData name="CreationDa"></SimpleData>
		<SimpleData name="Creator"></SimpleData>
		<SimpleData name="EditDate"></SimpleData>
		<SimpleData name="Editor"></SimpleData>
		<SimpleData name="Shape__Len">311.88439707700</SimpleData>
		<SimpleData name="Link"></SimpleData>
		<SimpleData name="Framework">נתצ בגין</SimpleData>
		<SimpleData name="Engineer"></SimpleData>
		<SimpleData name="Director"></SimpleData>
		<SimpleData name="Architect"></SimpleData>
		<SimpleData name="respons"></SimpleData>
		<SimpleData name="V39"></SimpleData>
	</SchemaData></ExtendedData>
      <MultiGeometry><LineString><coordinates>35.204764,31.802118,0 35.204715,31.802083,0 35.204792,31.801343,0 35.20432,31.801106,0 35.203901,31.800678,0 35.203554,31.799942,0 35.203437,31.799773,0</coordinates></LineString></MultiGeometry>
  </Placemark>
  <Placemark>
	<name></name>
	<description>תיאור: &lt;br&gt;PartName: גן שבשבת&lt;br&gt;StreetName: גן שבשבת&lt;br&gt;status_tex: בביצוע&lt;br&gt;openyear_n: 0&lt;br&gt;BPHTtype: 0&lt;br&gt;usable: 0&lt;br&gt;infra: 0&lt;br&gt;roadtype: 0&lt;br&gt;BPHdir: 0.00000000000&lt;br&gt;BPHplace: 0&lt;br&gt;DIRtype: 0&lt;br&gt;DIRTraffic: 0&lt;br&gt;TOPOLOGY: 0&lt;br&gt;DIV_Veh: 0&lt;br&gt;DIV_Walk: 0&lt;br&gt;Signpost: 0&lt;br&gt;Parking: 0&lt;br&gt;LEVEL_: 0&lt;br&gt;PAINT: 0&lt;br&gt;TREES: 0&lt;br&gt;remarks: &lt;br&gt;globalID: 0&lt;br&gt;id: 0&lt;br&gt;GlobalID_2: {2fb713ea-a5c8-4c65-8125-162d1f6999f9}&lt;br&gt;CreationDa: &lt;br&gt;Creator: &lt;br&gt;EditDate: &lt;br&gt;Editor: &lt;br&gt;Shape__Len: 363.52472628600&lt;br&gt;Link: https://jtmt.sharepoint.com/:p:/r/sites/EngineeringDepartment/PlanningDivision/DocLib3/%D7%A6%D7%AA%D7%90%D7%9C/%D7%AA%D7%9B%D7%A0%D7%95%D7%9F/%D7%91%D7%99%D7%AA%20%D7%94%D7%9B%D7%A8%D7%9D%20%D7%A9%D7%9C%D7%91%20%D7%90%27/%D7%91%D7%99%D7%AA%20%D7%94%D7%9&lt;br&gt;Framework: תכנון מוקדם&lt;br&gt;Engineer: &lt;br&gt;Director: &lt;br&gt;Architect: &lt;br&gt;respons: </description>
	<Style><LineStyle><color>ff0000ff</color></LineStyle><PolyStyle><fill>0</fill></PolyStyle></Style>
	<ExtendedData><SchemaData schemaUrl="#bike_lanes_construction">
		<SimpleData name="WKT">LINESTRING (35.190383 31.772043, 35.190425 31.77202, 35.190481 31.771878, 35.190653 31.771463, 35.190833 31.771067, 35.190983 31.770706, 35.191329 31.770051, 35.191907 31.769478, 35.192128 31.769314, 35.19226 31.769314)</SimpleData>
		<SimpleData name="PartName">גן שבשבת</SimpleData>
		<SimpleData name="StreetName">גן שבשבת</SimpleData>
		<SimpleData name="status_tex">בביצוע</SimpleData>
		<SimpleData name="openyear_n">0</SimpleData>
		<SimpleData name="BPHTtype">0</SimpleData>
		<SimpleData name="usable">0</SimpleData>
		<SimpleData name="infra">0</SimpleData>
		<SimpleData name="roadtype">0</SimpleData>
		<SimpleData name="BPHdir">0</SimpleData>
		<SimpleData name="BPHplace">0</SimpleData>
		<SimpleData name="DIRtype">0</SimpleData>
		<SimpleData name="DIRTraffic">0</SimpleData>
		<SimpleData name="TOPOLOGY">0</SimpleData>
		<SimpleData name="DIV_Veh">0</SimpleData>
		<SimpleData name="DIV_Walk">0</SimpleData>
		<SimpleData name="Signpost">0</SimpleData>
		<SimpleData name="Parking">0</SimpleData>
		<SimpleData name="LEVEL_">0</SimpleData>
		<SimpleData name="PAINT">0</SimpleData>
		<SimpleData name="TREES">0</SimpleData>
		<SimpleData name="remarks"></SimpleData>
		<SimpleData name="globalID">0</SimpleData>
		<SimpleData name="id">0</SimpleData>
		<SimpleData name="GlobalID_2">{2fb713ea-a5c8-4c65-8125-162d1f6999f9}</SimpleData>
		<SimpleData name="CreationDa"></SimpleData>
		<SimpleData name="Creator"></SimpleData>
		<SimpleData name="EditDate"></SimpleData>
		<SimpleData name="Editor"></SimpleData>
		<SimpleData name="Shape__Len">363.52472628600</SimpleData>
		<SimpleData name="Link">https://jtmt.sharepoint.com/:p:/r/sites/EngineeringDepartment/PlanningDivision/DocLib3/%D7%A6%D7%AA%D7%90%D7%9C/%D7%AA%D7%9B%D7%A0%D7%95%D7%9F/%D7%91%D7%99%D7%AA%20%D7%94%D7%9B%D7%A8%D7%9D%20%D7%A9%D7%9C%D7%91%20%D7%90%27/%D7%91%D7%99%D7%AA%20%D7%94%D7%9</SimpleData>
		<SimpleData name="Framework">תכנון מוקדם</SimpleData>
		<SimpleData name="Engineer"></SimpleData>
		<SimpleData name="Director"></SimpleData>
		<SimpleData name="Architect"></SimpleData>
		<SimpleData name="respons"></SimpleData>
		<SimpleData name="V39"></SimpleData>
	</SchemaData></ExtendedData>
      <MultiGeometry><LineString><coordinates>35.190383,31.772043,0 35.190425,31.77202,0 35.190481,31.771878,0 35.190653,31.771463,0 35.190833,31.771067,0 35.190983,31.770706,0 35.191329,31.770051,0 35.191907,31.769478,0 35.192128,31.769314,0 35.19226,31.769314,0</coordinates></LineString></MultiGeometry>
  </Placemark>
  <Placemark>
	<name></name>
	<description>תיאור: &lt;br&gt;PartName: הגיא&lt;br&gt;StreetName: הגיא&lt;br&gt;status_tex: בביצוע&lt;br&gt;openyear_n: 0&lt;br&gt;BPHTtype: 0&lt;br&gt;usable: 0&lt;br&gt;infra: 0&lt;br&gt;roadtype: 0&lt;br&gt;BPHdir: 0.00000000000&lt;br&gt;BPHplace: 0&lt;br&gt;DIRtype: 0&lt;br&gt;DIRTraffic: 0&lt;br&gt;TOPOLOGY: 0&lt;br&gt;DIV_Veh: 0&lt;br&gt;DIV_Walk: 0&lt;br&gt;Signpost: 0&lt;br&gt;Parking: 0&lt;br&gt;LEVEL_: 0&lt;br&gt;PAINT: 0&lt;br&gt;TREES: 0&lt;br&gt;remarks: דרך משולבת&lt;br&gt;globalID: 0&lt;br&gt;id: 0&lt;br&gt;GlobalID_2: {3b5b9def-25fd-4384-98fe-bbc5a516270e}&lt;br&gt;CreationDa: &lt;br&gt;Creator: &lt;br&gt;EditDate: &lt;br&gt;Editor: &lt;br&gt;Shape__Len: 349.09358390700&lt;br&gt;Link: https://jtmt.sharepoint.com/:f:/r/sites/EngineeringDepartment/PlanningDivision/DocLib3/%D7%A6%D7%AA%D7%90%D7%9C/%D7%AA%D7%9B%D7%A0%D7%95%D7%9F/%D7%91%D7%99%D7%AA%20%D7%94%D7%9B%D7%A8%D7%9D%20%D7%A9%D7%9C%D7%91%20%D7%90%27/%D7%91%D7%99%D7%AA%20%D7%94%D7%9&lt;br&gt;Framework: בדיקת היתכנות&lt;br&gt;Engineer: &lt;br&gt;Director: &lt;br&gt;Architect: &lt;br&gt;respons: </description>
	<Style><LineStyle><color>ff0000ff</color></LineStyle><PolyStyle><fill>0</fill></PolyStyle></Style>
	<ExtendedData><SchemaData schemaUrl="#bike_lanes_construction">
		<SimpleData name="WKT">GEOMETRYCOLLECTION (LINESTRING (35.19302 31.778279, 35.191244 31.778921, 35.190715 31.779137, 35.190714 31.779138), LINESTRING (35.190714 31.779138, 35.190564 31.77906, 35.190378 31.779008, 35.190262 31.779027, 35.190169 31.779079), LINESTRING (35.190714 31.779138, 35.190575 31.779345, 35.190471 31.779435, 35.190351 31.779497))</SimpleData>
		<SimpleData name="PartName">הגיא</SimpleData>
		<SimpleData name="StreetName">הגיא</SimpleData>
		<SimpleData name="status_tex">בביצוע</SimpleData>
		<SimpleData name="openyear_n">0</SimpleData>
		<SimpleData name="BPHTtype">0</SimpleData>
		<SimpleData name="usable">0</SimpleData>
		<SimpleData name="infra">0</SimpleData>
		<SimpleData name="roadtype">0</SimpleData>
		<SimpleData name="BPHdir">0</SimpleData>
		<SimpleData name="BPHplace">0</SimpleData>
		<SimpleData name="DIRtype">0</SimpleData>
		<SimpleData name="DIRTraffic">0</SimpleData>
		<SimpleData name="TOPOLOGY">0</SimpleData>
		<SimpleData name="DIV_Veh">0</SimpleData>
		<SimpleData name="DIV_Walk">0</SimpleData>
		<SimpleData name="Signpost">0</SimpleData>
		<SimpleData name="Parking">0</SimpleData>
		<SimpleData name="LEVEL_">0</SimpleData>
		<SimpleData name="PAINT">0</SimpleData>
		<SimpleData name="TREES">0</SimpleData>
		<SimpleData name="remarks">דרך משולבת</SimpleData>
		<SimpleData name="globalID">0</SimpleData>
		<SimpleData name="id">0</SimpleData>
		<SimpleData name="GlobalID_2">{3b5b9def-25fd-4384-98fe-bbc5a516270e}</SimpleData>
		<SimpleData name="CreationDa"></SimpleData>
		<SimpleData name="Creator"></SimpleData>
		<SimpleData name="EditDate"></SimpleData>
		<SimpleData name="Editor"></SimpleData>
		<SimpleData name="Shape__Len">349.09358390700</SimpleData>
		<SimpleData name="Link">https://jtmt.sharepoint.com/:f:/r/sites/EngineeringDepartment/PlanningDivision/DocLib3/%D7%A6%D7%AA%D7%90%D7%9C/%D7%AA%D7%9B%D7%A0%D7%95%D7%9F/%D7%91%D7%99%D7%AA%20%D7%94%D7%9B%D7%A8%D7%9D%20%D7%A9%D7%9C%D7%91%20%D7%90%27/%D7%91%D7%99%D7%AA%20%D7%94%D7%9</SimpleData>
		<SimpleData name="Framework">בדיקת היתכנות</SimpleData>
		<SimpleData name="Engineer"></SimpleData>
		<SimpleData name="Director"></SimpleData>
		<SimpleData name="Architect"></SimpleData>
		<SimpleData name="respons"></SimpleData>
		<SimpleData name="V39"></SimpleData>
	</SchemaData></ExtendedData>
      <MultiGeometry><LineString><coordinates>35.19302,31.778279 35.191244,31.778921 35.190715,31.779137 35.190714,31.779138</coordinates></LineString><LineString><coordinates>35.190714,31.779138 35.190564,31.77906 35.190378,31.779008 35.190262,31.779027 35.190169,31.779079</coordinates></LineString><LineString><coordinates>35.190714,31.779138 35.190575,31.779345 35.190471,31.779435 35.190351,31.779497</coordinates></LineString></MultiGeometry>
  </Placemark>
  <Placemark>
	<name></name>
	<description>תיאור: &lt;br&gt;PartName: הר נוף&lt;br&gt;StreetName: הרב שאולזון&lt;br&gt;status_tex: בביצוע&lt;br&gt;openyear_n: 0&lt;br&gt;BPHTtype: 0&lt;br&gt;usable: 0&lt;br&gt;infra: 0&lt;br&gt;roadtype: 0&lt;br&gt;BPHdir: 0.00000000000&lt;br&gt;BPHplace: 0&lt;br&gt;DIRtype: 2&lt;br&gt;DIRTraffic: 9&lt;br&gt;TOPOLOGY: 0&lt;br&gt;DIV_Veh: 0&lt;br&gt;DIV_Walk: 0&lt;br&gt;Signpost: 0&lt;br&gt;Parking: 0&lt;br&gt;LEVEL_: 0&lt;br&gt;PAINT: 0&lt;br&gt;TREES: 0&lt;br&gt;remarks: &lt;br&gt;globalID: 0&lt;br&gt;id: 287&lt;br&gt;GlobalID_2: {e56cc530-4400-4e0e-a98f-71739f8ab311}&lt;br&gt;CreationDa: 2025/08/25&lt;br&gt;Creator: JTMTJTMT&lt;br&gt;EditDate: 2025/08/25&lt;br&gt;Editor: JTMTJTMT&lt;br&gt;Shape__Len: 250.71955307600&lt;br&gt;Link: https://jtmt.sharepoint.com/:f:/r/sites/ModelsDepartment/StrategicPlanningDepartment/DocLib1/%D7%A4%D7%A8%D7%95%D7%99%D7%99%D7%A7%D7%98%D7%99%D7%9D%20%D7%90%D7%95%D7%A4%D7%A0%D7%99%D7%99%D7%9D/%D7%9E%D7%95%D7%A8%D7%99%D7%94/%D7%A9%D7%90%D7%95%D7%9C%D7%96&lt;br&gt;Framework: תכנון ראשוני&lt;br&gt;Engineer: רולי פלד&lt;br&gt;Director: &lt;br&gt;Architect: &lt;br&gt;respons: </description>
	<Style><LineStyle><color>ff0000ff</color></LineStyle><PolyStyle><fill>0</fill></PolyStyle></Style>
	<ExtendedData><SchemaData schemaUrl="#bike_lanes_construction">
		<SimpleData name="WKT">LINESTRING (35.176522 31.79068, 35.176347 31.790622, 35.176077 31.790616, 35.175767 31.790617, 35.175723 31.790625, 35.175431 31.790589, 35.175056 31.79051, 35.174758 31.790414, 35.174477 31.790282, 35.174271 31.790182, 35.174232 31.790178, 35.174039 31.790059)</SimpleData>
		<SimpleData name="PartName">הר נוף</SimpleData>
		<SimpleData name="StreetName">הרב שאולזון</SimpleData>
		<SimpleData name="status_tex">בביצוע</SimpleData>
		<SimpleData name="openyear_n">0</SimpleData>
		<SimpleData name="BPHTtype">0</SimpleData>
		<SimpleData name="usable">0</SimpleData>
		<SimpleData name="infra">0</SimpleData>
		<SimpleData name="roadtype">0</SimpleData>
		<SimpleData name="BPHdir">0</SimpleData>
		<SimpleData name="BPHplace">0</SimpleData>
		<SimpleData name="DIRtype">2</SimpleData>
		<SimpleData name="DIRTraffic">9</SimpleData>
		<SimpleData name="TOPOLOGY">0</SimpleData>
		<SimpleData name="DIV_Veh">0</SimpleData>
		<SimpleData name="DIV_Walk">0</SimpleData>
		<SimpleData name="Signpost">0</SimpleData>
		<SimpleData name="Parking">0</SimpleData>
		<SimpleData name="LEVEL_">0</SimpleData>
		<SimpleData name="PAINT">0</SimpleData>
		<SimpleData name="TREES">0</SimpleData>
		<SimpleData name="remarks"></SimpleData>
		<SimpleData name="globalID">0</SimpleData>
		<SimpleData name="id">287</SimpleData>
		<SimpleData name="GlobalID_2">{e56cc530-4400-4e0e-a98f-71739f8ab311}</SimpleData>
		<SimpleData name="CreationDa">2025/08/25</SimpleData>
		<SimpleData name="Creator">JTMTJTMT</SimpleData>
		<SimpleData name="EditDate">2025/08/25</SimpleData>
		<SimpleData name="Editor">JTMTJTMT</SimpleData>
		<SimpleData name="Shape__Len">250.71955307600</SimpleData>
		<SimpleData name="Link">https://jtmt.sharepoint.com/:f:/r/sites/ModelsDepartment/StrategicPlanningDepartment/DocLib1/%D7%A4%D7%A8%D7%95%D7%99%D7%99%D7%A7%D7%98%D7%99%D7%9D%20%D7%90%D7%95%D7%A4%D7%A0%D7%99%D7%99%D7%9D/%D7%9E%D7%95%D7%A8%D7%99%D7%94/%D7%A9%D7%90%D7%95%D7%9C%D7%96</SimpleData>
		<SimpleData name="Framework">תכנון ראשוני</SimpleData>
		<SimpleData name="Engineer">רולי פלד</SimpleData>
		<SimpleData name="Director"></SimpleData>
		<SimpleData name="Architect"></SimpleData>
		<SimpleData name="respons"></SimpleData>
		<SimpleData name="V39"></SimpleData>
	</SchemaData></ExtendedData>
      <MultiGeometry><LineString><coordinates>35.176522,31.79068,0 35.176347,31.790622,0 35.176077,31.790616,0 35.175767,31.790617,0 35.175723,31.790625,0 35.175431,31.790589,0 35.175056,31.79051,0 35.174758,31.790414,0 35.174477,31.790282,0 35.174271,31.790182,0 35.174232,31.790178,0 35.174039,31.790059,0</coordinates></LineString></MultiGeometry>
  </Placemark>
  <Placemark>
	<name></name>
	<description>תיאור: &lt;br&gt;PartName: הר נוף&lt;br&gt;StreetName: הרב שאולזון&lt;br&gt;status_tex: בביצוע&lt;br&gt;openyear_n: 0&lt;br&gt;BPHTtype: 0&lt;br&gt;usable: 0&lt;br&gt;infra: 0&lt;br&gt;roadtype: 0&lt;br&gt;BPHdir: 0.00000000000&lt;br&gt;BPHplace: 0&lt;br&gt;DIRtype: 2&lt;br&gt;DIRTraffic: 9&lt;br&gt;TOPOLOGY: 0&lt;br&gt;DIV_Veh: 0&lt;br&gt;DIV_Walk: 0&lt;br&gt;Signpost: 0&lt;br&gt;Parking: 0&lt;br&gt;LEVEL_: 0&lt;br&gt;PAINT: 0&lt;br&gt;TREES: 0&lt;br&gt;remarks: &lt;br&gt;globalID: 0&lt;br&gt;id: 287&lt;br&gt;GlobalID_2: {68ea316d-92dc-469d-82d8-65a0dcddff64}&lt;br&gt;CreationDa: 2025/08/25&lt;br&gt;Creator: JTMTJTMT&lt;br&gt;EditDate: 2025/08/25&lt;br&gt;Editor: JTMTJTMT&lt;br&gt;Shape__Len: 136.98355205300&lt;br&gt;Link: https://jtmt.sharepoint.com/:f:/r/sites/ModelsDepartment/StrategicPlanningDepartment/DocLib1/%D7%A4%D7%A8%D7%95%D7%99%D7%99%D7%A7%D7%98%D7%99%D7%9D%20%D7%90%D7%95%D7%A4%D7%A0%D7%99%D7%99%D7%9D/%D7%9E%D7%95%D7%A8%D7%99%D7%94/%D7%A9%D7%90%D7%95%D7%9C%D7%96&lt;br&gt;Framework: תכנון ראשוני&lt;br&gt;Engineer: רולי פלד&lt;br&gt;Director: &lt;br&gt;Architect: &lt;br&gt;respons: </description>
	<Style><LineStyle><color>ff0000ff</color></LineStyle><PolyStyle><fill>0</fill></PolyStyle></Style>
	<ExtendedData><SchemaData schemaUrl="#bike_lanes_construction">
		<SimpleData name="WKT">LINESTRING (35.173518 31.789788, 35.173387 31.789735, 35.173145 31.789608, 35.17281 31.789369, 35.172686 31.789253, 35.1725 31.789023, 35.172489 31.788968, 35.172486 31.788965)</SimpleData>
		<SimpleData name="PartName">הר נוף</SimpleData>
		<SimpleData name="StreetName">הרב שאולזון</SimpleData>
		<SimpleData name="status_tex">בביצוע</SimpleData>
		<SimpleData name="openyear_n">0</SimpleData>
		<SimpleData name="BPHTtype">0</SimpleData>
		<SimpleData name="usable">0</SimpleData>
		<SimpleData name="infra">0</SimpleData>
		<SimpleData name="roadtype">0</SimpleData>
		<SimpleData name="BPHdir">0</SimpleData>
		<SimpleData name="BPHplace">0</SimpleData>
		<SimpleData name="DIRtype">2</SimpleData>
		<SimpleData name="DIRTraffic">9</SimpleData>
		<SimpleData name="TOPOLOGY">0</SimpleData>
		<SimpleData name="DIV_Veh">0</SimpleData>
		<SimpleData name="DIV_Walk">0</SimpleData>
		<SimpleData name="Signpost">0</SimpleData>
		<SimpleData name="Parking">0</SimpleData>
		<SimpleData name="LEVEL_">0</SimpleData>
		<SimpleData name="PAINT">0</SimpleData>
		<SimpleData name="TREES">0</SimpleData>
		<SimpleData name="remarks"></SimpleData>
		<SimpleData name="globalID">0</SimpleData>
		<SimpleData name="id">287</SimpleData>
		<SimpleData name="GlobalID_2">{68ea316d-92dc-469d-82d8-65a0dcddff64}</SimpleData>
		<SimpleData name="CreationDa">2025/08/25</SimpleData>
		<SimpleData name="Creator">JTMTJTMT</SimpleData>
		<SimpleData name="EditDate">2025/08/25</SimpleData>
		<SimpleData name="Editor">JTMTJTMT</SimpleData>
		<SimpleData name="Shape__Len">136.98355205300</SimpleData>
		<SimpleData name="Link">https://jtmt.sharepoint.com/:f:/r/sites/ModelsDepartment/StrategicPlanningDepartment/DocLib1/%D7%A4%D7%A8%D7%95%D7%99%D7%99%D7%A7%D7%98%D7%99%D7%9D%20%D7%90%D7%95%D7%A4%D7%A0%D7%99%D7%99%D7%9D/%D7%9E%D7%95%D7%A8%D7%99%D7%94/%D7%A9%D7%90%D7%95%D7%9C%D7%96</SimpleData>
		<SimpleData name="Framework">תכנון ראשוני</SimpleData>
		<SimpleData name="Engineer">רולי פלד</SimpleData>
		<SimpleData name="Director"></SimpleData>
		<SimpleData name="Architect"></SimpleData>
		<SimpleData name="respons"></SimpleData>
		<SimpleData name="V39"></SimpleData>
	</SchemaData></ExtendedData>
      <MultiGeometry><LineString><coordinates>35.173518,31.789788,0 35.173387,31.789735,0 35.173145,31.789608,0 35.17281,31.789369,0 35.172686,31.789253,0 35.1725,31.789023,0 35.172489,31.788968,0 35.172486,31.788965,0</coordinates></LineString></MultiGeometry>
  </Placemark>
  <Placemark>
	<name></name>
	<description>תיאור: &lt;br&gt;PartName: הר נוף&lt;br&gt;StreetName: הרב שאולזון&lt;br&gt;status_tex: בביצוע&lt;br&gt;openyear_n: 0&lt;br&gt;BPHTtype: 0&lt;br&gt;usable: 0&lt;br&gt;infra: 0&lt;br&gt;roadtype: 0&lt;br&gt;BPHdir: 0.00000000000&lt;br&gt;BPHplace: 0&lt;br&gt;DIRtype: 2&lt;br&gt;DIRTraffic: 9&lt;br&gt;TOPOLOGY: 0&lt;br&gt;DIV_Veh: 0&lt;br&gt;DIV_Walk: 0&lt;br&gt;Signpost: 0&lt;br&gt;Parking: 0&lt;br&gt;LEVEL_: 0&lt;br&gt;PAINT: 0&lt;br&gt;TREES: 0&lt;br&gt;remarks: &lt;br&gt;globalID: 0&lt;br&gt;id: 287&lt;br&gt;GlobalID_2: {ec46d15f-5694-4352-9f55-44343c16c87d}&lt;br&gt;CreationDa: 2025/08/25&lt;br&gt;Creator: JTMTJTMT&lt;br&gt;EditDate: 2025/08/25&lt;br&gt;Editor: JTMTJTMT&lt;br&gt;Shape__Len: 321.99010196800&lt;br&gt;Link: https://jtmt.sharepoint.com/:f:/r/sites/ModelsDepartment/StrategicPlanningDepartment/DocLib1/%D7%A4%D7%A8%D7%95%D7%99%D7%99%D7%A7%D7%98%D7%99%D7%9D%20%D7%90%D7%95%D7%A4%D7%A0%D7%99%D7%99%D7%9D/%D7%9E%D7%95%D7%A8%D7%99%D7%94/%D7%A9%D7%90%D7%95%D7%9C%D7%96&lt;br&gt;Framework: תכנון ראשוני&lt;br&gt;Engineer: רולי פלד&lt;br&gt;Director: &lt;br&gt;Architect: &lt;br&gt;respons: </description>
	<Style><LineStyle><color>ff0000ff</color></LineStyle><PolyStyle><fill>0</fill></PolyStyle></Style>
	<ExtendedData><SchemaData schemaUrl="#bike_lanes_construction">
		<SimpleData name="WKT">LINESTRING (35.172402 31.788858, 35.172362 31.788826, 35.17232 31.788797, 35.172276 31.788703, 35.172238 31.788576, 35.172221 31.788477, 35.172216 31.788376, 35.172226 31.788205, 35.172271 31.788082, 35.172301 31.788064, 35.172329 31.787998, 35.172313 31.787983, 35.172432 31.787795, 35.172568 31.787653, 35.172868 31.787417, 35.173268 31.787144, 35.173677 31.786843, 35.173903 31.786609, 35.173908 31.786603)</SimpleData>
		<SimpleData name="PartName">הר נוף</SimpleData>
		<SimpleData name="StreetName">הרב שאולזון</SimpleData>
		<SimpleData name="status_tex">בביצוע</SimpleData>
		<SimpleData name="openyear_n">0</SimpleData>
		<SimpleData name="BPHTtype">0</SimpleData>
		<SimpleData name="usable">0</SimpleData>
		<SimpleData name="infra">0</SimpleData>
		<SimpleData name="roadtype">0</SimpleData>
		<SimpleData name="BPHdir">0</SimpleData>
		<SimpleData name="BPHplace">0</SimpleData>
		<SimpleData name="DIRtype">2</SimpleData>
		<SimpleData name="DIRTraffic">9</SimpleData>
		<SimpleData name="TOPOLOGY">0</SimpleData>
		<SimpleData name="DIV_Veh">0</SimpleData>
		<SimpleData name="DIV_Walk">0</SimpleData>
		<SimpleData name="Signpost">0</SimpleData>
		<SimpleData name="Parking">0</SimpleData>
		<SimpleData name="LEVEL_">0</SimpleData>
		<SimpleData name="PAINT">0</SimpleData>
		<SimpleData name="TREES">0</SimpleData>
		<SimpleData name="remarks"></SimpleData>
		<SimpleData name="globalID">0</SimpleData>
		<SimpleData name="id">287</SimpleData>
		<SimpleData name="GlobalID_2">{ec46d15f-5694-4352-9f55-44343c16c87d}</SimpleData>
		<SimpleData name="CreationDa">2025/08/25</SimpleData>
		<SimpleData name="Creator">JTMTJTMT</SimpleData>
		<SimpleData name="EditDate">2025/08/25</SimpleData>
		<SimpleData name="Editor">JTMTJTMT</SimpleData>
		<SimpleData name="Shape__Len">321.99010196800</SimpleData>
		<SimpleData name="Link">https://jtmt.sharepoint.com/:f:/r/sites/ModelsDepartment/StrategicPlanningDepartment/DocLib1/%D7%A4%D7%A8%D7%95%D7%99%D7%99%D7%A7%D7%98%D7%99%D7%9D%20%D7%90%D7%95%D7%A4%D7%A0%D7%99%D7%99%D7%9D/%D7%9E%D7%95%D7%A8%D7%99%D7%94/%D7%A9%D7%90%D7%95%D7%9C%D7%96</SimpleData>
		<SimpleData name="Framework">תכנון ראשוני</SimpleData>
		<SimpleData name="Engineer">רולי פלד</SimpleData>
		<SimpleData name="Director"></SimpleData>
		<SimpleData name="Architect"></SimpleData>
		<SimpleData name="respons"></SimpleData>
		<SimpleData name="V39"></SimpleData>
	</SchemaData></ExtendedData>
      <MultiGeometry><LineString><coordinates>35.172402,31.788858,0 35.172362,31.788826,0 35.17232,31.788797,0 35.172276,31.788703,0 35.172238,31.788576,0 35.172221,31.788477,0 35.172216,31.788376,0 35.172226,31.788205,0 35.172271,31.788082,0 35.172301,31.788064,0 35.172329,31.787998,0 35.172313,31.787983,0 35.172432,31.787795,0 35.172568,31.787653,0 35.172868,31.787417,0 35.173268,31.787144,0 35.173677,31.786843,0 35.173903,31.786609,0 35.173908,31.786603,0</coordinates></LineString></MultiGeometry>
  </Placemark>
  <Placemark>
	<name></name>
	<description>תיאור: &lt;br&gt;PartName: הר נוף&lt;br&gt;StreetName: הרב שאולזון&lt;br&gt;status_tex: בביצוע&lt;br&gt;openyear_n: 0&lt;br&gt;BPHTtype: 0&lt;br&gt;usable: 0&lt;br&gt;infra: 0&lt;br&gt;roadtype: 0&lt;br&gt;BPHdir: 0.00000000000&lt;br&gt;BPHplace: 0&lt;br&gt;DIRtype: 2&lt;br&gt;DIRTraffic: 9&lt;br&gt;TOPOLOGY: 0&lt;br&gt;DIV_Veh: 0&lt;br&gt;DIV_Walk: 0&lt;br&gt;Signpost: 0&lt;br&gt;Parking: 0&lt;br&gt;LEVEL_: 0&lt;br&gt;PAINT: 0&lt;br&gt;TREES: 0&lt;br&gt;remarks: &lt;br&gt;globalID: 0&lt;br&gt;id: 287&lt;br&gt;GlobalID_2: {6b76afb6-83fb-41ea-a2f2-de9d8a56df4a}&lt;br&gt;CreationDa: 2025/08/25&lt;br&gt;Creator: JTMTJTMT&lt;br&gt;EditDate: 2025/08/25&lt;br&gt;Editor: JTMTJTMT&lt;br&gt;Shape__Len: 85.23641144070&lt;br&gt;Link: https://jtmt.sharepoint.com/:f:/r/sites/ModelsDepartment/StrategicPlanningDepartment/DocLib1/%D7%A4%D7%A8%D7%95%D7%99%D7%99%D7%A7%D7%98%D7%99%D7%9D%20%D7%90%D7%95%D7%A4%D7%A0%D7%99%D7%99%D7%9D/%D7%9E%D7%95%D7%A8%D7%99%D7%94/%D7%A9%D7%90%D7%95%D7%9C%D7%96&lt;br&gt;Framework: תכנון ראשוני&lt;br&gt;Engineer: רולי פלד&lt;br&gt;Director: &lt;br&gt;Architect: &lt;br&gt;respons: </description>
	<Style><LineStyle><color>ff0000ff</color></LineStyle><PolyStyle><fill>0</fill></PolyStyle></Style>
	<ExtendedData><SchemaData schemaUrl="#bike_lanes_construction">
		<SimpleData name="WKT">LINESTRING (35.173976 31.786474, 35.174064 31.786245, 35.174129 31.786055, 35.174148 31.785808, 35.17419 31.785776, 35.174184 31.785743)</SimpleData>
		<SimpleData name="PartName">הר נוף</SimpleData>
		<SimpleData name="StreetName">הרב שאולזון</SimpleData>
		<SimpleData name="status_tex">בביצוע</SimpleData>
		<SimpleData name="openyear_n">0</SimpleData>
		<SimpleData name="BPHTtype">0</SimpleData>
		<SimpleData name="usable">0</SimpleData>
		<SimpleData name="infra">0</SimpleData>
		<SimpleData name="roadtype">0</SimpleData>
		<SimpleData name="BPHdir">0</SimpleData>
		<SimpleData name="BPHplace">0</SimpleData>
		<SimpleData name="DIRtype">2</SimpleData>
		<SimpleData name="DIRTraffic">9</SimpleData>
		<SimpleData name="TOPOLOGY">0</SimpleData>
		<SimpleData name="DIV_Veh">0</SimpleData>
		<SimpleData name="DIV_Walk">0</SimpleData>
		<SimpleData name="Signpost">0</SimpleData>
		<SimpleData name="Parking">0</SimpleData>
		<SimpleData name="LEVEL_">0</SimpleData>
		<SimpleData name="PAINT">0</SimpleData>
		<SimpleData name="TREES">0</SimpleData>
		<SimpleData name="remarks"></SimpleData>
		<SimpleData name="globalID">0</SimpleData>
		<SimpleData name="id">287</SimpleData>
		<SimpleData name="GlobalID_2">{6b76afb6-83fb-41ea-a2f2-de9d8a56df4a}</SimpleData>
		<SimpleData name="CreationDa">2025/08/25</SimpleData>
		<SimpleData name="Creator">JTMTJTMT</SimpleData>
		<SimpleData name="EditDate">2025/08/25</SimpleData>
		<SimpleData name="Editor">JTMTJTMT</SimpleData>
		<SimpleData name="Shape__Len">85.23641144070</SimpleData>
		<SimpleData name="Link">https://jtmt.sharepoint.com/:f:/r/sites/ModelsDepartment/StrategicPlanningDepartment/DocLib1/%D7%A4%D7%A8%D7%95%D7%99%D7%99%D7%A7%D7%98%D7%99%D7%9D%20%D7%90%D7%95%D7%A4%D7%A0%D7%99%D7%99%D7%9D/%D7%9E%D7%95%D7%A8%D7%99%D7%94/%D7%A9%D7%90%D7%95%D7%9C%D7%96</SimpleData>
		<SimpleData name="Framework">תכנון ראשוני</SimpleData>
		<SimpleData name="Engineer">רולי פלד</SimpleData>
		<SimpleData name="Director"></SimpleData>
		<SimpleData name="Architect"></SimpleData>
		<SimpleData name="respons"></SimpleData>
		<SimpleData name="V39"></SimpleData>
	</SchemaData></ExtendedData>
      <MultiGeometry><LineString><coordinates>35.173976,31.786474,0 35.174064,31.786245,0 35.174129,31.786055,0 35.174148,31.785808,0 35.17419,31.785776,0 35.174184,31.785743,0</coordinates></LineString></MultiGeometry>
  </Placemark>
  <Placemark>
	<name></name>
	<description>תיאור: &lt;br&gt;PartName: הר נוף&lt;br&gt;StreetName: הרב שאולזון&lt;br&gt;status_tex: בביצוע&lt;br&gt;openyear_n: 0&lt;br&gt;BPHTtype: 0&lt;br&gt;usable: 0&lt;br&gt;infra: 0&lt;br&gt;roadtype: 0&lt;br&gt;BPHdir: 0.00000000000&lt;br&gt;BPHplace: 0&lt;br&gt;DIRtype: 2&lt;br&gt;DIRTraffic: 9&lt;br&gt;TOPOLOGY: 0&lt;br&gt;DIV_Veh: 0&lt;br&gt;DIV_Walk: 0&lt;br&gt;Signpost: 0&lt;br&gt;Parking: 0&lt;br&gt;LEVEL_: 0&lt;br&gt;PAINT: 0&lt;br&gt;TREES: 0&lt;br&gt;remarks: &lt;br&gt;globalID: 0&lt;br&gt;id: 287&lt;br&gt;GlobalID_2: {01cfe381-1927-4445-9777-dd982d83ad29}&lt;br&gt;CreationDa: 2025/08/25&lt;br&gt;Creator: JTMTJTMT&lt;br&gt;EditDate: 2025/08/25&lt;br&gt;Editor: JTMTJTMT&lt;br&gt;Shape__Len: 214.95990831300&lt;br&gt;Link: https://jtmt.sharepoint.com/:f:/r/sites/ModelsDepartment/StrategicPlanningDepartment/DocLib1/%D7%A4%D7%A8%D7%95%D7%99%D7%99%D7%A7%D7%98%D7%99%D7%9D%20%D7%90%D7%95%D7%A4%D7%A0%D7%99%D7%99%D7%9D/%D7%9E%D7%95%D7%A8%D7%99%D7%94/%D7%A9%D7%90%D7%95%D7%9C%D7%96&lt;br&gt;Framework: תכנון ראשוני&lt;br&gt;Engineer: רולי פלד&lt;br&gt;Director: &lt;br&gt;Architect: &lt;br&gt;respons: </description>
	<Style><LineStyle><color>ff0000ff</color></LineStyle><PolyStyle><fill>0</fill></PolyStyle></Style>
	<ExtendedData><SchemaData schemaUrl="#bike_lanes_construction">
		<SimpleData name="WKT">LINESTRING (35.173672 31.78322, 35.17368 31.783204, 35.173858 31.782766, 35.174135 31.782039, 35.174193 31.781853, 35.174186 31.781353)</SimpleData>
		<SimpleData name="PartName">הר נוף</SimpleData>
		<SimpleData name="StreetName">הרב שאולזון</SimpleData>
		<SimpleData name="status_tex">בביצוע</SimpleData>
		<SimpleData name="openyear_n">0</SimpleData>
		<SimpleData name="BPHTtype">0</SimpleData>
		<SimpleData name="usable">0</SimpleData>
		<SimpleData name="infra">0</SimpleData>
		<SimpleData name="roadtype">0</SimpleData>
		<SimpleData name="BPHdir">0</SimpleData>
		<SimpleData name="BPHplace">0</SimpleData>
		<SimpleData name="DIRtype">2</SimpleData>
		<SimpleData name="DIRTraffic">9</SimpleData>
		<SimpleData name="TOPOLOGY">0</SimpleData>
		<SimpleData name="DIV_Veh">0</SimpleData>
		<SimpleData name="DIV_Walk">0</SimpleData>
		<SimpleData name="Signpost">0</SimpleData>
		<SimpleData name="Parking">0</SimpleData>
		<SimpleData name="LEVEL_">0</SimpleData>
		<SimpleData name="PAINT">0</SimpleData>
		<SimpleData name="TREES">0</SimpleData>
		<SimpleData name="remarks"></SimpleData>
		<SimpleData name="globalID">0</SimpleData>
		<SimpleData name="id">287</SimpleData>
		<SimpleData name="GlobalID_2">{01cfe381-1927-4445-9777-dd982d83ad29}</SimpleData>
		<SimpleData name="CreationDa">2025/08/25</SimpleData>
		<SimpleData name="Creator">JTMTJTMT</SimpleData>
		<SimpleData name="EditDate">2025/08/25</SimpleData>
		<SimpleData name="Editor">JTMTJTMT</SimpleData>
		<SimpleData name="Shape__Len">214.95990831300</SimpleData>
		<SimpleData name="Link">https://jtmt.sharepoint.com/:f:/r/sites/ModelsDepartment/StrategicPlanningDepartment/DocLib1/%D7%A4%D7%A8%D7%95%D7%99%D7%99%D7%A7%D7%98%D7%99%D7%9D%20%D7%90%D7%95%D7%A4%D7%A0%D7%99%D7%99%D7%9D/%D7%9E%D7%95%D7%A8%D7%99%D7%94/%D7%A9%D7%90%D7%95%D7%9C%D7%96</SimpleData>
		<SimpleData name="Framework">תכנון ראשוני</SimpleData>
		<SimpleData name="Engineer">רולי פלד</SimpleData>
		<SimpleData name="Director"></SimpleData>
		<SimpleData name="Architect"></SimpleData>
		<SimpleData name="respons"></SimpleData>
		<SimpleData name="V39"></SimpleData>
	</SchemaData></ExtendedData>
      <MultiGeometry><LineString><coordinates>35.173672,31.78322,0 35.17368,31.783204,0 35.173858,31.782766,0 35.174135,31.782039,0 35.174193,31.781853,0 35.174186,31.781353,0</coordinates></LineString></MultiGeometry>
  </Placemark>
  <Placemark>
	<name></name>
	<description>תיאור: &lt;br&gt;PartName: הר נוף&lt;br&gt;StreetName: הרב שאולזון&lt;br&gt;status_tex: בביצוע&lt;br&gt;openyear_n: 0&lt;br&gt;BPHTtype: 0&lt;br&gt;usable: 0&lt;br&gt;infra: 0&lt;br&gt;roadtype: 0&lt;br&gt;BPHdir: 0.00000000000&lt;br&gt;BPHplace: 0&lt;br&gt;DIRtype: 2&lt;br&gt;DIRTraffic: 9&lt;br&gt;TOPOLOGY: 0&lt;br&gt;DIV_Veh: 9&lt;br&gt;DIV_Walk: 9&lt;br&gt;Signpost: 0&lt;br&gt;Parking: 9&lt;br&gt;LEVEL_: 0&lt;br&gt;PAINT: 0&lt;br&gt;TREES: 9&lt;br&gt;remarks: &lt;br&gt;globalID: 0&lt;br&gt;id: 287&lt;br&gt;GlobalID_2: {6bcf4c1f-08ec-4c07-87e3-c877e721ec50}&lt;br&gt;CreationDa: 2025/08/25&lt;br&gt;Creator: JTMTJTMT&lt;br&gt;EditDate: 2025/08/25&lt;br&gt;Editor: JTMTJTMT&lt;br&gt;Shape__Len: 12.50548524550&lt;br&gt;Link: https://jtmt.sharepoint.com/:f:/r/sites/ModelsDepartment/StrategicPlanningDepartment/DocLib1/%D7%A4%D7%A8%D7%95%D7%99%D7%99%D7%A7%D7%98%D7%99%D7%9D%20%D7%90%D7%95%D7%A4%D7%A0%D7%99%D7%99%D7%9D/%D7%9E%D7%95%D7%A8%D7%99%D7%94/%D7%A9%D7%90%D7%95%D7%9C%D7%96&lt;br&gt;Framework: תכנון ראשוני&lt;br&gt;Engineer: רולי פלד&lt;br&gt;Director: &lt;br&gt;Architect: &lt;br&gt;respons: </description>
	<Style><LineStyle><color>ff0000ff</color></LineStyle><PolyStyle><fill>0</fill></PolyStyle></Style>
	<ExtendedData><SchemaData schemaUrl="#bike_lanes_construction">
		<SimpleData name="WKT">LINESTRING (35.173623 31.783325, 35.173672 31.78322)</SimpleData>
		<SimpleData name="PartName">הר נוף</SimpleData>
		<SimpleData name="StreetName">הרב שאולזון</SimpleData>
		<SimpleData name="status_tex">בביצוע</SimpleData>
		<SimpleData name="openyear_n">0</SimpleData>
		<SimpleData name="BPHTtype">0</SimpleData>
		<SimpleData name="usable">0</SimpleData>
		<SimpleData name="infra">0</SimpleData>
		<SimpleData name="roadtype">0</SimpleData>
		<SimpleData name="BPHdir">0</SimpleData>
		<SimpleData name="BPHplace">0</SimpleData>
		<SimpleData name="DIRtype">2</SimpleData>
		<SimpleData name="DIRTraffic">9</SimpleData>
		<SimpleData name="TOPOLOGY">0</SimpleData>
		<SimpleData name="DIV_Veh">9</SimpleData>
		<SimpleData name="DIV_Walk">9</SimpleData>
		<SimpleData name="Signpost">0</SimpleData>
		<SimpleData name="Parking">9</SimpleData>
		<SimpleData name="LEVEL_">0</SimpleData>
		<SimpleData name="PAINT">0</SimpleData>
		<SimpleData name="TREES">9</SimpleData>
		<SimpleData name="remarks"></SimpleData>
		<SimpleData name="globalID">0</SimpleData>
		<SimpleData name="id">287</SimpleData>
		<SimpleData name="GlobalID_2">{6bcf4c1f-08ec-4c07-87e3-c877e721ec50}</SimpleData>
		<SimpleData name="CreationDa">2025/08/25</SimpleData>
		<SimpleData name="Creator">JTMTJTMT</SimpleData>
		<SimpleData name="EditDate">2025/08/25</SimpleData>
		<SimpleData name="Editor">JTMTJTMT</SimpleData>
		<SimpleData name="Shape__Len">12.50548524550</SimpleData>
		<SimpleData name="Link">https://jtmt.sharepoint.com/:f:/r/sites/ModelsDepartment/StrategicPlanningDepartment/DocLib1/%D7%A4%D7%A8%D7%95%D7%99%D7%99%D7%A7%D7%98%D7%99%D7%9D%20%D7%90%D7%95%D7%A4%D7%A0%D7%99%D7%99%D7%9D/%D7%9E%D7%95%D7%A8%D7%99%D7%94/%D7%A9%D7%90%D7%95%D7%9C%D7%96</SimpleData>
		<SimpleData name="Framework">תכנון ראשוני</SimpleData>
		<SimpleData name="Engineer">רולי פלד</SimpleData>
		<SimpleData name="Director"></SimpleData>
		<SimpleData name="Architect"></SimpleData>
		<SimpleData name="respons"></SimpleData>
		<SimpleData name="V39"></SimpleData>
	</SchemaData></ExtendedData>
      <MultiGeometry><LineString><coordinates>35.173623,31.783325,0 35.173672,31.78322,0</coordinates></LineString></MultiGeometry>
  </Placemark>
  <Placemark>
	<name></name>
	<description>תיאור: &lt;br&gt;PartName: גבעה צרפתית-שדרות גולדה-רמת&lt;br&gt;StreetName: סובב עמק הארזים&lt;br&gt;status_tex: בביצוע&lt;br&gt;openyear_n: 0&lt;br&gt;BPHTtype: 0&lt;br&gt;usable: 0&lt;br&gt;infra: 0&lt;br&gt;roadtype: 0&lt;br&gt;BPHdir: 0.00000000000&lt;br&gt;BPHplace: 0&lt;br&gt;DIRtype: 0&lt;br&gt;DIRTraffic: 0&lt;br&gt;TOPOLOGY: 0&lt;br&gt;DIV_Veh: 0&lt;br&gt;DIV_Walk: 0&lt;br&gt;Signpost: 0&lt;br&gt;Parking: 0&lt;br&gt;LEVEL_: 0&lt;br&gt;PAINT: 0&lt;br&gt;TREES: 0&lt;br&gt;remarks: &lt;br&gt;globalID: 0&lt;br&gt;id: 0&lt;br&gt;GlobalID_2: {d87fd912-741c-42cb-ab3c-62579c17821f}&lt;br&gt;CreationDa: &lt;br&gt;Creator: &lt;br&gt;EditDate: &lt;br&gt;Editor: &lt;br&gt;Shape__Len: 297.78180170400&lt;br&gt;Link: https://jtmt.sharepoint.com/:b:/r/sites/ModelsDepartment/StrategicPlanningDepartment/DocLib1/%D7%A4%D7%A8%D7%95%D7%99%D7%99%D7%A7%D7%98%D7%99%D7%9D%20%D7%90%D7%95%D7%A4%D7%A0%D7%99%D7%99%D7%9D/%D7%A2%D7%99%D7%A8%D7%99%D7%99%D7%94/17%20-%20%D7%A1%D7%95%D7&lt;br&gt;Framework: &lt;br&gt;Engineer: &lt;br&gt;Director: מ.ת.נ&lt;br&gt;Architect: &lt;br&gt;respons: הרל&quot;י</description>
	<Style><LineStyle><color>ff0000ff</color></LineStyle><PolyStyle><fill>0</fill></PolyStyle></Style>
	<ExtendedData><SchemaData schemaUrl="#bike_lanes_construction">
		<SimpleData name="WKT">LINESTRING (35.166094 31.795586, 35.16627 31.795997, 35.166598 31.796197, 35.167394 31.796357, 35.168191 31.796597, 35.168694 31.796788, 35.168682 31.796778)</SimpleData>
		<SimpleData name="PartName">גבעה צרפתית-שדרות גולדה-רמת</SimpleData>
		<SimpleData name="StreetName">סובב עמק הארזים</SimpleData>
		<SimpleData name="status_tex">בביצוע</SimpleData>
		<SimpleData name="openyear_n">0</SimpleData>
		<SimpleData name="BPHTtype">0</SimpleData>
		<SimpleData name="usable">0</SimpleData>
		<SimpleData name="infra">0</SimpleData>
		<SimpleData name="roadtype">0</SimpleData>
		<SimpleData name="BPHdir">0</SimpleData>
		<SimpleData name="BPHplace">0</SimpleData>
		<SimpleData name="DIRtype">0</SimpleData>
		<SimpleData name="DIRTraffic">0</SimpleData>
		<SimpleData name="TOPOLOGY">0</SimpleData>
		<SimpleData name="DIV_Veh">0</SimpleData>
		<SimpleData name="DIV_Walk">0</SimpleData>
		<SimpleData name="Signpost">0</SimpleData>
		<SimpleData name="Parking">0</SimpleData>
		<SimpleData name="LEVEL_">0</SimpleData>
		<SimpleData name="PAINT">0</SimpleData>
		<SimpleData name="TREES">0</SimpleData>
		<SimpleData name="remarks"></SimpleData>
		<SimpleData name="globalID">0</SimpleData>
		<SimpleData name="id">0</SimpleData>
		<SimpleData name="GlobalID_2">{d87fd912-741c-42cb-ab3c-62579c17821f}</SimpleData>
		<SimpleData name="CreationDa"></SimpleData>
		<SimpleData name="Creator"></SimpleData>
		<SimpleData name="EditDate"></SimpleData>
		<SimpleData name="Editor"></SimpleData>
		<SimpleData name="Shape__Len">297.78180170400</SimpleData>
		<SimpleData name="Link">https://jtmt.sharepoint.com/:b:/r/sites/ModelsDepartment/StrategicPlanningDepartment/DocLib1/%D7%A4%D7%A8%D7%95%D7%99%D7%99%D7%A7%D7%98%D7%99%D7%9D%20%D7%90%D7%95%D7%A4%D7%A0%D7%99%D7%99%D7%9D/%D7%A2%D7%99%D7%A8%D7%99%D7%99%D7%94/17%20-%20%D7%A1%D7%95%D7</SimpleData>
		<SimpleData name="Framework"></SimpleData>
		<SimpleData name="Engineer"></SimpleData>
		<SimpleData name="Director">מ.ת.נ</SimpleData>
		<SimpleData name="Architect"></SimpleData>
		<SimpleData name="respons">הרל&quot;י</SimpleData>
		<SimpleData name="V39"></SimpleData>
	</SchemaData></ExtendedData>
      <MultiGeometry><LineString><coordinates>35.166094,31.795586,0 35.16627,31.795997,0 35.166598,31.796197,0 35.167394,31.796357,0 35.168191,31.796597,0 35.168694,31.796788,0 35.168682,31.796778,0</coordinates></LineString></MultiGeometry>
  </Placemark>
  <Placemark>
	<name></name>
	<description>תיאור: &lt;br&gt;PartName: דוד רזיאל&lt;br&gt;StreetName: דוד רזיאל&lt;br&gt;status_tex: בביצוע&lt;br&gt;openyear_n: 0&lt;br&gt;BPHTtype: 0&lt;br&gt;usable: 0&lt;br&gt;infra: 0&lt;br&gt;roadtype: 0&lt;br&gt;BPHdir: 0.00000000000&lt;br&gt;BPHplace: 0&lt;br&gt;DIRtype: 0&lt;br&gt;DIRTraffic: 0&lt;br&gt;TOPOLOGY: 0&lt;br&gt;DIV_Veh: 0&lt;br&gt;DIV_Walk: 0&lt;br&gt;Signpost: 0&lt;br&gt;Parking: 0&lt;br&gt;LEVEL_: 0&lt;br&gt;PAINT: 0&lt;br&gt;TREES: 0&lt;br&gt;remarks: בשביל בשלבי עבודה מתקדמים, לאחר הסיום יבוצע ניתוח בשטח&lt;br&gt;globalID: 0&lt;br&gt;id: 45&lt;br&gt;GlobalID_2: {2659a6ad-8a1d-4c0f-97c3-478a9691060e}&lt;br&gt;CreationDa: 2025/08/25&lt;br&gt;Creator: JTMTJTMT&lt;br&gt;EditDate: 2025/08/25&lt;br&gt;Editor: JTMTJTMT&lt;br&gt;Shape__Len: 207.09691675000&lt;br&gt;Link: &lt;br&gt;Framework: &lt;br&gt;Engineer: &lt;br&gt;Director: &lt;br&gt;Architect: &lt;br&gt;respons: </description>
	<Style><LineStyle><color>ff0000ff</color></LineStyle><PolyStyle><fill>0</fill></PolyStyle></Style>
	<ExtendedData><SchemaData schemaUrl="#bike_lanes_construction">
		<SimpleData name="WKT">LINESTRING (35.231194 31.751509, 35.231196 31.751831, 35.231199 31.752083, 35.231245 31.752253, 35.231531 31.752758, 35.231739 31.753105, 35.231826 31.753256)</SimpleData>
		<SimpleData name="PartName">דוד רזיאל</SimpleData>
		<SimpleData name="StreetName">דוד רזיאל</SimpleData>
		<SimpleData name="status_tex">בביצוע</SimpleData>
		<SimpleData name="openyear_n">0</SimpleData>
		<SimpleData name="BPHTtype">0</SimpleData>
		<SimpleData name="usable">0</SimpleData>
		<SimpleData name="infra">0</SimpleData>
		<SimpleData name="roadtype">0</SimpleData>
		<SimpleData name="BPHdir">0</SimpleData>
		<SimpleData name="BPHplace">0</SimpleData>
		<SimpleData name="DIRtype">0</SimpleData>
		<SimpleData name="DIRTraffic">0</SimpleData>
		<SimpleData name="TOPOLOGY">0</SimpleData>
		<SimpleData name="DIV_Veh">0</SimpleData>
		<SimpleData name="DIV_Walk">0</SimpleData>
		<SimpleData name="Signpost">0</SimpleData>
		<SimpleData name="Parking">0</SimpleData>
		<SimpleData name="LEVEL_">0</SimpleData>
		<SimpleData name="PAINT">0</SimpleData>
		<SimpleData name="TREES">0</SimpleData>
		<SimpleData name="remarks">בשביל בשלבי עבודה מתקדמים</SimpleData>
		<SimpleData name="globalID">לאחר הסיום יבוצע ניתוח בשטח</SimpleData>
		<SimpleData name="id">0</SimpleData>
		<SimpleData name="GlobalID_2">45</SimpleData>
		<SimpleData name="CreationDa">{2659a6ad-8a1d-4c0f-97c3-478a9691060e}</SimpleData>
		<SimpleData name="Creator">2025/08/25</SimpleData>
		<SimpleData name="EditDate">JTMTJTMT</SimpleData>
		<SimpleData name="Editor">2025/08/25</SimpleData>
		<SimpleData name="Shape__Len">JTMTJTMT</SimpleData>
		<SimpleData name="Link">207.09691675000</SimpleData>
		<SimpleData name="Framework"></SimpleData>
		<SimpleData name="Engineer"></SimpleData>
		<SimpleData name="Director"></SimpleData>
		<SimpleData name="Architect"></SimpleData>
		<SimpleData name="respons"></SimpleData>
		<SimpleData name="V39"></SimpleData>
	</SchemaData></ExtendedData>
      <MultiGeometry><LineString><coordinates>35.231194,31.751509,0 35.231196,31.751831,0 35.231199,31.752083,0 35.231245,31.752253,0 35.231531,31.752758,0 35.231739,31.753105,0 35.231826,31.753256,0</coordinates></LineString></MultiGeometry>
  </Placemark>
  <Placemark>
	<name></name>
	<description>תיאור: &lt;br&gt;PartName: עוזי נרקיס&lt;br&gt;StreetName: עוזי נרקיס&lt;br&gt;status_tex: בביצוע&lt;br&gt;openyear_n: 2016&lt;br&gt;BPHTtype: 0&lt;br&gt;usable: 0&lt;br&gt;infra: 0&lt;br&gt;roadtype: 0&lt;br&gt;BPHdir: 0.00000000000&lt;br&gt;BPHplace: 0&lt;br&gt;DIRtype: 0&lt;br&gt;DIRTraffic: 0&lt;br&gt;TOPOLOGY: 0&lt;br&gt;DIV_Veh: 0&lt;br&gt;DIV_Walk: 0&lt;br&gt;Signpost: 0&lt;br&gt;Parking: 0&lt;br&gt;LEVEL_: 0&lt;br&gt;PAINT: 0&lt;br&gt;TREES: 0&lt;br&gt;remarks: &lt;br&gt;globalID: 0&lt;br&gt;id: 68&lt;br&gt;GlobalID_2: {8ff2f401-8cb7-4376-b589-57f049439249}&lt;br&gt;CreationDa: 2025/08/25&lt;br&gt;Creator: JTMTJTMT&lt;br&gt;EditDate: 2025/08/25&lt;br&gt;Editor: JTMTJTMT&lt;br&gt;Shape__Len: 475.80733664900&lt;br&gt;Link: &lt;br&gt;Framework: בדיקת היתכנות&lt;br&gt;Engineer: &lt;br&gt;Director: &lt;br&gt;Architect: &lt;br&gt;respons: </description>
	<Style><LineStyle><color>ff0000ff</color></LineStyle><PolyStyle><fill>0</fill></PolyStyle></Style>
	<ExtendedData><SchemaData schemaUrl="#bike_lanes_construction">
		<SimpleData name="WKT">LINESTRING (35.237553 31.810483, 35.238392 31.811692, 35.238599 31.812954, 35.238409 31.813825, 35.23809 31.814498)</SimpleData>
		<SimpleData name="PartName">עוזי נרקיס</SimpleData>
		<SimpleData name="StreetName">עוזי נרקיס</SimpleData>
		<SimpleData name="status_tex">בביצוע</SimpleData>
		<SimpleData name="openyear_n">2016</SimpleData>
		<SimpleData name="BPHTtype">0</SimpleData>
		<SimpleData name="usable">0</SimpleData>
		<SimpleData name="infra">0</SimpleData>
		<SimpleData name="roadtype">0</SimpleData>
		<SimpleData name="BPHdir">0</SimpleData>
		<SimpleData name="BPHplace">0</SimpleData>
		<SimpleData name="DIRtype">0</SimpleData>
		<SimpleData name="DIRTraffic">0</SimpleData>
		<SimpleData name="TOPOLOGY">0</SimpleData>
		<SimpleData name="DIV_Veh">0</SimpleData>
		<SimpleData name="DIV_Walk">0</SimpleData>
		<SimpleData name="Signpost">0</SimpleData>
		<SimpleData name="Parking">0</SimpleData>
		<SimpleData name="LEVEL_">0</SimpleData>
		<SimpleData name="PAINT">0</SimpleData>
		<SimpleData name="TREES">0</SimpleData>
		<SimpleData name="remarks"></SimpleData>
		<SimpleData name="globalID">0</SimpleData>
		<SimpleData name="id">68</SimpleData>
		<SimpleData name="GlobalID_2">{8ff2f401-8cb7-4376-b589-57f049439249}</SimpleData>
		<SimpleData name="CreationDa">2025/08/25</SimpleData>
		<SimpleData name="Creator">JTMTJTMT</SimpleData>
		<SimpleData name="EditDate">2025/08/25</SimpleData>
		<SimpleData name="Editor">JTMTJTMT</SimpleData>
		<SimpleData name="Shape__Len">475.80733664900</SimpleData>
		<SimpleData name="Link"></SimpleData>
		<SimpleData name="Framework">בדיקת היתכנות</SimpleData>
		<SimpleData name="Engineer"></SimpleData>
		<SimpleData name="Director"></SimpleData>
		<SimpleData name="Architect"></SimpleData>
		<SimpleData name="respons"></SimpleData>
		<SimpleData name="V39"></SimpleData>
	</SchemaData></ExtendedData>
      <MultiGeometry><LineString><coordinates>35.237553,31.810483,0 35.238392,31.811692,0 35.238599,31.812954,0 35.238409,31.813825,0 35.23809,31.814498,0</coordinates></LineString></MultiGeometry>
  </Placemark>
  <Placemark>
	<name></name>
	<description>תיאור: &lt;br&gt;PartName: מצרני דב יוסף&lt;br&gt;StreetName: מצרני דב יוסף&lt;br&gt;status_tex: בביצוע&lt;br&gt;openyear_n: 0&lt;br&gt;BPHTtype: 0&lt;br&gt;usable: 0&lt;br&gt;infra: 0&lt;br&gt;roadtype: 0&lt;br&gt;BPHdir: 0.00000000000&lt;br&gt;BPHplace: 0&lt;br&gt;DIRtype: 0&lt;br&gt;DIRTraffic: 0&lt;br&gt;TOPOLOGY: 0&lt;br&gt;DIV_Veh: 0&lt;br&gt;DIV_Walk: 0&lt;br&gt;Signpost: 0&lt;br&gt;Parking: 0&lt;br&gt;LEVEL_: 0&lt;br&gt;PAINT: 0&lt;br&gt;TREES: 0&lt;br&gt;remarks: &lt;br&gt;globalID: 0&lt;br&gt;id: 0&lt;br&gt;GlobalID_2: {b56b7e4a-47f7-4af3-9d22-6fcc62d81649}&lt;br&gt;CreationDa: &lt;br&gt;Creator: &lt;br&gt;EditDate: &lt;br&gt;Editor: &lt;br&gt;Shape__Len: 91.12722544820&lt;br&gt;Link: &lt;br&gt;Framework: &lt;br&gt;Engineer: &lt;br&gt;Director: &lt;br&gt;Architect: &lt;br&gt;respons: </description>
	<Style><LineStyle><color>ff0000ff</color></LineStyle><PolyStyle><fill>0</fill></PolyStyle></Style>
	<ExtendedData><SchemaData schemaUrl="#bike_lanes_construction">
		<SimpleData name="WKT">LINESTRING (35.194965 31.736871, 35.195777 31.736431)</SimpleData>
		<SimpleData name="PartName">מצרני דב יוסף</SimpleData>
		<SimpleData name="StreetName">מצרני דב יוסף</SimpleData>
		<SimpleData name="status_tex">בביצוע</SimpleData>
		<SimpleData name="openyear_n">0</SimpleData>
		<SimpleData name="BPHTtype">0</SimpleData>
		<SimpleData name="usable">0</SimpleData>
		<SimpleData name="infra">0</SimpleData>
		<SimpleData name="roadtype">0</SimpleData>
		<SimpleData name="BPHdir">0</SimpleData>
		<SimpleData name="BPHplace">0</SimpleData>
		<SimpleData name="DIRtype">0</SimpleData>
		<SimpleData name="DIRTraffic">0</SimpleData>
		<SimpleData name="TOPOLOGY">0</SimpleData>
		<SimpleData name="DIV_Veh">0</SimpleData>
		<SimpleData name="DIV_Walk">0</SimpleData>
		<SimpleData name="Signpost">0</SimpleData>
		<SimpleData name="Parking">0</SimpleData>
		<SimpleData name="LEVEL_">0</SimpleData>
		<SimpleData name="PAINT">0</SimpleData>
		<SimpleData name="TREES">0</SimpleData>
		<SimpleData name="remarks"></SimpleData>
		<SimpleData name="globalID">0</SimpleData>
		<SimpleData name="id">0</SimpleData>
		<SimpleData name="GlobalID_2">{b56b7e4a-47f7-4af3-9d22-6fcc62d81649}</SimpleData>
		<SimpleData name="CreationDa"></SimpleData>
		<SimpleData name="Creator"></SimpleData>
		<SimpleData name="EditDate"></SimpleData>
		<SimpleData name="Editor"></SimpleData>
		<SimpleData name="Shape__Len">91.12722544820</SimpleData>
		<SimpleData name="Link"></SimpleData>
		<SimpleData name="Framework"></SimpleData>
		<SimpleData name="Engineer"></SimpleData>
		<SimpleData name="Director"></SimpleData>
		<SimpleData name="Architect"></SimpleData>
		<SimpleData name="respons"></SimpleData>
		<SimpleData name="V39"></SimpleData>
	</SchemaData></ExtendedData>
      <MultiGeometry><LineString><coordinates>35.194965,31.736871,0 35.195777,31.736431,0</coordinates></LineString></MultiGeometry>
  </Placemark>
  <Placemark>
	<name></name>
	<description>תיאור: &lt;br&gt;PartName: שמחה גפני&lt;br&gt;StreetName: שמחה גפני&lt;br&gt;status_tex: בביצוע&lt;br&gt;openyear_n: 0&lt;br&gt;BPHTtype: 0&lt;br&gt;usable: 0&lt;br&gt;infra: 0&lt;br&gt;roadtype: 0&lt;br&gt;BPHdir: 0.00000000000&lt;br&gt;BPHplace: 0&lt;br&gt;DIRtype: 0&lt;br&gt;DIRTraffic: 0&lt;br&gt;TOPOLOGY: 0&lt;br&gt;DIV_Veh: 0&lt;br&gt;DIV_Walk: 0&lt;br&gt;Signpost: 0&lt;br&gt;Parking: 0&lt;br&gt;LEVEL_: 0&lt;br&gt;PAINT: 0&lt;br&gt;TREES: 0&lt;br&gt;remarks: &lt;br&gt;globalID: 0&lt;br&gt;id: 0&lt;br&gt;GlobalID_2: {e75eb419-6180-40ad-af3e-f1aefca459b3}&lt;br&gt;CreationDa: &lt;br&gt;Creator: &lt;br&gt;EditDate: &lt;br&gt;Editor: &lt;br&gt;Shape__Len: 69.42389643300&lt;br&gt;Link: https://jtmt.sharepoint.com/:p:/r/sites/EngineeringDepartment/PlanningDivision/DocLib3/%D7%A6%D7%AA%D7%90%D7%9C/%D7%AA%D7%9B%D7%A0%D7%95%D7%9F/%D7%91%D7%99%D7%AA%20%D7%94%D7%9B%D7%A8%D7%9D%20%D7%A9%D7%9C%D7%91%20%D7%90%27/%D7%91%D7%99%D7%AA%20%D7%94%D7%9&lt;br&gt;Framework: &lt;br&gt;Engineer: &lt;br&gt;Director: &lt;br&gt;Architect: &lt;br&gt;respons: </description>
	<Style><LineStyle><color>ff0000ff</color></LineStyle><PolyStyle><fill>0</fill></PolyStyle></Style>
	<ExtendedData><SchemaData schemaUrl="#bike_lanes_construction">
		<SimpleData name="WKT">LINESTRING (35.187943 31.776045, 35.187836 31.776664)</SimpleData>
		<SimpleData name="PartName">שמחה גפני</SimpleData>
		<SimpleData name="StreetName">שמחה גפני</SimpleData>
		<SimpleData name="status_tex">בביצוע</SimpleData>
		<SimpleData name="openyear_n">0</SimpleData>
		<SimpleData name="BPHTtype">0</SimpleData>
		<SimpleData name="usable">0</SimpleData>
		<SimpleData name="infra">0</SimpleData>
		<SimpleData name="roadtype">0</SimpleData>
		<SimpleData name="BPHdir">0</SimpleData>
		<SimpleData name="BPHplace">0</SimpleData>
		<SimpleData name="DIRtype">0</SimpleData>
		<SimpleData name="DIRTraffic">0</SimpleData>
		<SimpleData name="TOPOLOGY">0</SimpleData>
		<SimpleData name="DIV_Veh">0</SimpleData>
		<SimpleData name="DIV_Walk">0</SimpleData>
		<SimpleData name="Signpost">0</SimpleData>
		<SimpleData name="Parking">0</SimpleData>
		<SimpleData name="LEVEL_">0</SimpleData>
		<SimpleData name="PAINT">0</SimpleData>
		<SimpleData name="TREES">0</SimpleData>
		<SimpleData name="remarks"></SimpleData>
		<SimpleData name="globalID">0</SimpleData>
		<SimpleData name="id">0</SimpleData>
		<SimpleData name="GlobalID_2">{e75eb419-6180-40ad-af3e-f1aefca459b3}</SimpleData>
		<SimpleData name="CreationDa"></SimpleData>
		<SimpleData name="Creator"></SimpleData>
		<SimpleData name="EditDate"></SimpleData>
		<SimpleData name="Editor"></SimpleData>
		<SimpleData name="Shape__Len">69.42389643300</SimpleData>
		<SimpleData name="Link">https://jtmt.sharepoint.com/:p:/r/sites/EngineeringDepartment/PlanningDivision/DocLib3/%D7%A6%D7%AA%D7%90%D7%9C/%D7%AA%D7%9B%D7%A0%D7%95%D7%9F/%D7%91%D7%99%D7%AA%20%D7%94%D7%9B%D7%A8%D7%9D%20%D7%A9%D7%9C%D7%91%20%D7%90%27/%D7%91%D7%99%D7%AA%20%D7%94%D7%9</SimpleData>
		<SimpleData name="Framework"></SimpleData>
		<SimpleData name="Engineer"></SimpleData>
		<SimpleData name="Director"></SimpleData>
		<SimpleData name="Architect"></SimpleData>
		<SimpleData name="respons"></SimpleData>
		<SimpleData name="V39"></SimpleData>
	</SchemaData></ExtendedData>
      <MultiGeometry><LineString><coordinates>35.187943,31.776045,0 35.187836,31.776664,0</coordinates></LineString></MultiGeometry>
  </Placemark>
</Folder>
</Document></kml>
