{
"type": "FeatureCollection",
"name": "completed",
"crs": { "type": "name", "properties": { "name": "urn:ogc:def:crs:OGC:1.3:CRS84" } },
"features": [
{ "type": "Feature", "properties": { "Name": "" }, "geometry": { "type": "MultiLineString", "coordinates": [ [ [ 35.173056, 31.804764, 0.0 ], [ 35.173119, 31.804841, 0.0 ], [ 35.173164, 31.804881, 0.0 ], [ 35.173221, 31.804927, 0.0 ], [ 35.173275, 31.804961, 0.0 ], [ 35.173359, 31.804968, 0.0 ], [ 35.173433, 31.804945, 0.0 ], [ 35.173501, 31.804911, 0.0 ], [ 35.173639, 31.804845, 0.0 ], [ 35.17382, 31.804751, 0.0 ], [ 35.174177, 31.804567, 0.0 ], [ 35.174485, 31.804389, 0.0 ], [ 35.174589, 31.804323, 0.0 ], [ 35.174737, 31.804221, 0.0 ], [ 35.174863, 31.80415, 0.0 ], [ 35.174955, 31.804108, 0.0 ], [ 35.175198, 31.804012, 0.0 ], [ 35.175532, 31.803878, 0.0 ], [ 35.175765, 31.80379, 0.0 ], [ 35.175964, 31.803725, 0.0 ], [ 35.176115, 31.803677, 0.0 ], [ 35.176187, 31.803645, 0.0 ], [ 35.176261, 31.803603, 0.0 ], [ 35.176383, 31.803541, 0.0 ], [ 35.176516, 31.803473, 0.0 ], [ 35.17665, 31.803407, 0.0 ], [ 35.176766, 31.803371, 0.0 ], [ 35.177032, 31.803288, 0.0 ], [ 35.177153, 31.80325, 0.0 ], [ 35.177217, 31.803222, 0.0 ], [ 35.177322, 31.803164, 0.0 ], [ 35.17743, 31.803095, 0.0 ], [ 35.177525, 31.803054, 0.0 ], [ 35.177589, 31.803046, 0.0 ], [ 35.177696, 31.803031, 0.0 ], [ 35.177782, 31.803035, 0.0 ], [ 35.17784, 31.803042, 0.0 ], [ 35.177909, 31.803065, 0.0 ], [ 35.178001, 31.803091, 0.0 ], [ 35.178633, 31.803307, 0.0 ], [ 35.178754, 31.803354, 0.0 ], [ 35.178853, 31.803406, 0.0 ], [ 35.179071, 31.803532, 0.0 ], [ 35.179433, 31.803727, 0.0 ], [ 35.17975, 31.803906, 0.0 ], [ 35.179822, 31.803947, 0.0 ], [ 35.179892, 31.804005, 0.0 ], [ 35.179956, 31.804066, 0.0 ], [ 35.180018, 31.804122, 0.0 ], [ 35.180098, 31.804194, 0.0 ], [ 35.180182, 31.804267, 0.0 ], [ 35.180254, 31.804305, 0.0 ], [ 35.180373, 31.804328, 0.0 ], [ 35.18048, 31.80434, 0.0 ], [ 35.180573, 31.804356, 0.0 ], [ 35.180631, 31.804406, 0.0 ], [ 35.180683, 31.804476, 0.0 ], [ 35.180729, 31.804509, 0.0 ], [ 35.180802, 31.80455, 0.0 ], [ 35.180913, 31.804612, 0.0 ], [ 35.180963, 31.804645, 0.0 ], [ 35.18101, 31.804682, 0.0 ], [ 35.181047, 31.804715, 0.0 ], [ 35.181122, 31.804755, 0.0 ], [ 35.181193, 31.804777, 0.0 ], [ 35.18127, 31.804792, 0.0 ], [ 35.181352, 31.80482, 0.0 ], [ 35.181481, 31.804852, 0.0 ], [ 35.181612, 31.804894, 0.0 ], [ 35.181679, 31.804914, 0.0 ], [ 35.181761, 31.80492, 0.0 ], [ 35.181835, 31.8049, 0.0 ], [ 35.181908, 31.804908, 0.0 ], [ 35.181979, 31.804959, 0.0 ] ] ] } },
{ "type": "Feature", "properties": { "Name": "" }, "geometry": { "type": "MultiLineString", "coordinates": [ [ [ 35.155938, 31.781478, 0.0 ], [ 35.155882, 31.781593, 0.0 ], [ 35.155761, 31.781861, 0.0 ], [ 35.155674, 31.782051, 0.0 ], [ 35.155599, 31.782238, 0.0 ], [ 35.155544, 31.782431, 0.0 ], [ 35.15551, 31.782627, 0.0 ], [ 35.155497, 31.782824, 0.0 ], [ 35.155492, 31.783141, 0.0 ], [ 35.155493, 31.783183, 0.0 ], [ 35.155499, 31.783225, 0.0 ], [ 35.155509, 31.783266, 0.0 ], [ 35.155523, 31.783306, 0.0 ], [ 35.15569, 31.783721, 0.0 ], [ 35.155707, 31.783758, 0.0 ], [ 35.155728, 31.783795, 0.0 ], [ 35.155753, 31.78383, 0.0 ], [ 35.156108, 31.784292, 0.0 ], [ 35.156149, 31.784341, 0.0 ], [ 35.156195, 31.784387, 0.0 ], [ 35.156244, 31.784429, 0.0 ], [ 35.156297, 31.784468, 0.0 ], [ 35.156354, 31.784504, 0.0 ], [ 35.156978, 31.784863, 0.0 ], [ 35.156999, 31.784875, 0.0 ], [ 35.157019, 31.784888, 0.0 ], [ 35.157039, 31.784901, 0.0 ], [ 35.157129, 31.784964, 0.0 ], [ 35.15719, 31.785003, 0.0 ], [ 35.157254, 31.785038, 0.0 ], [ 35.157318, 31.785057, 0.0 ], [ 35.157424, 31.785084, 0.0 ], [ 35.157611, 31.785137, 0.0 ], [ 35.157763, 31.785198, 0.0 ], [ 35.157902, 31.785232, 0.0 ], [ 35.157926, 31.785238, 0.0 ], [ 35.158081, 31.785269, 0.0 ], [ 35.158114, 31.785276, 0.0 ], [ 35.158355, 31.785344, 0.0 ], [ 35.158448, 31.785362, 0.0 ], [ 35.15882, 31.785425, 0.0 ], [ 35.159215, 31.785509, 0.0 ], [ 35.159268, 31.785521, 0.0 ], [ 35.159841, 31.785672, 0.0 ], [ 35.159947, 31.785701, 0.0 ], [ 35.159989, 31.785712, 0.0 ], [ 35.160305, 31.785782, 0.0 ], [ 35.160527, 31.785836, 0.0 ], [ 35.160675, 31.785874, 0.0 ], [ 35.160772, 31.785909, 0.0 ], [ 35.160848, 31.785927, 0.0 ], [ 35.16094, 31.785932, 0.0 ], [ 35.16134, 31.786026, 0.0 ], [ 35.161373, 31.786028, 0.0 ], [ 35.161441, 31.786039, 0.0 ], [ 35.161499, 31.786031, 0.0 ], [ 35.161615, 31.786003, 0.0 ], [ 35.161656, 31.785994, 0.0 ] ] ] } },
{ "type": "Feature", "properties": { "Name": "" }, "geometry": { "type": "MultiLineString", "coordinates": [ [ [ 35.184861, 31.759608, 0.0 ], [ 35.184776, 31.759381, 0.0 ] ] ] } },
{ "type": "Feature", "properties": { "Name": "" }, "geometry": { "type": "MultiLineString", "coordinates": [ [ [ 35.188546, 31.747241, 0.0 ], [ 35.188542, 31.74724, 0.0 ], [ 35.188551, 31.74716, 0.0 ], [ 35.188564, 31.7471, 0.0 ], [ 35.188574, 31.747053, 0.0 ], [ 35.188541, 31.747051, 0.0 ], [ 35.188452, 31.747166, 0.0 ], [ 35.188398, 31.747272, 0.0 ], [ 35.188375, 31.747328, 0.0 ], [ 35.188323, 31.747365, 0.0 ], [ 35.188266, 31.747385, 0.0 ], [ 35.188209, 31.747425, 0.0 ], [ 35.188204, 31.747406, 0.0 ], [ 35.188241, 31.747372, 0.0 ], [ 35.188281, 31.747322, 0.0 ], [ 35.188318, 31.747272, 0.0 ], [ 35.18834, 31.74723, 0.0 ], [ 35.188306, 31.747217, 0.0 ], [ 35.188242, 31.747259, 0.0 ], [ 35.18819, 31.747296, 0.0 ], [ 35.188145, 31.747373, 0.0 ], [ 35.188125, 31.747416, 0.0 ], [ 35.188086, 31.747426, 0.0 ], [ 35.187663, 31.747529, 0.0 ], [ 35.187568, 31.747552, 0.0 ], [ 35.187499, 31.74757, 0.0 ], [ 35.187392, 31.747588, 0.0 ], [ 35.187262, 31.747606, 0.0 ], [ 35.187213, 31.747617, 0.0 ], [ 35.187107, 31.747619, 0.0 ], [ 35.187008, 31.747639, 0.0 ], [ 35.186902, 31.747667, 0.0 ], [ 35.186755, 31.747694, 0.0 ], [ 35.186642, 31.74772, 0.0 ], [ 35.186508, 31.747745, 0.0 ], [ 35.186379, 31.747765, 0.0 ], [ 35.186268, 31.747779, 0.0 ], [ 35.186156, 31.747788, 0.0 ], [ 35.186049, 31.747788, 0.0 ], [ 35.185991, 31.747787, 0.0 ], [ 35.185933, 31.747774, 0.0 ], [ 35.185807, 31.74775, 0.0 ], [ 35.185723, 31.747722, 0.0 ], [ 35.185235, 31.747521, 0.0 ], [ 35.185105, 31.74746, 0.0 ], [ 35.184782, 31.747254, 0.0 ], [ 35.18474, 31.747221, 0.0 ], [ 35.184699, 31.747202, 0.0 ], [ 35.184673, 31.747202, 0.0 ], [ 35.184659, 31.747211, 0.0 ], [ 35.184651, 31.747224, 0.0 ], [ 35.184651, 31.747256, 0.0 ], [ 35.184671, 31.747282, 0.0 ], [ 35.184715, 31.747305, 0.0 ], [ 35.184802, 31.747359, 0.0 ], [ 35.184866, 31.747389, 0.0 ], [ 35.184933, 31.747435, 0.0 ], [ 35.184995, 31.747482, 0.0 ], [ 35.18502, 31.74752, 0.0 ], [ 35.185027, 31.747551, 0.0 ], [ 35.185018, 31.747589, 0.0 ], [ 35.184994, 31.747612, 0.0 ], [ 35.184967, 31.747626, 0.0 ], [ 35.184929, 31.747632, 0.0 ], [ 35.184873, 31.74763, 0.0 ], [ 35.184844, 31.747622, 0.0 ], [ 35.184803, 31.747619, 0.0 ], [ 35.18474, 31.747607, 0.0 ], [ 35.184703, 31.747598, 0.0 ], [ 35.184616, 31.747576, 0.0 ], [ 35.184556, 31.747559, 0.0 ], [ 35.184517, 31.74754, 0.0 ], [ 35.184472, 31.747524, 0.0 ], [ 35.18444, 31.747508, 0.0 ], [ 35.184423, 31.747496, 0.0 ], [ 35.184391, 31.747484, 0.0 ], [ 35.184355, 31.747467, 0.0 ], [ 35.184316, 31.747456, 0.0 ], [ 35.184275, 31.747442, 0.0 ], [ 35.184225, 31.747425, 0.0 ], [ 35.184167, 31.747397, 0.0 ], [ 35.184119, 31.747368, 0.0 ], [ 35.184107, 31.747347, 0.0 ], [ 35.184084, 31.747322, 0.0 ], [ 35.184059, 31.747289, 0.0 ], [ 35.184034, 31.747274, 0.0 ], [ 35.183999, 31.747256, 0.0 ], [ 35.183957, 31.747251, 0.0 ], [ 35.183918, 31.747242, 0.0 ] ] ] } },
{ "type": "Feature", "properties": { "Name": "" }, "geometry": { "type": "MultiLineString", "coordinates": [ [ [ 35.240732, 31.797071, 0.0 ], [ 35.24115, 31.796775, 0.0 ], [ 35.241383, 31.796604, 0.0 ], [ 35.241448, 31.796557, 0.0 ], [ 35.24154, 31.79649, 0.0 ] ] ] } },
{ "type": "Feature", "properties": { "Name": "" }, "geometry": { "type": "MultiLineString", "coordinates": [ [ [ 35.189726, 31.749184, 0.0 ], [ 35.189624, 31.749166, 0.0 ], [ 35.189403, 31.749146, 0.0 ], [ 35.18936, 31.749142, 0.0 ], [ 35.189216, 31.749093, 0.0 ] ] ] } },
{ "type": "Feature", "properties": { "Name": "" }, "geometry": { "type": "MultiLineString", "coordinates": [ [ [ 35.224015, 31.768189 ], [ 35.22401, 31.768167 ], [ 35.223994, 31.768123 ], [ 35.224002, 31.768035 ], [ 35.223997, 31.76799 ], [ 35.223967, 31.76789 ], [ 35.223948, 31.767686 ], [ 35.223952, 31.7676 ], [ 35.224008, 31.767241 ], [ 35.224083, 31.766894 ], [ 35.224282, 31.765988 ], [ 35.224318, 31.765869 ], [ 35.22435, 31.765803 ], [ 35.224388, 31.765723 ], [ 35.224458, 31.765187 ], [ 35.224534, 31.764978 ] ], [ [ 35.224407, 31.76398 ], [ 35.224353, 31.763895 ], [ 35.224304, 31.763801 ], [ 35.224253, 31.763738 ], [ 35.22415, 31.763605 ], [ 35.224096, 31.763553 ], [ 35.224029, 31.763488 ], [ 35.22394, 31.763425 ], [ 35.223819, 31.763332 ], [ 35.223643, 31.763234 ], [ 35.223544, 31.763188 ], [ 35.223487, 31.763167 ], [ 35.223459, 31.76316 ] ] ] } },
{ "type": "Feature", "properties": { "Name": "" }, "geometry": { "type": "MultiLineString", "coordinates": [ [ [ 35.189905, 31.749252, 0.0 ], [ 35.189735, 31.749186, 0.0 ], [ 35.189726, 31.749184, 0.0 ] ] ] } },
{ "type": "Feature", "properties": { "Name": "" }, "geometry": { "type": "MultiLineString", "coordinates": [ [ [ 35.222851, 31.768344, 0.0 ], [ 35.222824, 31.768308, 0.0 ], [ 35.222811, 31.768243, 0.0 ], [ 35.222798, 31.768198, 0.0 ], [ 35.222769, 31.768174, 0.0 ], [ 35.222735, 31.768165, 0.0 ], [ 35.222694, 31.768172, 0.0 ], [ 35.222659, 31.7682, 0.0 ], [ 35.222622, 31.768226, 0.0 ], [ 35.222571, 31.768242, 0.0 ], [ 35.22252, 31.768244, 0.0 ], [ 35.22247, 31.768234, 0.0 ], [ 35.222365, 31.768173, 0.0 ], [ 35.222304, 31.768156, 0.0 ], [ 35.222238, 31.76816, 0.0 ], [ 35.222194, 31.768176, 0.0 ], [ 35.222157, 31.768202, 0.0 ], [ 35.222132, 31.768243, 0.0 ], [ 35.222111, 31.768303, 0.0 ], [ 35.222088, 31.768334, 0.0 ], [ 35.222062, 31.768358, 0.0 ], [ 35.222041, 31.768374, 0.0 ], [ 35.222013, 31.768383, 0.0 ], [ 35.221968, 31.768387, 0.0 ], [ 35.221908, 31.768371, 0.0 ], [ 35.221877, 31.76835, 0.0 ], [ 35.221858, 31.768328, 0.0 ], [ 35.221847, 31.768305, 0.0 ], [ 35.221843, 31.768277, 0.0 ], [ 35.221849, 31.768234, 0.0 ], [ 35.221857, 31.768215, 0.0 ], [ 35.221862, 31.768188, 0.0 ], [ 35.22186, 31.76815, 0.0 ], [ 35.221849, 31.768119, 0.0 ], [ 35.221831, 31.768095, 0.0 ], [ 35.221806, 31.768076, 0.0 ], [ 35.221722, 31.768061, 0.0 ] ] ] } },
{ "type": "Feature", "properties": { "Name": "" }, "geometry": { "type": "MultiLineString", "coordinates": [ [ [ 35.189216, 31.749093, 0.0 ], [ 35.189101, 31.749054, 0.0 ] ] ] } },
{ "type": "Feature", "properties": { "Name": "" }, "geometry": { "type": "MultiLineString", "coordinates": [ [ [ 35.189009, 31.749031, 0.0 ], [ 35.188942, 31.749043, 0.0 ] ] ] } },
{ "type": "Feature", "properties": { "Name": "" }, "geometry": { "type": "MultiLineString", "coordinates": [ [ [ 35.189141, 31.748771, 0.0 ], [ 35.18905, 31.749, 0.0 ] ] ] } },
{ "type": "Feature", "properties": { "Name": "" }, "geometry": { "type": "MultiLineString", "coordinates": [ [ [ 35.217679, 31.722418, 0.0 ], [ 35.217594, 31.722607, 0.0 ], [ 35.217569, 31.722673, 0.0 ], [ 35.217567, 31.722741, 0.0 ], [ 35.217582, 31.722826, 0.0 ], [ 35.217624, 31.722896, 0.0 ], [ 35.217688, 31.723009, 0.0 ], [ 35.217751, 31.723102, 0.0 ], [ 35.217815, 31.723198, 0.0 ], [ 35.217884, 31.723287, 0.0 ], [ 35.217998, 31.72342, 0.0 ], [ 35.218042, 31.723467, 0.0 ], [ 35.21809, 31.723512, 0.0 ], [ 35.218276, 31.723675, 0.0 ], [ 35.218785, 31.724133, 0.0 ], [ 35.21914, 31.724444, 0.0 ], [ 35.219204, 31.7245, 0.0 ], [ 35.219245, 31.724532, 0.0 ], [ 35.219295, 31.724568, 0.0 ], [ 35.219334, 31.724608, 0.0 ], [ 35.21949, 31.724745, 0.0 ], [ 35.219513, 31.72479, 0.0 ], [ 35.219534, 31.724837, 0.0 ], [ 35.219552, 31.724926, 0.0 ], [ 35.219543, 31.725017, 0.0 ], [ 35.219542, 31.725023, 0.0 ], [ 35.219514, 31.725128, 0.0 ], [ 35.219478, 31.725245, 0.0 ], [ 35.219403, 31.725481, 0.0 ], [ 35.219346, 31.725672, 0.0 ], [ 35.219296, 31.725833, 0.0 ], [ 35.219276, 31.725927, 0.0 ], [ 35.219256, 31.726057, 0.0 ], [ 35.219251, 31.726148, 0.0 ], [ 35.219247, 31.726223, 0.0 ], [ 35.219246, 31.72634, 0.0 ], [ 35.219254, 31.726466, 0.0 ], [ 35.219266, 31.726538, 0.0 ], [ 35.219276, 31.726614, 0.0 ], [ 35.219294, 31.726711, 0.0 ], [ 35.219315, 31.726775, 0.0 ], [ 35.219361, 31.726917, 0.0 ], [ 35.219412, 31.727036, 0.0 ], [ 35.219499, 31.727201, 0.0 ], [ 35.219559, 31.727321, 0.0 ], [ 35.219593, 31.727387, 0.0 ], [ 35.219604, 31.727413, 0.0 ], [ 35.219707, 31.727582, 0.0 ], [ 35.219759, 31.727649, 0.0 ], [ 35.219802, 31.727712, 0.0 ], [ 35.219866, 31.727766, 0.0 ], [ 35.219921, 31.727819, 0.0 ], [ 35.220005, 31.727886, 0.0 ], [ 35.22008, 31.727937, 0.0 ], [ 35.220214, 31.728008, 0.0 ], [ 35.220309, 31.728044, 0.0 ], [ 35.220415, 31.728081, 0.0 ], [ 35.220524, 31.728108, 0.0 ], [ 35.220556, 31.728113, 0.0 ], [ 35.220693, 31.728137, 0.0 ], [ 35.220824, 31.728143, 0.0 ], [ 35.221017, 31.728131, 0.0 ], [ 35.221156, 31.728105, 0.0 ], [ 35.221337, 31.728054, 0.0 ], [ 35.221559, 31.727948, 0.0 ], [ 35.221764, 31.727829, 0.0 ], [ 35.222312, 31.727484, 0.0 ], [ 35.222336, 31.727474, 0.0 ] ] ] } },
{ "type": "Feature", "properties": { "Name": "" }, "geometry": { "type": "MultiLineString", "coordinates": [ [ [ 35.188968, 31.748601, 0.0 ], [ 35.188973, 31.748636, 0.0 ] ] ] } },
{ "type": "Feature", "properties": { "Name": "" }, "geometry": { "type": "MultiLineString", "coordinates": [ [ [ 35.188812, 31.748581, 0.0 ], [ 35.188656, 31.74856, 0.0 ], [ 35.188512, 31.74854, 0.0 ], [ 35.18837, 31.748527, 0.0 ], [ 35.188224, 31.748527, 0.0 ], [ 35.188126, 31.74853, 0.0 ], [ 35.187929, 31.748547, 0.0 ], [ 35.187827, 31.748537, 0.0 ] ] ] } },
{ "type": "Feature", "properties": { "Name": "" }, "geometry": { "type": "MultiLineString", "coordinates": [ [ [ 35.187671, 31.748498, 0.0 ], [ 35.187595, 31.74848, 0.0 ], [ 35.187366, 31.748484, 0.0 ], [ 35.186869, 31.748488, 0.0 ] ] ] } },
{ "type": "Feature", "properties": { "Name": "" }, "geometry": { "type": "MultiLineString", "coordinates": [ [ [ 35.186783, 31.748511, 0.0 ], [ 35.18671, 31.748524, 0.0 ], [ 35.186708, 31.748524, 0.0 ] ] ] } },
{ "type": "Feature", "properties": { "Name": "" }, "geometry": { "type": "MultiLineString", "coordinates": [ [ [ 35.201003, 31.764395, 0.0 ], [ 35.201065, 31.764442, 0.0 ], [ 35.201395, 31.764674, 0.0 ], [ 35.201618, 31.764815, 0.0 ], [ 35.201851, 31.76495, 0.0 ], [ 35.201993, 31.765021, 0.0 ], [ 35.202764, 31.76545, 0.0 ], [ 35.203501, 31.765858, 0.0 ] ] ] } },
{ "type": "Feature", "properties": { "Name": "" }, "geometry": { "type": "MultiLineString", "coordinates": [ [ [ 35.186653, 31.748526, 0.0 ], [ 35.186651, 31.748526, 0.0 ], [ 35.186593, 31.74851, 0.0 ] ] ] } },
{ "type": "Feature", "properties": { "Name": "" }, "geometry": { "type": "MultiLineString", "coordinates": [ [ [ 35.208404, 31.77438, 0.0 ], [ 35.208395, 31.774106, 0.0 ], [ 35.208422, 31.773639, 0.0 ], [ 35.208441, 31.773363, 0.0 ], [ 35.208464, 31.772976, 0.0 ], [ 35.208522, 31.772702, 0.0 ], [ 35.208585, 31.772419, 0.0 ], [ 35.20857, 31.772088, 0.0 ], [ 35.208561, 31.771925, 0.0 ], [ 35.208511, 31.771626, 0.0 ], [ 35.20851, 31.771619, 0.0 ] ] ] } },
{ "type": "Feature", "properties": { "Name": "" }, "geometry": { "type": "MultiLineString", "coordinates": [ [ [ 35.186469, 31.748503, 0.0 ], [ 35.186029, 31.748516, 0.0 ] ] ] } },
{ "type": "Feature", "properties": { "Name": "" }, "geometry": { "type": "MultiLineString", "coordinates": [ [ [ 35.197125, 31.765958, 0.0 ], [ 35.198022, 31.765073, 0.0 ], [ 35.199217, 31.763507, 0.0 ], [ 35.199302, 31.763346, 0.0 ] ] ] } },
{ "type": "Feature", "properties": { "Name": "" }, "geometry": { "type": "MultiLineString", "coordinates": [ [ [ 35.190015, 31.752348, 0.0 ], [ 35.190071, 31.752334, 0.0 ] ] ] } },
{ "type": "Feature", "properties": { "Name": "" }, "geometry": { "type": "MultiLineString", "coordinates": [ [ [ 35.190121, 31.752321, 0.0 ], [ 35.190186, 31.752305, 0.0 ] ] ] } },
{ "type": "Feature", "properties": { "Name": "" }, "geometry": { "type": "MultiLineString", "coordinates": [ [ [ 35.172081, 31.743547, 0.0 ], [ 35.172072, 31.743541, 0.0 ], [ 35.17206, 31.743537, 0.0 ], [ 35.172032, 31.743537, 0.0 ], [ 35.172002, 31.743538, 0.0 ], [ 35.171628, 31.743569, 0.0 ], [ 35.171415, 31.743589, 0.0 ], [ 35.171338, 31.743599, 0.0 ], [ 35.171261, 31.743606, 0.0 ], [ 35.171205, 31.743609, 0.0 ], [ 35.171149, 31.743609, 0.0 ], [ 35.171104, 31.743608, 0.0 ], [ 35.171047, 31.743603, 0.0 ], [ 35.170919, 31.743588, 0.0 ], [ 35.170834, 31.743574, 0.0 ], [ 35.170552, 31.743513, 0.0 ], [ 35.17048, 31.743501, 0.0 ], [ 35.170409, 31.743492, 0.0 ], [ 35.170359, 31.743488, 0.0 ], [ 35.170308, 31.743486, 0.0 ], [ 35.170243, 31.743486, 0.0 ], [ 35.170177, 31.743487, 0.0 ], [ 35.170099, 31.743491, 0.0 ], [ 35.170022, 31.743497, 0.0 ], [ 35.169639, 31.743533, 0.0 ], [ 35.169281, 31.743573, 0.0 ], [ 35.169017, 31.743607, 0.0 ], [ 35.168899, 31.743628, 0.0 ], [ 35.168776, 31.743654, 0.0 ], [ 35.168509, 31.743705, 0.0 ], [ 35.168278, 31.743754, 0.0 ], [ 35.168177, 31.743771, 0.0 ], [ 35.168011, 31.743797, 0.0 ], [ 35.167842, 31.743819, 0.0 ], [ 35.167706, 31.743831, 0.0 ], [ 35.167597, 31.743842, 0.0 ], [ 35.167323, 31.743857, 0.0 ], [ 35.166932, 31.743861, 0.0 ], [ 35.166626, 31.743864, 0.0 ], [ 35.166508, 31.743863, 0.0 ], [ 35.166368, 31.743866, 0.0 ], [ 35.166215, 31.743883, 0.0 ], [ 35.166088, 31.743901, 0.0 ], [ 35.165994, 31.743922, 0.0 ], [ 35.16583, 31.743965, 0.0 ], [ 35.165701, 31.744002, 0.0 ], [ 35.165533, 31.744078, 0.0 ], [ 35.165319, 31.744191, 0.0 ], [ 35.165158, 31.7443, 0.0 ], [ 35.16492, 31.744512, 0.0 ], [ 35.164144, 31.745256, 0.0 ], [ 35.163757, 31.745645, 0.0 ] ] ] } },
{ "type": "Feature", "properties": { "Name": "" }, "geometry": { "type": "MultiLineString", "coordinates": [ [ [ 35.189633, 31.752469, 0.0 ], [ 35.1892, 31.752588, 0.0 ] ] ] } },
{ "type": "Feature", "properties": { "Name": "" }, "geometry": { "type": "MultiLineString", "coordinates": [ [ [ 35.185332, 31.748907, 0.0 ], [ 35.18527, 31.749037, 0.0 ], [ 35.185185, 31.749204, 0.0 ], [ 35.185115, 31.749343, 0.0 ], [ 35.185019, 31.749532, 0.0 ] ] ] } },
{ "type": "Feature", "properties": { "Name": "" }, "geometry": { "type": "MultiLineString", "coordinates": [ [ [ 35.199763, 31.779475, 0.0 ], [ 35.199773, 31.779469, 0.0 ], [ 35.200068, 31.779172, 0.0 ], [ 35.20097, 31.778254, 0.0 ] ] ] } },
{ "type": "Feature", "properties": { "Name": "" }, "geometry": { "type": "MultiLineString", "coordinates": [ [ [ 35.184951, 31.749674, 0.0 ], [ 35.18492, 31.749764, 0.0 ] ] ] } },
{ "type": "Feature", "properties": { "Name": "" }, "geometry": { "type": "MultiLineString", "coordinates": [ [ [ 35.200693, 31.774551, 0.0 ], [ 35.200778, 31.774605, 0.0 ], [ 35.20097, 31.774881, 0.0 ], [ 35.201087, 31.775061, 0.0 ], [ 35.20117, 31.775249, 0.0 ], [ 35.201216, 31.775448, 0.0 ], [ 35.201233, 31.77561, 0.0 ], [ 35.201227, 31.775731, 0.0 ], [ 35.201208, 31.775813, 0.0 ] ] ] } },
{ "type": "Feature", "properties": { "Name": "" }, "geometry": { "type": "MultiLineString", "coordinates": [ [ [ 35.184908, 31.749795, 0.0 ], [ 35.184876, 31.74984, 0.0 ] ] ] } },
{ "type": "Feature", "properties": { "Name": "" }, "geometry": { "type": "MultiLineString", "coordinates": [ [ [ 35.154143, 31.769794, 0.0 ], [ 35.154255, 31.769609, 0.0 ], [ 35.154346, 31.769424, 0.0 ], [ 35.154513, 31.769108, 0.0 ], [ 35.154625, 31.768881, 0.0 ], [ 35.15473, 31.768726, 0.0 ], [ 35.15517, 31.76838, 0.0 ], [ 35.155813, 31.767832, 0.0 ], [ 35.156351, 31.767426, 0.0 ], [ 35.156707, 31.76723, 0.0 ], [ 35.157126, 31.767009, 0.0 ], [ 35.157685, 31.766741, 0.0 ], [ 35.157901, 31.76661, 0.0 ], [ 35.158048, 31.766389, 0.0 ], [ 35.159416, 31.758109, 0.0 ], [ 35.159435, 31.757988, 0.0 ], [ 35.161004, 31.74849, 0.0 ], [ 35.161087, 31.747894, 0.0 ] ] ] } },
{ "type": "Feature", "properties": { "Name": "" }, "geometry": { "type": "MultiLineString", "coordinates": [ [ [ 35.184839, 31.750053, 0.0 ], [ 35.184829, 31.750294, 0.0 ], [ 35.18482, 31.750458, 0.0 ], [ 35.18482, 31.750642, 0.0 ], [ 35.184837, 31.750834, 0.0 ], [ 35.184869, 31.750996, 0.0 ], [ 35.184928, 31.751185, 0.0 ], [ 35.184992, 31.751345, 0.0 ], [ 35.185049, 31.751475, 0.0 ] ] ] } },
{ "type": "Feature", "properties": { "Name": "" }, "geometry": { "type": "MultiLineString", "coordinates": [ [ [ 35.23084, 31.720034, 0.0 ], [ 35.230832, 31.719978, 0.0 ], [ 35.23076, 31.719473, 0.0 ] ] ] } },
{ "type": "Feature", "properties": { "Name": "" }, "geometry": { "type": "MultiLineString", "coordinates": [ [ [ 35.185138, 31.751617, 0.0 ], [ 35.185261, 31.751811, 0.0 ] ] ] } },
{ "type": "Feature", "properties": { "Name": "" }, "geometry": { "type": "MultiLineString", "coordinates": [ [ [ 35.166419, 31.760024, 0.0 ], [ 35.166411, 31.760029, 0.0 ], [ 35.166164, 31.760217, 0.0 ], [ 35.165923, 31.760408, 0.0 ], [ 35.165846, 31.76047, 0.0 ], [ 35.16577, 31.760523, 0.0 ], [ 35.165671, 31.760572, 0.0 ], [ 35.16557, 31.760605, 0.0 ], [ 35.165463, 31.760628, 0.0 ], [ 35.165353, 31.760642, 0.0 ], [ 35.165249, 31.760642, 0.0 ], [ 35.165135, 31.760633, 0.0 ], [ 35.165024, 31.76061, 0.0 ], [ 35.164913, 31.76058, 0.0 ], [ 35.164791, 31.76053, 0.0 ], [ 35.164677, 31.760469, 0.0 ], [ 35.164594, 31.760405, 0.0 ], [ 35.164516, 31.760336, 0.0 ], [ 35.164304, 31.760106, 0.0 ], [ 35.16383, 31.759593, 0.0 ], [ 35.1637, 31.759488, 0.0 ], [ 35.163539, 31.759382, 0.0 ], [ 35.163406, 31.759309, 0.0 ], [ 35.163293, 31.759268, 0.0 ], [ 35.16319, 31.759237, 0.0 ], [ 35.163079, 31.759201, 0.0 ], [ 35.16295, 31.759173, 0.0 ], [ 35.162753, 31.759139, 0.0 ], [ 35.162543, 31.759084, 0.0 ], [ 35.162412, 31.759046, 0.0 ], [ 35.162266, 31.758981, 0.0 ], [ 35.162177, 31.75894, 0.0 ], [ 35.162013, 31.758842, 0.0 ], [ 35.161899, 31.758747, 0.0 ], [ 35.161797, 31.758639, 0.0 ], [ 35.161699, 31.758533, 0.0 ], [ 35.161623, 31.758404, 0.0 ], [ 35.161536, 31.758245, 0.0 ], [ 35.161404, 31.75798, 0.0 ], [ 35.161331, 31.75783, 0.0 ], [ 35.161214, 31.757583, 0.0 ], [ 35.161093, 31.757334, 0.0 ], [ 35.161091, 31.757329, 0.0 ] ] ] } },
{ "type": "Feature", "properties": { "Name": "" }, "geometry": { "type": "MultiLineString", "coordinates": [ [ [ 35.185373, 31.751944, 0.0 ], [ 35.185491, 31.752053, 0.0 ], [ 35.185623, 31.752184, 0.0 ], [ 35.185775, 31.752313, 0.0 ], [ 35.18595, 31.752461, 0.0 ], [ 35.186092, 31.752559, 0.0 ], [ 35.186184, 31.752614, 0.0 ], [ 35.186234, 31.752641, 0.0 ], [ 35.186259, 31.752651, 0.0 ] ] ] } },
{ "type": "Feature", "properties": { "Name": "" }, "geometry": { "type": "MultiLineString", "coordinates": [ [ [ 35.165115, 31.751765, 0.0 ], [ 35.165221, 31.751953, 0.0 ], [ 35.165281, 31.75199, 0.0 ], [ 35.165358, 31.752008, 0.0 ], [ 35.165448, 31.752005, 0.0 ], [ 35.165703, 31.751965, 0.0 ], [ 35.165836, 31.751951, 0.0 ], [ 35.165911, 31.751945, 0.0 ], [ 35.166024, 31.751946, 0.0 ], [ 35.166111, 31.751949, 0.0 ], [ 35.166213, 31.751964, 0.0 ], [ 35.166318, 31.751977, 0.0 ], [ 35.166422, 31.752001, 0.0 ], [ 35.166574, 31.752045, 0.0 ], [ 35.166676, 31.752076, 0.0 ], [ 35.166757, 31.752105, 0.0 ] ] ] } },
{ "type": "Feature", "properties": { "Name": "" }, "geometry": { "type": "MultiLineString", "coordinates": [ [ [ 35.186259, 31.752651, 0.0 ], [ 35.186284, 31.75266, 0.0 ], [ 35.186423, 31.752721, 0.0 ], [ 35.186549, 31.752776, 0.0 ], [ 35.186715, 31.752833, 0.0 ] ] ] } },
{ "type": "Feature", "properties": { "Name": "" }, "geometry": { "type": "MultiLineString", "coordinates": [ [ [ 35.185357, 31.748499, 0.0 ], [ 35.185273, 31.748499, 0.0 ], [ 35.185071, 31.7485, 0.0 ], [ 35.18479, 31.748508, 0.0 ], [ 35.184553, 31.748498, 0.0 ], [ 35.184194, 31.74847, 0.0 ], [ 35.183966, 31.748424, 0.0 ], [ 35.183767, 31.748372, 0.0 ], [ 35.183673, 31.748342, 0.0 ], [ 35.18355, 31.748283, 0.0 ], [ 35.18343, 31.748233, 0.0 ], [ 35.183307, 31.748179, 0.0 ], [ 35.183157, 31.748139, 0.0 ], [ 35.183059, 31.748118, 0.0 ], [ 35.183002, 31.748094, 0.0 ], [ 35.182955, 31.748063, 0.0 ], [ 35.18291, 31.748021, 0.0 ], [ 35.182827, 31.747969, 0.0 ], [ 35.182729, 31.747903, 0.0 ], [ 35.182575, 31.74778, 0.0 ], [ 35.182423, 31.747654, 0.0 ], [ 35.182269, 31.747513, 0.0 ], [ 35.182166, 31.747401, 0.0 ], [ 35.182003, 31.747191, 0.0 ], [ 35.181889, 31.747025, 0.0 ], [ 35.181744, 31.74679, 0.0 ], [ 35.181648, 31.746586, 0.0 ], [ 35.181559, 31.746366, 0.0 ], [ 35.181494, 31.746235, 0.0 ], [ 35.18142, 31.746079, 0.0 ], [ 35.18136, 31.74597, 0.0 ], [ 35.181291, 31.745851, 0.0 ], [ 35.181195, 31.745735, 0.0 ], [ 35.181088, 31.745592, 0.0 ], [ 35.181003, 31.7455, 0.0 ], [ 35.18092, 31.745414, 0.0 ], [ 35.180782, 31.745324, 0.0 ], [ 35.180543, 31.745231, 0.0 ], [ 35.180244, 31.745135, 0.0 ], [ 35.179963, 31.745067, 0.0 ], [ 35.179742, 31.745015, 0.0 ], [ 35.179519, 31.744983, 0.0 ], [ 35.179244, 31.74495, 0.0 ], [ 35.179025, 31.744929, 0.0 ], [ 35.178864, 31.744904, 0.0 ], [ 35.178706, 31.744891, 0.0 ], [ 35.17865, 31.744896, 0.0 ], [ 35.178576, 31.744908, 0.0 ], [ 35.178473, 31.744936, 0.0 ], [ 35.178375, 31.744948, 0.0 ], [ 35.178129, 31.744965, 0.0 ], [ 35.177955, 31.744984, 0.0 ], [ 35.177839, 31.745003, 0.0 ], [ 35.177765, 31.74503, 0.0 ] ] ] } },
{ "type": "Feature", "properties": { "Name": "" }, "geometry": { "type": "MultiLineString", "coordinates": [ [ [ 35.18712, 31.752941, 0.0 ], [ 35.18713, 31.752874, 0.0 ] ] ] } },
{ "type": "Feature", "properties": { "Name": "" }, "geometry": { "type": "MultiLineString", "coordinates": [ [ [ 35.197481, 31.779382, 0.0 ], [ 35.197488, 31.77938, 0.0 ], [ 35.198094, 31.77921, 0.0 ] ] ] } },
{ "type": "Feature", "properties": { "Name": "" }, "geometry": { "type": "MultiLineString", "coordinates": [ [ [ 35.187152, 31.752749, 0.0 ], [ 35.18716, 31.752712, 0.0 ], [ 35.187167, 31.752679, 0.0 ] ] ] } },
{ "type": "Feature", "properties": { "Name": "" }, "geometry": { "type": "MultiLineString", "coordinates": [ [ [ 35.18884, 31.752603, 0.0 ], [ 35.188891, 31.752626, 0.0 ], [ 35.188893, 31.752626, 0.0 ], [ 35.188894, 31.752626, 0.0 ] ] ] } },
{ "type": "Feature", "properties": { "Name": "" }, "geometry": { "type": "MultiLineString", "coordinates": [ [ [ 35.193186, 31.756854, 0.0 ], [ 35.193196, 31.756896, 0.0 ], [ 35.193205, 31.756944, 0.0 ], [ 35.193223, 31.757055, 0.0 ], [ 35.193261, 31.757179, 0.0 ], [ 35.193283, 31.757275, 0.0 ], [ 35.1933, 31.757413, 0.0 ], [ 35.19334, 31.757524, 0.0 ], [ 35.193376, 31.75762, 0.0 ], [ 35.193415, 31.757687, 0.0 ], [ 35.193466, 31.757767, 0.0 ], [ 35.193505, 31.757898, 0.0 ], [ 35.193549, 31.758058, 0.0 ], [ 35.193567, 31.758228, 0.0 ], [ 35.193569, 31.758292, 0.0 ], [ 35.193582, 31.758411, 0.0 ], [ 35.193629, 31.758535, 0.0 ], [ 35.193694, 31.758702, 0.0 ], [ 35.193826, 31.759049, 0.0 ], [ 35.193917, 31.759278, 0.0 ], [ 35.193945, 31.759427, 0.0 ], [ 35.194004, 31.759624, 0.0 ], [ 35.194046, 31.759852, 0.0 ], [ 35.194097, 31.760045, 0.0 ], [ 35.19413, 31.760304, 0.0 ], [ 35.194138, 31.76051, 0.0 ], [ 35.194136, 31.760735, 0.0 ], [ 35.194175, 31.760897, 0.0 ], [ 35.194175, 31.760938, 0.0 ], [ 35.194161, 31.761044, 0.0 ], [ 35.194144, 31.7612, 0.0 ], [ 35.194126, 31.761375, 0.0 ], [ 35.194133, 31.761493, 0.0 ], [ 35.194155, 31.761579, 0.0 ], [ 35.194225, 31.761709, 0.0 ], [ 35.194239, 31.761789, 0.0 ], [ 35.194225, 31.761932, 0.0 ], [ 35.194139, 31.762189, 0.0 ], [ 35.194098, 31.762298, 0.0 ], [ 35.19402, 31.762384, 0.0 ], [ 35.19397, 31.762471, 0.0 ], [ 35.193942, 31.762524, 0.0 ] ] ] } },
{ "type": "Feature", "properties": { "Name": "" }, "geometry": { "type": "MultiLineString", "coordinates": [ [ [ 35.188979, 31.752609, 0.0 ], [ 35.189062, 31.752592, 0.0 ] ] ] } },
{ "type": "Feature", "properties": { "Name": "" }, "geometry": { "type": "MultiLineString", "coordinates": [ [ [ 35.159091, 31.758097, 0.0 ], [ 35.159184, 31.758083, 0.0 ], [ 35.159288, 31.758049, 0.0 ], [ 35.159435, 31.757988, 0.0 ], [ 35.159493, 31.757964, 0.0 ], [ 35.159522, 31.757979, 0.0 ], [ 35.15951, 31.758021, 0.0 ], [ 35.159475, 31.758074, 0.0 ], [ 35.159416, 31.758109, 0.0 ], [ 35.159371, 31.758135, 0.0 ], [ 35.159251, 31.758187, 0.0 ], [ 35.159147, 31.758245, 0.0 ], [ 35.159054, 31.758322, 0.0 ], [ 35.158999, 31.758397, 0.0 ], [ 35.158961, 31.75849, 0.0 ], [ 35.158922, 31.75869, 0.0 ], [ 35.158836, 31.759197, 0.0 ], [ 35.158812, 31.759352, 0.0 ], [ 35.158777, 31.759507, 0.0 ], [ 35.158681, 31.759763, 0.0 ], [ 35.15858, 31.759959, 0.0 ], [ 35.158506, 31.760204, 0.0 ], [ 35.158492, 31.760284, 0.0 ], [ 35.158483, 31.760368, 0.0 ], [ 35.158474, 31.760546, 0.0 ], [ 35.15848, 31.760656, 0.0 ], [ 35.158498, 31.760782, 0.0 ], [ 35.158606, 31.761223, 0.0 ], [ 35.158649, 31.761368, 0.0 ], [ 35.158678, 31.761513, 0.0 ], [ 35.158679, 31.761655, 0.0 ], [ 35.158669, 31.761742, 0.0 ], [ 35.158648, 31.761826, 0.0 ], [ 35.158597, 31.76196, 0.0 ], [ 35.158521, 31.76209, 0.0 ], [ 35.158429, 31.762207, 0.0 ], [ 35.158318, 31.762311, 0.0 ], [ 35.158215, 31.762386, 0.0 ], [ 35.158106, 31.762448, 0.0 ], [ 35.157994, 31.762493, 0.0 ], [ 35.15788, 31.762529, 0.0 ], [ 35.157758, 31.762548, 0.0 ], [ 35.157636, 31.762558, 0.0 ], [ 35.157511, 31.762565, 0.0 ], [ 35.157384, 31.76256, 0.0 ], [ 35.156993, 31.762524, 0.0 ], [ 35.156896, 31.762516, 0.0 ], [ 35.156679, 31.762514, 0.0 ], [ 35.156583, 31.762505, 0.0 ], [ 35.156518, 31.762507, 0.0 ], [ 35.156441, 31.762533, 0.0 ], [ 35.156372, 31.762569, 0.0 ], [ 35.156267, 31.762655, 0.0 ], [ 35.156107, 31.762815, 0.0 ], [ 35.155636, 31.763437, 0.0 ], [ 35.155336, 31.763839, 0.0 ], [ 35.155274, 31.763926, 0.0 ], [ 35.155204, 31.764006, 0.0 ], [ 35.155137, 31.764078, 0.0 ], [ 35.155082, 31.764122, 0.0 ] ] ] } },
{ "type": "Feature", "properties": { "Name": "" }, "geometry": { "type": "MultiLineString", "coordinates": [ [ [ 35.185685, 31.761825, 0.0 ], [ 35.185643, 31.76177, 0.0 ], [ 35.185621, 31.761738, 0.0 ], [ 35.185599, 31.7617, 0.0 ], [ 35.185561, 31.761634, 0.0 ], [ 35.185531, 31.761572, 0.0 ], [ 35.185465, 31.761412, 0.0 ], [ 35.185416, 31.761281, 0.0 ], [ 35.185367, 31.761129, 0.0 ] ] ] } },
{ "type": "Feature", "properties": { "Name": "" }, "geometry": { "type": "MultiLineString", "coordinates": [ [ [ 35.184739, 31.759294, 0.0 ], [ 35.18469, 31.759158, 0.0 ] ] ] } },
{ "type": "Feature", "properties": { "Name": "" }, "geometry": { "type": "MultiLineString", "coordinates": [ [ [ 35.217045, 31.768072, 0.0 ], [ 35.217976, 31.767885, 0.0 ], [ 35.218101, 31.767869, 0.0 ], [ 35.218231, 31.767862, 0.0 ], [ 35.218355, 31.767864, 0.0 ], [ 35.218482, 31.767874, 0.0 ], [ 35.219846, 31.76795, 0.0 ] ] ] } },
{ "type": "Feature", "properties": { "Name": "" }, "geometry": { "type": "MultiLineString", "coordinates": [ [ [ 35.184662, 31.759079, 0.0 ], [ 35.18453, 31.758758, 0.0 ], [ 35.184528, 31.758753, 0.0 ] ] ] } },
{ "type": "Feature", "properties": { "Name": "" }, "geometry": { "type": "MultiLineString", "coordinates": [ [ [ 35.18404, 31.756195, 0.0 ], [ 35.184158, 31.75617, 0.0 ], [ 35.184238, 31.756158, 0.0 ], [ 35.184249, 31.756159, 0.0 ] ] ] } },
{ "type": "Feature", "properties": { "Name": "" }, "geometry": { "type": "MultiLineString", "coordinates": [ [ [ 35.208786, 31.778481, 0.0 ], [ 35.208879, 31.778272, 0.0 ], [ 35.208926, 31.778059, 0.0 ], [ 35.208936, 31.777888, 0.0 ], [ 35.208926, 31.7777, 0.0 ], [ 35.208919, 31.777505, 0.0 ], [ 35.208905, 31.777322, 0.0 ], [ 35.208919, 31.777074, 0.0 ], [ 35.208905, 31.776967, 0.0 ], [ 35.208841, 31.776848, 0.0 ], [ 35.208515, 31.776545, 0.0 ], [ 35.208459, 31.776481, 0.0 ] ] ] } },
{ "type": "Feature", "properties": { "Name": "" }, "geometry": { "type": "MultiLineString", "coordinates": [ [ [ 35.184524, 31.756139, 0.0 ], [ 35.184581, 31.756113, 0.0 ], [ 35.184681, 31.756083, 0.0 ], [ 35.184842, 31.756043, 0.0 ], [ 35.184981, 31.756008, 0.0 ], [ 35.184995, 31.756003, 0.0 ] ] ] } },
{ "type": "Feature", "properties": { "Name": "" }, "geometry": { "type": "MultiLineString", "coordinates": [ [ [ 35.185428, 31.755893, 0.0 ], [ 35.185474, 31.755889, 0.0 ], [ 35.185586, 31.755882, 0.0 ], [ 35.185751, 31.755888, 0.0 ], [ 35.185851, 31.755909, 0.0 ], [ 35.185938, 31.755943, 0.0 ], [ 35.186017, 31.755986, 0.0 ], [ 35.186101, 31.756041, 0.0 ], [ 35.186165, 31.756095, 0.0 ], [ 35.186224, 31.756174, 0.0 ], [ 35.18627, 31.756249, 0.0 ], [ 35.186307, 31.756343, 0.0 ], [ 35.18633, 31.756431, 0.0 ], [ 35.186334, 31.75651, 0.0 ], [ 35.186327, 31.756548, 0.0 ], [ 35.186314, 31.756607, 0.0 ], [ 35.186278, 31.756686, 0.0 ], [ 35.186228, 31.756763, 0.0 ], [ 35.186156, 31.756832, 0.0 ], [ 35.186059, 31.756921, 0.0 ] ] ] } },
{ "type": "Feature", "properties": { "Name": "" }, "geometry": { "type": "MultiLineString", "coordinates": [ [ [ 35.18548, 31.757217, 0.0 ], [ 35.18541, 31.757243, 0.0 ], [ 35.185165, 31.75736, 0.0 ], [ 35.185013, 31.757422, 0.0 ] ] ] } },
{ "type": "Feature", "properties": { "Name": "" }, "geometry": { "type": "MultiLineString", "coordinates": [ [ [ 35.196285, 31.782424, 0.0 ], [ 35.196003, 31.782484, 0.0 ], [ 35.195791, 31.782536, 0.0 ], [ 35.195374, 31.782628, 0.0 ], [ 35.195173, 31.782672, 0.0 ], [ 35.195043, 31.782733, 0.0 ], [ 35.194969, 31.782786, 0.0 ], [ 35.194892, 31.782845, 0.0 ], [ 35.1948, 31.782908, 0.0 ], [ 35.194782, 31.782921, 0.0 ] ] ] } },
{ "type": "Feature", "properties": { "Name": "" }, "geometry": { "type": "MultiLineString", "coordinates": [ [ [ 35.184089, 31.758476, 0.0 ], [ 35.184034, 31.758527, 0.0 ] ] ] } },
{ "type": "Feature", "properties": { "Name": "" }, "geometry": { "type": "MultiLineString", "coordinates": [ [ [ 35.21335, 31.769569, 0.0 ], [ 35.213472, 31.769702, 0.0 ], [ 35.213799, 31.770026, 0.0 ], [ 35.214005, 31.770217, 0.0 ], [ 35.214262, 31.770391, 0.0 ], [ 35.214433, 31.770451, 0.0 ], [ 35.214768, 31.770555, 0.0 ] ] ] } },
{ "type": "Feature", "properties": { "Name": "" }, "geometry": { "type": "MultiLineString", "coordinates": [ [ [ 35.183611, 31.758932, 0.0 ], [ 35.183593, 31.758953, 0.0 ], [ 35.183581, 31.758976, 0.0 ], [ 35.183489, 31.759125, 0.0 ], [ 35.18344, 31.759236, 0.0 ], [ 35.183377, 31.759419, 0.0 ], [ 35.183355, 31.759519, 0.0 ], [ 35.183336, 31.759606, 0.0 ], [ 35.183328, 31.759723, 0.0 ] ] ] } },
{ "type": "Feature", "properties": { "Name": "" }, "geometry": { "type": "MultiLineString", "coordinates": [ [ [ 35.183319, 31.75991, 0.0 ], [ 35.183307, 31.760184, 0.0 ], [ 35.183292, 31.760469, 0.0 ], [ 35.183288, 31.760622, 0.0 ] ] ] } },
{ "type": "Feature", "properties": { "Name": "" }, "geometry": { "type": "MultiLineString", "coordinates": [ [ [ 35.183195, 31.761166, 0.0 ], [ 35.183152, 31.761252, 0.0 ], [ 35.183111, 31.761406, 0.0 ], [ 35.183039, 31.76164, 0.0 ], [ 35.183013, 31.761729, 0.0 ], [ 35.183018, 31.761819, 0.0 ], [ 35.183003, 31.76188, 0.0 ], [ 35.183002, 31.761881, 0.0 ] ] ] } },
{ "type": "Feature", "properties": { "Name": "" }, "geometry": { "type": "MultiLineString", "coordinates": [ [ [ 35.211163, 31.767965, 0.0 ], [ 35.21113, 31.767934, 0.0 ], [ 35.211121, 31.767895, 0.0 ], [ 35.211216, 31.767576, 0.0 ], [ 35.211244, 31.767452, 0.0 ] ] ] } },
{ "type": "Feature", "properties": { "Name": "" }, "geometry": { "type": "MultiLineString", "coordinates": [ [ [ 35.183002, 31.761881, 0.0 ], [ 35.182904, 31.762111, 0.0 ], [ 35.182862, 31.762211, 0.0 ], [ 35.182766, 31.762377, 0.0 ], [ 35.182695, 31.762485, 0.0 ] ] ] } },
{ "type": "Feature", "properties": { "Name": "" }, "geometry": { "type": "MultiLineString", "coordinates": [ [ [ 35.164969, 31.751773, 0.0 ], [ 35.1649, 31.751792, 0.0 ], [ 35.164886, 31.751806, 0.0 ], [ 35.164883, 31.751828, 0.0 ], [ 35.164939, 31.752012, 0.0 ], [ 35.164929, 31.752104, 0.0 ], [ 35.164878, 31.752174, 0.0 ], [ 35.164746, 31.752292, 0.0 ], [ 35.16452, 31.752452, 0.0 ], [ 35.164379, 31.752574, 0.0 ], [ 35.164233, 31.752739, 0.0 ], [ 35.164016, 31.753069, 0.0 ], [ 35.16387, 31.753326, 0.0 ] ] ] } },
{ "type": "Feature", "properties": { "Name": "" }, "geometry": { "type": "MultiLineString", "coordinates": [ [ [ 35.178992, 31.767741, 0.0 ], [ 35.17885, 31.767779, 0.0 ], [ 35.178707, 31.767799, 0.0 ], [ 35.178576, 31.767812, 0.0 ], [ 35.178455, 31.767835, 0.0 ], [ 35.178406, 31.767843, 0.0 ], [ 35.178365, 31.76785, 0.0 ], [ 35.178296, 31.767883, 0.0 ], [ 35.178254, 31.767936, 0.0 ], [ 35.178229, 31.767978, 0.0 ], [ 35.178193, 31.768055, 0.0 ], [ 35.178194, 31.768117, 0.0 ], [ 35.178209, 31.768206, 0.0 ] ] ] } },
{ "type": "Feature", "properties": { "Name": "" }, "geometry": { "type": "MultiLineString", "coordinates": [ [ [ 35.178155, 31.768485, 0.0 ], [ 35.178205, 31.768478, 0.0 ] ] ] } },
{ "type": "Feature", "properties": { "Name": "" }, "geometry": { "type": "MultiLineString", "coordinates": [ [ [ 35.178248, 31.768463, 0.0 ], [ 35.178292, 31.768425, 0.0 ] ] ] } },
{ "type": "Feature", "properties": { "Name": "" }, "geometry": { "type": "MultiLineString", "coordinates": [ [ [ 35.206658, 31.81793, 0.0 ], [ 35.20679, 31.817855, 0.0 ], [ 35.206943, 31.817747, 0.0 ], [ 35.207062, 31.817638, 0.0 ], [ 35.207175, 31.817527, 0.0 ], [ 35.207269, 31.817405, 0.0 ], [ 35.20731, 31.817342, 0.0 ] ] ] } },
{ "type": "Feature", "properties": { "Name": "" }, "geometry": { "type": "MultiLineString", "coordinates": [ [ [ 35.172414, 31.762329, 0.0 ], [ 35.172511, 31.762231, 0.0 ] ] ] } },
{ "type": "Feature", "properties": { "Name": "" }, "geometry": { "type": "MultiLineString", "coordinates": [ [ [ 35.19711, 31.757506 ], [ 35.196555, 31.757267 ], [ 35.196003, 31.757047 ], [ 35.195678, 31.756974 ], [ 35.195243, 31.756916 ], [ 35.194433, 31.756865 ] ], [ [ 35.194421, 31.756865 ], [ 35.194341, 31.756866 ], [ 35.194263, 31.756854 ], [ 35.194199, 31.756849 ], [ 35.194154, 31.756855 ], [ 35.194085, 31.756855 ], [ 35.193958, 31.756852 ], [ 35.193754, 31.756843 ], [ 35.193519, 31.756842 ], [ 35.193426, 31.756847 ], [ 35.193319, 31.756849 ], [ 35.193216, 31.756847 ], [ 35.193179, 31.756854 ], [ 35.193143, 31.756848 ], [ 35.1931, 31.756822 ] ] ] } },
{ "type": "Feature", "properties": { "Name": "" }, "geometry": { "type": "MultiLineString", "coordinates": [ [ [ 35.172306, 31.762059, 0.0 ], [ 35.172275, 31.76199, 0.0 ] ] ] } },
{ "type": "Feature", "properties": { "Name": "" }, "geometry": { "type": "MultiLineString", "coordinates": [ [ [ 35.220361, 31.806887, 0.0 ], [ 35.219864, 31.807027, 0.0 ], [ 35.219123, 31.80724, 0.0 ], [ 35.218454, 31.807423, 0.0 ], [ 35.218069, 31.807543, 0.0 ] ] ] } },
{ "type": "Feature", "properties": { "Name": "" }, "geometry": { "type": "MultiLineString", "coordinates": [ [ [ 35.171945, 31.761911, 0.0 ], [ 35.171313, 31.761758, 0.0 ], [ 35.170992, 31.761653, 0.0 ], [ 35.170723, 31.761537, 0.0 ], [ 35.170622, 31.761418, 0.0 ] ] ] } },
{ "type": "Feature", "properties": { "Name": "" }, "geometry": { "type": "MultiLineString", "coordinates": [ [ [ 35.170013, 31.760449, 0.0 ], [ 35.170011, 31.760447, 0.0 ], [ 35.169947, 31.760381, 0.0 ], [ 35.169878, 31.760321, 0.0 ] ] ] } },
{ "type": "Feature", "properties": { "Name": "" }, "geometry": { "type": "MultiLineString", "coordinates": [ [ [ 35.169453, 31.760057, 0.0 ], [ 35.169442, 31.760052, 0.0 ], [ 35.16925, 31.759979, 0.0 ], [ 35.169042, 31.75992, 0.0 ], [ 35.169031, 31.759917, 0.0 ] ] ] } },
{ "type": "Feature", "properties": { "Name": "" }, "geometry": { "type": "MultiLineString", "coordinates": [ [ [ 35.210804, 31.786131, 0.0 ], [ 35.210567, 31.786207, 0.0 ], [ 35.210283, 31.786431, 0.0 ], [ 35.210065, 31.786568, 0.0 ], [ 35.209863, 31.786668, 0.0 ], [ 35.209677, 31.78673, 0.0 ], [ 35.209345, 31.786822, 0.0 ] ] ] } },
{ "type": "Feature", "properties": { "Name": "" }, "geometry": { "type": "MultiLineString", "coordinates": [ [ [ 35.168868, 31.759869, 0.0 ], [ 35.168761, 31.759837, 0.0 ] ] ] } },
{ "type": "Feature", "properties": { "Name": "" }, "geometry": { "type": "MultiLineString", "coordinates": [ [ [ 35.167426, 31.759624, 0.0 ], [ 35.167417, 31.759622, 0.0 ], [ 35.167307, 31.759623, 0.0 ], [ 35.167187, 31.759637, 0.0 ], [ 35.167032, 31.759669, 0.0 ], [ 35.166888, 31.759723, 0.0 ], [ 35.166715, 31.75982, 0.0 ], [ 35.166713, 31.759821, 0.0 ] ] ] } },
{ "type": "Feature", "properties": { "Name": "" }, "geometry": { "type": "MultiLineString", "coordinates": [ [ [ 35.20787, 31.784243, 0.0 ], [ 35.207884, 31.784209, 0.0 ], [ 35.20787, 31.784127, 0.0 ], [ 35.207906, 31.784085, 0.0 ], [ 35.207989, 31.784033, 0.0 ], [ 35.208021, 31.783965, 0.0 ], [ 35.208055, 31.783843, 0.0 ], [ 35.208096, 31.78372, 0.0 ], [ 35.208109, 31.783658, 0.0 ], [ 35.208107, 31.783626, 0.0 ] ] ] } },
{ "type": "Feature", "properties": { "Name": "" }, "geometry": { "type": "MultiLineString", "coordinates": [ [ [ 35.208307, 31.781912, 0.0 ], [ 35.208322, 31.781849, 0.0 ], [ 35.20831, 31.781578, 0.0 ], [ 35.208318, 31.781364, 0.0 ], [ 35.208323, 31.781266, 0.0 ], [ 35.208395, 31.781034, 0.0 ], [ 35.20846, 31.780837, 0.0 ], [ 35.208523, 31.780697, 0.0 ], [ 35.208541, 31.780566, 0.0 ], [ 35.208545, 31.780457, 0.0 ], [ 35.208536, 31.780332, 0.0 ], [ 35.20852, 31.780189, 0.0 ] ] ] } },
{ "type": "Feature", "properties": { "Name": "" }, "geometry": { "type": "MultiLineString", "coordinates": [ [ [ 35.1624, 31.756588, 0.0 ], [ 35.162405, 31.75653, 0.0 ], [ 35.162403, 31.756503, 0.0 ] ] ] } },
{ "type": "Feature", "properties": { "Name": "" }, "geometry": { "type": "MultiLineString", "coordinates": [ [ [ 35.208521, 31.780186, 0.0 ], [ 35.208503, 31.780101, 0.0 ], [ 35.208512, 31.780029, 0.0 ], [ 35.208535, 31.779988, 0.0 ] ] ] } },
{ "type": "Feature", "properties": { "Name": "" }, "geometry": { "type": "MultiLineString", "coordinates": [ [ [ 35.208532, 31.779984, 0.0 ], [ 35.208533, 31.779972, 0.0 ], [ 35.208603, 31.779813, 0.0 ], [ 35.208635, 31.779691, 0.0 ] ] ] } },
{ "type": "Feature", "properties": { "Name": "" }, "geometry": { "type": "MultiLineString", "coordinates": [ [ [ 35.164366, 31.755071, 0.0 ], [ 35.164361, 31.755132, 0.0 ], [ 35.164356, 31.755213, 0.0 ], [ 35.164339, 31.755322, 0.0 ], [ 35.164314, 31.755459, 0.0 ], [ 35.164287, 31.755601, 0.0 ], [ 35.164262, 31.755724, 0.0 ], [ 35.16423, 31.755844, 0.0 ], [ 35.164193, 31.755936, 0.0 ], [ 35.164152, 31.756035, 0.0 ], [ 35.164102, 31.756124, 0.0 ], [ 35.164057, 31.756199, 0.0 ], [ 35.164017, 31.756257, 0.0 ], [ 35.163948, 31.756347, 0.0 ], [ 35.163859, 31.756437, 0.0 ], [ 35.16377, 31.756511, 0.0 ], [ 35.163696, 31.756567, 0.0 ], [ 35.163614, 31.756621, 0.0 ], [ 35.163522, 31.756658, 0.0 ], [ 35.163444, 31.756684, 0.0 ], [ 35.163356, 31.756701, 0.0 ], [ 35.163272, 31.756701, 0.0 ], [ 35.163166, 31.756693, 0.0 ], [ 35.163069, 31.756679, 0.0 ], [ 35.162961, 31.756658, 0.0 ], [ 35.16287, 31.756644, 0.0 ], [ 35.162755, 31.756632, 0.0 ], [ 35.162613, 31.756625, 0.0 ], [ 35.162496, 31.756614, 0.0 ], [ 35.1624, 31.756609, 0.0 ] ] ] } },
{ "type": "Feature", "properties": { "Name": "" }, "geometry": { "type": "MultiLineString", "coordinates": [ [ [ 35.164353, 31.753774, 0.0 ], [ 35.164344, 31.753801, 0.0 ], [ 35.164321, 31.753883, 0.0 ], [ 35.164308, 31.753962, 0.0 ], [ 35.164296, 31.754058, 0.0 ], [ 35.164287, 31.754177, 0.0 ], [ 35.164289, 31.754264, 0.0 ], [ 35.164292, 31.754366, 0.0 ], [ 35.164316, 31.754457, 0.0 ], [ 35.164346, 31.754566, 0.0 ], [ 35.164356, 31.754609, 0.0 ], [ 35.164364, 31.754764, 0.0 ], [ 35.164371, 31.754875, 0.0 ], [ 35.164371, 31.755007, 0.0 ], [ 35.164366, 31.755071, 0.0 ] ] ] } },
{ "type": "Feature", "properties": { "Name": "" }, "geometry": { "type": "MultiLineString", "coordinates": [ [ [ 35.208617, 31.779534, 0.0 ], [ 35.208611, 31.779481, 0.0 ], [ 35.208613, 31.779362, 0.0 ], [ 35.20862, 31.779271, 0.0 ], [ 35.208671, 31.779206, 0.0 ], [ 35.208673, 31.779205, 0.0 ] ] ] } },
{ "type": "Feature", "properties": { "Name": "" }, "geometry": { "type": "MultiLineString", "coordinates": [ [ [ 35.164915, 31.752726, 0.0 ], [ 35.164861, 31.752808, 0.0 ], [ 35.164779, 31.75293, 0.0 ], [ 35.164718, 31.753026, 0.0 ], [ 35.164651, 31.753146, 0.0 ], [ 35.164589, 31.75326, 0.0 ], [ 35.164495, 31.753442, 0.0 ], [ 35.164409, 31.753662, 0.0 ] ] ] } },
{ "type": "Feature", "properties": { "Name": "" }, "geometry": { "type": "MultiLineString", "coordinates": [ [ [ 35.208784, 31.779094, 0.0 ], [ 35.208782, 31.779032, 0.0 ], [ 35.208785, 31.778727, 0.0 ], [ 35.208779, 31.778678, 0.0 ] ] ] } },
{ "type": "Feature", "properties": { "Name": "" }, "geometry": { "type": "MultiLineString", "coordinates": [ [ [ 35.164962, 31.752656, 0.0 ], [ 35.164951, 31.752669, 0.0 ], [ 35.164915, 31.752726, 0.0 ] ] ] } },
{ "type": "Feature", "properties": { "Name": "" }, "geometry": { "type": "MultiLineString", "coordinates": [ [ [ 35.208454, 31.776479, 0.0 ], [ 35.208351, 31.776376, 0.0 ], [ 35.20828, 31.776274, 0.0 ], [ 35.208283, 31.776195, 0.0 ], [ 35.208286, 31.776142, 0.0 ] ] ] } },
{ "type": "Feature", "properties": { "Name": "" }, "geometry": { "type": "MultiLineString", "coordinates": [ [ [ 35.165843, 31.752204, 0.0 ], [ 35.165735, 31.752222, 0.0 ] ] ] } },
{ "type": "Feature", "properties": { "Name": "" }, "geometry": { "type": "MultiLineString", "coordinates": [ [ [ 35.206803, 31.774084, 0.0 ], [ 35.20693, 31.774111, 0.0 ], [ 35.207064, 31.774148, 0.0 ], [ 35.207101, 31.774164, 0.0 ] ] ] } },
{ "type": "Feature", "properties": { "Name": "" }, "geometry": { "type": "MultiLineString", "coordinates": [ [ [ 35.165735, 31.752222, 0.0 ], [ 35.165729, 31.752223, 0.0 ], [ 35.165642, 31.752233, 0.0 ], [ 35.165565, 31.752251, 0.0 ], [ 35.165506, 31.752271, 0.0 ], [ 35.165459, 31.75229, 0.0 ], [ 35.165406, 31.752309, 0.0 ], [ 35.165347, 31.752343, 0.0 ], [ 35.16528, 31.752382, 0.0 ], [ 35.16521, 31.752435, 0.0 ], [ 35.165148, 31.752477, 0.0 ], [ 35.165101, 31.752518, 0.0 ], [ 35.165042, 31.752566, 0.0 ], [ 35.164988, 31.752622, 0.0 ], [ 35.164962, 31.752656, 0.0 ] ] ] } },
{ "type": "Feature", "properties": { "Name": "" }, "geometry": { "type": "MultiLineString", "coordinates": [ [ [ 35.205604, 31.774214, 0.0 ], [ 35.205633, 31.774207, 0.0 ], [ 35.206072, 31.774122, 0.0 ], [ 35.206306, 31.774077, 0.0 ], [ 35.20647, 31.77406, 0.0 ], [ 35.206623, 31.774062, 0.0 ], [ 35.206765, 31.774076, 0.0 ], [ 35.206803, 31.774084, 0.0 ] ] ] } },
{ "type": "Feature", "properties": { "Name": "" }, "geometry": { "type": "MultiLineString", "coordinates": [ [ [ 35.166733, 31.752449, 0.0 ], [ 35.166721, 31.752498, 0.0 ], [ 35.166701, 31.752538, 0.0 ], [ 35.166654, 31.752559, 0.0 ], [ 35.166594, 31.752561, 0.0 ], [ 35.166577, 31.752539, 0.0 ], [ 35.166589, 31.752508, 0.0 ], [ 35.166612, 31.752486, 0.0 ], [ 35.166619, 31.752454, 0.0 ], [ 35.166607, 31.752429, 0.0 ], [ 35.16658, 31.752412, 0.0 ], [ 35.166528, 31.752406, 0.0 ], [ 35.166491, 31.752399, 0.0 ], [ 35.166465, 31.752386, 0.0 ], [ 35.166436, 31.75236, 0.0 ], [ 35.166411, 31.752332, 0.0 ], [ 35.166371, 31.752303, 0.0 ], [ 35.166312, 31.752273, 0.0 ], [ 35.166263, 31.752251, 0.0 ], [ 35.166218, 31.752233, 0.0 ], [ 35.166163, 31.752215, 0.0 ], [ 35.166114, 31.752206, 0.0 ], [ 35.166032, 31.752201, 0.0 ], [ 35.165982, 31.752201, 0.0 ], [ 35.16591, 31.752201, 0.0 ], [ 35.165843, 31.752204, 0.0 ] ] ] } },
{ "type": "Feature", "properties": { "Name": "" }, "geometry": { "type": "MultiLineString", "coordinates": [ [ [ 35.20498, 31.774397, 0.0 ], [ 35.205287, 31.774288, 0.0 ], [ 35.205502, 31.774241, 0.0 ] ] ] } },
{ "type": "Feature", "properties": { "Name": "" }, "geometry": { "type": "MultiLineString", "coordinates": [ [ [ 35.166744, 31.752332, 0.0 ], [ 35.166732, 31.752362, 0.0 ], [ 35.166739, 31.752426, 0.0 ], [ 35.166733, 31.752449, 0.0 ] ] ] } },
{ "type": "Feature", "properties": { "Name": "" }, "geometry": { "type": "MultiLineString", "coordinates": [ [ [ 35.204706, 31.774535, 0.0 ], [ 35.204713, 31.774532, 0.0 ], [ 35.204838, 31.774437, 0.0 ], [ 35.204978, 31.774398, 0.0 ], [ 35.20498, 31.774397, 0.0 ] ] ] } },
{ "type": "Feature", "properties": { "Name": "" }, "geometry": { "type": "MultiLineString", "coordinates": [ [ [ 35.166748, 31.752331, 0.0 ], [ 35.166818, 31.752179, 0.0 ] ] ] } },
{ "type": "Feature", "properties": { "Name": "" }, "geometry": { "type": "MultiLineString", "coordinates": [ [ [ 35.204298, 31.774752, 0.0 ], [ 35.204386, 31.774726, 0.0 ], [ 35.204706, 31.774535, 0.0 ] ] ] } },
{ "type": "Feature", "properties": { "Name": "" }, "geometry": { "type": "MultiLineString", "coordinates": [ [ [ 35.16692, 31.752138, 0.0 ], [ 35.166876, 31.75213, 0.0 ], [ 35.166827, 31.752132, 0.0 ], [ 35.166821, 31.752173, 0.0 ], [ 35.166824, 31.752131, 0.0 ], [ 35.16677, 31.75211, 0.0 ] ] ] } },
{ "type": "Feature", "properties": { "Name": "" }, "geometry": { "type": "MultiLineString", "coordinates": [ [ [ 35.202568, 31.77665, 0.0 ], [ 35.202583, 31.776626, 0.0 ], [ 35.202893, 31.776313, 0.0 ], [ 35.203052, 31.776149, 0.0 ], [ 35.203158, 31.776017, 0.0 ], [ 35.203298, 31.775818, 0.0 ], [ 35.203567, 31.775422, 0.0 ] ] ] } },
{ "type": "Feature", "properties": { "Name": "" }, "geometry": { "type": "MultiLineString", "coordinates": [ [ [ 35.167218, 31.752211, 0.0 ], [ 35.167164, 31.752219, 0.0 ], [ 35.16708, 31.752188, 0.0 ], [ 35.166932, 31.752139, 0.0 ] ] ] } },
{ "type": "Feature", "properties": { "Name": "" }, "geometry": { "type": "MultiLineString", "coordinates": [ [ [ 35.20152, 31.77771, 0.0 ], [ 35.201617, 31.777546, 0.0 ], [ 35.201814, 31.777363, 0.0 ], [ 35.201927, 31.777294, 0.0 ] ] ] } },
{ "type": "Feature", "properties": { "Name": "" }, "geometry": { "type": "MultiLineString", "coordinates": [ [ [ 35.174295, 31.750633, 0.0 ], [ 35.174941, 31.750683, 0.0 ], [ 35.175367, 31.75071, 0.0 ], [ 35.17555, 31.750697, 0.0 ], [ 35.175882, 31.750667, 0.0 ], [ 35.176271, 31.750629, 0.0 ], [ 35.176469, 31.750611, 0.0 ] ] ] } },
{ "type": "Feature", "properties": { "Name": "" }, "geometry": { "type": "MultiLineString", "coordinates": [ [ [ 35.199499, 31.77974, 0.0 ], [ 35.199517, 31.779701, 0.0 ], [ 35.199545, 31.77964, 0.0 ], [ 35.199625, 31.779564, 0.0 ], [ 35.199763, 31.779475, 0.0 ] ] ] } },
{ "type": "Feature", "properties": { "Name": "" }, "geometry": { "type": "MultiLineString", "coordinates": [ [ [ 35.167806, 31.752351, 0.0 ], [ 35.167876, 31.752363, 0.0 ], [ 35.168152, 31.752366, 0.0 ], [ 35.168395, 31.752346, 0.0 ], [ 35.168685, 31.752288, 0.0 ], [ 35.16899, 31.752184, 0.0 ], [ 35.169282, 31.752056, 0.0 ], [ 35.169719, 31.751855, 0.0 ], [ 35.169988, 31.75173, 0.0 ], [ 35.170363, 31.751556, 0.0 ], [ 35.170639, 31.751425, 0.0 ], [ 35.170953, 31.751282, 0.0 ], [ 35.171318, 31.751106, 0.0 ], [ 35.171659, 31.750945, 0.0 ], [ 35.171965, 31.750818, 0.0 ], [ 35.172184, 31.750745, 0.0 ], [ 35.172592, 31.750638, 0.0 ], [ 35.172961, 31.750583, 0.0 ], [ 35.173365, 31.750548, 0.0 ], [ 35.173533, 31.750534, 0.0 ], [ 35.173713, 31.750539, 0.0 ], [ 35.173815, 31.750549, 0.0 ], [ 35.173876, 31.750539, 0.0 ], [ 35.173932, 31.750526, 0.0 ], [ 35.173951, 31.75054, 0.0 ] ] ] } },
{ "type": "Feature", "properties": { "Name": "" }, "geometry": { "type": "MultiLineString", "coordinates": [ [ [ 35.199315, 31.779924, 0.0 ], [ 35.199323, 31.779917, 0.0 ], [ 35.199436, 31.779824, 0.0 ], [ 35.199494, 31.77975, 0.0 ] ] ] } },
{ "type": "Feature", "properties": { "Name": "" }, "geometry": { "type": "MultiLineString", "coordinates": [ [ [ 35.157822, 31.77453 ], [ 35.157876, 31.774609 ], [ 35.157921, 31.774677 ], [ 35.157962, 31.774748 ], [ 35.158, 31.774819 ], [ 35.158034, 31.774888 ], [ 35.158045, 31.774913 ], [ 35.158054, 31.774938 ], [ 35.158062, 31.774963 ], [ 35.1581, 31.775116 ], [ 35.158106, 31.775147 ], [ 35.158135, 31.775322 ], [ 35.158237, 31.775892 ], [ 35.158241, 31.775927 ], [ 35.158242, 31.775962 ], [ 35.15824, 31.775997 ], [ 35.158234, 31.776032 ], [ 35.158185, 31.776253 ], [ 35.158178, 31.776285 ], [ 35.158173, 31.776318 ], [ 35.158169, 31.776351 ], [ 35.15816, 31.776439 ], [ 35.158157, 31.776465 ], [ 35.158151, 31.776491 ], [ 35.158144, 31.776516 ], [ 35.158069, 31.776748 ], [ 35.158048, 31.776816 ], [ 35.15802, 31.77691 ], [ 35.157786, 31.777688 ], [ 35.157708, 31.777939 ], [ 35.157691, 31.777987 ], [ 35.157609, 31.778201 ], [ 35.157601, 31.778221 ], [ 35.157592, 31.778241 ], [ 35.157583, 31.778261 ], [ 35.157536, 31.778359 ] ], [ [ 35.157817, 31.774523 ], [ 35.157822, 31.77453 ] ], [ [ 35.157366, 31.77413 ], [ 35.157435, 31.774179 ], [ 35.157638, 31.774347 ], [ 35.157822, 31.77453 ] ] ] } },
{ "type": "Feature", "properties": { "Name": "" }, "geometry": { "type": "MultiLineString", "coordinates": [ [ [ 35.196386, 31.782404, 0.0 ], [ 35.196288, 31.782423, 0.0 ] ] ] } },
{ "type": "Feature", "properties": { "Name": "" }, "geometry": { "type": "MultiLineString", "coordinates": [ [ [ 35.157536, 31.778359, 0.0 ], [ 35.157481, 31.778472, 0.0 ], [ 35.157466, 31.778502, 0.0 ], [ 35.15734, 31.778738, 0.0 ], [ 35.157268, 31.778868, 0.0 ], [ 35.157247, 31.778911, 0.0 ], [ 35.15723, 31.778956, 0.0 ], [ 35.157219, 31.779003, 0.0 ], [ 35.15721, 31.779054, 0.0 ], [ 35.157202, 31.779089, 0.0 ], [ 35.157191, 31.779123, 0.0 ], [ 35.157176, 31.779157, 0.0 ], [ 35.157095, 31.779315, 0.0 ], [ 35.157078, 31.779353, 0.0 ], [ 35.156905, 31.779796, 0.0 ] ] ] } },
{ "type": "Feature", "properties": { "Name": "" }, "geometry": { "type": "MultiLineString", "coordinates": [ [ [ 35.198382, 31.781189, 0.0 ], [ 35.198392, 31.781175, 0.0 ], [ 35.198465, 31.781017, 0.0 ], [ 35.198698, 31.780553, 0.0 ] ] ] } },
{ "type": "Feature", "properties": { "Name": "" }, "geometry": { "type": "MultiLineString", "coordinates": [ [ [ 35.156905, 31.779796, 0.0 ], [ 35.156874, 31.779874, 0.0 ], [ 35.156802, 31.780039, 0.0 ], [ 35.156794, 31.78006, 0.0 ], [ 35.156786, 31.780082, 0.0 ], [ 35.15678, 31.780103, 0.0 ], [ 35.156755, 31.780198, 0.0 ], [ 35.156744, 31.780233, 0.0 ], [ 35.156729, 31.780267, 0.0 ], [ 35.156711, 31.7803, 0.0 ], [ 35.15669, 31.780331, 0.0 ], [ 35.156521, 31.780557, 0.0 ], [ 35.156476, 31.780611, 0.0 ], [ 35.156353, 31.780766, 0.0 ], [ 35.156335, 31.78079, 0.0 ], [ 35.156188, 31.781001, 0.0 ], [ 35.156088, 31.78115, 0.0 ], [ 35.156071, 31.781176, 0.0 ], [ 35.156057, 31.781204, 0.0 ], [ 35.156044, 31.781232, 0.0 ], [ 35.155985, 31.781379, 0.0 ], [ 35.155975, 31.781402, 0.0 ], [ 35.155938, 31.781478, 0.0 ] ] ] } },
{ "type": "Feature", "properties": { "Name": "" }, "geometry": { "type": "MultiLineString", "coordinates": [ [ [ 35.198309, 31.781542, 0.0 ], [ 35.198226, 31.781488, 0.0 ] ] ] } },
{ "type": "Feature", "properties": { "Name": "" }, "geometry": { "type": "MultiLineString", "coordinates": [ [ [ 35.161656, 31.785994, 0.0 ], [ 35.162037, 31.785915, 0.0 ], [ 35.162057, 31.785912, 0.0 ], [ 35.162078, 31.78591, 0.0 ], [ 35.162098, 31.78591, 0.0 ], [ 35.162118, 31.785911, 0.0 ], [ 35.162138, 31.785914, 0.0 ], [ 35.162158, 31.785919, 0.0 ], [ 35.162177, 31.785924, 0.0 ], [ 35.162195, 31.785931, 0.0 ], [ 35.162213, 31.78594, 0.0 ], [ 35.16223, 31.78595, 0.0 ], [ 35.162245, 31.785961, 0.0 ], [ 35.16226, 31.785973, 0.0 ], [ 35.162273, 31.785986, 0.0 ], [ 35.162285, 31.786, 0.0 ], [ 35.162451, 31.786209, 0.0 ], [ 35.162497, 31.786275, 0.0 ], [ 35.162535, 31.786345, 0.0 ], [ 35.162567, 31.786417, 0.0 ], [ 35.162578, 31.786448, 0.0 ], [ 35.16259, 31.786477, 0.0 ], [ 35.162602, 31.786505, 0.0 ], [ 35.162616, 31.786534, 0.0 ], [ 35.162656, 31.786614, 0.0 ], [ 35.16267, 31.786645, 0.0 ], [ 35.162669, 31.786673, 0.0 ], [ 35.162668, 31.786703, 0.0 ], [ 35.162673, 31.786736, 0.0 ], [ 35.162675, 31.786753, 0.0 ], [ 35.162679, 31.786778, 0.0 ], [ 35.162685, 31.786803, 0.0 ], [ 35.162694, 31.786828, 0.0 ], [ 35.162705, 31.786852, 0.0 ], [ 35.162719, 31.786875, 0.0 ], [ 35.162735, 31.786897, 0.0 ], [ 35.162753, 31.786917, 0.0 ], [ 35.162793, 31.786942, 0.0 ], [ 35.162815, 31.78696, 0.0 ], [ 35.162838, 31.786976, 0.0 ], [ 35.162863, 31.78699, 0.0 ], [ 35.163278, 31.787213, 0.0 ], [ 35.163517, 31.78735, 0.0 ], [ 35.163744, 31.787502, 0.0 ], [ 35.163958, 31.787667, 0.0 ], [ 35.164202, 31.787867, 0.0 ], [ 35.164239, 31.787896, 0.0 ], [ 35.164276, 31.787923, 0.0 ], [ 35.164315, 31.787948, 0.0 ], [ 35.164656, 31.788161, 0.0 ], [ 35.164679, 31.788176, 0.0 ], [ 35.164702, 31.788192, 0.0 ], [ 35.164724, 31.788208, 0.0 ], [ 35.164813, 31.788274, 0.0 ], [ 35.164852, 31.788305, 0.0 ], [ 35.164889, 31.788337, 0.0 ], [ 35.164924, 31.788371, 0.0 ], [ 35.165075, 31.788527, 0.0 ], [ 35.165102, 31.788552, 0.0 ], [ 35.165129, 31.788577, 0.0 ], [ 35.165157, 31.788602, 0.0 ], [ 35.165496, 31.78888, 0.0 ], [ 35.165541, 31.78892, 0.0 ], [ 35.165582, 31.788964, 0.0 ], [ 35.165619, 31.789009, 0.0 ], [ 35.165651, 31.789058, 0.0 ], [ 35.165679, 31.789108, 0.0 ], [ 35.165748, 31.78925, 0.0 ] ] ] } },
{ "type": "Feature", "properties": { "Name": "" }, "geometry": { "type": "MultiLineString", "coordinates": [ [ [ 35.198398, 31.781596, 0.0 ], [ 35.198336, 31.781559, 0.0 ] ] ] } },
{ "type": "Feature", "properties": { "Name": "" }, "geometry": { "type": "MultiLineString", "coordinates": [ [ [ 35.198383, 31.781688, 0.0 ], [ 35.198388, 31.78165, 0.0 ] ] ] } },
{ "type": "Feature", "properties": { "Name": "" }, "geometry": { "type": "MultiLineString", "coordinates": [ [ [ 35.166418, 31.793105, 0.0 ], [ 35.166437, 31.793163, 0.0 ] ] ] } },
{ "type": "Feature", "properties": { "Name": "" }, "geometry": { "type": "MultiLineString", "coordinates": [ [ [ 35.198893, 31.782283, 0.0 ], [ 35.198531, 31.781782, 0.0 ], [ 35.198528, 31.781779, 0.0 ] ] ] } },
{ "type": "Feature", "properties": { "Name": "" }, "geometry": { "type": "MultiLineString", "coordinates": [ [ [ 35.166452, 31.7932, 0.0 ], [ 35.166472, 31.793259, 0.0 ], [ 35.166467, 31.79331, 0.0 ], [ 35.166426, 31.793342, 0.0 ], [ 35.166361, 31.793342, 0.0 ], [ 35.166259, 31.793311, 0.0 ], [ 35.166189, 31.793298, 0.0 ], [ 35.166114, 31.793324, 0.0 ] ] ] } },
{ "type": "Feature", "properties": { "Name": "" }, "geometry": { "type": "MultiLineString", "coordinates": [ [ [ 35.201212, 31.775828, 0.0 ], [ 35.201177, 31.77598, 0.0 ], [ 35.201049, 31.776231, 0.0 ], [ 35.200641, 31.776855, 0.0 ], [ 35.200458, 31.777142, 0.0 ] ] ] } },
{ "type": "Feature", "properties": { "Name": "" }, "geometry": { "type": "MultiLineString", "coordinates": [ [ [ 35.166595, 31.791982, 0.0 ], [ 35.166461, 31.792255, 0.0 ], [ 35.166444, 31.792374, 0.0 ], [ 35.166523, 31.792506, 0.0 ], [ 35.166553, 31.792602, 0.0 ], [ 35.166616, 31.792672, 0.0 ], [ 35.166666, 31.792723, 0.0 ] ] ] } },
{ "type": "Feature", "properties": { "Name": "" }, "geometry": { "type": "MultiLineString", "coordinates": [ [ [ 35.166674, 31.792753, 0.0 ], [ 35.16668, 31.792806, 0.0 ] ] ] } },
{ "type": "Feature", "properties": { "Name": "" }, "geometry": { "type": "MultiLineString", "coordinates": [ [ [ 35.208552, 31.775249, 0.0 ], [ 35.208542, 31.775216, 0.0 ], [ 35.208533, 31.775112, 0.0 ], [ 35.208532, 31.775108, 0.0 ] ] ] } },
{ "type": "Feature", "properties": { "Name": "" }, "geometry": { "type": "MultiLineString", "coordinates": [ [ [ 35.166616, 31.792846, 0.0 ], [ 35.166597, 31.792857, 0.0 ], [ 35.166558, 31.792873, 0.0 ] ] ] } },
{ "type": "Feature", "properties": { "Name": "" }, "geometry": { "type": "MultiLineString", "coordinates": [ [ [ 35.208633, 31.775512, 0.0 ], [ 35.208552, 31.775249, 0.0 ] ] ] } },
{ "type": "Feature", "properties": { "Name": "" }, "geometry": { "type": "MultiLineString", "coordinates": [ [ [ 35.166511, 31.792893, 0.0 ], [ 35.166451, 31.792918, 0.0 ] ] ] } },
{ "type": "Feature", "properties": { "Name": "" }, "geometry": { "type": "MultiLineString", "coordinates": [ [ [ 35.208532, 31.775108, 0.0 ], [ 35.208433, 31.774763, 0.0 ], [ 35.208426, 31.774621, 0.0 ] ] ] } },
{ "type": "Feature", "properties": { "Name": "" }, "geometry": { "type": "MultiLineString", "coordinates": [ [ [ 35.166421, 31.792921, 0.0 ], [ 35.166365, 31.792958, 0.0 ], [ 35.166363, 31.79302, 0.0 ], [ 35.166404, 31.793078, 0.0 ] ] ] } },
{ "type": "Feature", "properties": { "Name": "" }, "geometry": { "type": "MultiLineString", "coordinates": [ [ [ 35.208426, 31.774621, 0.0 ], [ 35.208424, 31.774599, 0.0 ], [ 35.208421, 31.774559, 0.0 ], [ 35.208405, 31.774402, 0.0 ], [ 35.208404, 31.77438, 0.0 ] ] ] } },
{ "type": "Feature", "properties": { "Name": "" }, "geometry": { "type": "MultiLineString", "coordinates": [ [ [ 35.207853, 31.769835, 0.0 ], [ 35.207866, 31.769837, 0.0 ], [ 35.208535, 31.769878, 0.0 ] ] ] } },
{ "type": "Feature", "properties": { "Name": "" }, "geometry": { "type": "MultiLineString", "coordinates": [ [ [ 35.207673, 31.769775, 0.0 ], [ 35.207679, 31.769778, 0.0 ], [ 35.207795, 31.769829, 0.0 ], [ 35.207853, 31.769835, 0.0 ] ] ] } },
{ "type": "Feature", "properties": { "Name": "" }, "geometry": { "type": "MultiLineString", "coordinates": [ [ [ 35.207024, 31.769492, 0.0 ], [ 35.207673, 31.769775, 0.0 ] ] ] } },
{ "type": "Feature", "properties": { "Name": "" }, "geometry": { "type": "MultiLineString", "coordinates": [ [ [ 35.20685, 31.769416, 0.0 ], [ 35.206874, 31.769427, 0.0 ], [ 35.206929, 31.769451, 0.0 ], [ 35.206962, 31.769466, 0.0 ], [ 35.207024, 31.769492, 0.0 ] ] ] } },
{ "type": "Feature", "properties": { "Name": "" }, "geometry": { "type": "MultiLineString", "coordinates": [ [ [ 35.163263, 31.746259, 0.0 ], [ 35.162949, 31.746414, 0.0 ], [ 35.162617, 31.74655, 0.0 ], [ 35.162365, 31.74667, 0.0 ], [ 35.162077, 31.746824, 0.0 ], [ 35.161866, 31.746927, 0.0 ], [ 35.161685, 31.747012, 0.0 ], [ 35.161568, 31.747088, 0.0 ], [ 35.161378, 31.74728, 0.0 ], [ 35.161182, 31.747497, 0.0 ], [ 35.161137, 31.747581, 0.0 ], [ 35.161115, 31.747678, 0.0 ], [ 35.161088, 31.747813, 0.0 ], [ 35.161087, 31.747894, 0.0 ] ] ] } },
{ "type": "Feature", "properties": { "Name": "" }, "geometry": { "type": "MultiLineString", "coordinates": [ [ [ 35.205642, 31.768868, 0.0 ], [ 35.20685, 31.769416, 0.0 ] ] ] } },
{ "type": "Feature", "properties": { "Name": "" }, "geometry": { "type": "MultiLineString", "coordinates": [ [ [ 35.163554, 31.745845, 0.0 ], [ 35.163492, 31.745897, 0.0 ], [ 35.163405, 31.745948, 0.0 ], [ 35.163366, 31.745989, 0.0 ], [ 35.163339, 31.746039, 0.0 ], [ 35.163346, 31.746103, 0.0 ], [ 35.163344, 31.746159, 0.0 ], [ 35.16331, 31.746219, 0.0 ], [ 35.163265, 31.746258, 0.0 ], [ 35.163263, 31.746259, 0.0 ] ] ] } },
{ "type": "Feature", "properties": { "Name": "" }, "geometry": { "type": "MultiLineString", "coordinates": [ [ [ 35.205384, 31.768666, 0.0 ], [ 35.205471, 31.76874, 0.0 ], [ 35.205629, 31.768862, 0.0 ], [ 35.205642, 31.768868, 0.0 ] ] ] } },
{ "type": "Feature", "properties": { "Name": "" }, "geometry": { "type": "MultiLineString", "coordinates": [ [ [ 35.204562, 31.767362, 0.0 ], [ 35.204654, 31.767547, 0.0 ], [ 35.204834, 31.767914, 0.0 ], [ 35.204954, 31.768113, 0.0 ], [ 35.205025, 31.768236, 0.0 ], [ 35.205111, 31.768354, 0.0 ], [ 35.20519, 31.768446, 0.0 ], [ 35.205287, 31.768567, 0.0 ], [ 35.205341, 31.768632, 0.0 ], [ 35.205384, 31.768666, 0.0 ] ] ] } },
{ "type": "Feature", "properties": { "Name": "" }, "geometry": { "type": "MultiLineString", "coordinates": [ [ [ 35.20365, 31.765961, 0.0 ], [ 35.203662, 31.765969, 0.0 ], [ 35.203743, 31.766012, 0.0 ], [ 35.203874, 31.766098, 0.0 ], [ 35.203921, 31.766136, 0.0 ] ] ] } },
{ "type": "Feature", "properties": { "Name": "" }, "geometry": { "type": "MultiLineString", "coordinates": [ [ [ 35.200856, 31.764286, 0.0 ], [ 35.201003, 31.764395, 0.0 ] ] ] } },
{ "type": "Feature", "properties": { "Name": "" }, "geometry": { "type": "MultiLineString", "coordinates": [ [ [ 35.199865, 31.762455, 0.0 ], [ 35.199897, 31.762615, 0.0 ], [ 35.199927, 31.762754, 0.0 ], [ 35.199961, 31.762858, 0.0 ], [ 35.200041, 31.763083, 0.0 ], [ 35.200103, 31.763243, 0.0 ], [ 35.200256, 31.763505, 0.0 ], [ 35.200505, 31.763862, 0.0 ], [ 35.200628, 31.764031, 0.0 ], [ 35.20072, 31.764165, 0.0 ], [ 35.200847, 31.76428, 0.0 ], [ 35.200856, 31.764286, 0.0 ] ] ] } },
{ "type": "Feature", "properties": { "Name": "" }, "geometry": { "type": "MultiLineString", "coordinates": [ [ [ 35.194411, 31.756532, 0.0 ], [ 35.194405, 31.756803, 0.0 ] ] ] } },
{ "type": "Feature", "properties": { "Name": "" }, "geometry": { "type": "MultiLineString", "coordinates": [ [ [ 35.241998, 31.795994, 0.0 ], [ 35.242055, 31.795912, 0.0 ], [ 35.241894, 31.796135, 0.0 ], [ 35.241785, 31.796272, 0.0 ], [ 35.241744, 31.796311, 0.0 ] ] ] } },
{ "type": "Feature", "properties": { "Name": "" }, "geometry": { "type": "MultiLineString", "coordinates": [ [ [ 35.1931, 31.756308, 0.0 ], [ 35.193106, 31.756309, 0.0 ], [ 35.193299, 31.756325, 0.0 ], [ 35.193445, 31.756344, 0.0 ], [ 35.193533, 31.756362, 0.0 ], [ 35.193696, 31.756398, 0.0 ], [ 35.193944, 31.756467, 0.0 ], [ 35.19402, 31.756487, 0.0 ], [ 35.194093, 31.756495, 0.0 ], [ 35.194187, 31.756491, 0.0 ], [ 35.194247, 31.756478, 0.0 ], [ 35.194315, 31.756472, 0.0 ], [ 35.194411, 31.756506, 0.0 ], [ 35.194411, 31.756532, 0.0 ] ] ] } },
{ "type": "Feature", "properties": { "Name": "" }, "geometry": { "type": "MultiLineString", "coordinates": [ [ [ 35.238142, 31.798435, 0.0 ], [ 35.23807, 31.798423, 0.0 ] ] ] } },
{ "type": "Feature", "properties": { "Name": "" }, "geometry": { "type": "MultiLineString", "coordinates": [ [ [ 35.192189, 31.755973, 0.0 ], [ 35.192367, 31.756062, 0.0 ], [ 35.192408, 31.756071, 0.0 ], [ 35.192447, 31.756078, 0.0 ], [ 35.192497, 31.756097, 0.0 ], [ 35.192525, 31.756117, 0.0 ], [ 35.192564, 31.756149, 0.0 ], [ 35.192593, 31.756162, 0.0 ], [ 35.192659, 31.756195, 0.0 ], [ 35.192744, 31.756218, 0.0 ], [ 35.192782, 31.756231, 0.0 ] ] ] } },
{ "type": "Feature", "properties": { "Name": "" }, "geometry": { "type": "MultiLineString", "coordinates": [ [ [ 35.23797, 31.798446, 0.0 ], [ 35.237958, 31.79845, 0.0 ], [ 35.237925, 31.798469, 0.0 ] ] ] } },
{ "type": "Feature", "properties": { "Name": "" }, "geometry": { "type": "MultiLineString", "coordinates": [ [ [ 35.23827, 31.802529, 0.0 ], [ 35.238255, 31.802586, 0.0 ], [ 35.238228, 31.802651, 0.0 ], [ 35.238223, 31.80271, 0.0 ], [ 35.238195, 31.802751, 0.0 ], [ 35.23816, 31.802773, 0.0 ], [ 35.238109, 31.802813, 0.0 ], [ 35.238084, 31.80286, 0.0 ], [ 35.238038, 31.802928, 0.0 ] ] ] } },
{ "type": "Feature", "properties": { "Name": "" }, "geometry": { "type": "MultiLineString", "coordinates": [ [ [ 35.191138, 31.755278, 0.0 ], [ 35.191006, 31.755197, 0.0 ] ] ] } },
{ "type": "Feature", "properties": { "Name": "" }, "geometry": { "type": "MultiLineString", "coordinates": [ [ [ 35.237914, 31.803064, 0.0 ], [ 35.237956, 31.803018, 0.0 ] ] ] } },
{ "type": "Feature", "properties": { "Name": "" }, "geometry": { "type": "MultiLineString", "coordinates": [ [ [ 35.235399, 31.804907, 0.0 ], [ 35.235421, 31.804895, 0.0 ], [ 35.235455, 31.804878, 0.0 ] ] ] } },
{ "type": "Feature", "properties": { "Name": "" }, "geometry": { "type": "MultiLineString", "coordinates": [ [ [ 35.190959, 31.755384, 0.0 ], [ 35.190976, 31.755308, 0.0 ], [ 35.190979, 31.755265, 0.0 ], [ 35.190983, 31.755237, 0.0 ] ] ] } },
{ "type": "Feature", "properties": { "Name": "" }, "geometry": { "type": "MultiLineString", "coordinates": [ [ [ 35.2348, 31.805173, 0.0 ], [ 35.234828, 31.805177, 0.0 ], [ 35.234904, 31.805178, 0.0 ] ] ] } },
{ "type": "Feature", "properties": { "Name": "" }, "geometry": { "type": "MultiLineString", "coordinates": [ [ [ 35.190918, 31.75557, 0.0 ], [ 35.190918, 31.755569, 0.0 ], [ 35.190936, 31.755484, 0.0 ], [ 35.190941, 31.75546, 0.0 ] ] ] } },
{ "type": "Feature", "properties": { "Name": "" }, "geometry": { "type": "MultiLineString", "coordinates": [ [ [ 35.234336, 31.804958, 0.0 ], [ 35.234366, 31.804888, 0.0 ] ] ] } },
{ "type": "Feature", "properties": { "Name": "" }, "geometry": { "type": "MultiLineString", "coordinates": [ [ [ 35.190855, 31.755666, 0.0 ], [ 35.190908, 31.755651, 0.0 ] ] ] } },
{ "type": "Feature", "properties": { "Name": "" }, "geometry": { "type": "MultiLineString", "coordinates": [ [ [ 35.234372, 31.804871, 0.0 ], [ 35.234408, 31.804755, 0.0 ] ] ] } },
{ "type": "Feature", "properties": { "Name": "" }, "geometry": { "type": "MultiLineString", "coordinates": [ [ [ 35.191134, 31.7558, 0.0 ], [ 35.190959, 31.755676, 0.0 ] ] ] } },
{ "type": "Feature", "properties": { "Name": "" }, "geometry": { "type": "MultiLineString", "coordinates": [ [ [ 35.234593, 31.805142, 0.0 ], [ 35.234666, 31.805156, 0.0 ], [ 35.234762, 31.805168, 0.0 ] ] ] } },
{ "type": "Feature", "properties": { "Name": "" }, "geometry": { "type": "MultiLineString", "coordinates": [ [ [ 35.192728, 31.75663, 0.0 ], [ 35.192691, 31.756621, 0.0 ], [ 35.192574, 31.756576, 0.0 ], [ 35.192427, 31.75652, 0.0 ], [ 35.192286, 31.75646, 0.0 ], [ 35.192163, 31.756403, 0.0 ], [ 35.191969, 31.756305, 0.0 ], [ 35.191781, 31.756201, 0.0 ], [ 35.191542, 31.756051, 0.0 ], [ 35.191224, 31.755837, 0.0 ], [ 35.191202, 31.755826, 0.0 ] ] ] } },
{ "type": "Feature", "properties": { "Name": "" }, "geometry": { "type": "MultiLineString", "coordinates": [ [ [ 35.234485, 31.804754, 0.0 ], [ 35.234516, 31.804761, 0.0 ], [ 35.234559, 31.804768, 0.0 ] ] ] } },
{ "type": "Feature", "properties": { "Name": "" }, "geometry": { "type": "MultiLineString", "coordinates": [ [ [ 35.192972, 31.756716, 0.0 ], [ 35.192817, 31.756686, 0.0 ], [ 35.19281, 31.756682, 0.0 ] ] ] } },
{ "type": "Feature", "properties": { "Name": "" }, "geometry": { "type": "MultiLineString", "coordinates": [ [ [ 35.235064, 31.804728, 0.0 ], [ 35.235102, 31.804724, 0.0 ], [ 35.235149, 31.80472, 0.0 ] ] ] } },
{ "type": "Feature", "properties": { "Name": "" }, "geometry": { "type": "MultiLineString", "coordinates": [ [ [ 35.193097, 31.75682, 0.0 ], [ 35.193033, 31.756762, 0.0 ] ] ] } },
{ "type": "Feature", "properties": { "Name": "" }, "geometry": { "type": "MultiLineString", "coordinates": [ [ [ 35.23525, 31.804709, 0.0 ], [ 35.235259, 31.804682, 0.0 ], [ 35.235272, 31.804648, 0.0 ] ] ] } },
{ "type": "Feature", "properties": { "Name": "" }, "geometry": { "type": "MultiLineString", "coordinates": [ [ [ 35.192987, 31.756683, 0.0 ], [ 35.192991, 31.756645, 0.0 ], [ 35.192996, 31.756582, 0.0 ], [ 35.193002, 31.756538, 0.0 ] ] ] } },
{ "type": "Feature", "properties": { "Name": "" }, "geometry": { "type": "MultiLineString", "coordinates": [ [ [ 35.206893, 31.807797, 0.0 ], [ 35.206963, 31.807805, 0.0 ], [ 35.207089, 31.807813, 0.0 ], [ 35.207213, 31.807818, 0.0 ], [ 35.207282, 31.807817, 0.0 ], [ 35.207459, 31.807813, 0.0 ], [ 35.207507, 31.807803, 0.0 ], [ 35.207536, 31.807794, 0.0 ] ] ] } },
{ "type": "Feature", "properties": { "Name": "" }, "geometry": { "type": "MultiLineString", "coordinates": [ [ [ 35.203904, 31.806383, 0.0 ], [ 35.203996, 31.806362, 0.0 ] ] ] } },
{ "type": "Feature", "properties": { "Name": "" }, "geometry": { "type": "MultiLineString", "coordinates": [ [ [ 35.192999, 31.756462, 0.0 ], [ 35.192991, 31.756386, 0.0 ], [ 35.192988, 31.756357, 0.0 ] ] ] } },
{ "type": "Feature", "properties": { "Name": "" }, "geometry": { "type": "MultiLineString", "coordinates": [ [ [ 35.207503, 31.814086, 0.0 ], [ 35.207451, 31.814075, 0.0 ] ] ] } },
{ "type": "Feature", "properties": { "Name": "" }, "geometry": { "type": "MultiLineString", "coordinates": [ [ [ 35.192783, 31.756231, 0.0 ], [ 35.192967, 31.756293, 0.0 ] ] ] } },
{ "type": "Feature", "properties": { "Name": "" }, "geometry": { "type": "MultiLineString", "coordinates": [ [ [ 35.207348, 31.814004, 0.0 ], [ 35.207318, 31.813975, 0.0 ] ] ] } },
{ "type": "Feature", "properties": { "Name": "" }, "geometry": { "type": "MultiLineString", "coordinates": [ [ [ 35.193, 31.756307, 0.0 ], [ 35.193071, 31.756305, 0.0 ] ] ] } },
{ "type": "Feature", "properties": { "Name": "" }, "geometry": { "type": "MultiLineString", "coordinates": [ [ [ 35.216074, 31.808188, 0.0 ], [ 35.215276, 31.808497, 0.0 ], [ 35.214869, 31.808677, 0.0 ], [ 35.214602, 31.808823, 0.0 ], [ 35.214364, 31.808996, 0.0 ], [ 35.214186, 31.809145, 0.0 ], [ 35.214145, 31.809158, 0.0 ] ] ] } },
{ "type": "Feature", "properties": { "Name": "" }, "geometry": { "type": "MultiLineString", "coordinates": [ [ [ 35.193453, 31.764679, 0.0 ], [ 35.193412, 31.764702, 0.0 ], [ 35.193307, 31.764729, 0.0 ], [ 35.193229, 31.764851, 0.0 ], [ 35.193189, 31.764964, 0.0 ], [ 35.193151, 31.765039, 0.0 ], [ 35.193119, 31.765082, 0.0 ], [ 35.193039, 31.765108, 0.0 ], [ 35.192954, 31.765121, 0.0 ], [ 35.192879, 31.765159, 0.0 ], [ 35.192873, 31.76527, 0.0 ], [ 35.19295, 31.765496, 0.0 ], [ 35.192985, 31.765652, 0.0 ], [ 35.192906, 31.765711, 0.0 ] ] ] } },
{ "type": "Feature", "properties": { "Name": "" }, "geometry": { "type": "MultiLineString", "coordinates": [ [ [ 35.218069, 31.807543, 0.0 ], [ 35.217958, 31.807578, 0.0 ], [ 35.217363, 31.807755, 0.0 ], [ 35.217159, 31.80782, 0.0 ] ] ] } },
{ "type": "Feature", "properties": { "Name": "" }, "geometry": { "type": "MultiLineString", "coordinates": [ [ [ 35.193943, 31.762522, 0.0 ], [ 35.193936, 31.762524, 0.0 ], [ 35.193875, 31.762659, 0.0 ], [ 35.193814, 31.76284, 0.0 ], [ 35.193763, 31.762961, 0.0 ], [ 35.193743, 31.763079, 0.0 ], [ 35.193755, 31.763193, 0.0 ], [ 35.193775, 31.763257, 0.0 ], [ 35.193836, 31.763341, 0.0 ], [ 35.193859, 31.763416, 0.0 ], [ 35.193802, 31.763487, 0.0 ], [ 35.193725, 31.763596, 0.0 ], [ 35.193672, 31.763682, 0.0 ], [ 35.193635, 31.76382, 0.0 ], [ 35.193617, 31.763885, 0.0 ], [ 35.193554, 31.764039, 0.0 ], [ 35.193526, 31.764165, 0.0 ], [ 35.193507, 31.764287, 0.0 ], [ 35.193491, 31.764402, 0.0 ], [ 35.193466, 31.764681, 0.0 ] ] ] } },
{ "type": "Feature", "properties": { "Name": "" }, "geometry": { "type": "MultiLineString", "coordinates": [ [ [ 35.216566, 31.808008, 0.0 ], [ 35.216433, 31.80805, 0.0 ], [ 35.216074, 31.808188, 0.0 ] ] ] } },
{ "type": "Feature", "properties": { "Name": "" }, "geometry": { "type": "MultiLineString", "coordinates": [ [ [ 35.192109, 31.787712, 0.0 ], [ 35.192036, 31.787728, 0.0 ], [ 35.191462, 31.787722, 0.0 ] ] ] } },
{ "type": "Feature", "properties": { "Name": "" }, "geometry": { "type": "MultiLineString", "coordinates": [ [ [ 35.207102, 31.774163, 0.0 ], [ 35.207409, 31.774316, 0.0 ], [ 35.207547, 31.774428, 0.0 ], [ 35.207716, 31.774583, 0.0 ], [ 35.20785, 31.774731, 0.0 ], [ 35.208025, 31.774972, 0.0 ], [ 35.208151, 31.77514, 0.0 ], [ 35.208277, 31.775302, 0.0 ], [ 35.208356, 31.775409, 0.0 ], [ 35.208375, 31.775467, 0.0 ], [ 35.208447, 31.775508, 0.0 ], [ 35.208512, 31.775523, 0.0 ], [ 35.208539, 31.775594, 0.0 ], [ 35.208594, 31.775615, 0.0 ] ] ] } },
{ "type": "Feature", "properties": { "Name": "" }, "geometry": { "type": "MultiLineString", "coordinates": [ [ [ 35.191297, 31.787703, 0.0 ], [ 35.191098, 31.78771, 0.0 ], [ 35.191046, 31.78771, 0.0 ] ] ] } },
{ "type": "Feature", "properties": { "Name": "" }, "geometry": { "type": "MultiLineString", "coordinates": [ [ [ 35.190933, 31.787726, 0.0 ], [ 35.190776, 31.787726, 0.0 ] ] ] } },
{ "type": "Feature", "properties": { "Name": "" }, "geometry": { "type": "MultiLineString", "coordinates": [ [ [ 35.208885, 31.774506, 0.0 ], [ 35.208676, 31.774537, 0.0 ], [ 35.208498, 31.774556, 0.0 ], [ 35.208421, 31.774559, 0.0 ], [ 35.20842, 31.774559, 0.0 ] ] ] } },
{ "type": "Feature", "properties": { "Name": "" }, "geometry": { "type": "MultiLineString", "coordinates": [ [ [ 35.213245, 31.76908, 0.0 ], [ 35.213365, 31.768962, 0.0 ], [ 35.213425, 31.768912, 0.0 ], [ 35.213431, 31.768909, 0.0 ] ] ] } },
{ "type": "Feature", "properties": { "Name": "" }, "geometry": { "type": "MultiLineString", "coordinates": [ [ [ 35.208409, 31.774484, 0.0 ], [ 35.208284, 31.774425, 0.0 ], [ 35.208093, 31.774328, 0.0 ], [ 35.207932, 31.774231, 0.0 ], [ 35.207786, 31.774146, 0.0 ], [ 35.207694, 31.774076, 0.0 ], [ 35.207579, 31.774041, 0.0 ], [ 35.207417, 31.773974, 0.0 ], [ 35.207295, 31.773906, 0.0 ], [ 35.207048, 31.773769, 0.0 ], [ 35.206952, 31.773682, 0.0 ], [ 35.206844, 31.773629, 0.0 ], [ 35.206757, 31.773604, 0.0 ], [ 35.20668, 31.773606, 0.0 ], [ 35.206451, 31.773667, 0.0 ], [ 35.206303, 31.773713, 0.0 ], [ 35.206209, 31.773726, 0.0 ], [ 35.205972, 31.773787, 0.0 ], [ 35.205797, 31.773802, 0.0 ] ] ] } },
{ "type": "Feature", "properties": { "Name": "" }, "geometry": { "type": "MultiLineString", "coordinates": [ [ [ 35.214114, 31.768782, 0.0 ], [ 35.214325, 31.768761, 0.0 ], [ 35.21493, 31.768665, 0.0 ], [ 35.214941, 31.768663, 0.0 ] ] ] } },
{ "type": "Feature", "properties": { "Name": "" }, "geometry": { "type": "MultiLineString", "coordinates": [ [ [ 35.208633, 31.779693, 0.0 ], [ 35.208624, 31.779597, 0.0 ], [ 35.208617, 31.779534, 0.0 ] ] ] } },
{ "type": "Feature", "properties": { "Name": "" }, "geometry": { "type": "MultiLineString", "coordinates": [ [ [ 35.216472, 31.768317, 0.0 ], [ 35.216489, 31.768316, 0.0 ], [ 35.216634, 31.76829, 0.0 ] ] ] } },
{ "type": "Feature", "properties": { "Name": "" }, "geometry": { "type": "MultiLineString", "coordinates": [ [ [ 35.208673, 31.779205, 0.0 ], [ 35.208731, 31.779185, 0.0 ], [ 35.208774, 31.779141, 0.0 ], [ 35.208784, 31.779094, 0.0 ] ] ] } },
{ "type": "Feature", "properties": { "Name": "" }, "geometry": { "type": "MultiLineString", "coordinates": [ [ [ 35.208779, 31.778678, 0.0 ], [ 35.208767, 31.778589, 0.0 ], [ 35.208783, 31.778488, 0.0 ], [ 35.208786, 31.778481, 0.0 ] ] ] } },
{ "type": "Feature", "properties": { "Name": "" }, "geometry": { "type": "MultiLineString", "coordinates": [ [ [ 35.216715, 31.768233, 0.0 ], [ 35.216716, 31.768232, 0.0 ], [ 35.216706, 31.768156, 0.0 ] ] ] } },
{ "type": "Feature", "properties": { "Name": "" }, "geometry": { "type": "MultiLineString", "coordinates": [ [ [ 35.220039, 31.767962, 0.0 ], [ 35.220144, 31.76796, 0.0 ], [ 35.220272, 31.76794, 0.0 ] ] ] } },
{ "type": "Feature", "properties": { "Name": "" }, "geometry": { "type": "MultiLineString", "coordinates": [ [ [ 35.22028, 31.767944, 0.0 ], [ 35.220337, 31.767945, 0.0 ], [ 35.220413, 31.767948, 0.0 ], [ 35.220429, 31.767947, 0.0 ] ] ] } },
{ "type": "Feature", "properties": { "Name": "" }, "geometry": { "type": "MultiLineString", "coordinates": [ [ [ 35.220559, 31.76796, 0.0 ], [ 35.220989, 31.767998, 0.0 ] ] ] } },
{ "type": "Feature", "properties": { "Name": "" }, "geometry": { "type": "MultiLineString", "coordinates": [ [ [ 35.204327, 31.766908, 0.0 ], [ 35.204318, 31.766919, 0.0 ], [ 35.204267, 31.766953, 0.0 ], [ 35.203866, 31.766977, 0.0 ], [ 35.203396, 31.767007, 0.0 ], [ 35.203255, 31.766982, 0.0 ] ] ] } },
{ "type": "Feature", "properties": { "Name": "" }, "geometry": { "type": "MultiLineString", "coordinates": [ [ [ 35.223318, 31.763126, 0.0 ], [ 35.223217, 31.763124, 0.0 ], [ 35.223166, 31.763118, 0.0 ] ] ] } },
{ "type": "Feature", "properties": { "Name": "" }, "geometry": { "type": "MultiLineString", "coordinates": [ [ [ 35.223145, 31.763114, 0.0 ], [ 35.223003, 31.763094, 0.0 ], [ 35.222512, 31.763033, 0.0 ], [ 35.222114, 31.762991, 0.0 ], [ 35.222018, 31.76298, 0.0 ], [ 35.22177, 31.762949, 0.0 ], [ 35.221455, 31.762915, 0.0 ] ] ] } },
{ "type": "Feature", "properties": { "Name": "" }, "geometry": { "type": "MultiLineString", "coordinates": [ [ [ 35.221455, 31.762915, 0.0 ], [ 35.22145, 31.762915, 0.0 ], [ 35.221409, 31.762907, 0.0 ], [ 35.221347, 31.762894, 0.0 ] ] ] } },
{ "type": "Feature", "properties": { "Name": "" }, "geometry": { "type": "MultiLineString", "coordinates": [ [ [ 35.221334, 31.762892, 0.0 ], [ 35.221115, 31.762848, 0.0 ], [ 35.22087, 31.762785, 0.0 ], [ 35.220606, 31.762707, 0.0 ], [ 35.220535, 31.762688, 0.0 ], [ 35.220488, 31.76267, 0.0 ] ] ] } },
{ "type": "Feature", "properties": { "Name": "" }, "geometry": { "type": "MultiLineString", "coordinates": [ [ [ 35.220482, 31.762666, 0.0 ], [ 35.22041, 31.762645, 0.0 ], [ 35.220383, 31.762636, 0.0 ] ] ] } },
{ "type": "Feature", "properties": { "Name": "" }, "geometry": { "type": "MultiLineString", "coordinates": [ [ [ 35.220356, 31.76263, 0.0 ], [ 35.220233, 31.762589, 0.0 ], [ 35.220125, 31.762537, 0.0 ], [ 35.220025, 31.762487, 0.0 ], [ 35.219909, 31.762411, 0.0 ], [ 35.219851, 31.762367, 0.0 ], [ 35.219757, 31.762302, 0.0 ], [ 35.219578, 31.762203, 0.0 ], [ 35.219549, 31.762185, 0.0 ] ] ] } },
{ "type": "Feature", "properties": { "Name": "" }, "geometry": { "type": "MultiLineString", "coordinates": [ [ [ 35.219549, 31.762185, 0.0 ], [ 35.219475, 31.762138, 0.0 ] ] ] } },
{ "type": "Feature", "properties": { "Name": "" }, "geometry": { "type": "MultiLineString", "coordinates": [ [ [ 35.219475, 31.762138, 0.0 ], [ 35.219359, 31.762066, 0.0 ], [ 35.219183, 31.761943, 0.0 ], [ 35.218934, 31.761764, 0.0 ], [ 35.218875, 31.761713, 0.0 ] ] ] } },
{ "type": "Feature", "properties": { "Name": "" }, "geometry": { "type": "MultiLineString", "coordinates": [ [ [ 35.218875, 31.761713, 0.0 ], [ 35.218863, 31.761703, 0.0 ], [ 35.218704, 31.761602, 0.0 ], [ 35.218696, 31.761596, 0.0 ] ] ] } },
{ "type": "Feature", "properties": { "Name": "" }, "geometry": { "type": "MultiLineString", "coordinates": [ [ [ 35.218696, 31.761596, 0.0 ], [ 35.218624, 31.761548, 0.0 ], [ 35.218481, 31.761445, 0.0 ], [ 35.218392, 31.761371, 0.0 ], [ 35.2183, 31.761316, 0.0 ], [ 35.218213, 31.761274, 0.0 ], [ 35.218148, 31.761235, 0.0 ], [ 35.218081, 31.761189, 0.0 ] ] ] } },
{ "type": "Feature", "properties": { "Name": "" }, "geometry": { "type": "MultiLineString", "coordinates": [ [ [ 35.218081, 31.761189, 0.0 ], [ 35.217925, 31.761081, 0.0 ], [ 35.21792, 31.761078, 0.0 ] ] ] } },
{ "type": "Feature", "properties": { "Name": "" }, "geometry": { "type": "MultiLineString", "coordinates": [ [ [ 35.21792, 31.761078, 0.0 ], [ 35.217734, 31.760967, 0.0 ], [ 35.217596, 31.760866, 0.0 ], [ 35.217487, 31.760794, 0.0 ], [ 35.21741, 31.760729, 0.0 ], [ 35.217355, 31.760693, 0.0 ], [ 35.217298, 31.760648, 0.0 ], [ 35.217234, 31.760612, 0.0 ], [ 35.217154, 31.76056, 0.0 ], [ 35.217034, 31.760504, 0.0 ], [ 35.216934, 31.760475, 0.0 ], [ 35.216836, 31.760405, 0.0 ], [ 35.216727, 31.760332, 0.0 ], [ 35.216709, 31.760321, 0.0 ] ] ] } },
{ "type": "Feature", "properties": { "Name": "" }, "geometry": { "type": "MultiLineString", "coordinates": [ [ [ 35.216655, 31.760268, 0.0 ], [ 35.216606, 31.760124, 0.0 ], [ 35.216161, 31.759832, 0.0 ], [ 35.215845, 31.75962, 0.0 ], [ 35.215509, 31.759389, 0.0 ] ] ] } },
{ "type": "Feature", "properties": { "Name": "" }, "geometry": { "type": "MultiLineString", "coordinates": [ [ [ 35.215292, 31.759459, 0.0 ], [ 35.215135, 31.759318, 0.0 ] ] ] } },
{ "type": "Feature", "properties": { "Name": "" }, "geometry": { "type": "MultiLineString", "coordinates": [ [ [ 35.215108, 31.759286, 0.0 ], [ 35.215099, 31.759211, 0.0 ] ] ] } },
{ "type": "Feature", "properties": { "Name": "" }, "geometry": { "type": "MultiLineString", "coordinates": [ [ [ 35.208536, 31.75284, 0.0 ], [ 35.208523, 31.752833, 0.0 ], [ 35.208467, 31.752802, 0.0 ], [ 35.208281, 31.752684, 0.0 ], [ 35.208136, 31.752566, 0.0 ], [ 35.208024, 31.752455, 0.0 ], [ 35.207915, 31.752342, 0.0 ], [ 35.207907, 31.752333, 0.0 ], [ 35.207824, 31.752235, 0.0 ], [ 35.207781, 31.752184, 0.0 ], [ 35.207662, 31.752052, 0.0 ], [ 35.207394, 31.751749, 0.0 ], [ 35.207189, 31.751506, 0.0 ], [ 35.206898, 31.751172, 0.0 ], [ 35.206693, 31.750926, 0.0 ], [ 35.206536, 31.750745, 0.0 ], [ 35.206418, 31.750617, 0.0 ], [ 35.206295, 31.750472, 0.0 ], [ 35.206154, 31.750304, 0.0 ], [ 35.206052, 31.750185, 0.0 ], [ 35.205913, 31.750042, 0.0 ], [ 35.205819, 31.749949, 0.0 ], [ 35.205654, 31.749828, 0.0 ], [ 35.205513, 31.749735, 0.0 ], [ 35.205433, 31.749689, 0.0 ], [ 35.205408, 31.749678, 0.0 ] ] ] } },
{ "type": "Feature", "properties": { "Name": "" }, "geometry": { "type": "MultiLineString", "coordinates": [ [ [ 35.205408, 31.749678, 0.0 ], [ 35.205154, 31.749559, 0.0 ], [ 35.205143, 31.749556, 0.0 ] ] ] } },
{ "type": "Feature", "properties": { "Name": "" }, "geometry": { "type": "MultiLineString", "coordinates": [ [ [ 35.204381, 31.74929, 0.0 ], [ 35.204209, 31.749231, 0.0 ], [ 35.20405, 31.749149, 0.0 ], [ 35.203793, 31.748994, 0.0 ], [ 35.203612, 31.748834, 0.0 ], [ 35.203504, 31.74874, 0.0 ] ] ] } },
{ "type": "Feature", "properties": { "Name": "" }, "geometry": { "type": "MultiLineString", "coordinates": [ [ [ 35.203504, 31.74874, 0.0 ], [ 35.203333, 31.748591, 0.0 ], [ 35.203258, 31.74848, 0.0 ] ] ] } },
{ "type": "Feature", "properties": { "Name": "" }, "geometry": { "type": "MultiLineString", "coordinates": [ [ [ 35.20212, 31.74797, 0.0 ], [ 35.202048, 31.74795, 0.0 ], [ 35.201985, 31.747933, 0.0 ], [ 35.201868, 31.747927, 0.0 ], [ 35.201745, 31.74794, 0.0 ], [ 35.201608, 31.747959, 0.0 ], [ 35.201463, 31.747994, 0.0 ], [ 35.201326, 31.748044, 0.0 ], [ 35.201052, 31.748173, 0.0 ], [ 35.200876, 31.748294, 0.0 ], [ 35.20077, 31.748384, 0.0 ], [ 35.200712, 31.748449, 0.0 ], [ 35.200635, 31.748539, 0.0 ], [ 35.200352, 31.748915, 0.0 ] ] ] } },
{ "type": "Feature", "properties": { "Name": "" }, "geometry": { "type": "MultiLineString", "coordinates": [ [ [ 35.200352, 31.748915, 0.0 ], [ 35.200324, 31.748953, 0.0 ], [ 35.200292, 31.748998, 0.0 ] ] ] } },
{ "type": "Feature", "properties": { "Name": "" }, "geometry": { "type": "MultiLineString", "coordinates": [ [ [ 35.200292, 31.748998, 0.0 ], [ 35.199978, 31.749443, 0.0 ], [ 35.199949, 31.749472, 0.0 ], [ 35.199906, 31.749499, 0.0 ], [ 35.199886, 31.749525, 0.0 ], [ 35.199844, 31.749577, 0.0 ], [ 35.199835, 31.749615, 0.0 ], [ 35.199812, 31.749667, 0.0 ], [ 35.199781, 31.749724, 0.0 ], [ 35.198992, 31.750823, 0.0 ], [ 35.198883, 31.750974, 0.0 ], [ 35.198787, 31.751089, 0.0 ] ] ] } },
{ "type": "Feature", "properties": { "Name": "" }, "geometry": { "type": "MultiLineString", "coordinates": [ [ [ 35.198787, 31.751089, 0.0 ], [ 35.198742, 31.751143, 0.0 ], [ 35.198592, 31.751297, 0.0 ], [ 35.198439, 31.751434, 0.0 ], [ 35.198408, 31.751459, 0.0 ], [ 35.198391, 31.751473, 0.0 ] ] ] } },
{ "type": "Feature", "properties": { "Name": "" }, "geometry": { "type": "MultiLineString", "coordinates": [ [ [ 35.19838, 31.751476, 0.0 ], [ 35.198337, 31.751512, 0.0 ], [ 35.198285, 31.75154, 0.0 ], [ 35.19823, 31.751567, 0.0 ], [ 35.198189, 31.751583, 0.0 ], [ 35.198122, 31.751619, 0.0 ] ] ] } },
{ "type": "Feature", "properties": { "Name": "" }, "geometry": { "type": "MultiLineString", "coordinates": [ [ [ 35.197398, 31.752037, 0.0 ], [ 35.197163, 31.752165, 0.0 ], [ 35.196907, 31.752247, 0.0 ], [ 35.196647, 31.752296, 0.0 ] ] ] } },
{ "type": "Feature", "properties": { "Name": "" }, "geometry": { "type": "MultiLineString", "coordinates": [ [ [ 35.183867, 31.747238, 0.0 ], [ 35.183822, 31.7472, 0.0 ] ] ] } },
{ "type": "Feature", "properties": { "Name": "" }, "geometry": { "type": "MultiLineString", "coordinates": [ [ [ 35.203258, 31.74848, 0.0 ], [ 35.203246, 31.748464, 0.0 ], [ 35.202936, 31.748218, 0.0 ], [ 35.202656, 31.748078, 0.0 ], [ 35.20247, 31.748013, 0.0 ], [ 35.202231, 31.747968, 0.0 ] ] ] } },
{ "type": "Feature", "properties": { "Name": "" }, "geometry": { "type": "MultiLineString", "coordinates": [ [ [ 35.183773, 31.747172, 0.0 ], [ 35.183758, 31.747164, 0.0 ], [ 35.183735, 31.747153, 0.0 ] ] ] } },
{ "type": "Feature", "properties": { "Name": "" }, "geometry": { "type": "MultiLineString", "coordinates": [ [ [ 35.18372, 31.747148, 0.0 ], [ 35.183713, 31.747144, 0.0 ], [ 35.183675, 31.747147, 0.0 ], [ 35.183601, 31.747168, 0.0 ], [ 35.183554, 31.747178, 0.0 ], [ 35.183526, 31.747185, 0.0 ], [ 35.18352, 31.747196, 0.0 ] ] ] } },
{ "type": "Feature", "properties": { "Name": "" }, "geometry": { "type": "MultiLineString", "coordinates": [ [ [ 35.18352, 31.747209, 0.0 ], [ 35.183518, 31.747244, 0.0 ], [ 35.183519, 31.747252, 0.0 ] ] ] } },
{ "type": "Feature", "properties": { "Name": "" }, "geometry": { "type": "MultiLineString", "coordinates": [ [ [ 35.183487, 31.747294, 0.0 ], [ 35.183471, 31.747324, 0.0 ], [ 35.183463, 31.747333, 0.0 ] ] ] } },
{ "type": "Feature", "properties": { "Name": "" }, "geometry": { "type": "MultiLineString", "coordinates": [ [ [ 35.183425, 31.747379 ], [ 35.183519, 31.747433 ] ], [ [ 35.180012, 31.744536 ], [ 35.179998, 31.744531 ], [ 35.179891, 31.744498 ], [ 35.179539, 31.744383 ], [ 35.179353, 31.744326 ], [ 35.179177, 31.744268 ], [ 35.178995, 31.744204 ], [ 35.178925, 31.744181 ], [ 35.178727, 31.74412 ], [ 35.178611, 31.744087 ], [ 35.178414, 31.74404 ], [ 35.178246, 31.744003 ], [ 35.178178, 31.743988 ], [ 35.178112, 31.743973 ], [ 35.177781, 31.7439 ], [ 35.17728, 31.743769 ], [ 35.177202, 31.743757 ], [ 35.177122, 31.743776 ], [ 35.177068, 31.743814 ], [ 35.177028, 31.743856 ] ] ] } },
{ "type": "Feature", "properties": { "Name": "" }, "geometry": { "type": "MultiLineString", "coordinates": [ [ [ 35.180269, 31.744619, 0.0 ], [ 35.180243, 31.744608, 0.0 ], [ 35.180012, 31.744536, 0.0 ] ] ] } },
{ "type": "Feature", "properties": { "Name": "" }, "geometry": { "type": "MultiLineString", "coordinates": [ [ [ 35.181915, 31.745615, 0.0 ], [ 35.181912, 31.745612, 0.0 ], [ 35.181804, 31.745484, 0.0 ] ] ] } },
{ "type": "Feature", "properties": { "Name": "" }, "geometry": { "type": "MultiLineString", "coordinates": [ [ [ 35.181804, 31.745484, 0.0 ], [ 35.181788, 31.745465, 0.0 ], [ 35.181763, 31.745436, 0.0 ], [ 35.181738, 31.745415, 0.0 ], [ 35.181706, 31.74539, 0.0 ], [ 35.181676, 31.745366, 0.0 ], [ 35.181654, 31.745343, 0.0 ], [ 35.181615, 31.745305, 0.0 ], [ 35.181594, 31.745283, 0.0 ], [ 35.181581, 31.745263, 0.0 ], [ 35.181558, 31.745251, 0.0 ], [ 35.181535, 31.745229, 0.0 ], [ 35.181513, 31.745214, 0.0 ], [ 35.181393, 31.745124, 0.0 ], [ 35.181146, 31.744967, 0.0 ], [ 35.181105, 31.744939, 0.0 ], [ 35.181073, 31.744919, 0.0 ], [ 35.181027, 31.744897, 0.0 ], [ 35.180988, 31.74488, 0.0 ], [ 35.180906, 31.744847, 0.0 ], [ 35.180724, 31.744782, 0.0 ], [ 35.180587, 31.744737, 0.0 ], [ 35.1805, 31.744712, 0.0 ], [ 35.180446, 31.744689, 0.0 ], [ 35.180317, 31.744639, 0.0 ], [ 35.180269, 31.744619, 0.0 ] ] ] } },
{ "type": "Feature", "properties": { "Name": "" }, "geometry": { "type": "MultiLineString", "coordinates": [ [ [ 35.182353, 31.746518, 0.0 ], [ 35.182359, 31.74651, 0.0 ], [ 35.182367, 31.746496, 0.0 ], [ 35.182373, 31.74648, 0.0 ], [ 35.182353, 31.746409, 0.0 ], [ 35.182328, 31.746367, 0.0 ], [ 35.182304, 31.746302, 0.0 ], [ 35.182279, 31.746249, 0.0 ], [ 35.182219, 31.746146, 0.0 ], [ 35.181979, 31.745765, 0.0 ], [ 35.181967, 31.745731, 0.0 ], [ 35.181957, 31.745705, 0.0 ], [ 35.181948, 31.74568, 0.0 ], [ 35.181936, 31.745652, 0.0 ], [ 35.181926, 31.745631, 0.0 ], [ 35.181915, 31.745615, 0.0 ] ] ] } },
{ "type": "Feature", "properties": { "Name": "" }, "geometry": { "type": "MultiLineString", "coordinates": [ [ [ 35.182502, 31.746807, 0.0 ], [ 35.182461, 31.746809, 0.0 ], [ 35.182431, 31.746758, 0.0 ], [ 35.182396, 31.746681, 0.0 ], [ 35.182336, 31.746539, 0.0 ], [ 35.182353, 31.746518, 0.0 ] ] ] } },
{ "type": "Feature", "properties": { "Name": "" }, "geometry": { "type": "MultiLineString", "coordinates": [ [ [ 35.183425, 31.747379, 0.0 ], [ 35.183395, 31.747362, 0.0 ], [ 35.183355, 31.747348, 0.0 ], [ 35.183354, 31.747347, 0.0 ] ] ] } },
{ "type": "Feature", "properties": { "Name": "" }, "geometry": { "type": "MultiLineString", "coordinates": [ [ [ 35.183354, 31.747347, 0.0 ], [ 35.183326, 31.747333, 0.0 ], [ 35.183291, 31.747325, 0.0 ], [ 35.183223, 31.747308, 0.0 ], [ 35.183175, 31.7473, 0.0 ], [ 35.183079, 31.747281, 0.0 ], [ 35.18304, 31.747269, 0.0 ], [ 35.182994, 31.747255, 0.0 ], [ 35.182944, 31.747233, 0.0 ], [ 35.182902, 31.747215, 0.0 ], [ 35.182854, 31.747184, 0.0 ], [ 35.182791, 31.747142, 0.0 ], [ 35.182716, 31.747068, 0.0 ], [ 35.182676, 31.747018, 0.0 ], [ 35.182648, 31.746978, 0.0 ], [ 35.182618, 31.74693, 0.0 ], [ 35.182593, 31.746892, 0.0 ], [ 35.182575, 31.746864, 0.0 ], [ 35.18256, 31.746831, 0.0 ], [ 35.182536, 31.746812, 0.0 ], [ 35.182505, 31.746807, 0.0 ], [ 35.182502, 31.746807, 0.0 ] ] ] } },
{ "type": "Feature", "properties": { "Name": "" }, "geometry": { "type": "MultiLineString", "coordinates": [ [ [ 35.183519, 31.747433, 0.0 ], [ 35.183796, 31.747593, 0.0 ], [ 35.184248, 31.747713, 0.0 ], [ 35.184425, 31.747771, 0.0 ], [ 35.184596, 31.747936, 0.0 ], [ 35.184696, 31.747966, 0.0 ], [ 35.184794, 31.747951, 0.0 ], [ 35.184881, 31.747926, 0.0 ] ] ] } },
{ "type": "Feature", "properties": { "Name": "" }, "geometry": { "type": "MultiLineString", "coordinates": [ [ [ 35.185385, 31.748655, 0.0 ], [ 35.185403, 31.748569, 0.0 ] ] ] } },
{ "type": "Feature", "properties": { "Name": "" }, "geometry": { "type": "MultiLineString", "coordinates": [ [ [ 35.189696, 31.750605, 0.0 ], [ 35.189676, 31.750701, 0.0 ], [ 35.189675, 31.750721, 0.0 ], [ 35.189674, 31.750734, 0.0 ], [ 35.189671, 31.75077, 0.0 ], [ 35.189668, 31.750851, 0.0 ], [ 35.189662, 31.750891, 0.0 ] ] ] } },
{ "type": "Feature", "properties": { "Name": "" }, "geometry": { "type": "MultiLineString", "coordinates": [ [ [ 35.18973, 31.750437, 0.0 ], [ 35.189696, 31.750605, 0.0 ] ] ] } },
{ "type": "Feature", "properties": { "Name": "" }, "geometry": { "type": "MultiLineString", "coordinates": [ [ [ 35.189762, 31.750327, 0.0 ], [ 35.18973, 31.750435, 0.0 ], [ 35.18973, 31.750437, 0.0 ] ] ] } },
{ "type": "Feature", "properties": { "Name": "" }, "geometry": { "type": "MultiLineString", "coordinates": [ [ [ 35.189793, 31.750224, 0.0 ], [ 35.189762, 31.750327, 0.0 ] ] ] } },
{ "type": "Feature", "properties": { "Name": "" }, "geometry": { "type": "MultiLineString", "coordinates": [ [ [ 35.189943, 31.749904, 0.0 ], [ 35.189941, 31.749909, 0.0 ], [ 35.189908, 31.74994, 0.0 ], [ 35.189883, 31.749959, 0.0 ], [ 35.189866, 31.749978, 0.0 ], [ 35.18986, 31.749996, 0.0 ], [ 35.189793, 31.750224, 0.0 ] ] ] } },
{ "type": "Feature", "properties": { "Name": "" }, "geometry": { "type": "MultiLineString", "coordinates": [ [ [ 35.189979, 31.749803, 0.0 ], [ 35.18995, 31.749875, 0.0 ], [ 35.189943, 31.749904, 0.0 ] ] ] } },
{ "type": "Feature", "properties": { "Name": "" }, "geometry": { "type": "MultiLineString", "coordinates": [ [ [ 35.190254, 31.749374 ], [ 35.190286, 31.749391 ], [ 35.190296, 31.749411 ], [ 35.190296, 31.749435 ], [ 35.19019, 31.749713 ], [ 35.190182, 31.749723 ], [ 35.190169, 31.749731 ], [ 35.190152, 31.749738 ], [ 35.190129, 31.749739 ], [ 35.190099, 31.749739 ], [ 35.19008, 31.749739 ], [ 35.19007, 31.749739 ] ], [ [ 35.190443, 31.749179 ], [ 35.19039, 31.749223 ], [ 35.19035, 31.749273 ], [ 35.190334, 31.749316 ], [ 35.190325, 31.749354 ], [ 35.190307, 31.749368 ], [ 35.190269, 31.749376 ], [ 35.190254, 31.749374 ] ], [ [ 35.190254, 31.749374 ], [ 35.190238, 31.749372 ], [ 35.190175, 31.749344 ], [ 35.190109, 31.749321 ], [ 35.190043, 31.749297 ], [ 35.18999, 31.749286 ], [ 35.189936, 31.749265 ], [ 35.189905, 31.749252 ] ] ] } },
{ "type": "Feature", "properties": { "Name": "" }, "geometry": { "type": "MultiLineString", "coordinates": [ [ [ 35.190443, 31.749179, 0.0 ], [ 35.190444, 31.749178, 0.0 ], [ 35.191144, 31.749111, 0.0 ], [ 35.191153, 31.749118, 0.0 ] ] ] } },
{ "type": "Feature", "properties": { "Name": "" }, "geometry": { "type": "MultiLineString", "coordinates": [ [ [ 35.193145, 31.749553, 0.0 ], [ 35.193185, 31.749585, 0.0 ], [ 35.193204, 31.749598, 0.0 ] ] ] } },
{ "type": "Feature", "properties": { "Name": "" }, "geometry": { "type": "MultiLineString", "coordinates": [ [ [ 35.193254, 31.749633, 0.0 ], [ 35.193269, 31.749679, 0.0 ] ] ] } },
{ "type": "Feature", "properties": { "Name": "" }, "geometry": { "type": "MultiLineString", "coordinates": [ [ [ 35.193274, 31.749684, 0.0 ], [ 35.193291, 31.749697, 0.0 ], [ 35.193354, 31.749705, 0.0 ], [ 35.193425, 31.749754, 0.0 ], [ 35.193471, 31.749784, 0.0 ], [ 35.193558, 31.749849, 0.0 ], [ 35.193657, 31.749913, 0.0 ], [ 35.193728, 31.749958, 0.0 ], [ 35.193787, 31.749995, 0.0 ], [ 35.193904, 31.750077, 0.0 ], [ 35.194013, 31.750167, 0.0 ], [ 35.194066, 31.750214, 0.0 ], [ 35.194092, 31.750254, 0.0 ], [ 35.19412, 31.750311, 0.0 ], [ 35.194155, 31.750402, 0.0 ], [ 35.194155, 31.750403, 0.0 ] ] ] } },
{ "type": "Feature", "properties": { "Name": "" }, "geometry": { "type": "MultiLineString", "coordinates": [ [ [ 35.182186, 31.763167, 0.0 ], [ 35.182183, 31.763172, 0.0 ], [ 35.182055, 31.763347, 0.0 ], [ 35.181919, 31.763545, 0.0 ], [ 35.181854, 31.763677, 0.0 ], [ 35.181819, 31.763779, 0.0 ], [ 35.18179, 31.76389, 0.0 ], [ 35.181778, 31.76402, 0.0 ], [ 35.181783, 31.764154, 0.0 ], [ 35.181798, 31.764231, 0.0 ], [ 35.181814, 31.764308, 0.0 ], [ 35.182002, 31.765016, 0.0 ], [ 35.182027, 31.76513, 0.0 ], [ 35.182039, 31.765188, 0.0 ], [ 35.182045, 31.765241, 0.0 ], [ 35.182049, 31.765314, 0.0 ], [ 35.182047, 31.765389, 0.0 ], [ 35.18204, 31.765461, 0.0 ], [ 35.182026, 31.765536, 0.0 ], [ 35.182006, 31.765615, 0.0 ], [ 35.181981, 31.765693, 0.0 ], [ 35.181949, 31.765766, 0.0 ], [ 35.181911, 31.765839, 0.0 ], [ 35.181868, 31.765907, 0.0 ], [ 35.181819, 31.765973, 0.0 ] ] ] } },
{ "type": "Feature", "properties": { "Name": "" }, "geometry": { "type": "MultiLineString", "coordinates": [ [ [ 35.181502, 31.766792, 0.0 ], [ 35.181647, 31.76688, 0.0 ] ] ] } },
{ "type": "Feature", "properties": { "Name": "" }, "geometry": { "type": "MultiLineString", "coordinates": [ [ [ 35.181729, 31.766921, 0.0 ], [ 35.181763, 31.766937, 0.0 ], [ 35.182109, 31.767154, 0.0 ] ] ] } },
{ "type": "Feature", "properties": { "Name": "" }, "geometry": { "type": "MultiLineString", "coordinates": [ [ [ 35.181098, 31.766722, 0.0 ], [ 35.180972, 31.766725, 0.0 ], [ 35.180917, 31.76673, 0.0 ], [ 35.180863, 31.76674, 0.0 ], [ 35.180773, 31.766772, 0.0 ], [ 35.180555, 31.766891, 0.0 ], [ 35.180554, 31.766892, 0.0 ] ] ] } },
{ "type": "Feature", "properties": { "Name": "" }, "geometry": { "type": "MultiLineString", "coordinates": [ [ [ 35.180263, 31.767068, 0.0 ], [ 35.180194, 31.767111, 0.0 ], [ 35.18005, 31.767199, 0.0 ], [ 35.17979, 31.76735, 0.0 ] ] ] } },
{ "type": "Feature", "properties": { "Name": "" }, "geometry": { "type": "MultiLineString", "coordinates": [ [ [ 35.155082, 31.764122, 0.0 ], [ 35.155054, 31.764144, 0.0 ], [ 35.154854, 31.764154, 0.0 ], [ 35.154852, 31.764155, 0.0 ] ] ] } },
{ "type": "Feature", "properties": { "Name": "" }, "geometry": { "type": "MultiLineString", "coordinates": [ [ [ 35.154852, 31.764155, 0.0 ], [ 35.154502, 31.764316, 0.0 ], [ 35.154269, 31.764393, 0.0 ], [ 35.154097, 31.764441, 0.0 ] ] ] } },
{ "type": "Feature", "properties": { "Name": "" }, "geometry": { "type": "MultiLineString", "coordinates": [ [ [ 35.154097, 31.764441, 0.0 ], [ 35.154079, 31.764446, 0.0 ], [ 35.154024, 31.764565, 0.0 ] ] ] } },
{ "type": "Feature", "properties": { "Name": "" }, "geometry": { "type": "MultiLineString", "coordinates": [ [ [ 35.154024, 31.764565, 0.0 ], [ 35.154023, 31.764567, 0.0 ], [ 35.153963, 31.764615, 0.0 ], [ 35.153901, 31.764631, 0.0 ], [ 35.153731, 31.764629, 0.0 ], [ 35.153323, 31.764593, 0.0 ], [ 35.15255, 31.764576, 0.0 ], [ 35.152293, 31.764562, 0.0 ], [ 35.152048, 31.764512, 0.0 ] ] ] } },
{ "type": "Feature", "properties": { "Name": "" }, "geometry": { "type": "MultiLineString", "coordinates": [ [ [ 35.160658, 31.757316, 0.0 ], [ 35.16063, 31.757372, 0.0 ] ] ] } },
{ "type": "Feature", "properties": { "Name": "" }, "geometry": { "type": "MultiLineString", "coordinates": [ [ [ 35.160548, 31.757173, 0.0 ], [ 35.160634, 31.757245, 0.0 ] ] ] } },
{ "type": "Feature", "properties": { "Name": "" }, "geometry": { "type": "MultiLineString", "coordinates": [ [ [ 35.160499, 31.75702, 0.0 ], [ 35.160498, 31.757021, 0.0 ], [ 35.160534, 31.757142, 0.0 ] ] ] } },
{ "type": "Feature", "properties": { "Name": "" }, "geometry": { "type": "MultiLineString", "coordinates": [ [ [ 35.162405, 31.756466, 0.0 ], [ 35.162412, 31.756436, 0.0 ], [ 35.162415, 31.756424, 0.0 ], [ 35.162424, 31.756387, 0.0 ] ] ] } },
{ "type": "Feature", "properties": { "Name": "" }, "geometry": { "type": "MultiLineString", "coordinates": [ [ [ 35.1621, 31.756272, 0.0 ], [ 35.162165, 31.756266, 0.0 ], [ 35.162246, 31.75629, 0.0 ], [ 35.162304, 31.756324, 0.0 ], [ 35.162356, 31.756361, 0.0 ] ] ] } },
{ "type": "Feature", "properties": { "Name": "" }, "geometry": { "type": "MultiLineString", "coordinates": [ [ [ 35.16192, 31.756323, 0.0 ], [ 35.162017, 31.75628, 0.0 ] ] ] } },
{ "type": "Feature", "properties": { "Name": "" }, "geometry": { "type": "MultiLineString", "coordinates": [ [ [ 35.160942, 31.756706, 0.0 ], [ 35.161143, 31.756548, 0.0 ], [ 35.161288, 31.756459, 0.0 ], [ 35.161468, 31.756387, 0.0 ], [ 35.161655, 31.756353, 0.0 ], [ 35.161718, 31.756343, 0.0 ], [ 35.161814, 31.756332, 0.0 ] ] ] } },
{ "type": "Feature", "properties": { "Name": "" }, "geometry": { "type": "MultiLineString", "coordinates": [ [ [ 35.160962, 31.756982, 0.0 ], [ 35.160881, 31.756923, 0.0 ] ] ] } },
{ "type": "Feature", "properties": { "Name": "" }, "geometry": { "type": "MultiLineString", "coordinates": [ [ [ 35.241652, 31.794104, 0.0 ], [ 35.241611, 31.794049, 0.0 ] ] ] } },
{ "type": "Feature", "properties": { "Name": "" }, "geometry": { "type": "MultiLineString", "coordinates": [ [ [ 35.241601, 31.794272, 0.0 ], [ 35.241611, 31.794267, 0.0 ], [ 35.241633, 31.794247, 0.0 ] ] ] } },
{ "type": "Feature", "properties": { "Name": "" }, "geometry": { "type": "MultiLineString", "coordinates": [ [ [ 35.241562, 31.794401, 0.0 ], [ 35.241521, 31.794366, 0.0 ], [ 35.241487, 31.794327, 0.0 ] ] ] } },
{ "type": "Feature", "properties": { "Name": "" }, "geometry": { "type": "MultiLineString", "coordinates": [ [ [ 35.24226, 31.794918, 0.0 ], [ 35.242147, 31.794854, 0.0 ], [ 35.241982, 31.794738, 0.0 ], [ 35.241807, 31.794619, 0.0 ], [ 35.241682, 31.794516, 0.0 ], [ 35.241588, 31.794433, 0.0 ], [ 35.241563, 31.794403, 0.0 ] ] ] } },
{ "type": "Feature", "properties": { "Name": "" }, "geometry": { "type": "MultiLineString", "coordinates": [ [ [ 35.242112, 31.79583, 0.0 ], [ 35.242016, 31.795975, 0.0 ], [ 35.242433, 31.795366, 0.0 ] ] ] } },
{ "type": "Feature", "properties": { "Name": "" }, "geometry": { "type": "MultiLineString", "coordinates": [ [ [ 35.238327, 31.798243, 0.0 ], [ 35.23832, 31.798246, 0.0 ], [ 35.238265, 31.798307, 0.0 ], [ 35.238245, 31.79834, 0.0 ] ] ] } },
{ "type": "Feature", "properties": { "Name": "" }, "geometry": { "type": "MultiLineString", "coordinates": [ [ [ 35.237959, 31.798522, 0.0 ], [ 35.237978, 31.798548, 0.0 ], [ 35.238091, 31.798667, 0.0 ], [ 35.238226, 31.798794, 0.0 ], [ 35.238485, 31.799033, 0.0 ], [ 35.238565, 31.799112, 0.0 ] ] ] } },
{ "type": "Feature", "properties": { "Name": "" }, "geometry": { "type": "MultiLineString", "coordinates": [ [ [ 35.238582, 31.799129, 0.0 ], [ 35.238642, 31.799182, 0.0 ] ] ] } },
{ "type": "Feature", "properties": { "Name": "" }, "geometry": { "type": "MultiLineString", "coordinates": [ [ [ 35.238659, 31.799197, 0.0 ], [ 35.238795, 31.799318, 0.0 ], [ 35.238958, 31.799458, 0.0 ] ] ] } },
{ "type": "Feature", "properties": { "Name": "" }, "geometry": { "type": "MultiLineString", "coordinates": [ [ [ 35.23921, 31.799662, 0.0 ], [ 35.239252, 31.799694, 0.0 ] ] ] } },
{ "type": "Feature", "properties": { "Name": "" }, "geometry": { "type": "MultiLineString", "coordinates": [ [ [ 35.239265, 31.799711, 0.0 ], [ 35.239285, 31.799728, 0.0 ], [ 35.239403, 31.79988, 0.0 ], [ 35.239518, 31.80015, 0.0 ], [ 35.239584, 31.800308, 0.0 ], [ 35.239628, 31.800428, 0.0 ], [ 35.239678, 31.800553, 0.0 ], [ 35.239722, 31.800684, 0.0 ], [ 35.239698, 31.80081, 0.0 ] ] ] } },
{ "type": "Feature", "properties": { "Name": "" }, "geometry": { "type": "MultiLineString", "coordinates": [ [ [ 35.237967, 31.803006, 0.0 ], [ 35.238005, 31.802967, 0.0 ] ] ] } },
{ "type": "Feature", "properties": { "Name": "" }, "geometry": { "type": "MultiLineString", "coordinates": [ [ [ 35.236379, 31.804215, 0.0 ], [ 35.236425, 31.804128, 0.0 ], [ 35.236511, 31.804068, 0.0 ], [ 35.236635, 31.803986, 0.0 ], [ 35.236783, 31.803894, 0.0 ], [ 35.236873, 31.803835, 0.0 ], [ 35.236894, 31.803774, 0.0 ] ] ] } },
{ "type": "Feature", "properties": { "Name": "" }, "geometry": { "type": "MultiLineString", "coordinates": [ [ [ 35.235946, 31.804445, 0.0 ], [ 35.235854, 31.804563, 0.0 ], [ 35.235647, 31.804703, 0.0 ] ] ] } },
{ "type": "Feature", "properties": { "Name": "" }, "geometry": { "type": "MultiLineString", "coordinates": [ [ [ 35.235514, 31.804804, 0.0 ], [ 35.235558, 31.804753, 0.0 ], [ 35.235647, 31.804703, 0.0 ] ] ] } },
{ "type": "Feature", "properties": { "Name": "" }, "geometry": { "type": "MultiLineString", "coordinates": [ [ [ 35.234736, 31.804757, 0.0 ], [ 35.234774, 31.804752, 0.0 ], [ 35.234822, 31.804748, 0.0 ] ] ] } },
{ "type": "Feature", "properties": { "Name": "" }, "geometry": { "type": "MultiLineString", "coordinates": [ [ [ 35.209462, 31.806812, 0.0 ], [ 35.209485, 31.806824, 0.0 ], [ 35.209548, 31.806878, 0.0 ], [ 35.209603, 31.806924, 0.0 ], [ 35.209695, 31.806985, 0.0 ], [ 35.209779, 31.807057, 0.0 ], [ 35.209867, 31.807107, 0.0 ], [ 35.2099, 31.807139, 0.0 ], [ 35.209947, 31.807157, 0.0 ], [ 35.210035, 31.807182, 0.0 ], [ 35.210139, 31.8072, 0.0 ], [ 35.210286, 31.807221, 0.0 ], [ 35.210357, 31.807221, 0.0 ], [ 35.210424, 31.807221, 0.0 ], [ 35.210475, 31.807221, 0.0 ], [ 35.210525, 31.807207, 0.0 ], [ 35.210558, 31.807189, 0.0 ], [ 35.210609, 31.807143, 0.0 ], [ 35.210684, 31.807085, 0.0 ], [ 35.210768, 31.807025, 0.0 ], [ 35.210806, 31.806971, 0.0 ], [ 35.210902, 31.806928, 0.0 ], [ 35.211053, 31.806889, 0.0 ], [ 35.211124, 31.806871, 0.0 ], [ 35.211242, 31.806856, 0.0 ], [ 35.211338, 31.806842, 0.0 ], [ 35.211405, 31.806838, 0.0 ], [ 35.211506, 31.806831, 0.0 ], [ 35.211598, 31.806828, 0.0 ], [ 35.211694, 31.806817, 0.0 ], [ 35.211782, 31.806813, 0.0 ], [ 35.2119, 31.806795, 0.0 ], [ 35.211971, 31.806774, 0.0 ], [ 35.212046, 31.806756, 0.0 ], [ 35.212105, 31.806735, 0.0 ], [ 35.212243, 31.806702, 0.0 ], [ 35.2126, 31.806616, 0.0 ], [ 35.212717, 31.806577, 0.0 ], [ 35.212876, 31.806563, 0.0 ], [ 35.212985, 31.806538, 0.0 ], [ 35.213119, 31.806523, 0.0 ], [ 35.213245, 31.806484, 0.0 ], [ 35.213367, 31.806459, 0.0 ], [ 35.213488, 31.80643, 0.0 ], [ 35.213614, 31.806387, 0.0 ], [ 35.21371, 31.806337, 0.0 ], [ 35.213802, 31.806283, 0.0 ], [ 35.213895, 31.806219, 0.0 ], [ 35.214029, 31.80613, 0.0 ], [ 35.21423, 31.806044, 0.0 ], [ 35.214318, 31.806001, 0.0 ], [ 35.214473, 31.805936, 0.0 ], [ 35.214611, 31.80589, 0.0 ], [ 35.214766, 31.805854, 0.0 ], [ 35.214905, 31.805832, 0.0 ], [ 35.215022, 31.805804, 0.0 ], [ 35.215135, 31.805772, 0.0 ], [ 35.215299, 31.805739, 0.0 ], [ 35.215412, 31.805711, 0.0 ], [ 35.215546, 31.805693, 0.0 ], [ 35.215655, 31.805675, 0.0 ], [ 35.215797, 31.805653, 0.0 ], [ 35.215931, 31.805643, 0.0 ], [ 35.216045, 31.805614, 0.0 ], [ 35.216141, 31.805582, 0.0 ], [ 35.216242, 31.805557, 0.0 ], [ 35.216325, 31.805514, 0.0 ], [ 35.216401, 31.805485, 0.0 ], [ 35.216485, 31.805449, 0.0 ], [ 35.216569, 31.805421, 0.0 ], [ 35.216694, 31.805385, 0.0 ], [ 35.216866, 31.805317, 0.0 ], [ 35.217009, 31.805274, 0.0 ], [ 35.217151, 31.805267, 0.0 ], [ 35.217344, 31.80526, 0.0 ], [ 35.217465, 31.80527, 0.0 ], [ 35.217629, 31.80527, 0.0 ], [ 35.217746, 31.805267, 0.0 ], [ 35.217847, 31.805263, 0.0 ], [ 35.217964, 31.805259, 0.0 ], [ 35.218048, 31.805245, 0.0 ], [ 35.218153, 31.805224, 0.0 ], [ 35.218253, 31.805213, 0.0 ], [ 35.218392, 31.805184, 0.0 ], [ 35.21845, 31.805156, 0.0 ], [ 35.218534, 31.805123, 0.0 ], [ 35.218593, 31.805077, 0.0 ], [ 35.218698, 31.805045, 0.0 ], [ 35.218807, 31.804966, 0.0 ], [ 35.218878, 31.804919, 0.0 ], [ 35.218991, 31.804862, 0.0 ], [ 35.219075, 31.804833, 0.0 ], [ 35.219175, 31.804801, 0.0 ], [ 35.219309, 31.804783, 0.0 ], [ 35.219427, 31.80478, 0.0 ], [ 35.219553, 31.80478, 0.0 ], [ 35.219674, 31.80478, 0.0 ], [ 35.219871, 31.804783, 0.0 ], [ 35.219984, 31.80478, 0.0 ], [ 35.220089, 31.804787, 0.0 ], [ 35.220198, 31.804794, 0.0 ], [ 35.220332, 31.804808, 0.0 ], [ 35.220433, 31.804819, 0.0 ], [ 35.220512, 31.804819, 0.0 ], [ 35.22063, 31.804819, 0.0 ], [ 35.220722, 31.804815, 0.0 ], [ 35.220797, 31.804815, 0.0 ], [ 35.220973, 31.804805, 0.0 ], [ 35.221053, 31.804805, 0.0 ], [ 35.221116, 31.804805, 0.0 ], [ 35.221216, 31.804805, 0.0 ], [ 35.221342, 31.804805, 0.0 ], [ 35.221426, 31.804808, 0.0 ], [ 35.22151, 31.804812, 0.0 ], [ 35.221568, 31.804804, 0.0 ], [ 35.221627, 31.804794, 0.0 ], [ 35.221736, 31.804765, 0.0 ], [ 35.221849, 31.80474, 0.0 ], [ 35.221958, 31.804722, 0.0 ], [ 35.22208, 31.804704, 0.0 ], [ 35.222197, 31.80469, 0.0 ], [ 35.222319, 31.804679, 0.0 ], [ 35.222453, 31.804665, 0.0 ], [ 35.222532, 31.804658, 0.0 ], [ 35.22265, 31.804643, 0.0 ], [ 35.222784, 31.804625, 0.0 ], [ 35.222884, 31.8046, 0.0 ], [ 35.222985, 31.804582, 0.0 ], [ 35.223098, 31.80455, 0.0 ], [ 35.223232, 31.804521, 0.0 ], [ 35.223324, 31.804489, 0.0 ], [ 35.223433, 31.80445, 0.0 ], [ 35.223534, 31.804425, 0.0 ], [ 35.223609, 31.804389, 0.0 ], [ 35.223693, 31.804357, 0.0 ], [ 35.223806, 31.804314, 0.0 ], [ 35.223894, 31.804282, 0.0 ], [ 35.224016, 31.804239, 0.0 ], [ 35.224142, 31.804203, 0.0 ], [ 35.224217, 31.804178, 0.0 ], [ 35.224309, 31.80416, 0.0 ], [ 35.224427, 31.804138, 0.0 ], [ 35.224557, 31.804113, 0.0 ], [ 35.224653, 31.804095, 0.0 ], [ 35.224741, 31.804077, 0.0 ], [ 35.224808, 31.80406, 0.0 ], [ 35.224938, 31.804031, 0.0 ], [ 35.225009, 31.804013, 0.0 ], [ 35.225085, 31.803995, 0.0 ], [ 35.22516, 31.803974, 0.0 ], [ 35.225252, 31.803963, 0.0 ], [ 35.225328, 31.803949, 0.0 ], [ 35.225416, 31.803948, 0.0 ], [ 35.225483, 31.803952, 0.0 ], [ 35.225579, 31.803966, 0.0 ], [ 35.225646, 31.803977, 0.0 ], [ 35.225697, 31.803995, 0.0 ], [ 35.225768, 31.804038, 0.0 ], [ 35.225831, 31.80407, 0.0 ], [ 35.225906, 31.80412, 0.0 ], [ 35.225956, 31.804163, 0.0 ], [ 35.226061, 31.804249, 0.0 ], [ 35.226137, 31.804317, 0.0 ], [ 35.226187, 31.804356, 0.0 ], [ 35.226246, 31.804421, 0.0 ], [ 35.226309, 31.804478, 0.0 ], [ 35.226434, 31.804557, 0.0 ], [ 35.22651, 31.80461, 0.0 ], [ 35.226636, 31.804639, 0.0 ], [ 35.226786, 31.804661, 0.0 ], [ 35.226921, 31.804682, 0.0 ], [ 35.227105, 31.804689, 0.0 ], [ 35.227231, 31.8047, 0.0 ], [ 35.227314, 31.804711, 0.0 ], [ 35.227403, 31.804725, 0.0 ], [ 35.227516, 31.804753, 0.0 ], [ 35.227667, 31.804793, 0.0 ], [ 35.22783, 31.804825, 0.0 ], [ 35.22796, 31.804857, 0.0 ], [ 35.228144, 31.8049, 0.0 ], [ 35.228295, 31.804932, 0.0 ], [ 35.22861, 31.804989, 0.0 ], [ 35.228744, 31.805018, 0.0 ], [ 35.22884, 31.805036, 0.0 ], [ 35.228937, 31.805047, 0.0 ], [ 35.229033, 31.805054, 0.0 ], [ 35.229121, 31.805054, 0.0 ], [ 35.229222, 31.805054, 0.0 ], [ 35.229335, 31.805043, 0.0 ], [ 35.229435, 31.805032, 0.0 ], [ 35.229565, 31.805029, 0.0 ], [ 35.229724, 31.805021, 0.0 ], [ 35.229867, 31.805014, 0.0 ], [ 35.230043, 31.805029, 0.0 ], [ 35.230198, 31.805039, 0.0 ], [ 35.230341, 31.80505, 0.0 ], [ 35.230479, 31.805075, 0.0 ], [ 35.230617, 31.805086, 0.0 ], [ 35.230776, 31.805111, 0.0 ], [ 35.230898, 31.805118, 0.0 ], [ 35.231011, 31.805121, 0.0 ], [ 35.23117, 31.805125, 0.0 ], [ 35.231231, 31.80513, 0.0 ] ] ] } },
{ "type": "Feature", "properties": { "Name": "" }, "geometry": { "type": "MultiLineString", "coordinates": [ [ [ 35.209303, 31.806747, 0.0 ], [ 35.209404, 31.806786, 0.0 ], [ 35.209427, 31.806798, 0.0 ] ] ] } },
{ "type": "Feature", "properties": { "Name": "" }, "geometry": { "type": "MultiLineString", "coordinates": [ [ [ 35.209069, 31.806727, 0.0 ], [ 35.2091, 31.806724, 0.0 ], [ 35.209188, 31.806724, 0.0 ], [ 35.209268, 31.806735, 0.0 ], [ 35.209286, 31.806742, 0.0 ] ] ] } },
{ "type": "Feature", "properties": { "Name": "" }, "geometry": { "type": "MultiLineString", "coordinates": [ [ [ 35.208883, 31.806777, 0.0 ], [ 35.208899, 31.806771, 0.0 ], [ 35.209024, 31.806731, 0.0 ], [ 35.209069, 31.806727, 0.0 ] ] ] } },
{ "type": "Feature", "properties": { "Name": "" }, "geometry": { "type": "MultiLineString", "coordinates": [ [ [ 35.2088, 31.806814, 0.0 ], [ 35.208839, 31.806798, 0.0 ], [ 35.208872, 31.806787, 0.0 ] ] ] } },
{ "type": "Feature", "properties": { "Name": "" }, "geometry": { "type": "MultiLineString", "coordinates": [ [ [ 35.208678, 31.806868, 0.0 ], [ 35.208735, 31.806846, 0.0 ], [ 35.2088, 31.806814, 0.0 ] ] ] } },
{ "type": "Feature", "properties": { "Name": "" }, "geometry": { "type": "MultiLineString", "coordinates": [ [ [ 35.20806, 31.807714, 0.0 ], [ 35.208099, 31.807699, 0.0 ], [ 35.208125, 31.807693, 0.0 ], [ 35.208143, 31.807694, 0.0 ], [ 35.208168, 31.807693, 0.0 ], [ 35.208226, 31.807696, 0.0 ], [ 35.208266, 31.807695, 0.0 ], [ 35.208326, 31.807694, 0.0 ], [ 35.208391, 31.807691, 0.0 ], [ 35.208442, 31.807682, 0.0 ], [ 35.208502, 31.807665, 0.0 ], [ 35.208542, 31.807653, 0.0 ], [ 35.20856, 31.807639, 0.0 ], [ 35.20863, 31.807605, 0.0 ], [ 35.208687, 31.807549, 0.0 ], [ 35.208713, 31.807522, 0.0 ], [ 35.208751, 31.807448, 0.0 ], [ 35.208765, 31.807389, 0.0 ], [ 35.208774, 31.807318, 0.0 ], [ 35.208771, 31.80728, 0.0 ], [ 35.208755, 31.807213, 0.0 ], [ 35.208748, 31.807179, 0.0 ], [ 35.208722, 31.807141, 0.0 ], [ 35.208696, 31.807094, 0.0 ], [ 35.208651, 31.807047, 0.0 ], [ 35.208619, 31.807017, 0.0 ], [ 35.208585, 31.806978, 0.0 ], [ 35.208576, 31.806939, 0.0 ], [ 35.208578, 31.806911, 0.0 ], [ 35.2086, 31.806898, 0.0 ], [ 35.208648, 31.80687, 0.0 ], [ 35.208678, 31.806868, 0.0 ] ] ] } },
{ "type": "Feature", "properties": { "Name": "" }, "geometry": { "type": "MultiLineString", "coordinates": [ [ [ 35.207536, 31.807794, 0.0 ], [ 35.207571, 31.807784, 0.0 ], [ 35.207627, 31.80778, 0.0 ], [ 35.207706, 31.807763, 0.0 ], [ 35.207839, 31.807744, 0.0 ], [ 35.207974, 31.807737, 0.0 ], [ 35.208001, 31.807734, 0.0 ], [ 35.208049, 31.807718, 0.0 ], [ 35.20806, 31.807714, 0.0 ] ] ] } },
{ "type": "Feature", "properties": { "Name": "" }, "geometry": { "type": "MultiLineString", "coordinates": [ [ [ 35.205363, 31.8064, 0.0 ], [ 35.2054, 31.806425, 0.0 ], [ 35.205493, 31.806503, 0.0 ], [ 35.205568, 31.806589, 0.0 ], [ 35.205625, 31.806676, 0.0 ], [ 35.205687, 31.806803, 0.0 ], [ 35.205769, 31.806993, 0.0 ], [ 35.205876, 31.807243, 0.0 ], [ 35.20591, 31.807316, 0.0 ], [ 35.20594, 31.807373, 0.0 ], [ 35.205967, 31.807425, 0.0 ], [ 35.206035, 31.807502, 0.0 ], [ 35.206113, 31.807569, 0.0 ], [ 35.206222, 31.807642, 0.0 ], [ 35.206307, 31.807683, 0.0 ], [ 35.206397, 31.807721, 0.0 ], [ 35.206568, 31.807756, 0.0 ], [ 35.206634, 31.807771, 0.0 ], [ 35.20671, 31.807777, 0.0 ], [ 35.206772, 31.807782, 0.0 ], [ 35.206825, 31.80779, 0.0 ], [ 35.206828, 31.80779, 0.0 ], [ 35.206877, 31.807795, 0.0 ], [ 35.206893, 31.807797, 0.0 ] ] ] } },
{ "type": "Feature", "properties": { "Name": "" }, "geometry": { "type": "MultiLineString", "coordinates": [ [ [ 35.204122, 31.806316, 0.0 ], [ 35.204131, 31.806304, 0.0 ], [ 35.204137, 31.806297, 0.0 ], [ 35.204145, 31.806288, 0.0 ] ] ] } },
{ "type": "Feature", "properties": { "Name": "" }, "geometry": { "type": "MultiLineString", "coordinates": [ [ [ 35.203672, 31.806439, 0.0 ], [ 35.20379, 31.806411, 0.0 ] ] ] } },
{ "type": "Feature", "properties": { "Name": "" }, "geometry": { "type": "MultiLineString", "coordinates": [ [ [ 35.194122, 31.798766, 0.0 ], [ 35.194213, 31.798791, 0.0 ], [ 35.194305, 31.798816, 0.0 ], [ 35.194417, 31.798844, 0.0 ], [ 35.19454, 31.798867, 0.0 ], [ 35.194663, 31.798906, 0.0 ], [ 35.194806, 31.798942, 0.0 ], [ 35.194895, 31.798974, 0.0 ], [ 35.194996, 31.799016, 0.0 ], [ 35.195049, 31.799039, 0.0 ], [ 35.195128, 31.799085, 0.0 ], [ 35.195183, 31.799117, 0.0 ], [ 35.195228, 31.799156, 0.0 ], [ 35.195277, 31.799196, 0.0 ], [ 35.195351, 31.79923, 0.0 ], [ 35.19538, 31.799299, 0.0 ], [ 35.195405, 31.799327, 0.0 ], [ 35.195447, 31.799348, 0.0 ], [ 35.195528, 31.799396, 0.0 ], [ 35.195604, 31.799436, 0.0 ], [ 35.195662, 31.799474, 0.0 ], [ 35.195684, 31.799511, 0.0 ], [ 35.195718, 31.799549, 0.0 ], [ 35.195758, 31.79957, 0.0 ], [ 35.195818, 31.799593, 0.0 ], [ 35.195876, 31.799614, 0.0 ], [ 35.195946, 31.799656, 0.0 ], [ 35.195995, 31.799696, 0.0 ], [ 35.196073, 31.799749, 0.0 ], [ 35.19614, 31.799799, 0.0 ], [ 35.196236, 31.799851, 0.0 ], [ 35.196375, 31.799923, 0.0 ], [ 35.196431, 31.799969, 0.0 ], [ 35.196518, 31.800028, 0.0 ], [ 35.196571, 31.800082, 0.0 ], [ 35.196645, 31.800139, 0.0 ], [ 35.196697, 31.800173, 0.0 ], [ 35.196799, 31.800223, 0.0 ], [ 35.1969, 31.800288, 0.0 ], [ 35.197126, 31.800439, 0.0 ], [ 35.197208, 31.800492, 0.0 ], [ 35.197275, 31.800547, 0.0 ], [ 35.197456, 31.800652, 0.0 ], [ 35.197678, 31.800796, 0.0 ], [ 35.197848, 31.800899, 0.0 ], [ 35.197933, 31.800962, 0.0 ], [ 35.197968, 31.801002, 0.0 ], [ 35.197997, 31.801034, 0.0 ], [ 35.198022, 31.80108, 0.0 ], [ 35.198055, 31.801133, 0.0 ], [ 35.198089, 31.801189, 0.0 ], [ 35.198114, 31.801233, 0.0 ], [ 35.198147, 31.801288, 0.0 ], [ 35.198203, 31.801376, 0.0 ], [ 35.198301, 31.801534, 0.0 ], [ 35.198366, 31.80162, 0.0 ], [ 35.198435, 31.801718, 0.0 ], [ 35.198514, 31.801807, 0.0 ], [ 35.198561, 31.801886, 0.0 ], [ 35.198643, 31.802006, 0.0 ], [ 35.198675, 31.802078, 0.0 ], [ 35.198697, 31.802155, 0.0 ], [ 35.198701, 31.802227, 0.0 ], [ 35.198719, 31.802307, 0.0 ], [ 35.198728, 31.802447, 0.0 ], [ 35.198735, 31.802546, 0.0 ], [ 35.198757, 31.802653, 0.0 ], [ 35.19878, 31.802768, 0.0 ], [ 35.198806, 31.802844, 0.0 ], [ 35.198847, 31.802966, 0.0 ], [ 35.198894, 31.803056, 0.0 ], [ 35.19892, 31.803111, 0.0 ], [ 35.198976, 31.803193, 0.0 ], [ 35.199025, 31.80326, 0.0 ], [ 35.19909, 31.803354, 0.0 ], [ 35.199164, 31.803451, 0.0 ], [ 35.199282, 31.803613, 0.0 ], [ 35.199338, 31.803711, 0.0 ], [ 35.199423, 31.803823, 0.0 ], [ 35.199464, 31.803882, 0.0 ], [ 35.199522, 31.803997, 0.0 ], [ 35.199721, 31.804323, 0.0 ], [ 35.199785, 31.804419, 0.0 ], [ 35.199835, 31.804491, 0.0 ], [ 35.199902, 31.804589, 0.0 ], [ 35.200369, 31.805156, 0.0 ], [ 35.200552, 31.805343, 0.0 ], [ 35.200684, 31.805474, 0.0 ], [ 35.200834, 31.805593, 0.0 ], [ 35.20112, 31.805816, 0.0 ], [ 35.20129, 31.805929, 0.0 ], [ 35.201343, 31.805965, 0.0 ], [ 35.201375, 31.805999, 0.0 ], [ 35.201442, 31.806062, 0.0 ], [ 35.201524, 31.806108, 0.0 ], [ 35.201734, 31.806215, 0.0 ], [ 35.201947, 31.806303, 0.0 ], [ 35.202186, 31.806389, 0.0 ], [ 35.202372, 31.806444, 0.0 ], [ 35.202559, 31.806486, 0.0 ], [ 35.202622, 31.806494, 0.0 ], [ 35.202729, 31.806503, 0.0 ], [ 35.20277, 31.8065, 0.0 ] ] ] } },
{ "type": "Feature", "properties": { "Name": "" }, "geometry": { "type": "MultiLineString", "coordinates": [ [ [ 35.188935, 31.801935, 0.0 ], [ 35.188965, 31.8019, 0.0 ], [ 35.189111, 31.801725, 0.0 ], [ 35.189272, 31.801555, 0.0 ], [ 35.189368, 31.801489, 0.0 ], [ 35.189616, 31.801368, 0.0 ], [ 35.190084, 31.80117, 0.0 ], [ 35.190422, 31.801025, 0.0 ], [ 35.190615, 31.800906, 0.0 ], [ 35.19072, 31.800784, 0.0 ], [ 35.190802, 31.800627, 0.0 ], [ 35.190858, 31.800539, 0.0 ], [ 35.190892, 31.800352, 0.0 ], [ 35.190899, 31.800165, 0.0 ], [ 35.190896, 31.799938, 0.0 ], [ 35.190908, 31.799768, 0.0 ], [ 35.190932, 31.799608, 0.0 ], [ 35.190986, 31.799436, 0.0 ], [ 35.191046, 31.79931, 0.0 ], [ 35.191138, 31.799193, 0.0 ], [ 35.191216, 31.799104, 0.0 ], [ 35.191314, 31.799041, 0.0 ], [ 35.191484, 31.799024, 0.0 ], [ 35.191663, 31.798987, 0.0 ], [ 35.191788, 31.798985, 0.0 ], [ 35.191862, 31.798968, 0.0 ], [ 35.191934, 31.798921, 0.0 ], [ 35.191987, 31.798886, 0.0 ], [ 35.192072, 31.798882, 0.0 ], [ 35.19226, 31.798888, 0.0 ], [ 35.192546, 31.798877, 0.0 ], [ 35.192711, 31.798869, 0.0 ], [ 35.192872, 31.798865, 0.0 ], [ 35.193, 31.798865, 0.0 ], [ 35.193103, 31.798841, 0.0 ], [ 35.193219, 31.798802, 0.0 ], [ 35.193293, 31.798795, 0.0 ], [ 35.193427, 31.798774, 0.0 ], [ 35.193554, 31.798766, 0.0 ], [ 35.193661, 31.798768, 0.0 ], [ 35.193737, 31.79877, 0.0 ], [ 35.193822, 31.798783, 0.0 ], [ 35.193945, 31.798806, 0.0 ], [ 35.193969, 31.798811, 0.0 ] ] ] } },
{ "type": "Feature", "properties": { "Name": "" }, "geometry": { "type": "MultiLineString", "coordinates": [ [ [ 35.188465, 31.802549, 0.0 ], [ 35.188511, 31.802494, 0.0 ], [ 35.188674, 31.802264, 0.0 ], [ 35.188726, 31.802179, 0.0 ], [ 35.188935, 31.801935, 0.0 ] ] ] } },
{ "type": "Feature", "properties": { "Name": "" }, "geometry": { "type": "MultiLineString", "coordinates": [ [ [ 35.18676, 31.804617, 0.0 ], [ 35.186817, 31.804617, 0.0 ], [ 35.186921, 31.804598, 0.0 ], [ 35.187009, 31.804557, 0.0 ], [ 35.187087, 31.80448, 0.0 ], [ 35.187129, 31.804365, 0.0 ], [ 35.187181, 31.804212, 0.0 ], [ 35.187253, 31.804109, 0.0 ], [ 35.187337, 31.803986, 0.0 ], [ 35.187418, 31.803868, 0.0 ], [ 35.187545, 31.803712, 0.0 ], [ 35.187673, 31.803565, 0.0 ], [ 35.187797, 31.803407, 0.0 ], [ 35.187889, 31.803317, 0.0 ], [ 35.187995, 31.803231, 0.0 ], [ 35.188072, 31.803177, 0.0 ], [ 35.18813, 31.803113, 0.0 ], [ 35.188258, 31.802906, 0.0 ], [ 35.188358, 31.802707, 0.0 ], [ 35.188427, 31.802596, 0.0 ], [ 35.188465, 31.802549, 0.0 ] ] ] } },
{ "type": "Feature", "properties": { "Name": "" }, "geometry": { "type": "MultiLineString", "coordinates": [ [ [ 35.18282, 31.804916 ], [ 35.182575, 31.804961 ], [ 35.182367, 31.805028 ] ], [ [ 35.182821, 31.804916 ], [ 35.182925, 31.804896 ], [ 35.183114, 31.804867 ], [ 35.183322, 31.804836 ], [ 35.183568, 31.804826 ], [ 35.18377, 31.804816 ], [ 35.183976, 31.804837 ], [ 35.184224, 31.80484 ], [ 35.18439, 31.804824 ], [ 35.184584, 31.804791 ], [ 35.18471, 31.804779 ], [ 35.184827, 31.80479 ], [ 35.18496, 31.804791 ], [ 35.185086, 31.804802 ], [ 35.185178, 31.804806 ], [ 35.185282, 31.804792 ], [ 35.185382, 31.804776 ], [ 35.185464, 31.804746 ], [ 35.185532, 31.804723 ], [ 35.185607, 31.804701 ], [ 35.185698, 31.804687 ], [ 35.185785, 31.804677 ], [ 35.185837, 31.804673 ], [ 35.185942, 31.804654 ], [ 35.186078, 31.804636 ], [ 35.1862, 31.804626 ], [ 35.186304, 31.80461 ], [ 35.186366, 31.804604 ], [ 35.186454, 31.8046 ], [ 35.186521, 31.8046 ], [ 35.186589, 31.80461 ], [ 35.186628, 31.804626 ], [ 35.18667, 31.804635 ] ] ] } },
{ "type": "Feature", "properties": { "Name": "" }, "geometry": { "type": "MultiLineString", "coordinates": [ [ [ 35.171576, 31.801517, 0.0 ], [ 35.171685, 31.80189, 0.0 ], [ 35.1717, 31.801945, 0.0 ], [ 35.171719, 31.802017, 0.0 ], [ 35.171749, 31.802122, 0.0 ], [ 35.171769, 31.802248, 0.0 ], [ 35.171782, 31.802299, 0.0 ], [ 35.171804, 31.802408, 0.0 ], [ 35.171822, 31.802487, 0.0 ], [ 35.171841, 31.802564, 0.0 ], [ 35.171879, 31.802676, 0.0 ], [ 35.171921, 31.8028, 0.0 ], [ 35.171978, 31.802909, 0.0 ], [ 35.17204, 31.803026, 0.0 ], [ 35.17209, 31.803097, 0.0 ], [ 35.172177, 31.803191, 0.0 ], [ 35.172318, 31.803342, 0.0 ], [ 35.172447, 31.803485, 0.0 ], [ 35.172531, 31.803589, 0.0 ], [ 35.172625, 31.803731, 0.0 ], [ 35.17268, 31.803817, 0.0 ], [ 35.172771, 31.80402, 0.0 ], [ 35.172796, 31.804092, 0.0 ], [ 35.172816, 31.804218, 0.0 ], [ 35.172836, 31.804314, 0.0 ], [ 35.172851, 31.804424, 0.0 ], [ 35.172876, 31.804507, 0.0 ], [ 35.172918, 31.804574, 0.0 ], [ 35.172958, 31.804618, 0.0 ] ] ] } },
{ "type": "Feature", "properties": { "Name": "" }, "geometry": { "type": "MultiLineString", "coordinates": [ [ [ 35.165748, 31.78925, 0.0 ], [ 35.165752, 31.789257, 0.0 ], [ 35.165864, 31.789507, 0.0 ], [ 35.165892, 31.789564, 0.0 ], [ 35.165921, 31.789621, 0.0 ], [ 35.165933, 31.789642, 0.0 ] ] ] } },
{ "type": "Feature", "properties": { "Name": "" }, "geometry": { "type": "MultiLineString", "coordinates": [ [ [ 35.154808, 31.773398, 0.0 ], [ 35.155119, 31.773404, 0.0 ], [ 35.155468, 31.773421, 0.0 ], [ 35.155752, 31.773452, 0.0 ], [ 35.155972, 31.773492, 0.0 ], [ 35.156275, 31.773556, 0.0 ], [ 35.156523, 31.773651, 0.0 ], [ 35.156779, 31.773767, 0.0 ], [ 35.156983, 31.773891, 0.0 ], [ 35.157216, 31.774026, 0.0 ], [ 35.157366, 31.77413, 0.0 ] ] ] } },
{ "type": "Feature", "properties": { "Name": "" }, "geometry": { "type": "MultiLineString", "coordinates": [ [ [ 35.192828, 31.731251, 0.0 ], [ 35.192664, 31.731012, 0.0 ], [ 35.192507, 31.730775, 0.0 ] ] ] } },
{ "type": "Feature", "properties": { "Name": "" }, "geometry": { "type": "MultiLineString", "coordinates": [ [ [ 35.202116, 31.812759, 0.0 ], [ 35.202051, 31.81282, 0.0 ], [ 35.201983, 31.812878, 0.0 ], [ 35.201753, 31.813057, 0.0 ], [ 35.201743, 31.813065, 0.0 ] ] ] } },
{ "type": "Feature", "properties": { "Name": "" }, "geometry": { "type": "MultiLineString", "coordinates": [ [ [ 35.20449, 31.811962, 0.0 ], [ 35.204437, 31.811941, 0.0 ], [ 35.20425, 31.811885, 0.0 ], [ 35.203895, 31.811856, 0.0 ], [ 35.203739, 31.811871, 0.0 ], [ 35.203598, 31.811889, 0.0 ], [ 35.203552, 31.811903, 0.0 ], [ 35.203512, 31.811914, 0.0 ], [ 35.203474, 31.811925, 0.0 ], [ 35.203446, 31.811932, 0.0 ] ] ] } },
{ "type": "Feature", "properties": { "Name": "" }, "geometry": { "type": "MultiLineString", "coordinates": [ [ [ 35.206691, 31.813415, 0.0 ], [ 35.204982, 31.812197, 0.0 ] ] ] } },
{ "type": "Feature", "properties": { "Name": "" }, "geometry": { "type": "MultiLineString", "coordinates": [ [ [ 35.20727, 31.813913, 0.0 ], [ 35.207265, 31.813878, 0.0 ] ] ] } },
{ "type": "Feature", "properties": { "Name": "" }, "geometry": { "type": "MultiLineString", "coordinates": [ [ [ 35.207929, 31.815587, 0.0 ], [ 35.207952, 31.815517, 0.0 ], [ 35.208023, 31.815238, 0.0 ], [ 35.208031, 31.815069, 0.0 ], [ 35.208009, 31.814893, 0.0 ], [ 35.207954, 31.814729, 0.0 ], [ 35.207876, 31.814567, 0.0 ], [ 35.207875, 31.814565, 0.0 ] ] ] } },
{ "type": "Feature", "properties": { "Name": "" }, "geometry": { "type": "MultiLineString", "coordinates": [ [ [ 35.207676, 31.816441, 0.0 ], [ 35.207708, 31.816275, 0.0 ] ] ] } },
{ "type": "Feature", "properties": { "Name": "" }, "geometry": { "type": "MultiLineString", "coordinates": [ [ [ 35.207545, 31.816826, 0.0 ], [ 35.207587, 31.816689, 0.0 ] ] ] } },
{ "type": "Feature", "properties": { "Name": "" }, "geometry": { "type": "MultiLineString", "coordinates": [ [ [ 35.208108, 31.78362, 0.0 ], [ 35.208092, 31.783573, 0.0 ], [ 35.208067, 31.783467, 0.0 ], [ 35.208064, 31.783364, 0.0 ], [ 35.20807, 31.783243, 0.0 ], [ 35.208076, 31.783232, 0.0 ] ] ] } },
{ "type": "Feature", "properties": { "Name": "" }, "geometry": { "type": "MultiLineString", "coordinates": [ [ [ 35.208266, 31.782278, 0.0 ], [ 35.208262, 31.782078, 0.0 ], [ 35.208264, 31.782001, 0.0 ], [ 35.208265, 31.781994, 0.0 ] ] ] } },
{ "type": "Feature", "properties": { "Name": "" }, "geometry": { "type": "MultiLineString", "coordinates": [ [ [ 35.199688, 31.761581, 0.0 ], [ 35.199611, 31.761465, 0.0 ], [ 35.199597, 31.761399, 0.0 ], [ 35.199615, 31.76133, 0.0 ], [ 35.199662, 31.761249, 0.0 ], [ 35.199676, 31.761214, 0.0 ] ] ] } },
{ "type": "Feature", "properties": { "Name": "" }, "geometry": { "type": "MultiLineString", "coordinates": [ [ [ 35.1997, 31.761188, 0.0 ], [ 35.199719, 31.76115, 0.0 ] ] ] } },
{ "type": "Feature", "properties": { "Name": "" }, "geometry": { "type": "MultiLineString", "coordinates": [ [ [ 35.199717, 31.761138, 0.0 ], [ 35.199752, 31.761071, 0.0 ], [ 35.199756, 31.760985, 0.0 ] ] ] } },
{ "type": "Feature", "properties": { "Name": "" }, "geometry": { "type": "MultiLineString", "coordinates": [ [ [ 35.191108, 31.753791, 0.0 ], [ 35.191156, 31.753882, 0.0 ], [ 35.191254, 31.754014, 0.0 ], [ 35.191382, 31.754225, 0.0 ], [ 35.191446, 31.754339, 0.0 ], [ 35.191511, 31.754473, 0.0 ], [ 35.191571, 31.754646, 0.0 ], [ 35.191643, 31.754846, 0.0 ], [ 35.191732, 31.755067, 0.0 ], [ 35.191832, 31.755324, 0.0 ], [ 35.191901, 31.755527, 0.0 ], [ 35.191947, 31.755599, 0.0 ], [ 35.192027, 31.755748, 0.0 ], [ 35.192049, 31.755835, 0.0 ], [ 35.19207, 31.755872, 0.0 ], [ 35.192125, 31.755901, 0.0 ], [ 35.192155, 31.755929, 0.0 ], [ 35.192169, 31.755957, 0.0 ], [ 35.192189, 31.755972, 0.0 ], [ 35.19219, 31.755973, 0.0 ] ] ] } },
{ "type": "Feature", "properties": { "Name": "" }, "geometry": { "type": "MultiLineString", "coordinates": [ [ [ 35.190653, 31.753203, 0.0 ], [ 35.19077, 31.75327, 0.0 ], [ 35.190865, 31.753351, 0.0 ], [ 35.190978, 31.753471, 0.0 ], [ 35.191007, 31.753513, 0.0 ], [ 35.191056, 31.753637, 0.0 ], [ 35.191087, 31.75375, 0.0 ], [ 35.191108, 31.753791, 0.0 ] ] ] } },
{ "type": "Feature", "properties": { "Name": "" }, "geometry": { "type": "MultiLineString", "coordinates": [ [ [ 35.189899, 31.752406, 0.0 ], [ 35.189911, 31.752447, 0.0 ], [ 35.189933, 31.752472, 0.0 ] ] ] } },
{ "type": "Feature", "properties": { "Name": "" }, "geometry": { "type": "MultiLineString", "coordinates": [ [ [ 35.190015, 31.752579, 0.0 ], [ 35.190047, 31.752633, 0.0 ] ] ] } },
{ "type": "Feature", "properties": { "Name": "" }, "geometry": { "type": "MultiLineString", "coordinates": [ [ [ 35.190088, 31.752659, 0.0 ], [ 35.190147, 31.752688, 0.0 ] ] ] } },
{ "type": "Feature", "properties": { "Name": "" }, "geometry": { "type": "MultiLineString", "coordinates": [ [ [ 35.189551, 31.768809, 0.0 ], [ 35.189545, 31.768815, 0.0 ], [ 35.18946, 31.768854, 0.0 ], [ 35.189351, 31.768866, 0.0 ], [ 35.189246, 31.768951, 0.0 ], [ 35.189067, 31.769115, 0.0 ], [ 35.18901, 31.769182, 0.0 ], [ 35.18901, 31.769234, 0.0 ], [ 35.189055, 31.769253, 0.0 ], [ 35.189116, 31.769257, 0.0 ], [ 35.189152, 31.769241, 0.0 ], [ 35.189273, 31.769101, 0.0 ], [ 35.189398, 31.769004, 0.0 ], [ 35.189488, 31.768954, 0.0 ], [ 35.189592, 31.768939, 0.0 ], [ 35.189702, 31.76899, 0.0 ], [ 35.189744, 31.769061, 0.0 ], [ 35.189743, 31.76907, 0.0 ] ] ] } },
{ "type": "Feature", "properties": { "Name": "" }, "geometry": { "type": "MultiLineString", "coordinates": [ [ [ 35.190967, 31.768106, 0.0 ], [ 35.190728, 31.76828, 0.0 ], [ 35.190628, 31.768393, 0.0 ], [ 35.190552, 31.76841, 0.0 ] ] ] } },
{ "type": "Feature", "properties": { "Name": "" }, "geometry": { "type": "MultiLineString", "coordinates": [ [ [ 35.190399, 31.768345, 0.0 ], [ 35.190374, 31.768334, 0.0 ], [ 35.190213, 31.768291, 0.0 ], [ 35.190177, 31.768293, 0.0 ] ] ] } },
{ "type": "Feature", "properties": { "Name": "" }, "geometry": { "type": "MultiLineString", "coordinates": [ [ [ 35.189881, 31.768417, 0.0 ], [ 35.189862, 31.768427, 0.0 ], [ 35.189657, 31.768693, 0.0 ], [ 35.189646, 31.768705, 0.0 ] ] ] } },
{ "type": "Feature", "properties": { "Name": "" }, "geometry": { "type": "MultiLineString", "coordinates": [ [ [ 35.190177, 31.768293, 0.0 ], [ 35.190131, 31.768297, 0.0 ], [ 35.189881, 31.768417, 0.0 ] ] ] } },
{ "type": "Feature", "properties": { "Name": "" }, "geometry": { "type": "MultiLineString", "coordinates": [ [ [ 35.190552, 31.76841, 0.0 ], [ 35.190548, 31.76841, 0.0 ], [ 35.190399, 31.768345, 0.0 ] ] ] } },
{ "type": "Feature", "properties": { "Name": "" }, "geometry": { "type": "MultiLineString", "coordinates": [ [ [ 35.189646, 31.768705, 0.0 ], [ 35.189551, 31.768809, 0.0 ] ] ] } },
{ "type": "Feature", "properties": { "Name": "" }, "geometry": { "type": "MultiLineString", "coordinates": [ [ [ 35.181621, 31.787488, 0.0 ], [ 35.181758, 31.787501, 0.0 ], [ 35.181941, 31.787491, 0.0 ], [ 35.182198, 31.787518, 0.0 ], [ 35.182343, 31.787533, 0.0 ], [ 35.182568, 31.787568, 0.0 ], [ 35.182593, 31.787571, 0.0 ], [ 35.182594, 31.787571, 0.0 ], [ 35.182831, 31.787603, 0.0 ], [ 35.182924, 31.787616, 0.0 ] ] ] } },
{ "type": "Feature", "properties": { "Name": "" }, "geometry": { "type": "MultiLineString", "coordinates": [ [ [ 35.183281, 31.787659, 0.0 ], [ 35.183474, 31.787682, 0.0 ], [ 35.183594, 31.787696, 0.0 ], [ 35.183928, 31.787735, 0.0 ] ] ] } },
{ "type": "Feature", "properties": { "Name": "" }, "geometry": { "type": "MultiLineString", "coordinates": [ [ [ 35.190664, 31.787719, 0.0 ], [ 35.190597, 31.787701, 0.0 ], [ 35.190249, 31.787705, 0.0 ], [ 35.189902, 31.787709, 0.0 ] ] ] } },
{ "type": "Feature", "properties": { "Name": "" }, "geometry": { "type": "MultiLineString", "coordinates": [ [ [ 35.187543, 31.787755, 0.0 ], [ 35.187349, 31.787742, 0.0 ], [ 35.186969, 31.787739, 0.0 ], [ 35.186742, 31.787749, 0.0 ], [ 35.186283, 31.787752, 0.0 ], [ 35.185926, 31.787749, 0.0 ] ] ] } },
{ "type": "Feature", "properties": { "Name": "" }, "geometry": { "type": "MultiLineString", "coordinates": [ [ [ 35.203567, 31.775422, 0.0 ], [ 35.203568, 31.775421, 0.0 ], [ 35.203663, 31.775321, 0.0 ], [ 35.203808, 31.775122, 0.0 ] ] ] } },
{ "type": "Feature", "properties": { "Name": "" }, "geometry": { "type": "MultiLineString", "coordinates": [ [ [ 35.201927, 31.777294, 0.0 ], [ 35.201933, 31.77729, 0.0 ], [ 35.202225, 31.776999, 0.0 ], [ 35.202539, 31.776699, 0.0 ], [ 35.202568, 31.77665, 0.0 ] ] ] } },
{ "type": "Feature", "properties": { "Name": "" }, "geometry": { "type": "MultiLineString", "coordinates": [ [ [ 35.20097, 31.778254, 0.0 ], [ 35.200975, 31.778249, 0.0 ], [ 35.201049, 31.778204, 0.0 ], [ 35.201455, 31.777799, 0.0 ], [ 35.201512, 31.777724, 0.0 ] ] ] } },
{ "type": "Feature", "properties": { "Name": "" }, "geometry": { "type": "MultiLineString", "coordinates": [ [ [ 35.198171, 31.779198, 0.0 ], [ 35.198236, 31.779199, 0.0 ] ] ] } },
{ "type": "Feature", "properties": { "Name": "" }, "geometry": { "type": "MultiLineString", "coordinates": [ [ [ 35.198394, 31.779354, 0.0 ], [ 35.198429, 31.779317, 0.0 ] ] ] } },
{ "type": "Feature", "properties": { "Name": "" }, "geometry": { "type": "MultiLineString", "coordinates": [ [ [ 35.198324, 31.779429, 0.0 ], [ 35.198345, 31.779405, 0.0 ], [ 35.198363, 31.779386, 0.0 ] ] ] } },
{ "type": "Feature", "properties": { "Name": "" }, "geometry": { "type": "MultiLineString", "coordinates": [ [ [ 35.197386, 31.779417, 0.0 ], [ 35.197388, 31.779415, 0.0 ], [ 35.197441, 31.779394, 0.0 ], [ 35.197444, 31.779393, 0.0 ] ] ] } },
{ "type": "Feature", "properties": { "Name": "" }, "geometry": { "type": "MultiLineString", "coordinates": [ [ [ 35.197039, 31.779817, 0.0 ], [ 35.197056, 31.779753, 0.0 ], [ 35.19706, 31.779746, 0.0 ] ] ] } },
{ "type": "Feature", "properties": { "Name": "" }, "geometry": { "type": "MultiLineString", "coordinates": [ [ [ 35.197116, 31.779625, 0.0 ], [ 35.197118, 31.779621, 0.0 ], [ 35.197188, 31.779561, 0.0 ] ] ] } },
{ "type": "Feature", "properties": { "Name": "" }, "geometry": { "type": "MultiLineString", "coordinates": [ [ [ 35.198094, 31.77921, 0.0 ], [ 35.198139, 31.779197, 0.0 ], [ 35.198149, 31.779197, 0.0 ] ] ] } },
{ "type": "Feature", "properties": { "Name": "" }, "geometry": { "type": "MultiLineString", "coordinates": [ [ [ 35.198784, 31.780319, 0.0 ], [ 35.198797, 31.780269, 0.0 ], [ 35.198771, 31.780184, 0.0 ], [ 35.198698, 31.780046, 0.0 ] ] ] } },
{ "type": "Feature", "properties": { "Name": "" }, "geometry": { "type": "MultiLineString", "coordinates": [ [ [ 35.198698, 31.780046, 0.0 ], [ 35.198695, 31.780039, 0.0 ], [ 35.198523, 31.779817, 0.0 ], [ 35.198356, 31.779578, 0.0 ], [ 35.198354, 31.779571, 0.0 ], [ 35.198354, 31.77957, 0.0 ] ] ] } },
{ "type": "Feature", "properties": { "Name": "" }, "geometry": { "type": "MultiLineString", "coordinates": [ [ [ 35.197654, 31.781949 ], [ 35.197231, 31.782175 ], [ 35.196965, 31.782265 ], [ 35.196677, 31.782339 ], [ 35.196385, 31.782405 ] ], [ [ 35.198184, 31.78146 ], [ 35.198179, 31.781457 ] ] ] } },
{ "type": "Feature", "properties": { "Name": "" }, "geometry": { "type": "MultiLineString", "coordinates": [ [ [ 35.197718, 31.781907, 0.0 ], [ 35.197686, 31.781932, 0.0 ], [ 35.197654, 31.781949, 0.0 ] ] ] } },
{ "type": "Feature", "properties": { "Name": "" }, "geometry": { "type": "MultiLineString", "coordinates": [ [ [ 35.197957, 31.78169, 0.0 ], [ 35.197846, 31.781807, 0.0 ], [ 35.197718, 31.781907, 0.0 ] ] ] } },
{ "type": "Feature", "properties": { "Name": "" }, "geometry": { "type": "MultiLineString", "coordinates": [ [ [ 35.198059, 31.781583, 0.0 ], [ 35.197957, 31.78169, 0.0 ] ] ] } },
{ "type": "Feature", "properties": { "Name": "" }, "geometry": { "type": "MultiLineString", "coordinates": [ [ [ 35.198179, 31.781457 ], [ 35.198059, 31.781583 ] ], [ [ 35.198179, 31.781457 ], [ 35.198359, 31.781224 ], [ 35.198382, 31.781189 ] ] ] } },
{ "type": "Feature", "properties": { "Name": "" }, "geometry": { "type": "MultiLineString", "coordinates": [ [ [ 35.198698, 31.780553, 0.0 ], [ 35.198733, 31.780484, 0.0 ], [ 35.198769, 31.78038, 0.0 ], [ 35.198784, 31.780319, 0.0 ] ] ] } },
{ "type": "Feature", "properties": { "Name": "" }, "geometry": { "type": "MultiLineString", "coordinates": [ [ [ 35.213469, 31.768892, 0.0 ], [ 35.21352, 31.768878, 0.0 ] ] ] } },
{ "type": "Feature", "properties": { "Name": "" }, "geometry": { "type": "MultiLineString", "coordinates": [ [ [ 35.213166, 31.769197, 0.0 ], [ 35.213204, 31.769122, 0.0 ] ] ] } },
{ "type": "Feature", "properties": { "Name": "" }, "geometry": { "type": "MultiLineString", "coordinates": [ [ [ 35.215504, 31.768528, 0.0 ], [ 35.216118, 31.768365, 0.0 ] ] ] } },
{ "type": "Feature", "properties": { "Name": "" }, "geometry": { "type": "MultiLineString", "coordinates": [ [ [ 35.224194, 31.768984, 0.0 ], [ 35.224173, 31.768909, 0.0 ], [ 35.224108, 31.768718, 0.0 ], [ 35.224095, 31.768617, 0.0 ], [ 35.224082, 31.768499, 0.0 ], [ 35.224069, 31.768432, 0.0 ], [ 35.224015, 31.768189, 0.0 ] ] ] } },
{ "type": "Feature", "properties": { "Name": "" }, "geometry": { "type": "MultiLineString", "coordinates": [ [ [ 35.223908, 31.76799, 0.0 ], [ 35.223952, 31.767796, 0.0 ] ] ] } },
{ "type": "Feature", "properties": { "Name": "" }, "geometry": { "type": "MultiLineString", "coordinates": [ [ [ 35.224534, 31.764977, 0.0 ], [ 35.224563, 31.764744, 0.0 ], [ 35.224556, 31.764538, 0.0 ], [ 35.224554, 31.764524, 0.0 ] ] ] } },
{ "type": "Feature", "properties": { "Name": "" }, "geometry": { "type": "MultiLineString", "coordinates": [ [ [ 35.197958, 31.750212, 0.0 ], [ 35.198003, 31.750299, 0.0 ] ] ] } },
{ "type": "Feature", "properties": { "Name": "" }, "geometry": { "type": "MultiLineString", "coordinates": [ [ [ 35.19801, 31.750362, 0.0 ], [ 35.198093, 31.750464, 0.0 ], [ 35.198123, 31.750527, 0.0 ], [ 35.198127, 31.750654, 0.0 ], [ 35.198144, 31.750823, 0.0 ], [ 35.198183, 31.750902, 0.0 ], [ 35.198343, 31.75125, 0.0 ], [ 35.198403, 31.751417, 0.0 ], [ 35.198408, 31.751459, 0.0 ], [ 35.198418, 31.751538, 0.0 ] ] ] } },
{ "type": "Feature", "properties": { "Name": "" }, "geometry": { "type": "MultiLineString", "coordinates": [ [ [ 35.198168, 31.749765, 0.0 ], [ 35.198147, 31.749393, 0.0 ], [ 35.198132, 31.74921, 0.0 ], [ 35.198132, 31.749147, 0.0 ] ] ] } },
{ "type": "Feature", "properties": { "Name": "" }, "geometry": { "type": "MultiLineString", "coordinates": [ [ [ 35.198125, 31.749094, 0.0 ], [ 35.198126, 31.748953, 0.0 ] ] ] } },
{ "type": "Feature", "properties": { "Name": "" }, "geometry": { "type": "MultiLineString", "coordinates": [ [ [ 35.19812, 31.748933, 0.0 ], [ 35.198094, 31.748606, 0.0 ], [ 35.198086, 31.748333, 0.0 ] ] ] } },
{ "type": "Feature", "properties": { "Name": "" }, "geometry": { "type": "MultiLineString", "coordinates": [ [ [ 35.19804, 31.747321, 0.0 ], [ 35.198037, 31.747161, 0.0 ] ] ] } },
{ "type": "Feature", "properties": { "Name": "" }, "geometry": { "type": "MultiLineString", "coordinates": [ [ [ 35.198035, 31.747083, 0.0 ], [ 35.198033, 31.74698, 0.0 ] ] ] } },
{ "type": "Feature", "properties": { "Name": "" }, "geometry": { "type": "MultiLineString", "coordinates": [ [ [ 35.198011, 31.746814, 0.0 ], [ 35.197986, 31.746459, 0.0 ], [ 35.197968, 31.746045, 0.0 ], [ 35.197959, 31.745754, 0.0 ], [ 35.197933, 31.745255, 0.0 ], [ 35.197904, 31.744889, 0.0 ], [ 35.197886, 31.74466, 0.0 ], [ 35.197881, 31.744491, 0.0 ], [ 35.197861, 31.744273, 0.0 ] ] ] } },
{ "type": "Feature", "properties": { "Name": "" }, "geometry": { "type": "MultiLineString", "coordinates": [ [ [ 35.197567, 31.743193, 0.0 ], [ 35.19752, 31.743174, 0.0 ], [ 35.197467, 31.743157, 0.0 ] ] ] } },
{ "type": "Feature", "properties": { "Name": "" }, "geometry": { "type": "MultiLineString", "coordinates": [ [ [ 35.197665, 31.743385, 0.0 ], [ 35.197578, 31.743195, 0.0 ] ] ] } },
{ "type": "Feature", "properties": { "Name": "" }, "geometry": { "type": "MultiLineString", "coordinates": [ [ [ 35.197686, 31.743443, 0.0 ], [ 35.197677, 31.743411, 0.0 ], [ 35.197671, 31.743394, 0.0 ] ] ] } },
{ "type": "Feature", "properties": { "Name": "" }, "geometry": { "type": "MultiLineString", "coordinates": [ [ [ 35.19777, 31.743727, 0.0 ], [ 35.197686, 31.743443, 0.0 ] ] ] } },
{ "type": "Feature", "properties": { "Name": "" }, "geometry": { "type": "MultiLineString", "coordinates": [ [ [ 35.197419, 31.743106, 0.0 ], [ 35.197411, 31.743017, 0.0 ], [ 35.197386, 31.742915, 0.0 ], [ 35.197265, 31.742767, 0.0 ], [ 35.197107, 31.742565, 0.0 ], [ 35.196952, 31.742408, 0.0 ], [ 35.196804, 31.742247, 0.0 ], [ 35.196631, 31.742055, 0.0 ], [ 35.196554, 31.741965, 0.0 ] ] ] } },
{ "type": "Feature", "properties": { "Name": "" }, "geometry": { "type": "MultiLineString", "coordinates": [ [ [ 35.196092, 31.741507, 0.0 ], [ 35.19609, 31.741499, 0.0 ], [ 35.196049, 31.741409, 0.0 ], [ 35.195945, 31.741294, 0.0 ], [ 35.195873, 31.741188, 0.0 ], [ 35.195775, 31.741038, 0.0 ], [ 35.195681, 31.740896, 0.0 ], [ 35.195603, 31.740819, 0.0 ] ] ] } },
{ "type": "Feature", "properties": { "Name": "" }, "geometry": { "type": "MultiLineString", "coordinates": [ [ [ 35.195614, 31.740811, 0.0 ], [ 35.195614, 31.740772, 0.0 ] ] ] } },
{ "type": "Feature", "properties": { "Name": "" }, "geometry": { "type": "MultiLineString", "coordinates": [ [ [ 35.195573, 31.74071, 0.0 ], [ 35.195546, 31.740673, 0.0 ] ] ] } },
{ "type": "Feature", "properties": { "Name": "" }, "geometry": { "type": "MultiLineString", "coordinates": [ [ [ 35.195544, 31.740668, 0.0 ], [ 35.195506, 31.740602, 0.0 ] ] ] } },
{ "type": "Feature", "properties": { "Name": "" }, "geometry": { "type": "MultiLineString", "coordinates": [ [ [ 35.1955, 31.740594, 0.0 ], [ 35.19546, 31.740538, 0.0 ] ] ] } },
{ "type": "Feature", "properties": { "Name": "" }, "geometry": { "type": "MultiLineString", "coordinates": [ [ [ 35.195127, 31.739933, 0.0 ], [ 35.195113, 31.739872, 0.0 ], [ 35.195008, 31.739611, 0.0 ], [ 35.194918, 31.739268, 0.0 ], [ 35.194865, 31.738873, 0.0 ], [ 35.194817, 31.738598, 0.0 ], [ 35.194812, 31.738564, 0.0 ] ] ] } },
{ "type": "Feature", "properties": { "Name": "" }, "geometry": { "type": "MultiLineString", "coordinates": [ [ [ 35.19483, 31.73845, 0.0 ], [ 35.19477, 31.738445, 0.0 ], [ 35.19472, 31.738244, 0.0 ], [ 35.194704, 31.738171, 0.0 ], [ 35.194665, 31.737895, 0.0 ], [ 35.19462, 31.737469, 0.0 ] ] ] } },
{ "type": "Feature", "properties": { "Name": "" }, "geometry": { "type": "MultiLineString", "coordinates": [ [ [ 35.194644, 31.737398, 0.0 ], [ 35.194654, 31.737341, 0.0 ] ] ] } },
{ "type": "Feature", "properties": { "Name": "" }, "geometry": { "type": "MultiLineString", "coordinates": [ [ [ 35.194643, 31.737188, 0.0 ], [ 35.194657, 31.737088, 0.0 ], [ 35.19464, 31.736938, 0.0 ], [ 35.194604, 31.73674, 0.0 ], [ 35.194571, 31.736544, 0.0 ], [ 35.194552, 31.736379, 0.0 ], [ 35.194516, 31.736294, 0.0 ] ] ] } },
{ "type": "Feature", "properties": { "Name": "" }, "geometry": { "type": "MultiLineString", "coordinates": [ [ [ 35.194511, 31.736265, 0.0 ], [ 35.194514, 31.736221, 0.0 ] ] ] } },
{ "type": "Feature", "properties": { "Name": "" }, "geometry": { "type": "MultiLineString", "coordinates": [ [ [ 35.194493, 31.736133, 0.0 ], [ 35.194485, 31.736075, 0.0 ] ] ] } },
{ "type": "Feature", "properties": { "Name": "" }, "geometry": { "type": "MultiLineString", "coordinates": [ [ [ 35.194481, 31.736055, 0.0 ], [ 35.194495, 31.736006, 0.0 ], [ 35.194478, 31.735929, 0.0 ], [ 35.194446, 31.735728, 0.0 ], [ 35.194411, 31.735505, 0.0 ], [ 35.194392, 31.735362, 0.0 ], [ 35.194359, 31.735184, 0.0 ], [ 35.19433, 31.734966, 0.0 ], [ 35.194326, 31.734844, 0.0 ], [ 35.194319, 31.734705, 0.0 ], [ 35.194322, 31.734571, 0.0 ], [ 35.194311, 31.734379, 0.0 ], [ 35.194317, 31.734159, 0.0 ] ] ] } },
{ "type": "Feature", "properties": { "Name": "" }, "geometry": { "type": "MultiLineString", "coordinates": [ [ [ 35.194384, 31.732923, 0.0 ], [ 35.194375, 31.732889, 0.0 ], [ 35.194346, 31.73284, 0.0 ], [ 35.194248, 31.732771, 0.0 ], [ 35.194127, 31.732694, 0.0 ], [ 35.194027, 31.732661, 0.0 ], [ 35.193958, 31.732626, 0.0 ], [ 35.19393, 31.732582, 0.0 ], [ 35.193912, 31.732552, 0.0 ], [ 35.193804, 31.732472, 0.0 ], [ 35.193737, 31.732397, 0.0 ], [ 35.193587, 31.732255, 0.0 ], [ 35.19344, 31.73211, 0.0 ], [ 35.193352, 31.732005, 0.0 ], [ 35.19329, 31.731936, 0.0 ], [ 35.193178, 31.731797, 0.0 ], [ 35.19312, 31.731702, 0.0 ], [ 35.193066, 31.731637, 0.0 ], [ 35.193064, 31.731634, 0.0 ] ] ] } },
{ "type": "Feature", "properties": { "Name": "" }, "geometry": { "type": "MultiLineString", "coordinates": [ [ [ 35.192498, 31.730759, 0.0 ], [ 35.192487, 31.730708, 0.0 ] ] ] } },
{ "type": "Feature", "properties": { "Name": "" }, "geometry": { "type": "MultiLineString", "coordinates": [ [ [ 35.192465, 31.730656, 0.0 ], [ 35.192411, 31.730635, 0.0 ] ] ] } },
{ "type": "Feature", "properties": { "Name": "" }, "geometry": { "type": "MultiLineString", "coordinates": [ [ [ 35.192404, 31.730617, 0.0 ], [ 35.192387, 31.730521, 0.0 ], [ 35.192308, 31.730432, 0.0 ], [ 35.192206, 31.730348, 0.0 ], [ 35.192152, 31.730314, 0.0 ] ] ] } },
{ "type": "Feature", "properties": { "Name": "" }, "geometry": { "type": "MultiLineString", "coordinates": [ [ [ 35.192144, 31.73031, 0.0 ], [ 35.192011, 31.730235, 0.0 ] ] ] } },
{ "type": "Feature", "properties": { "Name": "" }, "geometry": { "type": "MultiLineString", "coordinates": [ [ [ 35.192011, 31.730235, 0.0 ], [ 35.191832, 31.730149, 0.0 ], [ 35.191744, 31.730119, 0.0 ], [ 35.191642, 31.730078, 0.0 ], [ 35.191513, 31.730046, 0.0 ], [ 35.191406, 31.73002, 0.0 ], [ 35.191283, 31.729999, 0.0 ], [ 35.191123, 31.729981, 0.0 ], [ 35.190901, 31.729974, 0.0 ], [ 35.190758, 31.729981, 0.0 ], [ 35.190571, 31.730004, 0.0 ], [ 35.190423, 31.730029, 0.0 ], [ 35.19028, 31.730085, 0.0 ], [ 35.190109, 31.730185, 0.0 ], [ 35.18996, 31.730257, 0.0 ], [ 35.189877, 31.730296, 0.0 ], [ 35.189747, 31.730378, 0.0 ], [ 35.189638, 31.730467, 0.0 ], [ 35.189581, 31.730534, 0.0 ], [ 35.189519, 31.730643, 0.0 ], [ 35.189518, 31.73067, 0.0 ] ] ] } },
{ "type": "Feature", "properties": { "Name": "" }, "geometry": { "type": "MultiLineString", "coordinates": [ [ [ 35.189395, 31.730704, 0.0 ], [ 35.189349, 31.730738, 0.0 ], [ 35.189349, 31.730739, 0.0 ] ] ] } },
{ "type": "Feature", "properties": { "Name": "" }, "geometry": { "type": "MultiLineString", "coordinates": [ [ [ 35.189038, 31.730672, 0.0 ], [ 35.188959, 31.730616, 0.0 ] ] ] } },
{ "type": "Feature", "properties": { "Name": "" }, "geometry": { "type": "MultiLineString", "coordinates": [ [ [ 35.188883, 31.730646, 0.0 ], [ 35.188867, 31.73069, 0.0 ], [ 35.188703, 31.730847, 0.0 ], [ 35.188627, 31.73093, 0.0 ], [ 35.188553, 31.730995, 0.0 ] ] ] } },
{ "type": "Feature", "properties": { "Name": "" }, "geometry": { "type": "MultiLineString", "coordinates": [ [ [ 35.187759, 31.731708, 0.0 ], [ 35.187584, 31.731807, 0.0 ], [ 35.187466, 31.731864, 0.0 ], [ 35.187204, 31.731989, 0.0 ] ] ] } },
{ "type": "Feature", "properties": { "Name": "" }, "geometry": { "type": "MultiLineString", "coordinates": [ [ [ 35.187005, 31.73207, 0.0 ], [ 35.186863, 31.732082, 0.0 ], [ 35.186768, 31.732073, 0.0 ] ] ] } },
{ "type": "Feature", "properties": { "Name": "" }, "geometry": { "type": "MultiLineString", "coordinates": [ [ [ 35.186749, 31.732125, 0.0 ], [ 35.186747, 31.732131, 0.0 ], [ 35.186672, 31.732159, 0.0 ], [ 35.186667, 31.732161, 0.0 ] ] ] } },
{ "type": "Feature", "properties": { "Name": "" }, "geometry": { "type": "MultiLineString", "coordinates": [ [ [ 35.186549, 31.732199, 0.0 ], [ 35.186464, 31.732221, 0.0 ] ] ] } },
{ "type": "Feature", "properties": { "Name": "" }, "geometry": { "type": "MultiLineString", "coordinates": [ [ [ 35.184105, 31.732545, 0.0 ], [ 35.183982, 31.732572, 0.0 ], [ 35.183902, 31.732597, 0.0 ], [ 35.183749, 31.732639, 0.0 ], [ 35.183637, 31.732677, 0.0 ], [ 35.183529, 31.732715, 0.0 ], [ 35.183381, 31.732774, 0.0 ], [ 35.183279, 31.732816, 0.0 ], [ 35.183156, 31.732879, 0.0 ], [ 35.183011, 31.732945, 0.0 ], [ 35.182891, 31.733009, 0.0 ], [ 35.182736, 31.733104, 0.0 ], [ 35.182653, 31.733161, 0.0 ] ] ] } },
{ "type": "Feature", "properties": { "Name": "" }, "geometry": { "type": "MultiLineString", "coordinates": [ [ [ 35.181426, 31.734421, 0.0 ], [ 35.181354, 31.734534, 0.0 ] ] ] } },
{ "type": "Feature", "properties": { "Name": "" }, "geometry": { "type": "MultiLineString", "coordinates": [ [ [ 35.181177, 31.735399, 0.0 ], [ 35.181156, 31.735548, 0.0 ], [ 35.181135, 31.73576, 0.0 ], [ 35.181147, 31.735963, 0.0 ], [ 35.181157, 31.736135, 0.0 ], [ 35.181193, 31.736389, 0.0 ], [ 35.18123, 31.736571, 0.0 ], [ 35.181315, 31.736816, 0.0 ], [ 35.181357, 31.736906, 0.0 ] ] ] } },
{ "type": "Feature", "properties": { "Name": "" }, "geometry": { "type": "MultiLineString", "coordinates": [ [ [ 35.181989, 31.738158, 0.0 ], [ 35.182033, 31.738346, 0.0 ], [ 35.182034, 31.738468, 0.0 ], [ 35.182035, 31.738616, 0.0 ], [ 35.182029, 31.738806, 0.0 ], [ 35.182007, 31.738916, 0.0 ] ] ] } },
{ "type": "Feature", "properties": { "Name": "" }, "geometry": { "type": "MultiLineString", "coordinates": [ [ [ 35.196346, 31.741799, 0.0 ], [ 35.196207, 31.741685, 0.0 ], [ 35.196106, 31.741575, 0.0 ], [ 35.196092, 31.741507, 0.0 ] ] ] } },
{ "type": "Feature", "properties": { "Name": "" }, "geometry": { "type": "MultiLineString", "coordinates": [ [ [ 35.195291, 31.740287, 0.0 ], [ 35.195284, 31.74028, 0.0 ], [ 35.195229, 31.74019, 0.0 ], [ 35.195154, 31.740052, 0.0 ], [ 35.195127, 31.739933, 0.0 ] ] ] } },
{ "type": "Feature", "properties": { "Name": "" }, "geometry": { "type": "MultiLineString", "coordinates": [ [ [ 35.195457, 31.740526, 0.0 ], [ 35.195383, 31.740373, 0.0 ], [ 35.195291, 31.740287, 0.0 ] ] ] } },
{ "type": "Feature", "properties": { "Name": "" }, "geometry": { "type": "MultiLineString", "coordinates": [ [ [ 35.18945, 31.730687, 0.0 ], [ 35.189415, 31.730689, 0.0 ], [ 35.189395, 31.730704, 0.0 ] ] ] } },
{ "type": "Feature", "properties": { "Name": "" }, "geometry": { "type": "MultiLineString", "coordinates": [ [ [ 35.186667, 31.732161, 0.0 ], [ 35.186604, 31.732178, 0.0 ], [ 35.186595, 31.732182, 0.0 ] ] ] } },
{ "type": "Feature", "properties": { "Name": "" }, "geometry": { "type": "MultiLineString", "coordinates": [ [ [ 35.184698, 31.732454, 0.0 ], [ 35.184551, 31.732472, 0.0 ], [ 35.184446, 31.732489, 0.0 ], [ 35.184325, 31.732509, 0.0 ], [ 35.184186, 31.732532, 0.0 ], [ 35.184106, 31.732545, 0.0 ], [ 35.184105, 31.732545, 0.0 ] ] ] } },
{ "type": "Feature", "properties": { "Name": "" }, "geometry": { "type": "MultiLineString", "coordinates": [ [ [ 35.182653, 31.733161, 0.0 ], [ 35.182625, 31.73318, 0.0 ], [ 35.182517, 31.733274, 0.0 ], [ 35.182391, 31.733365, 0.0 ], [ 35.182248, 31.733485, 0.0 ], [ 35.182161, 31.733558, 0.0 ] ] ] } },
{ "type": "Feature", "properties": { "Name": "" }, "geometry": { "type": "MultiLineString", "coordinates": [ [ [ 35.18135, 31.734542, 0.0 ], [ 35.181351, 31.734579, 0.0 ], [ 35.181333, 31.734633, 0.0 ], [ 35.181278, 31.734775, 0.0 ], [ 35.181256, 31.734864, 0.0 ], [ 35.181244, 31.734945, 0.0 ] ] ] } },
{ "type": "Feature", "properties": { "Name": "" }, "geometry": { "type": "MultiLineString", "coordinates": [ [ [ 35.181244, 31.734945, 0.0 ], [ 35.181228, 31.735053, 0.0 ], [ 35.181217, 31.735121, 0.0 ], [ 35.181198, 31.735243, 0.0 ], [ 35.181186, 31.735344, 0.0 ], [ 35.181177, 31.735399, 0.0 ] ] ] } },
{ "type": "Feature", "properties": { "Name": "" }, "geometry": { "type": "MultiLineString", "coordinates": [ [ [ 35.175831, 31.737205, 0.0 ], [ 35.17582, 31.737092, 0.0 ], [ 35.175813, 31.73701, 0.0 ], [ 35.175807, 31.736942, 0.0 ], [ 35.175796, 31.736812, 0.0 ] ] ] } },
{ "type": "Feature", "properties": { "Name": "" }, "geometry": { "type": "MultiLineString", "coordinates": [ [ [ 35.175799, 31.736735, 0.0 ], [ 35.175798, 31.736667, 0.0 ], [ 35.175802, 31.73656, 0.0 ], [ 35.175807, 31.736502, 0.0 ], [ 35.175822, 31.73632, 0.0 ], [ 35.175841, 31.736248, 0.0 ], [ 35.17585, 31.736191, 0.0 ] ] ] } },
{ "type": "Feature", "properties": { "Name": "" }, "geometry": { "type": "MultiLineString", "coordinates": [ [ [ 35.17588, 31.738786, 0.0 ], [ 35.175891, 31.738683, 0.0 ], [ 35.175903, 31.738564, 0.0 ], [ 35.17591, 31.73842, 0.0 ], [ 35.175914, 31.738319, 0.0 ], [ 35.175913, 31.738203, 0.0 ], [ 35.17591, 31.738114, 0.0 ], [ 35.175902, 31.737965, 0.0 ], [ 35.175892, 31.737874, 0.0 ], [ 35.175875, 31.73773, 0.0 ], [ 35.175875, 31.737648, 0.0 ], [ 35.175857, 31.737515, 0.0 ], [ 35.175851, 31.737405, 0.0 ] ] ] } },
{ "type": "Feature", "properties": { "Name": "" }, "geometry": { "type": "MultiLineString", "coordinates": [ [ [ 35.175847, 31.737315, 0.0 ], [ 35.175837, 31.737242, 0.0 ] ] ] } },
{ "type": "Feature", "properties": { "Name": "" }, "geometry": { "type": "MultiLineString", "coordinates": [ [ [ 35.231107, 31.721189, 0.0 ], [ 35.231086, 31.721152, 0.0 ], [ 35.231077, 31.721119, 0.0 ], [ 35.231033, 31.72106, 0.0 ], [ 35.23099, 31.720985, 0.0 ], [ 35.230975, 31.720944, 0.0 ], [ 35.230952, 31.720832, 0.0 ], [ 35.230948, 31.720786, 0.0 ] ] ] } },
{ "type": "Feature", "properties": { "Name": "" }, "geometry": { "type": "MultiLineString", "coordinates": [ [ [ 35.231274, 31.721826, 0.0 ], [ 35.231282, 31.721739, 0.0 ], [ 35.231273, 31.721645, 0.0 ], [ 35.231243, 31.721538, 0.0 ], [ 35.231203, 31.721419, 0.0 ], [ 35.231121, 31.721247, 0.0 ], [ 35.231109, 31.721199, 0.0 ], [ 35.231107, 31.721189, 0.0 ] ] ] } },
{ "type": "Feature", "properties": { "Name": "" }, "geometry": { "type": "MultiLineString", "coordinates": [ [ [ 35.231101, 31.72272, 0.0 ], [ 35.231103, 31.723035, 0.0 ], [ 35.231106, 31.723101, 0.0 ], [ 35.231099, 31.723159, 0.0 ] ] ] } },
{ "type": "Feature", "properties": { "Name": "" }, "geometry": { "type": "MultiLineString", "coordinates": [ [ [ 35.231112, 31.722264, 0.0 ], [ 35.231105, 31.722426, 0.0 ], [ 35.231099, 31.72265, 0.0 ] ] ] } },
{ "type": "Feature", "properties": { "Name": "" }, "geometry": { "type": "MultiLineString", "coordinates": [ [ [ 35.222703, 31.773003, 0.0 ], [ 35.222705, 31.772999, 0.0 ], [ 35.222779, 31.77287, 0.0 ], [ 35.222849, 31.772704, 0.0 ], [ 35.222902, 31.772559, 0.0 ], [ 35.222948, 31.77239, 0.0 ], [ 35.222986, 31.77219, 0.0 ], [ 35.223008, 31.772002, 0.0 ], [ 35.223037, 31.771824, 0.0 ], [ 35.223038, 31.771799, 0.0 ] ] ] } },
{ "type": "Feature", "properties": { "Name": "" }, "geometry": { "type": "MultiLineString", "coordinates": [ [ [ 35.223071, 31.771657, 0.0 ], [ 35.223081, 31.771572, 0.0 ] ] ] } },
{ "type": "Feature", "properties": { "Name": "" }, "geometry": { "type": "MultiLineString", "coordinates": [ [ [ 35.223252, 31.771136, 0.0 ], [ 35.223445, 31.77082, 0.0 ], [ 35.2236, 31.770563, 0.0 ], [ 35.223734, 31.770373, 0.0 ], [ 35.223851, 31.770189, 0.0 ], [ 35.223966, 31.770018, 0.0 ], [ 35.224076, 31.769854, 0.0 ], [ 35.224188, 31.769704, 0.0 ], [ 35.224189, 31.769703, 0.0 ], [ 35.22419, 31.769702, 0.0 ] ] ] } },
{ "type": "Feature", "properties": { "Name": "" }, "geometry": { "type": "MultiLineString", "coordinates": [ [ [ 35.222658, 31.777655, 0.0 ], [ 35.222618, 31.777479, 0.0 ], [ 35.222576, 31.777369, 0.0 ], [ 35.222519, 31.77725, 0.0 ], [ 35.222465, 31.777152, 0.0 ], [ 35.222437, 31.7771, 0.0 ] ] ] } },
{ "type": "Feature", "properties": { "Name": "" }, "geometry": { "type": "MultiLineString", "coordinates": [ [ [ 35.222258, 31.776799, 0.0 ], [ 35.222238, 31.77675, 0.0 ] ] ] } },
{ "type": "Feature", "properties": { "Name": "" }, "geometry": { "type": "MultiLineString", "coordinates": [ [ [ 35.222225, 31.776712, 0.0 ], [ 35.222202, 31.776609, 0.0 ], [ 35.222187, 31.776522, 0.0 ], [ 35.222171, 31.77642, 0.0 ], [ 35.222143, 31.776305, 0.0 ], [ 35.222113, 31.776175, 0.0 ] ] ] } },
{ "type": "Feature", "properties": { "Name": "" }, "geometry": { "type": "MultiLineString", "coordinates": [ [ [ 35.222095, 31.77615, 0.0 ], [ 35.222069, 31.776009, 0.0 ] ] ] } },
{ "type": "Feature", "properties": { "Name": "" }, "geometry": { "type": "MultiLineString", "coordinates": [ [ [ 35.22207, 31.775965, 0.0 ], [ 35.22204, 31.775828, 0.0 ], [ 35.222013, 31.775723, 0.0 ], [ 35.221995, 31.775615, 0.0 ] ] ] } },
{ "type": "Feature", "properties": { "Name": "" }, "geometry": { "type": "MultiLineString", "coordinates": [ [ [ 35.221992, 31.775603, 0.0 ], [ 35.221975, 31.775531, 0.0 ], [ 35.221948, 31.775446, 0.0 ], [ 35.221934, 31.775372, 0.0 ], [ 35.221903, 31.775272, 0.0 ], [ 35.221893, 31.775198, 0.0 ], [ 35.221888, 31.775089, 0.0 ] ] ] } },
{ "type": "Feature", "properties": { "Name": "" }, "geometry": { "type": "MultiLineString", "coordinates": [ [ [ 35.221888, 31.775042, 0.0 ], [ 35.221892, 31.774975, 0.0 ] ] ] } },
{ "type": "Feature", "properties": { "Name": "" }, "geometry": { "type": "MultiLineString", "coordinates": [ [ [ 35.22193, 31.774941, 0.0 ], [ 35.222013, 31.774944, 0.0 ] ] ] } },
{ "type": "Feature", "properties": { "Name": "" }, "geometry": { "type": "MultiLineString", "coordinates": [ [ [ 35.222396, 31.773546, 0.0 ], [ 35.222472, 31.773437, 0.0 ] ] ] } },
{ "type": "Feature", "properties": { "Name": "" }, "geometry": { "type": "MultiLineString", "coordinates": [ [ [ 35.196647, 31.752296, 0.0 ], [ 35.196486, 31.752314, 0.0 ], [ 35.196315, 31.752314, 0.0 ], [ 35.196138, 31.752304, 0.0 ], [ 35.195944, 31.752266, 0.0 ], [ 35.195752, 31.752216, 0.0 ], [ 35.195624, 31.752164, 0.0 ], [ 35.195498, 31.752083, 0.0 ], [ 35.195407, 31.751997, 0.0 ], [ 35.195264, 31.751837, 0.0 ], [ 35.195124, 31.751655, 0.0 ], [ 35.195005, 31.751446, 0.0 ] ] ] } },
{ "type": "Feature", "properties": { "Name": "" }, "geometry": { "type": "MultiLineString", "coordinates": [ [ [ 35.195579, 31.752206, 0.0 ], [ 35.195418, 31.752134, 0.0 ], [ 35.195269, 31.752089, 0.0 ], [ 35.195, 31.752033, 0.0 ], [ 35.194914, 31.752035, 0.0 ] ] ] } },
{ "type": "Feature", "properties": { "Name": "" }, "geometry": { "type": "MultiLineString", "coordinates": [ [ [ 35.193734, 31.752274, 0.0 ], [ 35.193909, 31.752236, 0.0 ], [ 35.194149, 31.752224, 0.0 ], [ 35.194292, 31.752184, 0.0 ], [ 35.194498, 31.752104, 0.0 ], [ 35.194577, 31.752015, 0.0 ], [ 35.194715, 31.751883, 0.0 ], [ 35.194857, 31.751703, 0.0 ], [ 35.194932, 31.75152, 0.0 ], [ 35.194937, 31.751482, 0.0 ], [ 35.194937, 31.751488, 0.0 ] ] ] } },
{ "type": "Feature", "properties": { "Name": "" }, "geometry": { "type": "MultiLineString", "coordinates": [ [ [ 35.19678, 31.751649, 0.0 ], [ 35.196745, 31.751633, 0.0 ], [ 35.196716, 31.751621, 0.0 ], [ 35.196584, 31.751587, 0.0 ], [ 35.196529, 31.751575, 0.0 ], [ 35.196518, 31.751571, 0.0 ] ] ] } },
{ "type": "Feature", "properties": { "Name": "" }, "geometry": { "type": "MultiLineString", "coordinates": [ [ [ 35.197961, 31.751619, 0.0 ], [ 35.197909, 31.751625, 0.0 ], [ 35.197808, 31.751644, 0.0 ], [ 35.197739, 31.751652, 0.0 ], [ 35.197697, 31.751658, 0.0 ], [ 35.197647, 31.751663, 0.0 ], [ 35.197603, 31.751663, 0.0 ], [ 35.19754, 31.751658, 0.0 ], [ 35.197502, 31.751654, 0.0 ], [ 35.197455, 31.751646, 0.0 ], [ 35.197408, 31.751644, 0.0 ], [ 35.197364, 31.751642, 0.0 ], [ 35.19733, 31.751646, 0.0 ], [ 35.197297, 31.751654, 0.0 ], [ 35.19727, 31.751665, 0.0 ], [ 35.19725, 31.75168, 0.0 ], [ 35.197214, 31.751698, 0.0 ], [ 35.197187, 31.751711, 0.0 ], [ 35.197165, 31.751717, 0.0 ], [ 35.197136, 31.751722, 0.0 ], [ 35.197111, 31.751728, 0.0 ], [ 35.197062, 31.751728, 0.0 ], [ 35.197013, 31.751728, 0.0 ], [ 35.196968, 31.751728, 0.0 ], [ 35.196917, 31.751721, 0.0 ], [ 35.196895, 31.751719, 0.0 ], [ 35.196854, 31.7517, 0.0 ], [ 35.196832, 31.75169, 0.0 ], [ 35.19681, 31.751673, 0.0 ], [ 35.196785, 31.751652, 0.0 ], [ 35.19678, 31.751649, 0.0 ] ] ] } },
{ "type": "Feature", "properties": { "Name": "" }, "geometry": { "type": "MultiLineString", "coordinates": [ [ [ 35.195807, 31.75128, 0.0 ], [ 35.195798, 31.751278, 0.0 ], [ 35.195791, 31.751276, 0.0 ], [ 35.195762, 31.751262, 0.0 ], [ 35.195735, 31.751255, 0.0 ], [ 35.195675, 31.751226, 0.0 ], [ 35.195635, 31.751194, 0.0 ], [ 35.195582, 31.751151, 0.0 ] ] ] } },
{ "type": "Feature", "properties": { "Name": "" }, "geometry": { "type": "MultiLineString", "coordinates": [ [ [ 35.196517, 31.751571, 0.0 ], [ 35.196412, 31.751535, 0.0 ], [ 35.196325, 31.751505, 0.0 ], [ 35.196095, 31.751407, 0.0 ], [ 35.196046, 31.751388, 0.0 ], [ 35.196001, 31.751367, 0.0 ], [ 35.19597, 31.75135, 0.0 ], [ 35.19593, 31.751325, 0.0 ], [ 35.195894, 31.751306, 0.0 ], [ 35.195863, 31.751297, 0.0 ], [ 35.195809, 31.751278, 0.0 ] ] ] } },
{ "type": "Feature", "properties": { "Name": "" }, "geometry": { "type": "MultiLineString", "coordinates": [ [ [ 35.195289, 31.750848, 0.0 ], [ 35.195286, 31.750844, 0.0 ], [ 35.195228, 31.750774, 0.0 ], [ 35.195183, 31.750716, 0.0 ], [ 35.195163, 31.750665, 0.0 ], [ 35.195128, 31.750564, 0.0 ], [ 35.195101, 31.750501, 0.0 ], [ 35.195087, 31.750441, 0.0 ], [ 35.195088, 31.750434, 0.0 ] ] ] } },
{ "type": "Feature", "properties": { "Name": "" }, "geometry": { "type": "MultiLineString", "coordinates": [ [ [ 35.195582, 31.751151, 0.0 ], [ 35.195519, 31.751098, 0.0 ], [ 35.195422, 31.751003, 0.0 ], [ 35.195358, 31.750938, 0.0 ], [ 35.195322, 31.750888, 0.0 ], [ 35.195289, 31.750848, 0.0 ] ] ] } },
{ "type": "Feature", "properties": { "Name": "" }, "geometry": { "type": "MultiLineString", "coordinates": [ [ [ 35.195221, 31.75002, 0.0 ], [ 35.195249, 31.749916, 0.0 ], [ 35.195233, 31.749851, 0.0 ], [ 35.195167, 31.749745, 0.0 ], [ 35.195097, 31.749626, 0.0 ], [ 35.195051, 31.749516, 0.0 ], [ 35.194919, 31.749341, 0.0 ], [ 35.194808, 31.7492, 0.0 ], [ 35.194645, 31.749033, 0.0 ], [ 35.194572, 31.748899, 0.0 ], [ 35.194491, 31.748721, 0.0 ], [ 35.194402, 31.748629, 0.0 ], [ 35.194313, 31.74854, 0.0 ], [ 35.194194, 31.748388, 0.0 ], [ 35.194109, 31.748328, 0.0 ], [ 35.193971, 31.748239, 0.0 ], [ 35.19379, 31.748127, 0.0 ], [ 35.193738, 31.748061, 0.0 ], [ 35.193605, 31.747896, 0.0 ], [ 35.193431, 31.747747, 0.0 ], [ 35.193288, 31.747615, 0.0 ], [ 35.193022, 31.747381, 0.0 ], [ 35.192779, 31.747207, 0.0 ], [ 35.192673, 31.747109, 0.0 ], [ 35.192609, 31.746978, 0.0 ] ] ] } },
{ "type": "Feature", "properties": { "Name": "" }, "geometry": { "type": "MultiLineString", "coordinates": [ [ [ 35.192613, 31.746967, 0.0 ], [ 35.192124, 31.746771, 0.0 ] ] ] } },
{ "type": "Feature", "properties": { "Name": "" }, "geometry": { "type": "MultiLineString", "coordinates": [ [ [ 35.215311, 31.759453, 0.0 ], [ 35.215343, 31.759387, 0.0 ], [ 35.215374, 31.75932, 0.0 ], [ 35.215509, 31.759389, 0.0 ] ] ] } },
{ "type": "Feature", "properties": { "Name": "" }, "geometry": { "type": "MultiLineString", "coordinates": [ [ [ 35.240704, 31.796886, 0.0 ], [ 35.240819, 31.796823, 0.0 ] ] ] } },
{ "type": "Feature", "properties": { "Name": "" }, "geometry": { "type": "MultiLineString", "coordinates": [ [ [ 35.240962, 31.796714, 0.0 ], [ 35.241287, 31.796477, 0.0 ], [ 35.24144, 31.796362, 0.0 ], [ 35.241565, 31.796254, 0.0 ], [ 35.24163, 31.796178, 0.0 ], [ 35.241745, 31.796038, 0.0 ] ] ] } },
{ "type": "Feature", "properties": { "Name": "" }, "geometry": { "type": "MultiLineString", "coordinates": [ [ [ 35.242007, 31.795668, 0.0 ], [ 35.242066, 31.795597, 0.0 ] ] ] } },
{ "type": "Feature", "properties": { "Name": "" }, "geometry": { "type": "MultiLineString", "coordinates": [ [ [ 35.242159, 31.79545, 0.0 ], [ 35.242371, 31.795171, 0.0 ], [ 35.242385, 31.795129, 0.0 ] ] ] } },
{ "type": "Feature", "properties": { "Name": "" }, "geometry": { "type": "MultiLineString", "coordinates": [ [ [ 35.199665, 31.733818, 0.0 ], [ 35.199667, 31.733833, 0.0 ], [ 35.199701, 31.734178, 0.0 ], [ 35.199737, 31.734546, 0.0 ], [ 35.199727, 31.734673, 0.0 ] ] ] } },
{ "type": "Feature", "properties": { "Name": "" }, "geometry": { "type": "MultiLineString", "coordinates": [ [ [ 35.199634, 31.733212, 0.0 ], [ 35.199653, 31.733343, 0.0 ], [ 35.199666, 31.733418, 0.0 ], [ 35.199644, 31.73345, 0.0 ] ] ] } },
{ "type": "Feature", "properties": { "Name": "" }, "geometry": { "type": "MultiLineString", "coordinates": [ [ [ 35.199646, 31.73345, 0.0 ], [ 35.199638, 31.733461, 0.0 ], [ 35.199657, 31.733632, 0.0 ], [ 35.199665, 31.733818, 0.0 ] ] ] } },
{ "type": "Feature", "properties": { "Name": "" }, "geometry": { "type": "MultiLineString", "coordinates": [ [ [ 35.199691, 31.734905, 0.0 ], [ 35.199758, 31.734998, 0.0 ], [ 35.199774, 31.735043, 0.0 ], [ 35.199807, 31.735225, 0.0 ], [ 35.199837, 31.735453, 0.0 ], [ 35.199866, 31.735721, 0.0 ], [ 35.199888, 31.735854, 0.0 ] ] ] } },
{ "type": "Feature", "properties": { "Name": "" }, "geometry": { "type": "MultiLineString", "coordinates": [ [ [ 35.199903, 31.735972, 0.0 ], [ 35.199926, 31.736209, 0.0 ], [ 35.199944, 31.736467, 0.0 ], [ 35.199941, 31.736671, 0.0 ], [ 35.199946, 31.737036, 0.0 ], [ 35.199953, 31.737277, 0.0 ], [ 35.199933, 31.737369, 0.0 ], [ 35.199904, 31.737446, 0.0 ], [ 35.199832, 31.737528, 0.0 ], [ 35.199699, 31.73764, 0.0 ], [ 35.19946, 31.737862, 0.0 ], [ 35.199213, 31.73807, 0.0 ], [ 35.198912, 31.738329, 0.0 ], [ 35.198774, 31.738418, 0.0 ], [ 35.198696, 31.738449, 0.0 ], [ 35.198573, 31.738471, 0.0 ] ] ] } },
{ "type": "Feature", "properties": { "Name": "" }, "geometry": { "type": "MultiLineString", "coordinates": [ [ [ 35.198482, 31.738469, 0.0 ], [ 35.198161, 31.738477, 0.0 ], [ 35.197791, 31.738477, 0.0 ], [ 35.197397, 31.738475, 0.0 ], [ 35.196732, 31.738471, 0.0 ] ] ] } },
{ "type": "Feature", "properties": { "Name": "" }, "geometry": { "type": "MultiLineString", "coordinates": [ [ [ 35.196165, 31.738472, 0.0 ], [ 35.195998, 31.738475, 0.0 ], [ 35.195857, 31.738448, 0.0 ], [ 35.195755, 31.738448, 0.0 ], [ 35.195618, 31.738453, 0.0 ], [ 35.195371, 31.738423, 0.0 ] ] ] } },
{ "type": "Feature", "properties": { "Name": "" }, "geometry": { "type": "MultiLineString", "coordinates": [ [ [ 35.196645, 31.738472, 0.0 ], [ 35.196373, 31.738471, 0.0 ], [ 35.196166, 31.738469, 0.0 ] ] ] } },
{ "type": "Feature", "properties": { "Name": "" }, "geometry": { "type": "MultiLineString", "coordinates": [ [ [ 35.20543, 31.788566, 0.0 ], [ 35.205063, 31.788247, 0.0 ], [ 35.204661, 31.787874, 0.0 ] ] ] } },
{ "type": "Feature", "properties": { "Name": "" }, "geometry": { "type": "MultiLineString", "coordinates": [ [ [ 35.204515, 31.787586, 0.0 ], [ 35.205218, 31.787373, 0.0 ], [ 35.206453, 31.786749, 0.0 ], [ 35.206867, 31.786408, 0.0 ] ] ] } },
{ "type": "Feature", "properties": { "Name": "" }, "geometry": { "type": "MultiLineString", "coordinates": [ [ [ 35.214875, 31.744787, 0.0 ], [ 35.214703, 31.744832, 0.0 ], [ 35.21456, 31.744911, 0.0 ], [ 35.214206, 31.745045, 0.0 ], [ 35.214052, 31.745105, 0.0 ], [ 35.213983, 31.745115, 0.0 ], [ 35.213918, 31.745121, 0.0 ], [ 35.213729, 31.745182, 0.0 ], [ 35.213678, 31.745247, 0.0 ], [ 35.213595, 31.745289, 0.0 ] ] ] } },
{ "type": "Feature", "properties": { "Name": "" }, "geometry": { "type": "MultiLineString", "coordinates": [ [ [ 35.213365, 31.745403, 0.0 ], [ 35.213115, 31.745512, 0.0 ], [ 35.212761, 31.745656, 0.0 ], [ 35.212576, 31.745725, 0.0 ], [ 35.212484, 31.745762, 0.0 ] ] ] } },
{ "type": "Feature", "properties": { "Name": "" }, "geometry": { "type": "MultiLineString", "coordinates": [ [ [ 35.211313, 31.746468, 0.0 ], [ 35.210228, 31.746813, 0.0 ] ] ] } },
{ "type": "Feature", "properties": { "Name": "" }, "geometry": { "type": "MultiLineString", "coordinates": [ [ [ 35.187549, 31.754465, 0.0 ], [ 35.187722, 31.75441, 0.0 ], [ 35.187939, 31.754382, 0.0 ], [ 35.188119, 31.754375, 0.0 ], [ 35.188283, 31.75438, 0.0 ], [ 35.188515, 31.754395, 0.0 ], [ 35.188824, 31.754453, 0.0 ], [ 35.189072, 31.754513, 0.0 ], [ 35.189503, 31.754672, 0.0 ], [ 35.189769, 31.754792, 0.0 ], [ 35.190402, 31.755142, 0.0 ], [ 35.190552, 31.755262, 0.0 ], [ 35.190673, 31.755408, 0.0 ], [ 35.190823, 31.755638, 0.0 ], [ 35.190834, 31.755676, 0.0 ], [ 35.190849, 31.75568, 0.0 ] ] ] } },
{ "type": "Feature", "properties": { "Name": "" }, "geometry": { "type": "MultiLineString", "coordinates": [ [ [ 35.208182, 31.787118, 0.0 ], [ 35.207895, 31.787197, 0.0 ], [ 35.207211, 31.787602, 0.0 ] ] ] } },
{ "type": "Feature", "properties": { "Name": "" }, "geometry": { "type": "MultiLineString", "coordinates": [ [ [ 35.208534, 31.787025, 0.0 ], [ 35.208519, 31.787028, 0.0 ], [ 35.208184, 31.787119, 0.0 ] ] ] } },
{ "type": "Feature", "properties": { "Name": "" }, "geometry": { "type": "MultiLineString", "coordinates": [ [ [ 35.206377, 31.788121, 0.0 ], [ 35.206376, 31.788121, 0.0 ], [ 35.205961, 31.788343, 0.0 ], [ 35.205528, 31.788521, 0.0 ] ] ] } },
{ "type": "Feature", "properties": { "Name": "" }, "geometry": { "type": "MultiLineString", "coordinates": [ [ [ 35.204656, 31.787871, 0.0 ], [ 35.204658, 31.787877, 0.0 ], [ 35.204536, 31.787717, 0.0 ] ] ] } },
{ "type": "Feature", "properties": { "Name": "" }, "geometry": { "type": "MultiLineString", "coordinates": [ [ [ 35.204427, 31.78756, 0.0 ], [ 35.20436, 31.787509, 0.0 ], [ 35.204316, 31.787464, 0.0 ], [ 35.204273, 31.787411, 0.0 ], [ 35.204185, 31.787293, 0.0 ], [ 35.204147, 31.787221, 0.0 ], [ 35.204107, 31.787134, 0.0 ], [ 35.204068, 31.787007, 0.0 ] ] ] } },
{ "type": "Feature", "properties": { "Name": "" }, "geometry": { "type": "MultiLineString", "coordinates": [ [ [ 35.204074, 31.786924, 0.0 ], [ 35.204032, 31.786731, 0.0 ] ] ] } },
{ "type": "Feature", "properties": { "Name": "" }, "geometry": { "type": "MultiLineString", "coordinates": [ [ [ 35.201708, 31.787396, 0.0 ], [ 35.201596, 31.787081, 0.0 ], [ 35.201478, 31.786778, 0.0 ], [ 35.201394, 31.786543, 0.0 ], [ 35.201303, 31.786345, 0.0 ], [ 35.201058, 31.78584, 0.0 ] ] ] } },
{ "type": "Feature", "properties": { "Name": "" }, "geometry": { "type": "MultiLineString", "coordinates": [ [ [ 35.208195, 31.782691, 0.0 ], [ 35.208266, 31.782278, 0.0 ] ] ] } },
{ "type": "Feature", "properties": { "Name": "" }, "geometry": { "type": "MultiLineString", "coordinates": [ [ [ 35.208127, 31.782356, 0.0 ], [ 35.207938, 31.782208, 0.0 ], [ 35.207608, 31.78192, 0.0 ], [ 35.207429, 31.781796, 0.0 ], [ 35.207321, 31.781666, 0.0 ], [ 35.20727, 31.781536, 0.0 ] ] ] } },
{ "type": "Feature", "properties": { "Name": "" }, "geometry": { "type": "MultiLineString", "coordinates": [ [ [ 35.208656, 31.775638, 0.0 ], [ 35.208621, 31.775628, 0.0 ], [ 35.208594, 31.775615, 0.0 ] ] ] } },
{ "type": "Feature", "properties": { "Name": "" }, "geometry": { "type": "MultiLineString", "coordinates": [ [ [ 35.204705, 31.774519, 0.0 ], [ 35.204571, 31.77434, 0.0 ], [ 35.204799, 31.773935, 0.0 ] ] ] } },
{ "type": "Feature", "properties": { "Name": "" }, "geometry": { "type": "MultiLineString", "coordinates": [ [ [ 35.2043, 31.774754, 0.0 ], [ 35.204282, 31.774757, 0.0 ], [ 35.204212, 31.774773, 0.0 ] ] ] } },
{ "type": "Feature", "properties": { "Name": "" }, "geometry": { "type": "MultiLineString", "coordinates": [ [ [ 35.20381, 31.775119, 0.0 ], [ 35.203859, 31.775033, 0.0 ], [ 35.2039, 31.774949, 0.0 ] ] ] } },
{ "type": "Feature", "properties": { "Name": "" }, "geometry": { "type": "MultiLineString", "coordinates": [ [ [ 35.199314, 31.779924, 0.0 ], [ 35.199313, 31.779925, 0.0 ], [ 35.199233, 31.779979, 0.0 ], [ 35.199121, 31.780019, 0.0 ] ] ] } },
{ "type": "Feature", "properties": { "Name": "" }, "geometry": { "type": "MultiLineString", "coordinates": [ [ [ 35.194782, 31.782923, 0.0 ], [ 35.19472, 31.782953, 0.0 ], [ 35.194611, 31.782991, 0.0 ], [ 35.194458, 31.783012, 0.0 ] ] ] } },
{ "type": "Feature", "properties": { "Name": "" }, "geometry": { "type": "MultiLineString", "coordinates": [ [ [ 35.198355, 31.779574, 0.0 ], [ 35.198354, 31.779571, 0.0 ], [ 35.198324, 31.779429, 0.0 ] ] ] } },
{ "type": "Feature", "properties": { "Name": "" }, "geometry": { "type": "MultiLineString", "coordinates": [ [ [ 35.19872, 31.779287, 0.0 ], [ 35.198429, 31.779317, 0.0 ] ] ] } },
{ "type": "Feature", "properties": { "Name": "" }, "geometry": { "type": "MultiLineString", "coordinates": [ [ [ 35.19873, 31.77928, 0.0 ], [ 35.198821, 31.779226, 0.0 ], [ 35.198919, 31.779157, 0.0 ], [ 35.19905, 31.779037, 0.0 ], [ 35.199077, 31.779012, 0.0 ], [ 35.199203, 31.77889, 0.0 ], [ 35.1993, 31.778803, 0.0 ], [ 35.199391, 31.778707, 0.0 ], [ 35.199532, 31.77856, 0.0 ] ] ] } },
{ "type": "Feature", "properties": { "Name": "" }, "geometry": { "type": "MultiLineString", "coordinates": [ [ [ 35.199532, 31.778558, 0.0 ], [ 35.199577, 31.778512, 0.0 ] ] ] } },
{ "type": "Feature", "properties": { "Name": "" }, "geometry": { "type": "MultiLineString", "coordinates": [ [ [ 35.199578, 31.778511, 0.0 ], [ 35.199663, 31.778415, 0.0 ], [ 35.199746, 31.778328, 0.0 ], [ 35.199804, 31.778242, 0.0 ], [ 35.199865, 31.778154, 0.0 ], [ 35.199923, 31.778077, 0.0 ], [ 35.199986, 31.77797, 0.0 ], [ 35.200038, 31.777895, 0.0 ], [ 35.200091, 31.777846, 0.0 ], [ 35.200115, 31.777785, 0.0 ], [ 35.200163, 31.777706, 0.0 ], [ 35.200158, 31.777631, 0.0 ] ] ] } },
{ "type": "Feature", "properties": { "Name": "" }, "geometry": { "type": "MultiLineString", "coordinates": [ [ [ 35.200195, 31.777528, 0.0 ], [ 35.200247, 31.777429, 0.0 ], [ 35.200298, 31.777355, 0.0 ], [ 35.20038, 31.777257, 0.0 ], [ 35.200456, 31.777142, 0.0 ] ] ] } },
{ "type": "Feature", "properties": { "Name": "" }, "geometry": { "type": "MultiLineString", "coordinates": [ [ [ 35.200688, 31.774549, 0.0 ], [ 35.200635, 31.774502, 0.0 ] ] ] } },
{ "type": "Feature", "properties": { "Name": "" }, "geometry": { "type": "MultiLineString", "coordinates": [ [ [ 35.200572, 31.774347, 0.0 ], [ 35.200352, 31.773713, 0.0 ], [ 35.200496, 31.772319, 0.0 ], [ 35.20054, 31.771776, 0.0 ], [ 35.200587, 31.771053, 0.0 ], [ 35.200607, 31.770761, 0.0 ], [ 35.200644, 31.770417, 0.0 ], [ 35.20068, 31.7702, 0.0 ], [ 35.200721, 31.769931, 0.0 ], [ 35.200751, 31.769766, 0.0 ], [ 35.200796, 31.769623, 0.0 ] ] ] } },
{ "type": "Feature", "properties": { "Name": "" }, "geometry": { "type": "MultiLineString", "coordinates": [ [ [ 35.200813, 31.769507, 0.0 ], [ 35.200819, 31.769386, 0.0 ], [ 35.200843, 31.769295, 0.0 ] ] ] } },
{ "type": "Feature", "properties": { "Name": "" }, "geometry": { "type": "MultiLineString", "coordinates": [ [ [ 35.20085, 31.769287, 0.0 ], [ 35.200919, 31.76909, 0.0 ] ] ] } },
{ "type": "Feature", "properties": { "Name": "" }, "geometry": { "type": "MultiLineString", "coordinates": [ [ [ 35.200949, 31.76902, 0.0 ], [ 35.200918, 31.769092, 0.0 ] ] ] } },
{ "type": "Feature", "properties": { "Name": "" }, "geometry": { "type": "MultiLineString", "coordinates": [ [ [ 35.200949, 31.769018, 0.0 ], [ 35.201082, 31.768749, 0.0 ] ] ] } },
{ "type": "Feature", "properties": { "Name": "" }, "geometry": { "type": "MultiLineString", "coordinates": [ [ [ 35.201083, 31.768748, 0.0 ], [ 35.201108, 31.768702, 0.0 ] ] ] } },
{ "type": "Feature", "properties": { "Name": "" }, "geometry": { "type": "MultiLineString", "coordinates": [ [ [ 35.201108, 31.768701, 0.0 ], [ 35.201209, 31.7685, 0.0 ] ] ] } },
{ "type": "Feature", "properties": { "Name": "" }, "geometry": { "type": "MultiLineString", "coordinates": [ [ [ 35.201211, 31.768499, 0.0 ], [ 35.201215, 31.768494, 0.0 ], [ 35.201223, 31.768483, 0.0 ] ] ] } },
{ "type": "Feature", "properties": { "Name": "" }, "geometry": { "type": "MultiLineString", "coordinates": [ [ [ 35.201225, 31.768483, 0.0 ], [ 35.201279, 31.768437, 0.0 ] ] ] } },
{ "type": "Feature", "properties": { "Name": "" }, "geometry": { "type": "MultiLineString", "coordinates": [ [ [ 35.201281, 31.768435, 0.0 ], [ 35.201316, 31.768403, 0.0 ], [ 35.201366, 31.768287, 0.0 ], [ 35.201397, 31.768213, 0.0 ] ] ] } },
{ "type": "Feature", "properties": { "Name": "" }, "geometry": { "type": "MultiLineString", "coordinates": [ [ [ 35.201398, 31.768214, 0.0 ], [ 35.20142, 31.768158, 0.0 ] ] ] } },
{ "type": "Feature", "properties": { "Name": "" }, "geometry": { "type": "MultiLineString", "coordinates": [ [ [ 35.201423, 31.768159, 0.0 ], [ 35.201507, 31.768043, 0.0 ], [ 35.201616, 31.767885, 0.0 ], [ 35.201673, 31.767812, 0.0 ], [ 35.201725, 31.767747, 0.0 ], [ 35.20178, 31.767671, 0.0 ], [ 35.201813, 31.76763, 0.0 ] ] ] } },
{ "type": "Feature", "properties": { "Name": "" }, "geometry": { "type": "MultiLineString", "coordinates": [ [ [ 35.201816, 31.767629, 0.0 ], [ 35.201871, 31.767556, 0.0 ] ] ] } },
{ "type": "Feature", "properties": { "Name": "" }, "geometry": { "type": "MultiLineString", "coordinates": [ [ [ 35.201871, 31.767554, 0.0 ], [ 35.201979, 31.767439, 0.0 ] ] ] } },
{ "type": "Feature", "properties": { "Name": "" }, "geometry": { "type": "MultiLineString", "coordinates": [ [ [ 35.201982, 31.767438, 0.0 ], [ 35.202054, 31.76738, 0.0 ] ] ] } },
{ "type": "Feature", "properties": { "Name": "" }, "geometry": { "type": "MultiLineString", "coordinates": [ [ [ 35.202056, 31.76738, 0.0 ], [ 35.20213, 31.767322, 0.0 ] ] ] } },
{ "type": "Feature", "properties": { "Name": "" }, "geometry": { "type": "MultiLineString", "coordinates": [ [ [ 35.202131, 31.767321, 0.0 ], [ 35.202284, 31.767242, 0.0 ], [ 35.20241, 31.767189, 0.0 ] ] ] } },
{ "type": "Feature", "properties": { "Name": "" }, "geometry": { "type": "MultiLineString", "coordinates": [ [ [ 35.202425, 31.767187, 0.0 ], [ 35.202573, 31.767146, 0.0 ] ] ] } },
{ "type": "Feature", "properties": { "Name": "" }, "geometry": { "type": "MultiLineString", "coordinates": [ [ [ 35.202583, 31.767146, 0.0 ], [ 35.202731, 31.767117, 0.0 ], [ 35.202768, 31.767082, 0.0 ], [ 35.202792, 31.767051, 0.0 ] ] ] } },
{ "type": "Feature", "properties": { "Name": "" }, "geometry": { "type": "MultiLineString", "coordinates": [ [ [ 35.202804, 31.767049, 0.0 ], [ 35.20287, 31.767066, 0.0 ] ] ] } },
{ "type": "Feature", "properties": { "Name": "" }, "geometry": { "type": "MultiLineString", "coordinates": [ [ [ 35.202938, 31.767052, 0.0 ], [ 35.203019, 31.767025, 0.0 ] ] ] } },
{ "type": "Feature", "properties": { "Name": "" }, "geometry": { "type": "MultiLineString", "coordinates": [ [ [ 35.20304, 31.76702, 0.0 ], [ 35.203137, 31.767016, 0.0 ] ] ] } },
{ "type": "Feature", "properties": { "Name": "" }, "geometry": { "type": "MultiLineString", "coordinates": [ [ [ 35.203188, 31.767018, 0.0 ], [ 35.203246, 31.766988, 0.0 ] ] ] } },
{ "type": "Feature", "properties": { "Name": "" }, "geometry": { "type": "MultiLineString", "coordinates": [ [ [ 35.204362, 31.766923, 0.0 ], [ 35.204409, 31.766955, 0.0 ] ] ] } },
{ "type": "Feature", "properties": { "Name": "" }, "geometry": { "type": "MultiLineString", "coordinates": [ [ [ 35.204427, 31.76699, 0.0 ], [ 35.204494, 31.767124, 0.0 ] ] ] } },
{ "type": "Feature", "properties": { "Name": "" }, "geometry": { "type": "MultiLineString", "coordinates": [ [ [ 35.204256, 31.755783, 0.0 ], [ 35.20403, 31.756228, 0.0 ] ] ] } },
{ "type": "Feature", "properties": { "Name": "" }, "geometry": { "type": "MultiLineString", "coordinates": [ [ [ 35.204026, 31.75625, 0.0 ], [ 35.203919, 31.756497, 0.0 ] ] ] } },
{ "type": "Feature", "properties": { "Name": "" }, "geometry": { "type": "MultiLineString", "coordinates": [ [ [ 35.203919, 31.756495, 0.0 ], [ 35.203869, 31.756591, 0.0 ], [ 35.203838, 31.75668, 0.0 ], [ 35.203809, 31.756829, 0.0 ] ] ] } },
{ "type": "Feature", "properties": { "Name": "" }, "geometry": { "type": "MultiLineString", "coordinates": [ [ [ 35.203812, 31.756826, 0.0 ], [ 35.203802, 31.756947, 0.0 ] ] ] } },
{ "type": "Feature", "properties": { "Name": "" }, "geometry": { "type": "MultiLineString", "coordinates": [ [ [ 35.203803, 31.756942, 0.0 ], [ 35.203806, 31.75701, 0.0 ] ] ] } },
{ "type": "Feature", "properties": { "Name": "" }, "geometry": { "type": "MultiLineString", "coordinates": [ [ [ 35.203808, 31.757011, 0.0 ], [ 35.203809, 31.757085, 0.0 ], [ 35.203829, 31.757148, 0.0 ], [ 35.203863, 31.757224, 0.0 ], [ 35.203926, 31.757343, 0.0 ] ] ] } },
{ "type": "Feature", "properties": { "Name": "" }, "geometry": { "type": "MultiLineString", "coordinates": [ [ [ 35.203927, 31.757343, 0.0 ], [ 35.203927, 31.757344, 0.0 ], [ 35.203987, 31.757394, 0.0 ] ] ] } },
{ "type": "Feature", "properties": { "Name": "" }, "geometry": { "type": "MultiLineString", "coordinates": [ [ [ 35.203988, 31.757393, 0.0 ], [ 35.204043, 31.757447, 0.0 ], [ 35.204112, 31.757505, 0.0 ], [ 35.204215, 31.757603, 0.0 ], [ 35.204394, 31.757774, 0.0 ], [ 35.204494, 31.75786, 0.0 ], [ 35.204632, 31.757967, 0.0 ], [ 35.204729, 31.758061, 0.0 ], [ 35.204854, 31.758179, 0.0 ], [ 35.204919, 31.758279, 0.0 ] ] ] } },
{ "type": "Feature", "properties": { "Name": "" }, "geometry": { "type": "MultiLineString", "coordinates": [ [ [ 35.204915, 31.758287, 0.0 ], [ 35.205027, 31.758603, 0.0 ] ] ] } },
{ "type": "Feature", "properties": { "Name": "" }, "geometry": { "type": "MultiLineString", "coordinates": [ [ [ 35.205044, 31.758612, 0.0 ], [ 35.205112, 31.758604, 0.0 ] ] ] } },
{ "type": "Feature", "properties": { "Name": "" }, "geometry": { "type": "MultiLineString", "coordinates": [ [ [ 35.205214, 31.758613, 0.0 ], [ 35.205153, 31.758615, 0.0 ] ] ] } },
{ "type": "Feature", "properties": { "Name": "" }, "geometry": { "type": "MultiLineString", "coordinates": [ [ [ 35.205216, 31.75864, 0.0 ], [ 35.205245, 31.758739, 0.0 ] ] ] } },
{ "type": "Feature", "properties": { "Name": "" }, "geometry": { "type": "MultiLineString", "coordinates": [ [ [ 35.205246, 31.758744, 0.0 ], [ 35.205271, 31.758892, 0.0 ], [ 35.205297, 31.758983, 0.0 ], [ 35.205322, 31.759073, 0.0 ] ] ] } },
{ "type": "Feature", "properties": { "Name": "" }, "geometry": { "type": "MultiLineString", "coordinates": [ [ [ 35.205319, 31.759082, 0.0 ], [ 35.205346, 31.759204, 0.0 ], [ 35.205376, 31.759317, 0.0 ], [ 35.205399, 31.759386, 0.0 ], [ 35.205417, 31.759449, 0.0 ], [ 35.205442, 31.759525, 0.0 ], [ 35.205506, 31.759721, 0.0 ], [ 35.205545, 31.759948, 0.0 ], [ 35.205511, 31.760109, 0.0 ], [ 35.205464, 31.760244, 0.0 ], [ 35.205414, 31.760363, 0.0 ], [ 35.205371, 31.760443, 0.0 ], [ 35.205262, 31.760611, 0.0 ], [ 35.20522, 31.760659, 0.0 ] ] ] } },
{ "type": "Feature", "properties": { "Name": "" }, "geometry": { "type": "MultiLineString", "coordinates": [ [ [ 35.205203, 31.760684, 0.0 ], [ 35.205165, 31.760724, 0.0 ] ] ] } },
{ "type": "Feature", "properties": { "Name": "" }, "geometry": { "type": "MultiLineString", "coordinates": [ [ [ 35.205161, 31.760735, 0.0 ], [ 35.20512, 31.760784, 0.0 ] ] ] } },
{ "type": "Feature", "properties": { "Name": "" }, "geometry": { "type": "MultiLineString", "coordinates": [ [ [ 35.205122, 31.760782, 0.0 ], [ 35.204993, 31.760892, 0.0 ] ] ] } },
{ "type": "Feature", "properties": { "Name": "" }, "geometry": { "type": "MultiLineString", "coordinates": [ [ [ 35.204994, 31.760891, 0.0 ], [ 35.204923, 31.760952, 0.0 ], [ 35.204891, 31.760981, 0.0 ], [ 35.20479, 31.761077, 0.0 ], [ 35.204732, 31.761104, 0.0 ] ] ] } },
{ "type": "Feature", "properties": { "Name": "" }, "geometry": { "type": "MultiLineString", "coordinates": [ [ [ 35.21316, 31.769207, 0.0 ], [ 35.213131, 31.769322, 0.0 ] ] ] } },
{ "type": "Feature", "properties": { "Name": "" }, "geometry": { "type": "MultiLineString", "coordinates": [ [ [ 35.213532, 31.768876, 0.0 ], [ 35.213752, 31.768818, 0.0 ] ] ] } },
{ "type": "Feature", "properties": { "Name": "" }, "geometry": { "type": "MultiLineString", "coordinates": [ [ [ 35.217045, 31.768072, 0.0 ], [ 35.216706, 31.768156, 0.0 ] ] ] } },
{ "type": "Feature", "properties": { "Name": "" }, "geometry": { "type": "MultiLineString", "coordinates": [ [ [ 35.219872, 31.767951, 0.0 ], [ 35.220027, 31.767962, 0.0 ] ] ] } },
{ "type": "Feature", "properties": { "Name": "" }, "geometry": { "type": "MultiLineString", "coordinates": [ [ [ 35.220559, 31.76796, 0.0 ], [ 35.220413, 31.767948, 0.0 ] ] ] } },
{ "type": "Feature", "properties": { "Name": "" }, "geometry": { "type": "MultiLineString", "coordinates": [ [ [ 35.221047, 31.767978, 0.0 ], [ 35.221001, 31.768131, 0.0 ] ] ] } },
{ "type": "Feature", "properties": { "Name": "" }, "geometry": { "type": "MultiLineString", "coordinates": [ [ [ 35.222914, 31.768402, 0.0 ], [ 35.223185, 31.768413, 0.0 ] ] ] } },
{ "type": "Feature", "properties": { "Name": "" }, "geometry": { "type": "MultiLineString", "coordinates": [ [ [ 35.224189, 31.769702, 0.0 ], [ 35.22432, 31.769506, 0.0 ] ] ] } },
{ "type": "Feature", "properties": { "Name": "" }, "geometry": { "type": "MultiLineString", "coordinates": [ [ [ 35.223246, 31.771152, 0.0 ], [ 35.223245, 31.77115, 0.0 ], [ 35.223096, 31.771546, 0.0 ] ] ] } },
{ "type": "Feature", "properties": { "Name": "" }, "geometry": { "type": "MultiLineString", "coordinates": [ [ [ 35.223071, 31.771657, 0.0 ], [ 35.223043, 31.771808, 0.0 ] ] ] } },
{ "type": "Feature", "properties": { "Name": "" }, "geometry": { "type": "MultiLineString", "coordinates": [ [ [ 35.222472, 31.773435, 0.0 ], [ 35.222529, 31.77334, 0.0 ] ] ] } },
{ "type": "Feature", "properties": { "Name": "" }, "geometry": { "type": "MultiLineString", "coordinates": [ [ [ 35.222436, 31.777101, 0.0 ], [ 35.222258, 31.776799, 0.0 ] ] ] } },
{ "type": "Feature", "properties": { "Name": "" }, "geometry": { "type": "MultiLineString", "coordinates": [ [ [ 35.222624, 31.777677, 0.0 ], [ 35.22266, 31.777855, 0.0 ] ] ] } },
{ "type": "Feature", "properties": { "Name": "" }, "geometry": { "type": "MultiLineString", "coordinates": [ [ [ 35.240866, 31.840659, 0.0 ], [ 35.241056, 31.840681, 0.0 ], [ 35.241241, 31.840681, 0.0 ], [ 35.241395, 31.840643, 0.0 ], [ 35.241421, 31.840641, 0.0 ] ] ] } },
{ "type": "Feature", "properties": { "Name": "" }, "geometry": { "type": "MultiLineString", "coordinates": [ [ [ 35.241797, 31.840576, 0.0 ], [ 35.241893, 31.840547, 0.0 ], [ 35.241951, 31.840518, 0.0 ] ] ] } },
{ "type": "Feature", "properties": { "Name": "" }, "geometry": { "type": "MultiLineString", "coordinates": [ [ [ 35.242033, 31.840465, 0.0 ], [ 35.242265, 31.840314, 0.0 ], [ 35.24244, 31.840182, 0.0 ], [ 35.242548, 31.840087, 0.0 ], [ 35.242652, 31.839975, 0.0 ] ] ] } },
{ "type": "Feature", "properties": { "Name": "" }, "geometry": { "type": "MultiLineString", "coordinates": [ [ [ 35.242733, 31.839888, 0.0 ], [ 35.242804, 31.839814, 0.0 ] ] ] } },
{ "type": "Feature", "properties": { "Name": "" }, "geometry": { "type": "MultiLineString", "coordinates": [ [ [ 35.242871, 31.839741, 0.0 ], [ 35.242884, 31.839727, 0.0 ], [ 35.24303, 31.839612, 0.0 ], [ 35.24319, 31.839453, 0.0 ], [ 35.243256, 31.839389, 0.0 ] ] ] } },
{ "type": "Feature", "properties": { "Name": "" }, "geometry": { "type": "MultiLineString", "coordinates": [ [ [ 35.245543, 31.839344, 0.0 ], [ 35.245658, 31.839402, 0.0 ], [ 35.245794, 31.839555, 0.0 ], [ 35.245928, 31.839744, 0.0 ] ] ] } },
{ "type": "Feature", "properties": { "Name": "" }, "geometry": { "type": "MultiLineString", "coordinates": [ [ [ 35.245473, 31.841651, 0.0 ], [ 35.245453, 31.841672, 0.0 ], [ 35.245366, 31.841756, 0.0 ], [ 35.245275, 31.841825, 0.0 ], [ 35.245176, 31.841931, 0.0 ], [ 35.245035, 31.842122, 0.0 ], [ 35.244997, 31.842165, 0.0 ] ] ] } },
{ "type": "Feature", "properties": { "Name": "" }, "geometry": { "type": "MultiLineString", "coordinates": [ [ [ 35.244754, 31.842429, 0.0 ], [ 35.244654, 31.842541, 0.0 ], [ 35.24448, 31.842735, 0.0 ], [ 35.244282, 31.842944, 0.0 ], [ 35.244049, 31.843204, 0.0 ], [ 35.244022, 31.843226, 0.0 ] ] ] } },
{ "type": "Feature", "properties": { "Name": "" }, "geometry": { "type": "MultiLineString", "coordinates": [ [ [ 35.243311, 31.843997, 0.0 ], [ 35.243105, 31.844231, 0.0 ], [ 35.242896, 31.844449, 0.0 ], [ 35.242659, 31.844607, 0.0 ], [ 35.242459, 31.844703, 0.0 ] ] ] } },
{ "type": "Feature", "properties": { "Name": "" }, "geometry": { "type": "MultiLineString", "coordinates": [ [ [ 35.243577, 31.839181, 0.0 ], [ 35.243721, 31.839123, 0.0 ], [ 35.243975, 31.839041, 0.0 ], [ 35.24426, 31.838991, 0.0 ], [ 35.244476, 31.838982, 0.0 ], [ 35.244716, 31.839001, 0.0 ], [ 35.244972, 31.839049, 0.0 ], [ 35.245033, 31.839073, 0.0 ] ] ] } },
{ "type": "Feature", "properties": { "Name": "" }, "geometry": { "type": "MultiLineString", "coordinates": [ [ [ 35.24396, 31.843276, 0.0 ], [ 35.243879, 31.843361, 0.0 ], [ 35.243772, 31.8435, 0.0 ] ] ] } },
{ "type": "Feature", "properties": { "Name": "" }, "geometry": { "type": "MultiLineString", "coordinates": [ [ [ 35.244831, 31.842344, 0.0 ], [ 35.244752, 31.84243, 0.0 ] ] ] } },
{ "type": "Feature", "properties": { "Name": "" }, "geometry": { "type": "MultiLineString", "coordinates": [ [ [ 35.210913, 31.786095, 0.0 ], [ 35.211157, 31.786037, 0.0 ], [ 35.211744, 31.785895, 0.0 ] ] ] } },
{ "type": "Feature", "properties": { "Name": "" }, "geometry": { "type": "MultiLineString", "coordinates": [ [ [ 35.208264, 31.781989, 0.0 ], [ 35.208272, 31.781948, 0.0 ], [ 35.208307, 31.781912, 0.0 ] ] ] } },
{ "type": "Feature", "properties": { "Name": "" }, "geometry": { "type": "MultiLineString", "coordinates": [ [ [ 35.21505, 31.768643, 0.0 ], [ 35.215052, 31.768643, 0.0 ], [ 35.215112, 31.768635, 0.0 ], [ 35.21517, 31.768622, 0.0 ], [ 35.215414, 31.768555, 0.0 ], [ 35.215416, 31.768554, 0.0 ] ] ] } },
{ "type": "Feature", "properties": { "Name": "" }, "geometry": { "type": "MultiLineString", "coordinates": [ [ [ 35.222589, 31.773221, 0.0 ], [ 35.222703, 31.773003, 0.0 ] ] ] } },
{ "type": "Feature", "properties": { "Name": "" }, "geometry": { "type": "MultiLineString", "coordinates": [ [ [ 35.222531, 31.773333, 0.0 ], [ 35.222589, 31.773221, 0.0 ] ] ] } },
{ "type": "Feature", "properties": { "Name": "" }, "geometry": { "type": "MultiLineString", "coordinates": [ [ [ 35.205502, 31.774241, 0.0 ], [ 35.205604, 31.774214, 0.0 ] ] ] } },
{ "type": "Feature", "properties": { "Name": "" }, "geometry": { "type": "MultiLineString", "coordinates": [ [ [ 35.203887, 31.766217, 0.0 ], [ 35.204028, 31.766359, 0.0 ], [ 35.204191, 31.766585, 0.0 ], [ 35.204322, 31.766769, 0.0 ], [ 35.204361, 31.766827, 0.0 ], [ 35.204354, 31.766884, 0.0 ], [ 35.204327, 31.766908, 0.0 ] ] ] } },
{ "type": "Feature", "properties": { "Name": "" }, "geometry": { "type": "MultiLineString", "coordinates": [ [ [ 35.204475, 31.755282, 0.0 ], [ 35.204798, 31.755022, 0.0 ], [ 35.204996, 31.754859, 0.0 ] ] ] } },
{ "type": "Feature", "properties": { "Name": "" }, "geometry": { "type": "MultiLineString", "coordinates": [ [ [ 35.205003, 31.754857, 0.0 ], [ 35.205202, 31.754686, 0.0 ] ] ] } },
{ "type": "Feature", "properties": { "Name": "" }, "geometry": { "type": "MultiLineString", "coordinates": [ [ [ 35.205206, 31.754682, 0.0 ], [ 35.205615, 31.754353, 0.0 ] ] ] } },
{ "type": "Feature", "properties": { "Name": "" }, "geometry": { "type": "MultiLineString", "coordinates": [ [ [ 35.205617, 31.75435, 0.0 ], [ 35.205691, 31.754297, 0.0 ] ] ] } },
{ "type": "Feature", "properties": { "Name": "" }, "geometry": { "type": "MultiLineString", "coordinates": [ [ [ 35.20569, 31.754297, 0.0 ], [ 35.205974, 31.754072, 0.0 ], [ 35.206163, 31.75392, 0.0 ], [ 35.206329, 31.753782, 0.0 ], [ 35.206358, 31.753754, 0.0 ] ] ] } },
{ "type": "Feature", "properties": { "Name": "" }, "geometry": { "type": "MultiLineString", "coordinates": [ [ [ 35.206899, 31.769456, 0.0 ], [ 35.206929, 31.769451, 0.0 ], [ 35.20709, 31.769426, 0.0 ], [ 35.207268, 31.769463, 0.0 ], [ 35.207569, 31.769536, 0.0 ], [ 35.207964, 31.769627, 0.0 ] ] ] } },
{ "type": "Feature", "properties": { "Name": "" }, "geometry": { "type": "MultiLineString", "coordinates": [ [ [ 35.204569, 31.767366, 0.0 ], [ 35.204514, 31.767286, 0.0 ], [ 35.204478, 31.767252, 0.0 ], [ 35.20447, 31.76719, 0.0 ] ] ] } },
{ "type": "Feature", "properties": { "Name": "" }, "geometry": { "type": "MultiLineString", "coordinates": [ [ [ 35.204464, 31.767183, 0.0 ], [ 35.204488, 31.767129, 0.0 ] ] ] } },
{ "type": "Feature", "properties": { "Name": "" }, "geometry": { "type": "MultiLineString", "coordinates": [ [ [ 35.190652, 31.753201, 0.0 ], [ 35.190587, 31.753179, 0.0 ], [ 35.190492, 31.753113, 0.0 ], [ 35.190437, 31.753042, 0.0 ] ] ] } },
{ "type": "Feature", "properties": { "Name": "" }, "geometry": { "type": "MultiLineString", "coordinates": [ [ [ 35.189786, 31.752385, 0.0 ], [ 35.189695, 31.75242, 0.0 ] ] ] } },
{ "type": "Feature", "properties": { "Name": "" }, "geometry": { "type": "MultiLineString", "coordinates": [ [ [ 35.189209, 31.752595, 0.0 ], [ 35.189062, 31.752592, 0.0 ] ] ] } },
{ "type": "Feature", "properties": { "Name": "" }, "geometry": { "type": "MultiLineString", "coordinates": [ [ [ 35.185363, 31.751917, 0.0 ], [ 35.185255, 31.751815, 0.0 ] ] ] } },
{ "type": "Feature", "properties": { "Name": "" }, "geometry": { "type": "MultiLineString", "coordinates": [ [ [ 35.185135, 31.751617, 0.0 ], [ 35.185049, 31.751478, 0.0 ] ] ] } },
{ "type": "Feature", "properties": { "Name": "" }, "geometry": { "type": "MultiLineString", "coordinates": [ [ [ 35.184837, 31.750049, 0.0 ], [ 35.184867, 31.749847, 0.0 ] ] ] } },
{ "type": "Feature", "properties": { "Name": "" }, "geometry": { "type": "MultiLineString", "coordinates": [ [ [ 35.185338, 31.748912, 0.0 ], [ 35.185356, 31.748787, 0.0 ] ] ] } },
{ "type": "Feature", "properties": { "Name": "" }, "geometry": { "type": "MultiLineString", "coordinates": [ [ [ 35.185368, 31.748501, 0.0 ], [ 35.185481, 31.748478, 0.0 ], [ 35.185541, 31.748407, 0.0 ], [ 35.185488, 31.7482, 0.0 ], [ 35.185392, 31.748064, 0.0 ], [ 35.185279, 31.747969, 0.0 ], [ 35.18489, 31.747922, 0.0 ] ] ] } },
{ "type": "Feature", "properties": { "Name": "" }, "geometry": { "type": "MultiLineString", "coordinates": [ [ [ 35.187674, 31.748498, 0.0 ], [ 35.187831, 31.748539, 0.0 ] ] ] } },
{ "type": "Feature", "properties": { "Name": "" }, "geometry": { "type": "MultiLineString", "coordinates": [ [ [ 35.189663, 31.750899, 0.0 ], [ 35.189689, 31.750985, 0.0 ], [ 35.189688, 31.751081, 0.0 ], [ 35.189707, 31.751227, 0.0 ], [ 35.189728, 31.751379, 0.0 ] ] ] } },
{ "type": "Feature", "properties": { "Name": "" }, "geometry": { "type": "MultiLineString", "coordinates": [ [ [ 35.194138, 31.750431, 0.0 ], [ 35.194591, 31.750711, 0.0 ], [ 35.194776, 31.750661, 0.0 ] ] ] } },
{ "type": "Feature", "properties": { "Name": "" }, "geometry": { "type": "MultiLineString", "coordinates": [ [ [ 35.194935, 31.751476, 0.0 ], [ 35.194946, 31.751282, 0.0 ] ] ] } },
{ "type": "Feature", "properties": { "Name": "" }, "geometry": { "type": "MultiLineString", "coordinates": [ [ [ 35.197403, 31.752038, 0.0 ], [ 35.198123, 31.75162, 0.0 ] ] ] } },
{ "type": "Feature", "properties": { "Name": "" }, "geometry": { "type": "MultiLineString", "coordinates": [ [ [ 35.235778, 31.74659, 0.0 ], [ 35.235728, 31.74673, 0.0 ], [ 35.235546, 31.747045, 0.0 ], [ 35.235223, 31.747575, 0.0 ], [ 35.235052, 31.747922, 0.0 ], [ 35.234863, 31.748233, 0.0 ], [ 35.23477, 31.748439, 0.0 ], [ 35.234674, 31.748791, 0.0 ], [ 35.23467, 31.748875, 0.0 ], [ 35.23463, 31.749027, 0.0 ], [ 35.234631, 31.749112, 0.0 ], [ 35.234543, 31.749461, 0.0 ], [ 35.234493, 31.749503, 0.0 ], [ 35.234452, 31.749724, 0.0 ], [ 35.234417, 31.749784, 0.0 ], [ 35.234348, 31.749858, 0.0 ] ] ] } },
{ "type": "Feature", "properties": { "Name": "" }, "geometry": { "type": "MultiLineString", "coordinates": [ [ [ 35.212516, 31.746188, 0.0 ], [ 35.212534, 31.746272, 0.0 ], [ 35.212539, 31.746322, 0.0 ], [ 35.212584, 31.7464, 0.0 ], [ 35.212597, 31.746447, 0.0 ], [ 35.212583, 31.746491, 0.0 ], [ 35.212582, 31.746545, 0.0 ], [ 35.212587, 31.746596, 0.0 ], [ 35.212623, 31.746702, 0.0 ], [ 35.212643, 31.746725, 0.0 ], [ 35.212663, 31.746741, 0.0 ] ] ] } },
{ "type": "Feature", "properties": { "Name": "" }, "geometry": { "type": "MultiLineString", "coordinates": [ [ [ 35.204222, 31.787555, 0.0 ], [ 35.204348, 31.787546, 0.0 ] ] ] } },
{ "type": "Feature", "properties": { "Name": "" }, "geometry": { "type": "MultiLineString", "coordinates": [ [ [ 35.20277, 31.8065, 0.0 ], [ 35.202861, 31.806492, 0.0 ], [ 35.202955, 31.806471, 0.0 ], [ 35.203058, 31.806425, 0.0 ], [ 35.203136, 31.806379, 0.0 ], [ 35.203176, 31.806348, 0.0 ] ] ] } },
{ "type": "Feature", "properties": { "Name": "" }, "geometry": { "type": "MultiLineString", "coordinates": [ [ [ 35.223457, 31.763159, 0.0 ], [ 35.223319, 31.763129, 0.0 ] ] ] } },
{ "type": "Feature", "properties": { "Name": "" }, "geometry": { "type": "MultiLineString", "coordinates": [ [ [ 35.197963, 31.751619, 0.0 ], [ 35.198127, 31.751615, 0.0 ] ] ] } },
{ "type": "Feature", "properties": { "Name": "" }, "geometry": { "type": "MultiLineString", "coordinates": [ [ [ 35.19509, 31.75043, 0.0 ], [ 35.195115, 31.750329, 0.0 ] ] ] } },
{ "type": "Feature", "properties": { "Name": "" }, "geometry": { "type": "MultiLineString", "coordinates": [ [ [ 35.19512, 31.75033, 0.0 ], [ 35.195222, 31.750018, 0.0 ] ] ] } },
{ "type": "Feature", "properties": { "Name": "" }, "geometry": { "type": "MultiLineString", "coordinates": [ [ [ 35.224554, 31.764524, 0.0 ], [ 35.224532, 31.764385, 0.0 ], [ 35.224496, 31.764227, 0.0 ], [ 35.224449, 31.764065, 0.0 ], [ 35.224414, 31.76399, 0.0 ], [ 35.224407, 31.76398, 0.0 ] ] ] } },
{ "type": "Feature", "properties": { "Name": "" }, "geometry": { "type": "MultiLineString", "coordinates": [ [ [ 35.215089, 31.75914, 0.0 ], [ 35.21508, 31.759111, 0.0 ], [ 35.215032, 31.759062, 0.0 ], [ 35.214256, 31.758541, 0.0 ], [ 35.214038, 31.758394, 0.0 ], [ 35.214016, 31.758379, 0.0 ], [ 35.213922, 31.758313, 0.0 ], [ 35.213912, 31.758306, 0.0 ], [ 35.213744, 31.758189, 0.0 ], [ 35.213617, 31.758086, 0.0 ], [ 35.213469, 31.75796, 0.0 ], [ 35.213317, 31.757828, 0.0 ], [ 35.213141, 31.757647, 0.0 ], [ 35.212942, 31.757435, 0.0 ], [ 35.212624, 31.7571, 0.0 ] ] ] } },
{ "type": "Feature", "properties": { "Name": "" }, "geometry": { "type": "MultiLineString", "coordinates": [ [ [ 35.211188, 31.75554, 0.0 ], [ 35.211182, 31.755533, 0.0 ], [ 35.211135, 31.755473, 0.0 ] ] ] } },
{ "type": "Feature", "properties": { "Name": "" }, "geometry": { "type": "MultiLineString", "coordinates": [ [ [ 35.211135, 31.755473, 0.0 ], [ 35.21113, 31.755467, 0.0 ], [ 35.211121, 31.755454, 0.0 ], [ 35.2109, 31.755097, 0.0 ], [ 35.210544, 31.754526, 0.0 ], [ 35.210363, 31.754216, 0.0 ] ] ] } },
{ "type": "Feature", "properties": { "Name": "" }, "geometry": { "type": "MultiLineString", "coordinates": [ [ [ 35.211988, 31.756428, 0.0 ], [ 35.211941, 31.756378, 0.0 ], [ 35.211606, 31.756023, 0.0 ], [ 35.211458, 31.755864, 0.0 ], [ 35.21136, 31.755757, 0.0 ], [ 35.211295, 31.755677, 0.0 ], [ 35.211215, 31.755574, 0.0 ], [ 35.211188, 31.75554, 0.0 ] ] ] } },
{ "type": "Feature", "properties": { "Name": "" }, "geometry": { "type": "MultiLineString", "coordinates": [ [ [ 35.212624, 31.7571, 0.0 ], [ 35.212619, 31.757095, 0.0 ], [ 35.212583, 31.757057, 0.0 ], [ 35.212536, 31.757008, 0.0 ] ] ] } },
{ "type": "Feature", "properties": { "Name": "" }, "geometry": { "type": "MultiLineString", "coordinates": [ [ [ 35.212536, 31.757008, 0.0 ], [ 35.212272, 31.756729, 0.0 ], [ 35.212074, 31.756519, 0.0 ], [ 35.212056, 31.7565, 0.0 ] ] ] } },
{ "type": "Feature", "properties": { "Name": "" }, "geometry": { "type": "MultiLineString", "coordinates": [ [ [ 35.212055, 31.756499, 0.0 ], [ 35.212029, 31.756471, 0.0 ], [ 35.211988, 31.756428, 0.0 ] ] ] } },
{ "type": "Feature", "properties": { "Name": "" }, "geometry": { "type": "MultiLineString", "coordinates": [ [ [ 35.210363, 31.754216, 0.0 ], [ 35.21034, 31.754176, 0.0 ], [ 35.21033, 31.75416, 0.0 ], [ 35.210292, 31.754104, 0.0 ], [ 35.21028, 31.754087, 0.0 ] ] ] } },
{ "type": "Feature", "properties": { "Name": "" }, "geometry": { "type": "MultiLineString", "coordinates": [ [ [ 35.21028, 31.754087, 0.0 ], [ 35.210234, 31.754018, 0.0 ], [ 35.210118, 31.753839, 0.0 ], [ 35.210066, 31.753772, 0.0 ], [ 35.209955, 31.753654, 0.0 ], [ 35.209894, 31.753593, 0.0 ], [ 35.209803, 31.753513, 0.0 ], [ 35.209738, 31.753463, 0.0 ], [ 35.209707, 31.753443, 0.0 ] ] ] } },
{ "type": "Feature", "properties": { "Name": "" }, "geometry": { "type": "MultiLineString", "coordinates": [ [ [ 35.209707, 31.753443, 0.0 ], [ 35.209694, 31.753435, 0.0 ], [ 35.209593, 31.753371, 0.0 ], [ 35.209588, 31.753368, 0.0 ] ] ] } },
{ "type": "Feature", "properties": { "Name": "" }, "geometry": { "type": "MultiLineString", "coordinates": [ [ [ 35.209588, 31.753368, 0.0 ], [ 35.209579, 31.753362, 0.0 ], [ 35.209488, 31.753304, 0.0 ], [ 35.209211, 31.753161, 0.0 ], [ 35.209083, 31.753104, 0.0 ], [ 35.208668, 31.752907, 0.0 ], [ 35.208648, 31.752898, 0.0 ], [ 35.208646, 31.752897, 0.0 ] ] ] } },
{ "type": "Feature", "properties": { "Name": "" }, "geometry": { "type": "MultiLineString", "coordinates": [ [ [ 35.208646, 31.752897, 0.0 ], [ 35.208583, 31.752865, 0.0 ], [ 35.208537, 31.752842, 0.0 ] ] ] } },
{ "type": "Feature", "properties": { "Name": "" }, "geometry": { "type": "MultiLineString", "coordinates": [ [ [ 35.205143, 31.749556, 0.0 ], [ 35.204834, 31.749452, 0.0 ], [ 35.204491, 31.74933, 0.0 ] ] ] } },
{ "type": "Feature", "properties": { "Name": "" }, "geometry": { "type": "MultiLineString", "coordinates": [ [ [ 35.204491, 31.74933, 0.0 ], [ 35.204477, 31.749324, 0.0 ], [ 35.204399, 31.749297, 0.0 ], [ 35.204381, 31.74929, 0.0 ] ] ] } },
{ "type": "Feature", "properties": { "Name": "" }, "geometry": { "type": "MultiLineString", "coordinates": [ [ [ 35.192089, 31.746729, 0.0 ], [ 35.192085, 31.746709, 0.0 ], [ 35.192062, 31.746604, 0.0 ], [ 35.192029, 31.746509, 0.0 ], [ 35.191956, 31.746394, 0.0 ], [ 35.191856, 31.746313, 0.0 ], [ 35.191733, 31.746246, 0.0 ], [ 35.191543, 31.746194, 0.0 ], [ 35.191309, 31.746184, 0.0 ], [ 35.19113, 31.746203, 0.0 ], [ 35.190884, 31.746251, 0.0 ], [ 35.19061, 31.746337, 0.0 ], [ 35.190398, 31.746403, 0.0 ], [ 35.190225, 31.746451, 0.0 ], [ 35.190041, 31.746508, 0.0 ], [ 35.189834, 31.74659, 0.0 ], [ 35.189722, 31.746647, 0.0 ], [ 35.189639, 31.746718, 0.0 ], [ 35.1896, 31.746799, 0.0 ], [ 35.189538, 31.746876, 0.0 ], [ 35.18946, 31.746928, 0.0 ], [ 35.189382, 31.746938, 0.0 ], [ 35.189292, 31.746928, 0.0 ], [ 35.189203, 31.746947, 0.0 ], [ 35.189132, 31.746993, 0.0 ], [ 35.189062, 31.747084, 0.0 ], [ 35.188964, 31.747192, 0.0 ], [ 35.188879, 31.747242, 0.0 ], [ 35.18879, 31.747262, 0.0 ], [ 35.188761, 31.747261, 0.0 ] ] ] } },
{ "type": "Feature", "properties": { "Name": "" }, "geometry": { "type": "MultiLineString", "coordinates": [ [ [ 35.188761, 31.747261, 0.0 ], [ 35.18868, 31.747258, 0.0 ], [ 35.188546, 31.747241, 0.0 ] ] ] } },
{ "type": "Feature", "properties": { "Name": "" }, "geometry": { "type": "MultiLineString", "coordinates": [ [ [ 35.185356, 31.748783, 0.0 ], [ 35.185374, 31.748701, 0.0 ] ] ] } },
{ "type": "Feature", "properties": { "Name": "" }, "geometry": { "type": "MultiLineString", "coordinates": [ [ [ 35.178372, 31.735872, 0.0 ], [ 35.178388, 31.735803, 0.0 ], [ 35.178413, 31.735716, 0.0 ], [ 35.178454, 31.735647, 0.0 ], [ 35.178483, 31.735583, 0.0 ], [ 35.178515, 31.735536, 0.0 ], [ 35.178548, 31.735476, 0.0 ], [ 35.178579, 31.735428, 0.0 ], [ 35.178597, 31.735362, 0.0 ], [ 35.178623, 31.735301, 0.0 ], [ 35.178682, 31.735238, 0.0 ], [ 35.178814, 31.735123, 0.0 ], [ 35.178925, 31.735033, 0.0 ], [ 35.179107, 31.734901, 0.0 ], [ 35.179273, 31.734784, 0.0 ], [ 35.179473, 31.734634, 0.0 ] ] ] } },
{ "type": "Feature", "properties": { "Name": "" }, "geometry": { "type": "MultiLineString", "coordinates": [ [ [ 35.18199, 31.738156, 0.0 ], [ 35.181963, 31.738084, 0.0 ], [ 35.181643, 31.737503, 0.0 ], [ 35.181359, 31.736911, 0.0 ] ] ] } },
{ "type": "Feature", "properties": { "Name": "" }, "geometry": { "type": "MultiLineString", "coordinates": [ [ [ 35.184701, 31.732446, 0.0 ], [ 35.184798, 31.732439, 0.0 ], [ 35.185641, 31.732351, 0.0 ], [ 35.186466, 31.732232, 0.0 ] ] ] } },
{ "type": "Feature", "properties": { "Name": "" }, "geometry": { "type": "MultiLineString", "coordinates": [ [ [ 35.187759, 31.731708, 0.0 ], [ 35.18805, 31.73148, 0.0 ], [ 35.188335, 31.731258, 0.0 ] ] ] } },
{ "type": "Feature", "properties": { "Name": "" }, "geometry": { "type": "MultiLineString", "coordinates": [ [ [ 35.194363, 31.733499, 0.0 ], [ 35.194321, 31.733827, 0.0 ], [ 35.194315, 31.734127, 0.0 ] ] ] } },
{ "type": "Feature", "properties": { "Name": "" }, "geometry": { "type": "MultiLineString", "coordinates": [ [ [ 35.194643, 31.737209, 0.0 ], [ 35.194654, 31.737248, 0.0 ] ] ] } },
{ "type": "Feature", "properties": { "Name": "" }, "geometry": { "type": "MultiLineString", "coordinates": [ [ [ 35.19483, 31.73845, 0.0 ], [ 35.194912, 31.738435, 0.0 ] ] ] } },
{ "type": "Feature", "properties": { "Name": "" }, "geometry": { "type": "MultiLineString", "coordinates": [ [ [ 35.197997, 31.746812, 0.0 ], [ 35.198033, 31.74698, 0.0 ] ] ] } },
{ "type": "Feature", "properties": { "Name": "" }, "geometry": { "type": "MultiLineString", "coordinates": [ [ [ 35.198035, 31.747081, 0.0 ], [ 35.198034, 31.74716, 0.0 ] ] ] } },
{ "type": "Feature", "properties": { "Name": "" }, "geometry": { "type": "MultiLineString", "coordinates": [ [ [ 35.19804, 31.74732, 0.0 ], [ 35.198029, 31.747903, 0.0 ] ] ] } },
{ "type": "Feature", "properties": { "Name": "" }, "geometry": { "type": "MultiLineString", "coordinates": [ [ [ 35.213602, 31.7453, 0.0 ], [ 35.213485, 31.745351, 0.0 ] ] ] } },
{ "type": "Feature", "properties": { "Name": "" }, "geometry": { "type": "MultiLineString", "coordinates": [ [ [ 35.212346, 31.74584, 0.0 ], [ 35.212384, 31.74594, 0.0 ] ] ] } },
{ "type": "Feature", "properties": { "Name": "" }, "geometry": { "type": "MultiLineString", "coordinates": [ [ [ 35.212424, 31.746086, 0.0 ], [ 35.212335, 31.746116, 0.0 ] ] ] } },
{ "type": "Feature", "properties": { "Name": "" }, "geometry": { "type": "MultiLineString", "coordinates": [ [ [ 35.181357, 31.736906, 0.0 ], [ 35.181359, 31.736911, 0.0 ] ] ] } },
{ "type": "Feature", "properties": { "Name": "" }, "geometry": { "type": "MultiLineString", "coordinates": [ [ [ 35.188914, 31.730608, 0.0 ], [ 35.188912, 31.730609, 0.0 ], [ 35.188913, 31.730609, 0.0 ], [ 35.188882, 31.730646, 0.0 ] ] ] } },
{ "type": "Feature", "properties": { "Name": "" }, "geometry": { "type": "MultiLineString", "coordinates": [ [ [ 35.18922, 31.730799, 0.0 ], [ 35.18914, 31.730746, 0.0 ] ] ] } },
{ "type": "Feature", "properties": { "Name": "" }, "geometry": { "type": "MultiLineString", "coordinates": [ [ [ 35.189272, 31.730802, 0.0 ], [ 35.189254, 31.730803, 0.0 ], [ 35.189224, 31.730802, 0.0 ], [ 35.18922, 31.730799, 0.0 ] ] ] } },
{ "type": "Feature", "properties": { "Name": "" }, "geometry": { "type": "MultiLineString", "coordinates": [ [ [ 35.18933, 31.730755, 0.0 ], [ 35.189276, 31.730802, 0.0 ], [ 35.189272, 31.730802, 0.0 ] ] ] } },
{ "type": "Feature", "properties": { "Name": "" }, "geometry": { "type": "MultiLineString", "coordinates": [ [ [ 35.189502, 31.730685, 0.0 ], [ 35.18945, 31.730687, 0.0 ] ] ] } },
{ "type": "Feature", "properties": { "Name": "" }, "geometry": { "type": "MultiLineString", "coordinates": [ [ [ 35.186763, 31.732084, 0.0 ], [ 35.186749, 31.732125, 0.0 ] ] ] } },
{ "type": "Feature", "properties": { "Name": "" }, "geometry": { "type": "MultiLineString", "coordinates": [ [ [ 35.193064, 31.731634, 0.0 ], [ 35.193012, 31.731554, 0.0 ], [ 35.192945, 31.731449, 0.0 ], [ 35.192859, 31.731297, 0.0 ], [ 35.192826, 31.731243, 0.0 ] ] ] } },
{ "type": "Feature", "properties": { "Name": "" }, "geometry": { "type": "MultiLineString", "coordinates": [ [ [ 35.194423, 31.733231, 0.0 ], [ 35.194435, 31.733168, 0.0 ], [ 35.194447, 31.733102, 0.0 ], [ 35.194432, 31.733027, 0.0 ], [ 35.194397, 31.732972, 0.0 ], [ 35.194384, 31.732923, 0.0 ] ] ] } },
{ "type": "Feature", "properties": { "Name": "" }, "geometry": { "type": "MultiLineString", "coordinates": [ [ [ 35.194369, 31.7335, 0.0 ], [ 35.194398, 31.733355, 0.0 ], [ 35.194423, 31.733231, 0.0 ] ] ] } },
{ "type": "Feature", "properties": { "Name": "" }, "geometry": { "type": "MultiLineString", "coordinates": [ [ [ 35.197895, 31.750091, 0.0 ], [ 35.197947, 31.75019, 0.0 ] ] ] } },
{ "type": "Feature", "properties": { "Name": "" }, "geometry": { "type": "MultiLineString", "coordinates": [ [ [ 35.212448, 31.810824, 0.0 ], [ 35.212455, 31.81094, 0.0 ], [ 35.21249, 31.811107, 0.0 ], [ 35.212532, 31.811229, 0.0 ], [ 35.212606, 31.811408, 0.0 ], [ 35.212783, 31.811835, 0.0 ], [ 35.212927, 31.812182, 0.0 ], [ 35.213151, 31.812743, 0.0 ], [ 35.213265, 31.813219, 0.0 ], [ 35.213284, 31.813534, 0.0 ], [ 35.213288, 31.813667, 0.0 ] ] ] } },
{ "type": "Feature", "properties": { "Name": "" }, "geometry": { "type": "MultiLineString", "coordinates": [ [ [ 35.212484, 31.745762, 0.0 ], [ 35.212404, 31.745793, 0.0 ] ] ] } },
{ "type": "Feature", "properties": { "Name": "" }, "geometry": { "type": "MultiLineString", "coordinates": [ [ [ 35.212404, 31.745793, 0.0 ], [ 35.212358, 31.745811, 0.0 ], [ 35.212346, 31.74584, 0.0 ] ] ] } },
{ "type": "Feature", "properties": { "Name": "" }, "geometry": { "type": "MultiLineString", "coordinates": [ [ [ 35.212399, 31.745979, 0.0 ], [ 35.212431, 31.746063, 0.0 ] ] ] } },
{ "type": "Feature", "properties": { "Name": "" }, "geometry": { "type": "MultiLineString", "coordinates": [ [ [ 35.212493, 31.746081, 0.0 ], [ 35.212544, 31.7461, 0.0 ] ] ] } },
{ "type": "Feature", "properties": { "Name": "" }, "geometry": { "type": "MultiLineString", "coordinates": [ [ [ 35.212311, 31.746124, 0.0 ], [ 35.212249, 31.746144, 0.0 ] ] ] } },
{ "type": "Feature", "properties": { "Name": "" }, "geometry": { "type": "MultiLineString", "coordinates": [ [ [ 35.212207, 31.746242, 0.0 ], [ 35.212236, 31.746196, 0.0 ] ] ] } },
{ "type": "Feature", "properties": { "Name": "" }, "geometry": { "type": "MultiLineString", "coordinates": [ [ [ 35.234553, 31.805109, 0.0 ], [ 35.234512, 31.805078, 0.0 ], [ 35.234467, 31.805056, 0.0 ] ] ] } },
{ "type": "Feature", "properties": { "Name": "" }, "geometry": { "type": "MultiLineString", "coordinates": [ [ [ 35.235151, 31.80472, 0.0 ], [ 35.235205, 31.804717, 0.0 ], [ 35.23525, 31.804709, 0.0 ] ] ] } },
{ "type": "Feature", "properties": { "Name": "" }, "geometry": { "type": "MultiLineString", "coordinates": [ [ [ 35.235349, 31.804639, 0.0 ], [ 35.235561, 31.804482, 0.0 ], [ 35.235655, 31.804418, 0.0 ] ] ] } },
{ "type": "Feature", "properties": { "Name": "" }, "geometry": { "type": "MultiLineString", "coordinates": [ [ [ 35.236397, 31.803851, 0.0 ], [ 35.236508, 31.803755, 0.0 ], [ 35.236549, 31.803725, 0.0 ] ] ] } },
{ "type": "Feature", "properties": { "Name": "" }, "geometry": { "type": "MultiLineString", "coordinates": [ [ [ 35.236552, 31.803725, 0.0 ], [ 35.236675, 31.803648, 0.0 ], [ 35.236834, 31.803562, 0.0 ], [ 35.23694, 31.803489, 0.0 ], [ 35.23702, 31.803429, 0.0 ], [ 35.237122, 31.803363, 0.0 ], [ 35.237314, 31.80324, 0.0 ] ] ] } },
{ "type": "Feature", "properties": { "Name": "" }, "geometry": { "type": "MultiLineString", "coordinates": [ [ [ 35.23791, 31.802752, 0.0 ], [ 35.237983, 31.802579, 0.0 ], [ 35.238037, 31.802492, 0.0 ] ] ] } },
{ "type": "Feature", "properties": { "Name": "" }, "geometry": { "type": "MultiLineString", "coordinates": [ [ [ 35.238073, 31.802459, 0.0 ], [ 35.238146, 31.802356, 0.0 ], [ 35.238221, 31.802178, 0.0 ], [ 35.238254, 31.801922, 0.0 ] ] ] } },
{ "type": "Feature", "properties": { "Name": "" }, "geometry": { "type": "MultiLineString", "coordinates": [ [ [ 35.235377, 31.804927, 0.0 ], [ 35.235199, 31.805097, 0.0 ], [ 35.235106, 31.805155, 0.0 ], [ 35.235105, 31.805156, 0.0 ] ] ] } },
{ "type": "Feature", "properties": { "Name": "" }, "geometry": { "type": "MultiLineString", "coordinates": [ [ [ 35.234961, 31.805237, 0.0 ], [ 35.234928, 31.805205, 0.0 ] ] ] } },
{ "type": "Feature", "properties": { "Name": "" }, "geometry": { "type": "MultiLineString", "coordinates": [ [ [ 35.240496, 31.797257, 0.0 ], [ 35.240415, 31.79735, 0.0 ] ] ] } },
{ "type": "Feature", "properties": { "Name": "" }, "geometry": { "type": "MultiLineString", "coordinates": [ [ [ 35.240307, 31.797209, 0.0 ], [ 35.240454, 31.797064, 0.0 ] ] ] } },
{ "type": "Feature", "properties": { "Name": "" }, "geometry": { "type": "MultiLineString", "coordinates": [ [ [ 35.240455, 31.797065, 0.0 ], [ 35.240579, 31.796964, 0.0 ], [ 35.240704, 31.796879, 0.0 ] ] ] } },
{ "type": "Feature", "properties": { "Name": "" }, "geometry": { "type": "MultiLineString", "coordinates": [ [ [ 35.241514, 31.794319, 0.0 ], [ 35.241531, 31.794309, 0.0 ], [ 35.241562, 31.794291, 0.0 ], [ 35.24157, 31.794287, 0.0 ] ] ] } },
{ "type": "Feature", "properties": { "Name": "" }, "geometry": { "type": "MultiLineString", "coordinates": [ [ [ 35.241744, 31.796311, 0.0 ], [ 35.241654, 31.796397, 0.0 ] ] ] } },
{ "type": "Feature", "properties": { "Name": "" }, "geometry": { "type": "MultiLineString", "coordinates": [ [ [ 35.24073, 31.797073, 0.0 ], [ 35.240565, 31.797193, 0.0 ], [ 35.240499, 31.797253, 0.0 ] ] ] } },
{ "type": "Feature", "properties": { "Name": "" }, "geometry": { "type": "MultiLineString", "coordinates": [ [ [ 35.240282, 31.797255, 0.0 ], [ 35.240311, 31.797283, 0.0 ] ] ] } },
{ "type": "Feature", "properties": { "Name": "" }, "geometry": { "type": "MultiLineString", "coordinates": [ [ [ 35.24035, 31.797318, 0.0 ], [ 35.240393, 31.797356, 0.0 ] ] ] } },
{ "type": "Feature", "properties": { "Name": "" }, "geometry": { "type": "MultiLineString", "coordinates": [ [ [ 35.240345, 31.797467, 0.0 ], [ 35.240266, 31.797531, 0.0 ] ] ] } },
{ "type": "Feature", "properties": { "Name": "" }, "geometry": { "type": "MultiLineString", "coordinates": [ [ [ 35.240408, 31.79741, 0.0 ], [ 35.240361, 31.797454, 0.0 ] ] ] } },
{ "type": "Feature", "properties": { "Name": "" }, "geometry": { "type": "MultiLineString", "coordinates": [ [ [ 35.235105, 31.805156, 0.0 ], [ 35.234964, 31.805247, 0.0 ] ] ] } },
{ "type": "Feature", "properties": { "Name": "" }, "geometry": { "type": "MultiLineString", "coordinates": [ [ [ 35.234467, 31.805056, 0.0 ], [ 35.234412, 31.805029, 0.0 ], [ 35.234387, 31.805016, 0.0 ], [ 35.234388, 31.805017, 0.0 ] ] ] } },
{ "type": "Feature", "properties": { "Name": "" }, "geometry": { "type": "MultiLineString", "coordinates": [ [ [ 35.213461, 31.745361, 0.0 ], [ 35.213365, 31.745403, 0.0 ] ] ] } },
{ "type": "Feature", "properties": { "Name": "" }, "geometry": { "type": "MultiLineString", "coordinates": [ [ [ 35.208288, 31.77612, 0.0 ], [ 35.208544, 31.775949, 0.0 ], [ 35.208689, 31.775754, 0.0 ], [ 35.208689, 31.775595, 0.0 ] ] ] } },
{ "type": "Feature", "properties": { "Name": "" }, "geometry": { "type": "MultiLineString", "coordinates": [ [ [ 35.209071, 31.786888, 0.0 ], [ 35.208533, 31.787025, 0.0 ] ] ] } },
{ "type": "Feature", "properties": { "Name": "" }, "geometry": { "type": "MultiLineString", "coordinates": [ [ [ 35.182831, 31.787603, 0.0 ], [ 35.182924, 31.787616, 0.0 ], [ 35.183202, 31.78765, 0.0 ], [ 35.183281, 31.787659, 0.0 ] ] ] } },
{ "type": "Feature", "properties": { "Name": "" }, "geometry": { "type": "MultiLineString", "coordinates": [ [ [ 35.183969, 31.78774, 0.0 ], [ 35.184078, 31.787752, 0.0 ], [ 35.184417, 31.787775, 0.0 ] ] ] } },
{ "type": "Feature", "properties": { "Name": "" }, "geometry": { "type": "MultiLineString", "coordinates": [ [ [ 35.183928, 31.787735, 0.0 ], [ 35.183969, 31.78774, 0.0 ] ] ] } },
{ "type": "Feature", "properties": { "Name": "" }, "geometry": { "type": "MultiLineString", "coordinates": [ [ [ 35.171685, 31.80189, 0.0 ], [ 35.171429, 31.801843, 0.0 ], [ 35.17135, 31.801729, 0.0 ], [ 35.171325, 31.801595, 0.0 ], [ 35.171068, 31.801594, 0.0 ], [ 35.170806, 31.801432, 0.0 ], [ 35.170623, 31.801158, 0.0 ], [ 35.170487, 31.800241, 0.0 ], [ 35.170415, 31.800068, 0.0 ], [ 35.170633, 31.799951, 0.0 ], [ 35.170316, 31.799247, 0.0 ], [ 35.170128, 31.79914, 0.0 ], [ 35.169938, 31.798875, 0.0 ], [ 35.170446, 31.798587, 0.0 ], [ 35.170366, 31.798359, 0.0 ], [ 35.17016, 31.79804, 0.0 ], [ 35.169842, 31.797699, 0.0 ], [ 35.169176, 31.797116, 0.0 ] ] ] } },
{ "type": "Feature", "properties": { "Name": "" }, "geometry": { "type": "MultiLineString", "coordinates": [ [ [ 35.171342, 31.801577, 0.0 ], [ 35.171446, 31.800957, 0.0 ] ] ] } },
{ "type": "Feature", "properties": { "Name": "" }, "geometry": { "type": "MultiLineString", "coordinates": [ [ [ 35.166637, 31.794953, 0.0 ], [ 35.166179, 31.794346, 0.0 ], [ 35.166114, 31.79389, 0.0 ], [ 35.166184, 31.79355, 0.0 ], [ 35.166108, 31.793346, 0.0 ] ] ] } },
{ "type": "Feature", "properties": { "Name": "" }, "geometry": { "type": "MultiLineString", "coordinates": [ [ [ 35.166385, 31.795288, 0.0 ], [ 35.166069, 31.795558, 0.0 ] ] ] } },
{ "type": "Feature", "properties": { "Name": "" }, "geometry": { "type": "MultiLineString", "coordinates": [ [ [ 35.166489, 31.790586, 0.0 ], [ 35.165939, 31.789707, 0.0 ] ] ] } },
{ "type": "Feature", "properties": { "Name": "" }, "geometry": { "type": "MultiLineString", "coordinates": [ [ [ 35.23095, 31.720785, 0.0 ], [ 35.230932, 31.720676, 0.0 ] ] ] } },
{ "type": "Feature", "properties": { "Name": "" }, "geometry": { "type": "MultiLineString", "coordinates": [ [ [ 35.230996, 31.717551, 0.0 ], [ 35.231064, 31.717428, 0.0 ] ] ] } },
{ "type": "Feature", "properties": { "Name": "" }, "geometry": { "type": "MultiLineString", "coordinates": [ [ [ 35.231274, 31.721826, 0.0 ], [ 35.231304, 31.721921, 0.0 ], [ 35.231348, 31.722019, 0.0 ], [ 35.231323, 31.722125, 0.0 ], [ 35.231262, 31.722197, 0.0 ] ] ] } },
{ "type": "Feature", "properties": { "Name": "" }, "geometry": { "type": "MultiLineString", "coordinates": [ [ [ 35.231099, 31.722651, 0.0 ], [ 35.231101, 31.722719, 0.0 ] ] ] } },
{ "type": "Feature", "properties": { "Name": "" }, "geometry": { "type": "MultiLineString", "coordinates": [ [ [ 35.2311, 31.723163, 0.0 ], [ 35.231089, 31.723341, 0.0 ], [ 35.231026, 31.723418, 0.0 ], [ 35.231007, 31.723541, 0.0 ], [ 35.231097, 31.723637, 0.0 ] ] ] } },
{ "type": "Feature", "properties": { "Name": "" }, "geometry": { "type": "MultiLineString", "coordinates": [ [ [ 35.231112, 31.722263, 0.0 ], [ 35.231078, 31.722165, 0.0 ] ] ] } },
{ "type": "Feature", "properties": { "Name": "" }, "geometry": { "type": "MultiLineString", "coordinates": [ [ [ 35.222336, 31.727476, 0.0 ], [ 35.222352, 31.727485, 0.0 ], [ 35.222346, 31.727517, 0.0 ], [ 35.222313, 31.72758, 0.0 ], [ 35.222235, 31.7277, 0.0 ], [ 35.22214, 31.727817, 0.0 ], [ 35.222046, 31.727914, 0.0 ], [ 35.221982, 31.72802, 0.0 ], [ 35.221896, 31.728095, 0.0 ], [ 35.221829, 31.728184, 0.0 ], [ 35.221793, 31.728259, 0.0 ], [ 35.22173, 31.728367, 0.0 ], [ 35.221713, 31.728411, 0.0 ], [ 35.221734, 31.728427, 0.0 ], [ 35.221756, 31.728428, 0.0 ], [ 35.221857, 31.728354, 0.0 ], [ 35.22206, 31.728183, 0.0 ], [ 35.222366, 31.727885, 0.0 ], [ 35.222419, 31.727848, 0.0 ], [ 35.222466, 31.727846, 0.0 ] ] ] } },
{ "type": "Feature", "properties": { "Name": "" }, "geometry": { "type": "MultiLineString", "coordinates": [ [ [ 35.230854, 31.717848, 0.0 ], [ 35.230965, 31.717607, 0.0 ] ] ] } },
{ "type": "Feature", "properties": { "Name": "" }, "geometry": { "type": "MultiLineString", "coordinates": [ [ [ 35.230827, 31.717905, 0.0 ], [ 35.230854, 31.717848, 0.0 ] ] ] } },
{ "type": "Feature", "properties": { "Name": "" }, "geometry": { "type": "MultiLineString", "coordinates": [ [ [ 35.230656, 31.718783, 0.0 ], [ 35.230642, 31.718678, 0.0 ], [ 35.230617, 31.718514, 0.0 ], [ 35.230613, 31.718411, 0.0 ], [ 35.230617, 31.718365, 0.0 ], [ 35.230693, 31.718189, 0.0 ], [ 35.230787, 31.717993, 0.0 ], [ 35.230827, 31.717905, 0.0 ] ] ] } },
{ "type": "Feature", "properties": { "Name": "" }, "geometry": { "type": "MultiLineString", "coordinates": [ [ [ 35.230664, 31.718837, 0.0 ], [ 35.230656, 31.718783, 0.0 ] ] ] } },
{ "type": "Feature", "properties": { "Name": "" }, "geometry": { "type": "MultiLineString", "coordinates": [ [ [ 35.23075, 31.719408, 0.0 ], [ 35.23068, 31.718954, 0.0 ], [ 35.230664, 31.718837, 0.0 ] ] ] } },
{ "type": "Feature", "properties": { "Name": "" }, "geometry": { "type": "MultiLineString", "coordinates": [ [ [ 35.23076, 31.719473, 0.0 ], [ 35.230756, 31.719445, 0.0 ], [ 35.23075, 31.719408, 0.0 ] ] ] } },
{ "type": "Feature", "properties": { "Name": "" }, "geometry": { "type": "MultiLineString", "coordinates": [ [ [ 35.230931, 31.720675, 0.0 ], [ 35.230925, 31.720633, 0.0 ], [ 35.230868, 31.720232, 0.0 ], [ 35.230848, 31.720092, 0.0 ] ] ] } },
{ "type": "Feature", "properties": { "Name": "" }, "geometry": { "type": "MultiLineString", "coordinates": [ [ [ 35.230848, 31.720092, 0.0 ], [ 35.23084, 31.720034, 0.0 ] ] ] } },
{ "type": "Feature", "properties": { "Name": "" }, "geometry": { "type": "MultiLineString", "coordinates": [ [ [ 35.230965, 31.717607, 0.0 ], [ 35.230996, 31.717551, 0.0 ] ] ] } },
{ "type": "Feature", "properties": { "Name": "" }, "geometry": { "type": "MultiLineString", "coordinates": [ [ [ 35.231231, 31.80513, 0.0 ], [ 35.231491, 31.80515, 0.0 ], [ 35.231545, 31.80517, 0.0 ], [ 35.231588, 31.805204, 0.0 ], [ 35.231648, 31.80532, 0.0 ], [ 35.231676, 31.805362, 0.0 ], [ 35.231725, 31.805385, 0.0 ], [ 35.231764, 31.805374, 0.0 ], [ 35.231799, 31.805347, 0.0 ], [ 35.23181, 31.805295, 0.0 ], [ 35.231803, 31.805227, 0.0 ], [ 35.231822, 31.805198, 0.0 ], [ 35.231858, 31.805177, 0.0 ], [ 35.231907, 31.805173, 0.0 ], [ 35.231952, 31.805183, 0.0 ], [ 35.231978, 31.805214, 0.0 ], [ 35.231994, 31.805248, 0.0 ], [ 35.231993, 31.805348, 0.0 ], [ 35.232009, 31.805425, 0.0 ], [ 35.23204, 31.805466, 0.0 ], [ 35.232087, 31.805493, 0.0 ], [ 35.23214, 31.805505, 0.0 ], [ 35.232192, 31.805504, 0.0 ], [ 35.23226, 31.805471, 0.0 ], [ 35.232286, 31.805447, 0.0 ], [ 35.232306, 31.805419, 0.0 ], [ 35.232317, 31.805384, 0.0 ], [ 35.232317, 31.805349, 0.0 ], [ 35.232255, 31.805218, 0.0 ], [ 35.232244, 31.805187, 0.0 ], [ 35.232237, 31.805156, 0.0 ], [ 35.232241, 31.805099, 0.0 ], [ 35.232261, 31.805032, 0.0 ], [ 35.232281, 31.804988, 0.0 ], [ 35.232289, 31.804935, 0.0 ], [ 35.232286, 31.804903, 0.0 ], [ 35.232277, 31.804872, 0.0 ], [ 35.232189, 31.804788, 0.0 ], [ 35.232164, 31.804728, 0.0 ], [ 35.232196, 31.804669, 0.0 ], [ 35.232251, 31.804627, 0.0 ], [ 35.232315, 31.804614, 0.0 ], [ 35.232384, 31.80463, 0.0 ], [ 35.232432, 31.804666, 0.0 ], [ 35.232467, 31.804734, 0.0 ], [ 35.232508, 31.804779, 0.0 ], [ 35.23255, 31.804815, 0.0 ], [ 35.232627, 31.804842, 0.0 ], [ 35.232679, 31.80482, 0.0 ], [ 35.232695, 31.8046, 0.0 ], [ 35.232703, 31.804531, 0.0 ], [ 35.232749, 31.804483, 0.0 ], [ 35.232757, 31.804449, 0.0 ], [ 35.232785, 31.804429, 0.0 ], [ 35.232824, 31.804423, 0.0 ], [ 35.232862, 31.80442, 0.0 ], [ 35.2329, 31.804426, 0.0 ], [ 35.233024, 31.80447, 0.0 ], [ 35.233146, 31.804487, 0.0 ], [ 35.233191, 31.804501, 0.0 ], [ 35.233554, 31.804592, 0.0 ], [ 35.233691, 31.804598, 0.0 ] ] ] } },
{ "type": "Feature", "properties": { "Name": "" }, "geometry": { "type": "MultiLineString", "coordinates": [ [ [ 35.204162, 31.806285, 0.0 ], [ 35.204263, 31.806305, 0.0 ], [ 35.204363, 31.806321, 0.0 ], [ 35.204484, 31.806353, 0.0 ], [ 35.204608, 31.80634, 0.0 ], [ 35.20472, 31.806322, 0.0 ], [ 35.204847, 31.806312, 0.0 ], [ 35.20496, 31.806306, 0.0 ], [ 35.205063, 31.806321, 0.0 ], [ 35.20519, 31.806363, 0.0 ], [ 35.205273, 31.806346, 0.0 ], [ 35.205363, 31.8064, 0.0 ] ] ] } },
{ "type": "Feature", "properties": { "Name": "" }, "geometry": { "type": "MultiLineString", "coordinates": [ [ [ 35.163757, 31.745645, 0.0 ], [ 35.163673, 31.74573, 0.0 ], [ 35.163566, 31.745835, 0.0 ], [ 35.163554, 31.745845, 0.0 ] ] ] } },
{ "type": "Feature", "properties": { "Name": "" }, "geometry": { "type": "MultiLineString", "coordinates": [ [ [ 35.206658, 31.81793, 0.0 ], [ 35.206346, 31.818035, 0.0 ], [ 35.20608, 31.818104, 0.0 ] ] ] } },
{ "type": "Feature", "properties": { "Name": "" }, "geometry": { "type": "MultiLineString", "coordinates": [ [ [ 35.207587, 31.816689, 0.0 ], [ 35.207676, 31.816441, 0.0 ] ] ] } },
{ "type": "Feature", "properties": { "Name": "" }, "geometry": { "type": "MultiLineString", "coordinates": [ [ [ 35.207731, 31.816205, 0.0 ], [ 35.207777, 31.816069, 0.0 ] ] ] } },
{ "type": "Feature", "properties": { "Name": "" }, "geometry": { "type": "MultiLineString", "coordinates": [ [ [ 35.207235, 31.813833, 0.0 ], [ 35.206691, 31.813415, 0.0 ] ] ] } },
{ "type": "Feature", "properties": { "Name": "" }, "geometry": { "type": "MultiLineString", "coordinates": [ [ [ 35.203284, 31.811981, 0.0 ], [ 35.202856, 31.812194, 0.0 ], [ 35.202632, 31.812387, 0.0 ], [ 35.202526, 31.812467, 0.0 ] ] ] } },
{ "type": "Feature", "properties": { "Name": "" }, "geometry": { "type": "MultiLineString", "coordinates": [ [ [ 35.202223, 31.812566, 0.0 ], [ 35.202194, 31.812653, 0.0 ], [ 35.202119, 31.812757, 0.0 ] ] ] } },
{ "type": "Feature", "properties": { "Name": "" }, "geometry": { "type": "MultiLineString", "coordinates": [ [ [ 35.201743, 31.813065, 0.0 ], [ 35.201625, 31.813125, 0.0 ], [ 35.20148, 31.813135, 0.0 ], [ 35.201337, 31.813085, 0.0 ], [ 35.201217, 31.812979, 0.0 ], [ 35.201176, 31.812851, 0.0 ], [ 35.20117, 31.812733, 0.0 ], [ 35.201196, 31.812634, 0.0 ] ] ] } },
{ "type": "Feature", "properties": { "Name": "" }, "geometry": { "type": "MultiLineString", "coordinates": [ [ [ 35.222006, 31.806617, 0.0 ], [ 35.222179, 31.806634, 0.0 ], [ 35.222413, 31.806694, 0.0 ], [ 35.222665, 31.806787, 0.0 ] ] ] } },
{ "type": "Feature", "properties": { "Name": "" }, "geometry": { "type": "MultiLineString", "coordinates": [ [ [ 35.214145, 31.809157, 0.0 ], [ 35.214126, 31.809162, 0.0 ], [ 35.214097, 31.80917, 0.0 ], [ 35.21407, 31.809185, 0.0 ] ] ] } },
{ "type": "Feature", "properties": { "Name": "" }, "geometry": { "type": "MultiLineString", "coordinates": [ [ [ 35.214438, 31.808344, 0.0 ], [ 35.21467, 31.808118, 0.0 ], [ 35.21498, 31.807854, 0.0 ], [ 35.215405, 31.807558, 0.0 ], [ 35.215875, 31.807313, 0.0 ], [ 35.215959, 31.807197, 0.0 ], [ 35.216027, 31.807155, 0.0 ], [ 35.216146, 31.807121, 0.0 ] ] ] } },
{ "type": "Feature", "properties": { "Name": "" }, "geometry": { "type": "MultiLineString", "coordinates": [ [ [ 35.241459, 31.844809, 0.0 ], [ 35.241287, 31.844777, 0.0 ] ] ] } },
{ "type": "Feature", "properties": { "Name": "" }, "geometry": { "type": "MultiLineString", "coordinates": [ [ [ 35.241462, 31.844807, 0.0 ], [ 35.241596, 31.844821, 0.0 ], [ 35.241726, 31.844824, 0.0 ], [ 35.241852, 31.844819, 0.0 ], [ 35.24201, 31.844804, 0.0 ] ] ] } },
{ "type": "Feature", "properties": { "Name": "" }, "geometry": { "type": "MultiLineString", "coordinates": [ [ [ 35.24202, 31.844803, 0.0 ], [ 35.242105, 31.844781, 0.0 ], [ 35.242211, 31.844732, 0.0 ] ] ] } },
{ "type": "Feature", "properties": { "Name": "" }, "geometry": { "type": "MultiLineString", "coordinates": [ [ [ 35.24342, 31.843901, 0.0 ], [ 35.243456, 31.843859, 0.0 ], [ 35.243495, 31.843808, 0.0 ] ] ] } },
{ "type": "Feature", "properties": { "Name": "" }, "geometry": { "type": "MultiLineString", "coordinates": [ [ [ 35.244832, 31.842342, 0.0 ], [ 35.24492, 31.842253, 0.0 ] ] ] } },
{ "type": "Feature", "properties": { "Name": "" }, "geometry": { "type": "MultiLineString", "coordinates": [ [ [ 35.245736, 31.841361, 0.0 ], [ 35.24577, 31.841305, 0.0 ], [ 35.245747, 31.84123, 0.0 ] ] ] } },
{ "type": "Feature", "properties": { "Name": "" }, "geometry": { "type": "MultiLineString", "coordinates": [ [ [ 35.246001, 31.840859, 0.0 ], [ 35.24592, 31.841093, 0.0 ], [ 35.245875, 31.841126, 0.0 ], [ 35.24581, 31.841138, 0.0 ] ] ] } },
{ "type": "Feature", "properties": { "Name": "" }, "geometry": { "type": "MultiLineString", "coordinates": [ [ [ 35.24346, 31.839226, 0.0 ], [ 35.24346, 31.839227, 0.0 ], [ 35.243334, 31.839313, 0.0 ] ] ] } },
{ "type": "Feature", "properties": { "Name": "" }, "geometry": { "type": "MultiLineString", "coordinates": [ [ [ 35.241681, 31.840612, 0.0 ], [ 35.241591, 31.840626, 0.0 ] ] ] } },
{ "type": "Feature", "properties": { "Name": "" }, "geometry": { "type": "MultiLineString", "coordinates": [ [ [ 35.240864, 31.840658, 0.0 ], [ 35.240432, 31.840656, 0.0 ] ] ] } },
{ "type": "Feature", "properties": { "Name": "" }, "geometry": { "type": "MultiLineString", "coordinates": [ [ [ 35.207356, 31.817268, 0.0 ], [ 35.20744, 31.817091, 0.0 ], [ 35.207509, 31.816907, 0.0 ] ] ] } },
{ "type": "Feature", "properties": { "Name": "" }, "geometry": { "type": "MultiLineString", "coordinates": [ [ [ 35.207708, 31.816272, 0.0 ], [ 35.207731, 31.816205, 0.0 ] ] ] } },
{ "type": "Feature", "properties": { "Name": "" }, "geometry": { "type": "MultiLineString", "coordinates": [ [ [ 35.204838, 31.812124, 0.0 ], [ 35.204771, 31.812088, 0.0 ], [ 35.204546, 31.811985, 0.0 ] ] ] } },
{ "type": "Feature", "properties": { "Name": "" }, "geometry": { "type": "MultiLineString", "coordinates": [ [ [ 35.22201, 31.806618, 0.0 ], [ 35.221826, 31.806604, 0.0 ], [ 35.221541, 31.806618, 0.0 ], [ 35.221538, 31.806619, 0.0 ] ] ] } },
{ "type": "Feature", "properties": { "Name": "" }, "geometry": { "type": "MultiLineString", "coordinates": [ [ [ 35.221538, 31.806619, 0.0 ], [ 35.22145, 31.806628, 0.0 ] ] ] } },
{ "type": "Feature", "properties": { "Name": "" }, "geometry": { "type": "MultiLineString", "coordinates": [ [ [ 35.22145, 31.806628, 0.0 ], [ 35.221253, 31.806649, 0.0 ], [ 35.220434, 31.806867, 0.0 ] ] ] } },
{ "type": "Feature", "properties": { "Name": "" }, "geometry": { "type": "MultiLineString", "coordinates": [ [ [ 35.220434, 31.806867, 0.0 ], [ 35.220361, 31.806887, 0.0 ] ] ] } },
{ "type": "Feature", "properties": { "Name": "" }, "geometry": { "type": "MultiLineString", "coordinates": [ [ [ 35.216754, 31.807948, 0.0 ], [ 35.216566, 31.808008, 0.0 ] ] ] } },
{ "type": "Feature", "properties": { "Name": "" }, "geometry": { "type": "MultiLineString", "coordinates": [ [ [ 35.21682, 31.807927, 0.0 ], [ 35.216754, 31.807948, 0.0 ] ] ] } },
{ "type": "Feature", "properties": { "Name": "" }, "geometry": { "type": "MultiLineString", "coordinates": [ [ [ 35.217075, 31.807846, 0.0 ], [ 35.21682, 31.807927, 0.0 ] ] ] } },
{ "type": "Feature", "properties": { "Name": "" }, "geometry": { "type": "MultiLineString", "coordinates": [ [ [ 35.217159, 31.80782, 0.0 ], [ 35.217075, 31.807846, 0.0 ] ] ] } },
{ "type": "Feature", "properties": { "Name": "" }, "geometry": { "type": "MultiLineString", "coordinates": [ [ [ 35.203397, 31.811947, 0.0 ], [ 35.203302, 31.811987, 0.0 ] ] ] } },
{ "type": "Feature", "properties": { "Name": "" }, "geometry": { "type": "MultiLineString", "coordinates": [ [ [ 35.243418, 31.843899, 0.0 ], [ 35.24331, 31.843997, 0.0 ] ] ] } },
{ "type": "Feature", "properties": { "Name": "" }, "geometry": { "type": "MultiLineString", "coordinates": [ [ [ 35.243579, 31.843717, 0.0 ], [ 35.243501, 31.843804, 0.0 ] ] ] } },
{ "type": "Feature", "properties": { "Name": "" }, "geometry": { "type": "MultiLineString", "coordinates": [ [ [ 35.243723, 31.843558, 0.0 ], [ 35.243579, 31.843717, 0.0 ] ] ] } },
{ "type": "Feature", "properties": { "Name": "" }, "geometry": { "type": "MultiLineString", "coordinates": [ [ [ 35.243772, 31.8435, 0.0 ], [ 35.243761, 31.843516, 0.0 ], [ 35.243723, 31.843558, 0.0 ] ] ] } },
{ "type": "Feature", "properties": { "Name": "" }, "geometry": { "type": "MultiLineString", "coordinates": [ [ [ 35.244022, 31.843226, 0.0 ], [ 35.24396, 31.843276, 0.0 ] ] ] } },
{ "type": "Feature", "properties": { "Name": "" }, "geometry": { "type": "MultiLineString", "coordinates": [ [ [ 35.242652, 31.839975, 0.0 ], [ 35.242728, 31.839893, 0.0 ] ] ] } },
{ "type": "Feature", "properties": { "Name": "" }, "geometry": { "type": "MultiLineString", "coordinates": [ [ [ 35.241953, 31.840517, 0.0 ], [ 35.242033, 31.840465, 0.0 ] ] ] } },
{ "type": "Feature", "properties": { "Name": "" }, "geometry": { "type": "MultiLineString", "coordinates": [ [ [ 35.241684, 31.84061, 0.0 ], [ 35.241797, 31.840576, 0.0 ] ] ] } },
{ "type": "Feature", "properties": { "Name": "" }, "geometry": { "type": "MultiLineString", "coordinates": [ [ [ 35.241421, 31.840641, 0.0 ], [ 35.241591, 31.840627, 0.0 ] ] ] } },
{ "type": "Feature", "properties": { "Name": "" }, "geometry": { "type": "MultiLineString", "coordinates": [ [ [ 35.244997, 31.842165, 0.0 ], [ 35.244929, 31.842242, 0.0 ] ] ] } },
{ "type": "Feature", "properties": { "Name": "" }, "geometry": { "type": "MultiLineString", "coordinates": [ [ [ 35.245734, 31.841363, 0.0 ], [ 35.245548, 31.841576, 0.0 ], [ 35.245539, 31.841585, 0.0 ] ] ] } },
{ "type": "Feature", "properties": { "Name": "" }, "geometry": { "type": "MultiLineString", "coordinates": [ [ [ 35.245539, 31.841585, 0.0 ], [ 35.245473, 31.841651, 0.0 ] ] ] } },
{ "type": "Feature", "properties": { "Name": "" }, "geometry": { "type": "MultiLineString", "coordinates": [ [ [ 35.246064, 31.840722, 0.0 ], [ 35.246044, 31.840751, 0.0 ], [ 35.246003, 31.840853, 0.0 ] ] ] } },
{ "type": "Feature", "properties": { "Name": "" }, "geometry": { "type": "MultiLineString", "coordinates": [ [ [ 35.246108, 31.840658, 0.0 ], [ 35.246064, 31.840722, 0.0 ] ] ] } },
{ "type": "Feature", "properties": { "Name": "" }, "geometry": { "type": "MultiLineString", "coordinates": [ [ [ 35.24612, 31.840291, 0.0 ], [ 35.246129, 31.840402, 0.0 ], [ 35.246137, 31.840598, 0.0 ], [ 35.246116, 31.840647, 0.0 ], [ 35.246108, 31.840658, 0.0 ] ] ] } },
{ "type": "Feature", "properties": { "Name": "" }, "geometry": { "type": "MultiLineString", "coordinates": [ [ [ 35.246108, 31.840181, 0.0 ], [ 35.246116, 31.840241, 0.0 ], [ 35.24612, 31.840291, 0.0 ] ] ] } },
{ "type": "Feature", "properties": { "Name": "" }, "geometry": { "type": "MultiLineString", "coordinates": [ [ [ 35.245978, 31.83982, 0.0 ], [ 35.246023, 31.839892, 0.0 ], [ 35.246069, 31.840003, 0.0 ], [ 35.246103, 31.840138, 0.0 ], [ 35.246108, 31.840181, 0.0 ] ] ] } },
{ "type": "Feature", "properties": { "Name": "" }, "geometry": { "type": "MultiLineString", "coordinates": [ [ [ 35.245928, 31.839744, 0.0 ], [ 35.245938, 31.839758, 0.0 ], [ 35.245978, 31.83982, 0.0 ] ] ] } },
{ "type": "Feature", "properties": { "Name": "" }, "geometry": { "type": "MultiLineString", "coordinates": [ [ [ 35.245144, 31.83912, 0.0 ], [ 35.245315, 31.839222, 0.0 ], [ 35.245471, 31.839306, 0.0 ] ] ] } },
{ "type": "Feature", "properties": { "Name": "" }, "geometry": { "type": "MultiLineString", "coordinates": [ [ [ 35.245471, 31.839306, 0.0 ], [ 35.245499, 31.839321, 0.0 ], [ 35.245543, 31.839344, 0.0 ] ] ] } },
{ "type": "Feature", "properties": { "Name": "" }, "geometry": { "type": "MultiLineString", "coordinates": [ [ [ 35.245033, 31.839073, 0.0 ], [ 35.245139, 31.839117, 0.0 ], [ 35.245144, 31.83912, 0.0 ] ] ] } },
{ "type": "Feature", "properties": { "Name": "" }, "geometry": { "type": "MultiLineString", "coordinates": [ [ [ 35.24346, 31.839227, 0.0 ], [ 35.243577, 31.839181, 0.0 ] ] ] } },
{ "type": "Feature", "properties": { "Name": "" }, "geometry": { "type": "MultiLineString", "coordinates": [ [ [ 35.242805, 31.839814, 0.0 ], [ 35.242871, 31.839741, 0.0 ] ] ] } },
{ "type": "Feature", "properties": { "Name": "" }, "geometry": { "type": "MultiLineString", "coordinates": [ [ [ 35.243256, 31.839389, 0.0 ], [ 35.243334, 31.839313, 0.0 ], [ 35.243335, 31.839313, 0.0 ] ] ] } },
{ "type": "Feature", "properties": { "Name": "" }, "geometry": { "type": "MultiLineString", "coordinates": [ [ [ 35.204098, 31.78756, 0.0 ], [ 35.204193, 31.787565, 0.0 ] ] ] } },
{ "type": "Feature", "properties": { "Name": "" }, "geometry": { "type": "MultiLineString", "coordinates": [ [ [ 35.184433, 31.756165, 0.0 ], [ 35.184525, 31.75614, 0.0 ] ] ] } },
{ "type": "Feature", "properties": { "Name": "" }, "geometry": { "type": "MultiLineString", "coordinates": [ [ [ 35.185052, 31.756099, 0.0 ], [ 35.18506, 31.756135, 0.0 ] ] ] } },
{ "type": "Feature", "properties": { "Name": "" }, "geometry": { "type": "MultiLineString", "coordinates": [ [ [ 35.185167, 31.75589, 0.0 ], [ 35.18527, 31.755872, 0.0 ] ] ] } },
{ "type": "Feature", "properties": { "Name": "" }, "geometry": { "type": "MultiLineString", "coordinates": [ [ [ 35.18606, 31.756924, 0.0 ], [ 35.185983, 31.756974, 0.0 ] ] ] } },
{ "type": "Feature", "properties": { "Name": "" }, "geometry": { "type": "MultiLineString", "coordinates": [ [ [ 35.185814, 31.756914, 0.0 ], [ 35.185784, 31.756883, 0.0 ] ] ] } },
{ "type": "Feature", "properties": { "Name": "" }, "geometry": { "type": "MultiLineString", "coordinates": [ [ [ 35.185009, 31.757423, 0.0 ], [ 35.184955, 31.757448, 0.0 ] ] ] } },
{ "type": "Feature", "properties": { "Name": "" }, "geometry": { "type": "MultiLineString", "coordinates": [ [ [ 35.184954, 31.757447, 0.0 ], [ 35.184801, 31.757526, 0.0 ] ] ] } },
{ "type": "Feature", "properties": { "Name": "" }, "geometry": { "type": "MultiLineString", "coordinates": [ [ [ 35.184806, 31.757521, 0.0 ], [ 35.184664, 31.757597, 0.0 ], [ 35.184587, 31.757654, 0.0 ], [ 35.184514, 31.757744, 0.0 ], [ 35.184462, 31.757836, 0.0 ] ] ] } },
{ "type": "Feature", "properties": { "Name": "" }, "geometry": { "type": "MultiLineString", "coordinates": [ [ [ 35.184463, 31.757839, 0.0 ], [ 35.184419, 31.757934, 0.0 ] ] ] } },
{ "type": "Feature", "properties": { "Name": "" }, "geometry": { "type": "MultiLineString", "coordinates": [ [ [ 35.18442, 31.757943, 0.0 ], [ 35.184413, 31.758057, 0.0 ], [ 35.184447, 31.758135, 0.0 ], [ 35.184453, 31.758148, 0.0 ] ] ] } },
{ "type": "Feature", "properties": { "Name": "" }, "geometry": { "type": "MultiLineString", "coordinates": [ [ [ 35.184165, 31.758463, 0.0 ], [ 35.18419, 31.758498, 0.0 ] ] ] } },
{ "type": "Feature", "properties": { "Name": "" }, "geometry": { "type": "MultiLineString", "coordinates": [ [ [ 35.184034, 31.758528, 0.0 ], [ 35.183793, 31.758758, 0.0 ] ] ] } },
{ "type": "Feature", "properties": { "Name": "" }, "geometry": { "type": "MultiLineString", "coordinates": [ [ [ 35.184889, 31.759683, 0.0 ], [ 35.185008, 31.760028, 0.0 ] ] ] } },
{ "type": "Feature", "properties": { "Name": "" }, "geometry": { "type": "MultiLineString", "coordinates": [ [ [ 35.18523, 31.760682, 0.0 ], [ 35.185312, 31.76099, 0.0 ] ] ] } },
{ "type": "Feature", "properties": { "Name": "" }, "geometry": { "type": "MultiLineString", "coordinates": [ [ [ 35.18333, 31.759726, 0.0 ], [ 35.183321, 31.759805, 0.0 ] ] ] } },
{ "type": "Feature", "properties": { "Name": "" }, "geometry": { "type": "MultiLineString", "coordinates": [ [ [ 35.187477, 31.754469, 0.0 ], [ 35.187408, 31.754464, 0.0 ] ] ] } },
{ "type": "Feature", "properties": { "Name": "" }, "geometry": { "type": "MultiLineString", "coordinates": [ [ [ 35.187318, 31.754469, 0.0 ], [ 35.18726, 31.75449, 0.0 ] ] ] } },
{ "type": "Feature", "properties": { "Name": "" }, "geometry": { "type": "MultiLineString", "coordinates": [ [ [ 35.183692, 31.756121, 0.0 ], [ 35.183693, 31.756161, 0.0 ], [ 35.183705, 31.756188, 0.0 ] ] ] } },
{ "type": "Feature", "properties": { "Name": "" }, "geometry": { "type": "MultiLineString", "coordinates": [ [ [ 35.183707, 31.756188, 0.0 ], [ 35.183745, 31.756225, 0.0 ], [ 35.183795, 31.75624, 0.0 ], [ 35.18383, 31.756242, 0.0 ], [ 35.183938, 31.75622, 0.0 ], [ 35.183966, 31.756213, 0.0 ] ] ] } },
{ "type": "Feature", "properties": { "Name": "" }, "geometry": { "type": "MultiLineString", "coordinates": [ [ [ 35.183966, 31.756213, 0.0 ], [ 35.18401, 31.756202, 0.0 ], [ 35.184041, 31.756195, 0.0 ] ] ] } },
{ "type": "Feature", "properties": { "Name": "" }, "geometry": { "type": "MultiLineString", "coordinates": [ [ [ 35.184319, 31.756164, 0.0 ], [ 35.184371, 31.756169, 0.0 ], [ 35.184433, 31.756164, 0.0 ] ] ] } },
{ "type": "Feature", "properties": { "Name": "" }, "geometry": { "type": "MultiLineString", "coordinates": [ [ [ 35.184249, 31.756159, 0.0 ], [ 35.184283, 31.75616, 0.0 ], [ 35.184319, 31.756164, 0.0 ] ] ] } },
{ "type": "Feature", "properties": { "Name": "" }, "geometry": { "type": "MultiLineString", "coordinates": [ [ [ 35.185079, 31.755971, 0.0 ], [ 35.185081, 31.75597, 0.0 ], [ 35.185152, 31.755892, 0.0 ] ] ] } },
{ "type": "Feature", "properties": { "Name": "" }, "geometry": { "type": "MultiLineString", "coordinates": [ [ [ 35.184995, 31.756003, 0.0 ], [ 35.18502, 31.755996, 0.0 ], [ 35.185035, 31.756037, 0.0 ], [ 35.185021, 31.755994, 0.0 ], [ 35.185055, 31.755984, 0.0 ], [ 35.185079, 31.755971, 0.0 ] ] ] } },
{ "type": "Feature", "properties": { "Name": "" }, "geometry": { "type": "MultiLineString", "coordinates": [ [ [ 35.185038, 31.756041, 0.0 ], [ 35.185047, 31.756077, 0.0 ] ] ] } },
{ "type": "Feature", "properties": { "Name": "" }, "geometry": { "type": "MultiLineString", "coordinates": [ [ [ 35.185273, 31.755873, 0.0 ], [ 35.185348, 31.755899, 0.0 ] ] ] } },
{ "type": "Feature", "properties": { "Name": "" }, "geometry": { "type": "MultiLineString", "coordinates": [ [ [ 35.185348, 31.755899, 0.0 ], [ 35.185351, 31.7559, 0.0 ], [ 35.185428, 31.755893, 0.0 ] ] ] } },
{ "type": "Feature", "properties": { "Name": "" }, "geometry": { "type": "MultiLineString", "coordinates": [ [ [ 35.185881, 31.756983, 0.0 ], [ 35.185839, 31.75694, 0.0 ] ] ] } },
{ "type": "Feature", "properties": { "Name": "" }, "geometry": { "type": "MultiLineString", "coordinates": [ [ [ 35.185977, 31.75698, 0.0 ], [ 35.185912, 31.757016, 0.0 ], [ 35.185891, 31.756986, 0.0 ], [ 35.185911, 31.757016, 0.0 ], [ 35.185857, 31.757047, 0.0 ] ] ] } },
{ "type": "Feature", "properties": { "Name": "" }, "geometry": { "type": "MultiLineString", "coordinates": [ [ [ 35.185857, 31.757047, 0.0 ], [ 35.185782, 31.75709, 0.0 ], [ 35.185609, 31.757169, 0.0 ], [ 35.185551, 31.757191, 0.0 ] ] ] } },
{ "type": "Feature", "properties": { "Name": "" }, "geometry": { "type": "MultiLineString", "coordinates": [ [ [ 35.185551, 31.757191, 0.0 ], [ 35.185491, 31.757213, 0.0 ], [ 35.18548, 31.757217, 0.0 ] ] ] } },
{ "type": "Feature", "properties": { "Name": "" }, "geometry": { "type": "MultiLineString", "coordinates": [ [ [ 35.184453, 31.758148, 0.0 ], [ 35.184474, 31.758189, 0.0 ], [ 35.18444, 31.758205, 0.0 ] ] ] } },
{ "type": "Feature", "properties": { "Name": "" }, "geometry": { "type": "MultiLineString", "coordinates": [ [ [ 35.184324, 31.758223, 0.0 ], [ 35.184266, 31.758237, 0.0 ] ] ] } },
{ "type": "Feature", "properties": { "Name": "" }, "geometry": { "type": "MultiLineString", "coordinates": [ [ [ 35.184437, 31.758206, 0.0 ], [ 35.184388, 31.758211, 0.0 ] ] ] } },
{ "type": "Feature", "properties": { "Name": "" }, "geometry": { "type": "MultiLineString", "coordinates": [ [ [ 35.184209, 31.758524, 0.0 ], [ 35.184242, 31.75857, 0.0 ] ] ] } },
{ "type": "Feature", "properties": { "Name": "" }, "geometry": { "type": "MultiLineString", "coordinates": [ [ [ 35.184266, 31.758237, 0.0 ], [ 35.184242, 31.758256, 0.0 ], [ 35.184228, 31.758326, 0.0 ], [ 35.184199, 31.758365, 0.0 ] ] ] } },
{ "type": "Feature", "properties": { "Name": "" }, "geometry": { "type": "MultiLineString", "coordinates": [ [ [ 35.184199, 31.758365, 0.0 ], [ 35.18418, 31.758391, 0.0 ], [ 35.184125, 31.758443, 0.0 ] ] ] } },
{ "type": "Feature", "properties": { "Name": "" }, "geometry": { "type": "MultiLineString", "coordinates": [ [ [ 35.184125, 31.758443, 0.0 ], [ 35.184089, 31.758476, 0.0 ] ] ] } },
{ "type": "Feature", "properties": { "Name": "" }, "geometry": { "type": "MultiLineString", "coordinates": [ [ [ 35.183793, 31.758758, 0.0 ], [ 35.183736, 31.758797, 0.0 ] ] ] } },
{ "type": "Feature", "properties": { "Name": "" }, "geometry": { "type": "MultiLineString", "coordinates": [ [ [ 35.183736, 31.758797, 0.0 ], [ 35.183692, 31.758828, 0.0 ], [ 35.183662, 31.758862, 0.0 ] ] ] } },
{ "type": "Feature", "properties": { "Name": "" }, "geometry": { "type": "MultiLineString", "coordinates": [ [ [ 35.183662, 31.758862, 0.0 ], [ 35.183614, 31.758926, 0.0 ] ] ] } },
{ "type": "Feature", "properties": { "Name": "" }, "geometry": { "type": "MultiLineString", "coordinates": [ [ [ 35.183323, 31.759809, 0.0 ], [ 35.183319, 31.75991, 0.0 ] ] ] } },
{ "type": "Feature", "properties": { "Name": "" }, "geometry": { "type": "MultiLineString", "coordinates": [ [ [ 35.183288, 31.760622, 0.0 ], [ 35.183285, 31.760749, 0.0 ] ] ] } },
{ "type": "Feature", "properties": { "Name": "" }, "geometry": { "type": "MultiLineString", "coordinates": [ [ [ 35.183285, 31.760749, 0.0 ], [ 35.183284, 31.76078, 0.0 ] ] ] } },
{ "type": "Feature", "properties": { "Name": "" }, "geometry": { "type": "MultiLineString", "coordinates": [ [ [ 35.183284, 31.76078, 0.0 ], [ 35.183284, 31.760787, 0.0 ], [ 35.183267, 31.760869, 0.0 ] ] ] } },
{ "type": "Feature", "properties": { "Name": "" }, "geometry": { "type": "MultiLineString", "coordinates": [ [ [ 35.183267, 31.760869, 0.0 ], [ 35.183265, 31.76088, 0.0 ], [ 35.183226, 31.761034, 0.0 ], [ 35.183215, 31.761082, 0.0 ] ] ] } },
{ "type": "Feature", "properties": { "Name": "" }, "geometry": { "type": "MultiLineString", "coordinates": [ [ [ 35.183215, 31.761082, 0.0 ], [ 35.183195, 31.761166, 0.0 ] ] ] } },
{ "type": "Feature", "properties": { "Name": "" }, "geometry": { "type": "MultiLineString", "coordinates": [ [ [ 35.168729, 31.759828, 0.0 ], [ 35.168629, 31.759804, 0.0 ] ] ] } },
{ "type": "Feature", "properties": { "Name": "" }, "geometry": { "type": "MultiLineString", "coordinates": [ [ [ 35.167223, 31.752215, 0.0 ], [ 35.167314, 31.752236, 0.0 ], [ 35.167411, 31.752268, 0.0 ], [ 35.167649, 31.752325, 0.0 ], [ 35.167806, 31.752351, 0.0 ] ] ] } },
{ "type": "Feature", "properties": { "Name": "" }, "geometry": { "type": "MultiLineString", "coordinates": [ [ [ 35.173994, 31.75057, 0.0 ], [ 35.174086, 31.750578, 0.0 ] ] ] } },
{ "type": "Feature", "properties": { "Name": "" }, "geometry": { "type": "MultiLineString", "coordinates": [ [ [ 35.173951, 31.75054, 0.0 ], [ 35.173988, 31.750569, 0.0 ], [ 35.173994, 31.75057, 0.0 ] ] ] } },
{ "type": "Feature", "properties": { "Name": "" }, "geometry": { "type": "MultiLineString", "coordinates": [ [ [ 35.174086, 31.750578, 0.0 ], [ 35.174153, 31.750584, 0.0 ] ] ] } },
{ "type": "Feature", "properties": { "Name": "" }, "geometry": { "type": "MultiLineString", "coordinates": [ [ [ 35.185873, 31.75481, 0.0 ], [ 35.185874, 31.75481, 0.0 ], [ 35.186092, 31.754748, 0.0 ], [ 35.1861, 31.754744, 0.0 ] ] ] } },
{ "type": "Feature", "properties": { "Name": "" }, "geometry": { "type": "MultiLineString", "coordinates": [ [ [ 35.185695, 31.754824, 0.0 ], [ 35.185374, 31.754946, 0.0 ], [ 35.184803, 31.755218, 0.0 ], [ 35.184445, 31.755456, 0.0 ], [ 35.184012, 31.755808, 0.0 ], [ 35.183727, 31.756045, 0.0 ], [ 35.183699, 31.756078, 0.0 ], [ 35.183692, 31.75612, 0.0 ] ] ] } },
{ "type": "Feature", "properties": { "Name": "" }, "geometry": { "type": "MultiLineString", "coordinates": [ [ [ 35.186258, 31.75467, 0.0 ], [ 35.186386, 31.754624, 0.0 ], [ 35.186858, 31.754527, 0.0 ] ] ] } },
{ "type": "Feature", "properties": { "Name": "" }, "geometry": { "type": "MultiLineString", "coordinates": [ [ [ 35.182695, 31.762485, 0.0 ], [ 35.182411, 31.762859, 0.0 ], [ 35.182276, 31.762871, 0.0 ] ] ] } },
{ "type": "Feature", "properties": { "Name": "" }, "geometry": { "type": "MultiLineString", "coordinates": [ [ [ 35.181819, 31.765973, 0.0 ], [ 35.181513, 31.76637, 0.0 ] ] ] } },
{ "type": "Feature", "properties": { "Name": "" }, "geometry": { "type": "MultiLineString", "coordinates": [ [ [ 35.180552, 31.766894, 0.0 ], [ 35.180451, 31.766958, 0.0 ] ] ] } },
{ "type": "Feature", "properties": { "Name": "" }, "geometry": { "type": "MultiLineString", "coordinates": [ [ [ 35.180263, 31.76707, 0.0 ], [ 35.180372, 31.767006, 0.0 ] ] ] } },
{ "type": "Feature", "properties": { "Name": "" }, "geometry": { "type": "MultiLineString", "coordinates": [ [ [ 35.179796, 31.767346, 0.0 ], [ 35.179423, 31.767563, 0.0 ] ] ] } },
{ "type": "Feature", "properties": { "Name": "" }, "geometry": { "type": "MultiLineString", "coordinates": [ [ [ 35.178209, 31.768206, 0.0 ], [ 35.17822, 31.768324, 0.0 ], [ 35.178245, 31.768382, 0.0 ], [ 35.178292, 31.768425, 0.0 ] ] ] } },
{ "type": "Feature", "properties": { "Name": "" }, "geometry": { "type": "MultiLineString", "coordinates": [ [ [ 35.178006, 31.768553, 0.0 ], [ 35.178064, 31.768756, 0.0 ] ] ] } },
{ "type": "Feature", "properties": { "Name": "" }, "geometry": { "type": "MultiLineString", "coordinates": [ [ [ 35.176054, 31.768899, 0.0 ], [ 35.176027, 31.768879, 0.0 ], [ 35.175796, 31.768813, 0.0 ], [ 35.175373, 31.768694, 0.0 ], [ 35.175004, 31.76857, 0.0 ], [ 35.174871, 31.768498, 0.0 ], [ 35.174788, 31.768436, 0.0 ], [ 35.174718, 31.768378, 0.0 ], [ 35.174703, 31.76837, 0.0 ] ] ] } },
{ "type": "Feature", "properties": { "Name": "" }, "geometry": { "type": "MultiLineString", "coordinates": [ [ [ 35.174439, 31.767929, 0.0 ], [ 35.174431, 31.767886, 0.0 ] ] ] } },
{ "type": "Feature", "properties": { "Name": "" }, "geometry": { "type": "MultiLineString", "coordinates": [ [ [ 35.174429, 31.767884, 0.0 ], [ 35.174421, 31.76772, 0.0 ], [ 35.174428, 31.767631, 0.0 ], [ 35.174448, 31.767557, 0.0 ], [ 35.174467, 31.767493, 0.0 ] ] ] } },
{ "type": "Feature", "properties": { "Name": "" }, "geometry": { "type": "MultiLineString", "coordinates": [ [ [ 35.174543, 31.767062, 0.0 ], [ 35.17455, 31.767123, 0.0 ], [ 35.174504, 31.767414, 0.0 ], [ 35.174467, 31.767493, 0.0 ] ] ] } },
{ "type": "Feature", "properties": { "Name": "" }, "geometry": { "type": "MultiLineString", "coordinates": [ [ [ 35.174544, 31.76706, 0.0 ], [ 35.174584, 31.766807, 0.0 ], [ 35.174632, 31.766468, 0.0 ] ] ] } },
{ "type": "Feature", "properties": { "Name": "" }, "geometry": { "type": "MultiLineString", "coordinates": [ [ [ 35.174583, 31.766378, 0.0 ], [ 35.174446, 31.766379, 0.0 ] ] ] } },
{ "type": "Feature", "properties": { "Name": "" }, "geometry": { "type": "MultiLineString", "coordinates": [ [ [ 35.174324, 31.766651, 0.0 ], [ 35.174268, 31.767127, 0.0 ], [ 35.174228, 31.767419, 0.0 ] ] ] } },
{ "type": "Feature", "properties": { "Name": "" }, "geometry": { "type": "MultiLineString", "coordinates": [ [ [ 35.174229, 31.767423, 0.0 ], [ 35.174205, 31.767682, 0.0 ], [ 35.174206, 31.767833, 0.0 ], [ 35.174217, 31.767948, 0.0 ] ] ] } },
{ "type": "Feature", "properties": { "Name": "" }, "geometry": { "type": "MultiLineString", "coordinates": [ [ [ 35.174227, 31.767983, 0.0 ], [ 35.174263, 31.768094, 0.0 ], [ 35.174297, 31.768183, 0.0 ], [ 35.174397, 31.768352, 0.0 ], [ 35.174487, 31.768466, 0.0 ], [ 35.174729, 31.768662, 0.0 ] ] ] } },
{ "type": "Feature", "properties": { "Name": "" }, "geometry": { "type": "MultiLineString", "coordinates": [ [ [ 35.174728, 31.768664, 0.0 ], [ 35.174845, 31.768724, 0.0 ], [ 35.174963, 31.768775, 0.0 ], [ 35.175075, 31.768814, 0.0 ], [ 35.175191, 31.768851, 0.0 ], [ 35.175332, 31.768887, 0.0 ], [ 35.175576, 31.768957, 0.0 ], [ 35.175812, 31.769029, 0.0 ], [ 35.176025, 31.769082, 0.0 ] ] ] } },
{ "type": "Feature", "properties": { "Name": "" }, "geometry": { "type": "MultiLineString", "coordinates": [ [ [ 35.177372, 31.768948, 0.0 ], [ 35.177604, 31.7689, 0.0 ], [ 35.178003, 31.768783, 0.0 ] ] ] } },
{ "type": "Feature", "properties": { "Name": "" }, "geometry": { "type": "MultiLineString", "coordinates": [ [ [ 35.174355, 31.766175, 0.0 ], [ 35.174274, 31.765957, 0.0 ], [ 35.174228, 31.765877, 0.0 ], [ 35.174161, 31.76578, 0.0 ] ] ] } },
{ "type": "Feature", "properties": { "Name": "" }, "geometry": { "type": "MultiLineString", "coordinates": [ [ [ 35.174161, 31.765782, 0.0 ], [ 35.173992, 31.76562, 0.0 ], [ 35.173957, 31.765607, 0.0 ], [ 35.1739, 31.765566, 0.0 ] ] ] } },
{ "type": "Feature", "properties": { "Name": "" }, "geometry": { "type": "MultiLineString", "coordinates": [ [ [ 35.173898, 31.765564, 0.0 ], [ 35.173689, 31.765376, 0.0 ], [ 35.173557, 31.765242, 0.0 ], [ 35.17347, 31.765141, 0.0 ], [ 35.173352, 31.764978, 0.0 ], [ 35.173268, 31.764847, 0.0 ], [ 35.173137, 31.764582, 0.0 ], [ 35.173078, 31.764442, 0.0 ], [ 35.173038, 31.764295, 0.0 ] ] ] } },
{ "type": "Feature", "properties": { "Name": "" }, "geometry": { "type": "MultiLineString", "coordinates": [ [ [ 35.172923, 31.763895, 0.0 ], [ 35.172818, 31.763452, 0.0 ], [ 35.172767, 31.763276, 0.0 ], [ 35.172782, 31.763236, 0.0 ], [ 35.17277, 31.763175, 0.0 ] ] ] } },
{ "type": "Feature", "properties": { "Name": "" }, "geometry": { "type": "MultiLineString", "coordinates": [ [ [ 35.172542, 31.762571, 0.0 ], [ 35.172459, 31.762495, 0.0 ], [ 35.172345, 31.762408, 0.0 ] ] ] } },
{ "type": "Feature", "properties": { "Name": "" }, "geometry": { "type": "MultiLineString", "coordinates": [ [ [ 35.174634, 31.766271, 0.0 ], [ 35.174592, 31.766078, 0.0 ], [ 35.174547, 31.765963, 0.0 ], [ 35.174435, 31.765794, 0.0 ] ] ] } },
{ "type": "Feature", "properties": { "Name": "" }, "geometry": { "type": "MultiLineString", "coordinates": [ [ [ 35.174435, 31.765794, 0.0 ], [ 35.174374, 31.765728, 0.0 ], [ 35.174362, 31.765687, 0.0 ], [ 35.174227, 31.765573, 0.0 ], [ 35.173942, 31.765323, 0.0 ], [ 35.173809, 31.765188, 0.0 ], [ 35.173689, 31.765057, 0.0 ], [ 35.173504, 31.764781, 0.0 ], [ 35.173462, 31.764707, 0.0 ], [ 35.173399, 31.764611, 0.0 ] ] ] } },
{ "type": "Feature", "properties": { "Name": "" }, "geometry": { "type": "MultiLineString", "coordinates": [ [ [ 35.173401, 31.764615, 0.0 ], [ 35.173366, 31.764561, 0.0 ] ] ] } },
{ "type": "Feature", "properties": { "Name": "" }, "geometry": { "type": "MultiLineString", "coordinates": [ [ [ 35.173366, 31.764561, 0.0 ], [ 35.173243, 31.76419, 0.0 ], [ 35.173122, 31.763662, 0.0 ], [ 35.17306, 31.763422, 0.0 ], [ 35.172991, 31.763166, 0.0 ], [ 35.17294, 31.762914, 0.0 ], [ 35.172909, 31.762878, 0.0 ], [ 35.172877, 31.762747, 0.0 ] ] ] } },
{ "type": "Feature", "properties": { "Name": "" }, "geometry": { "type": "MultiLineString", "coordinates": [ [ [ 35.170621, 31.761421, 0.0 ], [ 35.170455, 31.761177, 0.0 ] ] ] } },
{ "type": "Feature", "properties": { "Name": "" }, "geometry": { "type": "MultiLineString", "coordinates": [ [ [ 35.170453, 31.761177, 0.0 ], [ 35.170287, 31.760897, 0.0 ], [ 35.170224, 31.760761, 0.0 ] ] ] } },
{ "type": "Feature", "properties": { "Name": "" }, "geometry": { "type": "MultiLineString", "coordinates": [ [ [ 35.170224, 31.76076, 0.0 ], [ 35.170126, 31.760587, 0.0 ], [ 35.170011, 31.760447, 0.0 ] ] ] } },
{ "type": "Feature", "properties": { "Name": "" }, "geometry": { "type": "MultiLineString", "coordinates": [ [ [ 35.169876, 31.760318, 0.0 ], [ 35.169665, 31.760168, 0.0 ], [ 35.169456, 31.760056, 0.0 ] ] ] } },
{ "type": "Feature", "properties": { "Name": "" }, "geometry": { "type": "MultiLineString", "coordinates": [ [ [ 35.166713, 31.759821, 0.0 ], [ 35.166662, 31.759852, 0.0 ], [ 35.166419, 31.760024, 0.0 ] ] ] } },
{ "type": "Feature", "properties": { "Name": "" }, "geometry": { "type": "MultiLineString", "coordinates": [ [ [ 35.160498, 31.756907, 0.0 ], [ 35.160499, 31.75702, 0.0 ] ] ] } },
{ "type": "Feature", "properties": { "Name": "" }, "geometry": { "type": "MultiLineString", "coordinates": [ [ [ 35.18726, 31.754491, 0.0 ], [ 35.187211, 31.754517, 0.0 ] ] ] } },
{ "type": "Feature", "properties": { "Name": "" }, "geometry": { "type": "MultiLineString", "coordinates": [ [ [ 35.187477, 31.754469, 0.0 ], [ 35.187508, 31.754472, 0.0 ], [ 35.187549, 31.754465, 0.0 ] ] ] } },
{ "type": "Feature", "properties": { "Name": "" }, "geometry": { "type": "MultiLineString", "coordinates": [ [ [ 35.187215, 31.754518, 0.0 ], [ 35.186945, 31.754514, 0.0 ], [ 35.186856, 31.754528, 0.0 ] ] ] } },
{ "type": "Feature", "properties": { "Name": "" }, "geometry": { "type": "MultiLineString", "coordinates": [ [ [ 35.1861, 31.754744, 0.0 ], [ 35.186258, 31.754669, 0.0 ] ] ] } },
{ "type": "Feature", "properties": { "Name": "" }, "geometry": { "type": "MultiLineString", "coordinates": [ [ [ 35.185701, 31.754821, 0.0 ], [ 35.185873, 31.75481, 0.0 ] ] ] } },
{ "type": "Feature", "properties": { "Name": "" }, "geometry": { "type": "MultiLineString", "coordinates": [ [ [ 35.178049, 31.768501, 0.0 ], [ 35.178122, 31.76849, 0.0 ] ] ] } },
{ "type": "Feature", "properties": { "Name": "" }, "geometry": { "type": "MultiLineString", "coordinates": [ [ [ 35.176444, 31.769131, 0.0 ], [ 35.176478, 31.769116, 0.0 ], [ 35.176598, 31.769107, 0.0 ], [ 35.176782, 31.769081, 0.0 ], [ 35.177082, 31.769016, 0.0 ], [ 35.177364, 31.768947, 0.0 ] ] ] } },
{ "type": "Feature", "properties": { "Name": "" }, "geometry": { "type": "MultiLineString", "coordinates": [ [ [ 35.177906, 31.768573, 0.0 ], [ 35.17749, 31.768688, 0.0 ], [ 35.176963, 31.768827, 0.0 ], [ 35.176733, 31.768896, 0.0 ], [ 35.176475, 31.76894, 0.0 ], [ 35.17626, 31.768935, 0.0 ], [ 35.176064, 31.768906, 0.0 ], [ 35.176054, 31.768899, 0.0 ] ] ] } },
{ "type": "Feature", "properties": { "Name": "" }, "geometry": { "type": "MultiLineString", "coordinates": [ [ [ 35.174703, 31.76837, 0.0 ], [ 35.174656, 31.768347, 0.0 ], [ 35.174588, 31.768266, 0.0 ], [ 35.174518, 31.768159, 0.0 ], [ 35.174478, 31.76807, 0.0 ], [ 35.174448, 31.767975, 0.0 ] ] ] } },
{ "type": "Feature", "properties": { "Name": "" }, "geometry": { "type": "MultiLineString", "coordinates": [ [ [ 35.176025, 31.769082, 0.0 ], [ 35.176078, 31.769095, 0.0 ], [ 35.176261, 31.769125, 0.0 ], [ 35.17644, 31.769133, 0.0 ], [ 35.176444, 31.769131, 0.0 ] ] ] } },
{ "type": "Feature", "properties": { "Name": "" }, "geometry": { "type": "MultiLineString", "coordinates": [ [ [ 35.17291, 31.762893, 0.0 ], [ 35.172908, 31.76289, 0.0 ], [ 35.172895, 31.762855, 0.0 ], [ 35.172862, 31.762726, 0.0 ], [ 35.172769, 31.762533, 0.0 ], [ 35.17273, 31.762477, 0.0 ], [ 35.172688, 31.762414, 0.0 ], [ 35.172592, 31.762303, 0.0 ], [ 35.172521, 31.762224, 0.0 ], [ 35.172509, 31.762182, 0.0 ] ] ] } },
{ "type": "Feature", "properties": { "Name": "" }, "geometry": { "type": "MultiLineString", "coordinates": [ [ [ 35.17277, 31.763175, 0.0 ], [ 35.172765, 31.763147, 0.0 ], [ 35.172708, 31.762916, 0.0 ], [ 35.172642, 31.762756, 0.0 ], [ 35.172596, 31.762648, 0.0 ], [ 35.172542, 31.762572, 0.0 ] ] ] } },
{ "type": "Feature", "properties": { "Name": "" }, "geometry": { "type": "MultiLineString", "coordinates": [ [ [ 35.174446, 31.766379, 0.0 ], [ 35.174402, 31.766379, 0.0 ] ] ] } },
{ "type": "Feature", "properties": { "Name": "" }, "geometry": { "type": "MultiLineString", "coordinates": [ [ [ 35.174629, 31.766378, 0.0 ], [ 35.174583, 31.766378, 0.0 ] ] ] } },
{ "type": "Feature", "properties": { "Name": "" }, "geometry": { "type": "MultiLineString", "coordinates": [ [ [ 35.172497, 31.762171, 0.0 ], [ 35.172413, 31.762125, 0.0 ] ] ] } },
{ "type": "Feature", "properties": { "Name": "" }, "geometry": { "type": "MultiLineString", "coordinates": [ [ [ 35.172388, 31.762111, 0.0 ], [ 35.172352, 31.762091, 0.0 ] ] ] } },
{ "type": "Feature", "properties": { "Name": "" }, "geometry": { "type": "MultiLineString", "coordinates": [ [ [ 35.172355, 31.762392, 0.0 ], [ 35.172352, 31.76239, 0.0 ], [ 35.172391, 31.762351, 0.0 ] ] ] } },
{ "type": "Feature", "properties": { "Name": "" }, "geometry": { "type": "MultiLineString", "coordinates": [ [ [ 35.176469, 31.750611, 0.0 ], [ 35.176586, 31.7506, 0.0 ], [ 35.17669, 31.750605, 0.0 ], [ 35.176755, 31.7506, 0.0 ], [ 35.176851, 31.750567, 0.0 ], [ 35.177261, 31.750525, 0.0 ], [ 35.177501, 31.750508, 0.0 ], [ 35.177702, 31.75052, 0.0 ], [ 35.178255, 31.750591, 0.0 ], [ 35.178359, 31.750583, 0.0 ] ] ] } },
{ "type": "Feature", "properties": { "Name": "" }, "geometry": { "type": "MultiLineString", "coordinates": [ [ [ 35.189743, 31.76907, 0.0 ], [ 35.189733, 31.769157, 0.0 ], [ 35.189704, 31.769398, 0.0 ], [ 35.189634, 31.769665, 0.0 ], [ 35.189537, 31.769976, 0.0 ] ] ] } },
{ "type": "Feature", "properties": { "Name": "" }, "geometry": { "type": "MultiLineString", "coordinates": [ [ [ 35.239502, 31.827775, 0.0 ], [ 35.239503, 31.827764, 0.0 ], [ 35.239488, 31.827694, 0.0 ], [ 35.239457, 31.827613, 0.0 ], [ 35.239421, 31.82756, 0.0 ], [ 35.239376, 31.827507, 0.0 ], [ 35.239301, 31.827439, 0.0 ], [ 35.23916, 31.827363, 0.0 ], [ 35.239013, 31.827295, 0.0 ], [ 35.238831, 31.82722, 0.0 ], [ 35.238674, 31.827182, 0.0 ], [ 35.238495, 31.827166, 0.0 ], [ 35.238278, 31.827184, 0.0 ], [ 35.238203, 31.8272, 0.0 ], [ 35.237927, 31.827288, 0.0 ], [ 35.237742, 31.827388, 0.0 ], [ 35.237667, 31.827436, 0.0 ], [ 35.23759, 31.827498, 0.0 ], [ 35.23745, 31.827627, 0.0 ] ] ] } },
{ "type": "Feature", "properties": { "Name": "" }, "geometry": { "type": "MultiLineString", "coordinates": [ [ [ 35.239309, 31.828163, 0.0 ], [ 35.239382, 31.828098, 0.0 ], [ 35.239436, 31.828037, 0.0 ], [ 35.239466, 31.827982, 0.0 ], [ 35.239481, 31.827937, 0.0 ], [ 35.239483, 31.827927, 0.0 ] ] ] } },
{ "type": "Feature", "properties": { "Name": "" }, "geometry": { "type": "MultiLineString", "coordinates": [ [ [ 35.239483, 31.827927, 0.0 ], [ 35.239497, 31.827863, 0.0 ], [ 35.2395, 31.827807, 0.0 ], [ 35.239502, 31.827775, 0.0 ] ] ] } },
{ "type": "Feature", "properties": { "Name": "" }, "geometry": { "type": "MultiLineString", "coordinates": [ [ [ 35.194633, 31.750711, 0.0 ], [ 35.194833, 31.750669, 0.0 ], [ 35.195271, 31.750819, 0.0 ], [ 35.195593, 31.750887, 0.0 ], [ 35.196132, 31.75092, 0.0 ], [ 35.196535, 31.750864, 0.0 ], [ 35.197184, 31.750648, 0.0 ], [ 35.197856, 31.7504, 0.0 ] ] ] } },
{ "type": "Feature", "properties": { "Name": "" }, "geometry": { "type": "MultiLineString", "coordinates": [ [ [ 35.200447, 31.76377, 0.0 ], [ 35.200417, 31.763834, 0.0 ] ] ] } },
{ "type": "Feature", "properties": { "Name": "" }, "geometry": { "type": "MultiLineString", "coordinates": [ [ [ 35.213364, 31.762809, 0.0 ], [ 35.213336, 31.76272, 0.0 ], [ 35.213376, 31.762625, 0.0 ], [ 35.213437, 31.762552, 0.0 ], [ 35.213491, 31.76249, 0.0 ], [ 35.213548, 31.762417, 0.0 ], [ 35.213569, 31.762372, 0.0 ], [ 35.213617, 31.762301, 0.0 ], [ 35.21369, 31.762256, 0.0 ] ] ] } },
{ "type": "Feature", "properties": { "Name": "" }, "geometry": { "type": "MultiLineString", "coordinates": [ [ [ 35.213772, 31.762147, 0.0 ], [ 35.213778, 31.762074, 0.0 ], [ 35.213866, 31.761959, 0.0 ], [ 35.214181, 31.761523, 0.0 ], [ 35.214231, 31.761495, 0.0 ], [ 35.214278, 31.761432, 0.0 ], [ 35.214386, 31.761293, 0.0 ] ] ] } },
{ "type": "Feature", "properties": { "Name": "" }, "geometry": { "type": "MultiLineString", "coordinates": [ [ [ 35.208268, 31.782282, 0.0 ], [ 35.208217, 31.782553, 0.0 ], [ 35.208196, 31.782705, 0.0 ], [ 35.208122, 31.782782, 0.0 ], [ 35.208162, 31.782839, 0.0 ], [ 35.208194, 31.782911, 0.0 ], [ 35.208189, 31.783021, 0.0 ], [ 35.208198, 31.783099, 0.0 ], [ 35.208151, 31.783131, 0.0 ], [ 35.208096, 31.783157, 0.0 ], [ 35.208075, 31.78318, 0.0 ], [ 35.208073, 31.783231, 0.0 ] ] ] } },
{ "type": "Feature", "properties": { "Name": "" }, "geometry": { "type": "MultiLineString", "coordinates": [ [ [ 35.200111, 31.787962, 0.0 ], [ 35.200065, 31.788033, 0.0 ] ] ] } },
{ "type": "Feature", "properties": { "Name": "" }, "geometry": { "type": "MultiLineString", "coordinates": [ [ [ 35.200019, 31.788096, 0.0 ], [ 35.199934, 31.78819, 0.0 ] ] ] } },
{ "type": "Feature", "properties": { "Name": "" }, "geometry": { "type": "MultiLineString", "coordinates": [ [ [ 35.200116, 31.787954, 0.0 ], [ 35.200128, 31.787921, 0.0 ], [ 35.200192, 31.787911, 0.0 ], [ 35.200252, 31.787871, 0.0 ], [ 35.200345, 31.787819, 0.0 ], [ 35.200438, 31.78776, 0.0 ], [ 35.200504, 31.787721, 0.0 ], [ 35.200541, 31.787702, 0.0 ], [ 35.200656, 31.787664, 0.0 ], [ 35.200809, 31.787626, 0.0 ], [ 35.200957, 31.787594, 0.0 ], [ 35.201146, 31.787563, 0.0 ], [ 35.201357, 31.787535, 0.0 ] ] ] } },
{ "type": "Feature", "properties": { "Name": "" }, "geometry": { "type": "MultiLineString", "coordinates": [ [ [ 35.201861, 31.787517, 0.0 ], [ 35.202464, 31.787499, 0.0 ], [ 35.202976, 31.78752, 0.0 ] ] ] } },
{ "type": "Feature", "properties": { "Name": "" }, "geometry": { "type": "MultiLineString", "coordinates": [ [ [ 35.20313, 31.787529, 0.0 ], [ 35.203725, 31.787532, 0.0 ], [ 35.203951, 31.78752, 0.0 ] ] ] } },
{ "type": "Feature", "properties": { "Name": "" }, "geometry": { "type": "MultiLineString", "coordinates": [ [ [ 35.203966, 31.78752, 0.0 ], [ 35.204013, 31.787547, 0.0 ] ] ] } },
{ "type": "Feature", "properties": { "Name": "" }, "geometry": { "type": "MultiLineString", "coordinates": [ [ [ 35.199665, 31.787187, 0.0 ], [ 35.199748, 31.787284, 0.0 ], [ 35.199821, 31.787359, 0.0 ], [ 35.199884, 31.787462, 0.0 ], [ 35.199896, 31.787537, 0.0 ], [ 35.199933, 31.787603, 0.0 ], [ 35.199963, 31.787681, 0.0 ], [ 35.200004, 31.787782, 0.0 ], [ 35.200038, 31.787872, 0.0 ], [ 35.200078, 31.787906, 0.0 ], [ 35.200128, 31.787921, 0.0 ] ] ] } },
{ "type": "Feature", "properties": { "Name": "" }, "geometry": { "type": "MultiLineString", "coordinates": [ [ [ 35.20519, 31.760652, 0.0 ], [ 35.205106, 31.760591, 0.0 ] ] ] } },
{ "type": "Feature", "properties": { "Name": "" }, "geometry": { "type": "MultiLineString", "coordinates": [ [ [ 35.204354, 31.761569 ], [ 35.204298, 31.761647 ], [ 35.20428, 31.76166 ], [ 35.204248, 31.761698 ], [ 35.204173, 31.761812 ], [ 35.204104, 31.761919 ], [ 35.204102, 31.761962 ], [ 35.204069, 31.762025 ], [ 35.204002, 31.762189 ], [ 35.203973, 31.762284 ], [ 35.203945, 31.762335 ], [ 35.203928, 31.76244 ], [ 35.203925, 31.762464 ] ], [ [ 35.203926, 31.762466 ], [ 35.203926, 31.76251 ], [ 35.203959, 31.762566 ], [ 35.203961, 31.762582 ] ] ] } },
{ "type": "Feature", "properties": { "Name": "" }, "geometry": { "type": "MultiLineString", "coordinates": [ [ [ 35.204246, 31.763309, 0.0 ], [ 35.204393, 31.763444, 0.0 ], [ 35.204532, 31.763531, 0.0 ], [ 35.20465, 31.763584, 0.0 ], [ 35.204854, 31.763629, 0.0 ], [ 35.205078, 31.763676, 0.0 ], [ 35.20511, 31.763694, 0.0 ] ] ] } },
{ "type": "Feature", "properties": { "Name": "" }, "geometry": { "type": "MultiLineString", "coordinates": [ [ [ 35.205327, 31.763896, 0.0 ], [ 35.205337, 31.763919, 0.0 ], [ 35.205343, 31.763948, 0.0 ], [ 35.205358, 31.763971, 0.0 ], [ 35.205429, 31.764035, 0.0 ], [ 35.205561, 31.764114, 0.0 ], [ 35.205703, 31.764208, 0.0 ], [ 35.205808, 31.764296, 0.0 ], [ 35.20592, 31.764405, 0.0 ], [ 35.205969, 31.764473, 0.0 ], [ 35.206046, 31.764609, 0.0 ], [ 35.206115, 31.764745, 0.0 ], [ 35.206153, 31.764855, 0.0 ], [ 35.206176, 31.765006, 0.0 ], [ 35.206189, 31.765136, 0.0 ], [ 35.206184, 31.765215, 0.0 ], [ 35.20618, 31.765275, 0.0 ], [ 35.2062, 31.765345, 0.0 ], [ 35.206212, 31.765404, 0.0 ], [ 35.206199, 31.765516, 0.0 ], [ 35.206183, 31.76562, 0.0 ] ] ] } },
{ "type": "Feature", "properties": { "Name": "" }, "geometry": { "type": "MultiLineString", "coordinates": [ [ [ 35.201428, 31.775832, 0.0 ], [ 35.201444, 31.77583, 0.0 ], [ 35.201453, 31.775824, 0.0 ], [ 35.201485, 31.7758, 0.0 ], [ 35.201522, 31.775785, 0.0 ], [ 35.201568, 31.775776, 0.0 ], [ 35.2016, 31.775773, 0.0 ], [ 35.201692, 31.775755, 0.0 ], [ 35.201747, 31.775748, 0.0 ], [ 35.201802, 31.775752, 0.0 ], [ 35.201961, 31.775764, 0.0 ], [ 35.20211, 31.775771, 0.0 ], [ 35.202253, 31.775768, 0.0 ], [ 35.202387, 31.775744, 0.0 ], [ 35.202419, 31.775734, 0.0 ], [ 35.202542, 31.775692, 0.0 ], [ 35.202659, 31.775627, 0.0 ], [ 35.202762, 31.775549, 0.0 ], [ 35.202843, 31.77547, 0.0 ], [ 35.202884, 31.775387, 0.0 ], [ 35.202922, 31.775314, 0.0 ], [ 35.202966, 31.775252, 0.0 ], [ 35.202977, 31.775245, 0.0 ] ] ] } },
{ "type": "Feature", "properties": { "Name": "" }, "geometry": { "type": "MultiLineString", "coordinates": [ [ [ 35.203812, 31.77512, 0.0 ], [ 35.203844, 31.77507, 0.0 ], [ 35.203879, 31.774988, 0.0 ], [ 35.203887, 31.774977, 0.0 ], [ 35.203904, 31.774976, 0.0 ] ] ] } },
{ "type": "Feature", "properties": { "Name": "" }, "geometry": { "type": "MultiLineString", "coordinates": [ [ [ 35.203905, 31.774974, 0.0 ], [ 35.203972, 31.774983, 0.0 ] ] ] } },
{ "type": "Feature", "properties": { "Name": "" }, "geometry": { "type": "MultiLineString", "coordinates": [ [ [ 35.204038, 31.774962, 0.0 ], [ 35.2041, 31.77493, 0.0 ] ] ] } },
{ "type": "Feature", "properties": { "Name": "" }, "geometry": { "type": "MultiLineString", "coordinates": [ [ [ 35.204124, 31.774912, 0.0 ], [ 35.204175, 31.774886, 0.0 ] ] ] } },
{ "type": "Feature", "properties": { "Name": "" }, "geometry": { "type": "MultiLineString", "coordinates": [ [ [ 35.204239, 31.774831, 0.0 ], [ 35.204249, 31.774786, 0.0 ] ] ] } },
{ "type": "Feature", "properties": { "Name": "" }, "geometry": { "type": "MultiLineString", "coordinates": [ [ [ 35.204249, 31.774785, 0.0 ], [ 35.204261, 31.774774, 0.0 ], [ 35.20428, 31.774762, 0.0 ], [ 35.204302, 31.774755, 0.0 ] ] ] } },
{ "type": "Feature", "properties": { "Name": "" }, "geometry": { "type": "MultiLineString", "coordinates": [ [ [ 35.213571, 31.745295, 0.0 ], [ 35.213377, 31.745382, 0.0 ] ] ] } },
{ "type": "Feature", "properties": { "Name": "" }, "geometry": { "type": "MultiLineString", "coordinates": [ [ [ 35.212356, 31.745845, 0.0 ], [ 35.212394, 31.745926, 0.0 ] ] ] } },
{ "type": "Feature", "properties": { "Name": "" }, "geometry": { "type": "MultiLineString", "coordinates": [ [ [ 35.212409, 31.745975, 0.0 ], [ 35.212447, 31.746046, 0.0 ] ] ] } },
{ "type": "Feature", "properties": { "Name": "" }, "geometry": { "type": "MultiLineString", "coordinates": [ [ [ 35.212507, 31.746069, 0.0 ], [ 35.212549, 31.746095, 0.0 ] ] ] } },
{ "type": "Feature", "properties": { "Name": "" }, "geometry": { "type": "MultiLineString", "coordinates": [ [ [ 35.21242, 31.746089, 0.0 ], [ 35.212346, 31.746111, 0.0 ] ] ] } },
{ "type": "Feature", "properties": { "Name": "" }, "geometry": { "type": "MultiLineString", "coordinates": [ [ [ 35.212314, 31.746125, 0.0 ], [ 35.212244, 31.74614, 0.0 ] ] ] } },
{ "type": "Feature", "properties": { "Name": "" }, "geometry": { "type": "MultiLineString", "coordinates": [ [ [ 35.212185, 31.746172, 0.0 ], [ 35.212153, 31.746218, 0.0 ] ] ] } },
{ "type": "Feature", "properties": { "Name": "" }, "geometry": { "type": "MultiLineString", "coordinates": [ [ [ 35.197891, 31.743769, 0.0 ], [ 35.197824, 31.74381, 0.0 ] ] ] } },
{ "type": "Feature", "properties": { "Name": "" }, "geometry": { "type": "MultiLineString", "coordinates": [ [ [ 35.197743, 31.743972, 0.0 ], [ 35.197708, 31.744028, 0.0 ] ] ] } },
{ "type": "Feature", "properties": { "Name": "" }, "geometry": { "type": "MultiLineString", "coordinates": [ [ [ 35.191125, 31.749094, 0.0 ], [ 35.190845, 31.749117, 0.0 ], [ 35.190405, 31.749162, 0.0 ], [ 35.190143, 31.749181, 0.0 ], [ 35.190065, 31.749208, 0.0 ], [ 35.189947, 31.749222, 0.0 ], [ 35.189902, 31.749235, 0.0 ], [ 35.189868, 31.749247, 0.0 ] ] ] } },
{ "type": "Feature", "properties": { "Name": "" }, "geometry": { "type": "MultiLineString", "coordinates": [ [ [ 35.155879, 31.749549, 0.0 ], [ 35.156133, 31.749588, 0.0 ], [ 35.156734, 31.749787, 0.0 ], [ 35.157329, 31.749994, 0.0 ], [ 35.157695, 31.750128, 0.0 ], [ 35.158124, 31.750387, 0.0 ], [ 35.158459, 31.750666, 0.0 ], [ 35.159018, 31.75111, 0.0 ], [ 35.159238, 31.751314, 0.0 ], [ 35.159398, 31.751608, 0.0 ], [ 35.159576, 31.751908, 0.0 ], [ 35.159709, 31.752019, 0.0 ], [ 35.159848, 31.752091, 0.0 ], [ 35.16002, 31.752135, 0.0 ], [ 35.160199, 31.752148, 0.0 ], [ 35.160356, 31.752104, 0.0 ], [ 35.160531, 31.75203, 0.0 ], [ 35.160706, 31.751942, 0.0 ], [ 35.160966, 31.751826, 0.0 ], [ 35.161093, 31.751787, 0.0 ], [ 35.16122, 31.751767, 0.0 ], [ 35.161405, 31.75178, 0.0 ], [ 35.161622, 31.751836, 0.0 ], [ 35.161803, 31.751955, 0.0 ], [ 35.162527, 31.752596, 0.0 ] ] ] } },
{ "type": "Feature", "properties": { "Name": "" }, "geometry": { "type": "MultiLineString", "coordinates": [ [ [ 35.16099, 31.756629, 0.0 ], [ 35.16106, 31.756576, 0.0 ], [ 35.161201, 31.756486, 0.0 ], [ 35.161366, 31.7564, 0.0 ], [ 35.161553, 31.756345, 0.0 ], [ 35.161768, 31.756312, 0.0 ] ] ] } },
{ "type": "Feature", "properties": { "Name": "" }, "geometry": { "type": "MultiLineString", "coordinates": [ [ [ 35.235388, 31.804903, 0.0 ], [ 35.235376, 31.804906, 0.0 ], [ 35.235341, 31.804941, 0.0 ], [ 35.235291, 31.805006, 0.0 ], [ 35.235249, 31.805048, 0.0 ], [ 35.235179, 31.805107, 0.0 ], [ 35.235097, 31.805163, 0.0 ], [ 35.23502, 31.805212, 0.0 ], [ 35.234994, 31.805224, 0.0 ], [ 35.234984, 31.805224, 0.0 ] ] ] } },
{ "type": "Feature", "properties": { "Name": "" }, "geometry": { "type": "MultiLineString", "coordinates": [ [ [ 35.234982, 31.805223, 0.0 ], [ 35.234943, 31.805193, 0.0 ] ] ] } },
{ "type": "Feature", "properties": { "Name": "" }, "geometry": { "type": "MultiLineString", "coordinates": [ [ [ 35.198114, 31.749833, 0.0 ], [ 35.198034, 31.749868, 0.0 ], [ 35.197808, 31.749954, 0.0 ] ] ] } },
{ "type": "Feature", "properties": { "Name": "" }, "geometry": { "type": "MultiLineString", "coordinates": [ [ [ 35.197885, 31.750073, 0.0 ], [ 35.197828, 31.749968, 0.0 ] ] ] } },
{ "type": "Feature", "properties": { "Name": "" }, "geometry": { "type": "MultiLineString", "coordinates": [ [ [ 35.198526, 31.751595, 0.0 ], [ 35.198442, 31.75154, 0.0 ] ] ] } },
{ "type": "Feature", "properties": { "Name": "" }, "geometry": { "type": "MultiLineString", "coordinates": [ [ [ 35.198565, 31.751695, 0.0 ], [ 35.198565, 31.751665, 0.0 ], [ 35.198561, 31.751642, 0.0 ], [ 35.198539, 31.751613, 0.0 ], [ 35.198526, 31.751595, 0.0 ] ] ] } },
{ "type": "Feature", "properties": { "Name": "" }, "geometry": { "type": "MultiLineString", "coordinates": [ [ [ 35.199728, 31.761677, 0.0 ], [ 35.199733, 31.761841, 0.0 ] ] ] } },
{ "type": "Feature", "properties": { "Name": "" }, "geometry": { "type": "MultiLineString", "coordinates": [ [ [ 35.199699, 31.761607, 0.0 ], [ 35.199728, 31.761668, 0.0 ] ] ] } },
{ "type": "Feature", "properties": { "Name": "" }, "geometry": { "type": "MultiLineString", "coordinates": [ [ [ 35.197111, 31.779635, 0.0 ], [ 35.197056, 31.779732, 0.0 ] ] ] } },
{ "type": "Feature", "properties": { "Name": "" }, "geometry": { "type": "MultiLineString", "coordinates": [ [ [ 35.202983, 31.787522, 0.0 ], [ 35.203121, 31.787529, 0.0 ] ] ] } },
{ "type": "Feature", "properties": { "Name": "" }, "geometry": { "type": "MultiLineString", "coordinates": [ [ [ 35.201712, 31.787408, 0.0 ], [ 35.201753, 31.787478, 0.0 ], [ 35.201811, 31.787506, 0.0 ], [ 35.20185, 31.787517, 0.0 ] ] ] } },
{ "type": "Feature", "properties": { "Name": "" }, "geometry": { "type": "MultiLineString", "coordinates": [ [ [ 35.200055, 31.788114, 0.0 ], [ 35.200142, 31.788219, 0.0 ] ] ] } },
{ "type": "Feature", "properties": { "Name": "" }, "geometry": { "type": "MultiLineString", "coordinates": [ [ [ 35.20031, 31.78838 ], [ 35.200315, 31.78841 ], [ 35.200292, 31.788443 ], [ 35.200205, 31.788531 ], [ 35.200155, 31.788606 ] ], [ [ 35.200155, 31.788607 ], [ 35.200005, 31.78894 ] ], [ [ 35.200006, 31.78894 ], [ 35.199985, 31.788984 ], [ 35.199986, 31.789016 ], [ 35.199942, 31.789033 ] ] ] } },
{ "type": "Feature", "properties": { "Name": "" }, "geometry": { "type": "MultiLineString", "coordinates": [ [ [ 35.200181, 31.788274, 0.0 ], [ 35.200299, 31.788365, 0.0 ] ] ] } },
{ "type": "Feature", "properties": { "Name": "" }, "geometry": { "type": "MultiLineString", "coordinates": [ [ [ 35.199941, 31.789035, 0.0 ], [ 35.199885, 31.789047, 0.0 ] ] ] } },
{ "type": "Feature", "properties": { "Name": "" }, "geometry": { "type": "MultiLineString", "coordinates": [ [ [ 35.201048, 31.785812, 0.0 ], [ 35.201003, 31.785683, 0.0 ] ] ] } },
{ "type": "Feature", "properties": { "Name": "" }, "geometry": { "type": "MultiLineString", "coordinates": [ [ [ 35.233233, 31.79979, 0.0 ], [ 35.233176, 31.799775, 0.0 ] ] ] } },
{ "type": "Feature", "properties": { "Name": "" }, "geometry": { "type": "MultiLineString", "coordinates": [ [ [ 35.233114, 31.799687, 0.0 ], [ 35.233068, 31.799628, 0.0 ] ] ] } },
{ "type": "Feature", "properties": { "Name": "" }, "geometry": { "type": "MultiLineString", "coordinates": [ [ [ 35.233047, 31.799601, 0.0 ], [ 35.232993, 31.799537, 0.0 ] ] ] } },
{ "type": "Feature", "properties": { "Name": "" }, "geometry": { "type": "MultiLineString", "coordinates": [ [ [ 35.232907, 31.799497, 0.0 ], [ 35.232919, 31.799451, 0.0 ] ] ] } },
{ "type": "Feature", "properties": { "Name": "" }, "geometry": { "type": "MultiLineString", "coordinates": [ [ [ 35.232876, 31.799524, 0.0 ], [ 35.232733, 31.799559, 0.0 ] ] ] } },
{ "type": "Feature", "properties": { "Name": "" }, "geometry": { "type": "MultiLineString", "coordinates": [ [ [ 35.232685, 31.799569, 0.0 ], [ 35.23256, 31.799601, 0.0 ] ] ] } },
{ "type": "Feature", "properties": { "Name": "" }, "geometry": { "type": "MultiLineString", "coordinates": [ [ [ 35.232487, 31.799626, 0.0 ], [ 35.232412, 31.799657, 0.0 ] ] ] } },
{ "type": "Feature", "properties": { "Name": "" }, "geometry": { "type": "MultiLineString", "coordinates": [ [ [ 35.215391, 31.759439, 0.0 ], [ 35.215317, 31.75939, 0.0 ] ] ] } },
{ "type": "Feature", "properties": { "Name": "" }, "geometry": { "type": "MultiLineString", "coordinates": [ [ [ 35.21526, 31.759354, 0.0 ], [ 35.21525, 31.759316, 0.0 ] ] ] } },
{ "type": "Feature", "properties": { "Name": "" }, "geometry": { "type": "MultiLineString", "coordinates": [ [ [ 35.215071, 31.759151, 0.0 ], [ 35.215055, 31.759144, 0.0 ], [ 35.214938, 31.759063, 0.0 ], [ 35.214689, 31.758939, 0.0 ], [ 35.214377, 31.758776, 0.0 ], [ 35.214114, 31.758635, 0.0 ], [ 35.214046, 31.75857, 0.0 ], [ 35.214015, 31.758517, 0.0 ], [ 35.213996, 31.758496, 0.0 ], [ 35.213836, 31.75843, 0.0 ] ] ] } },
{ "type": "Feature", "properties": { "Name": "" }, "geometry": { "type": "MultiLineString", "coordinates": [ [ [ 35.215231, 31.759244, 0.0 ], [ 35.215219, 31.759197, 0.0 ] ] ] } },
{ "type": "Feature", "properties": { "Name": "" }, "geometry": { "type": "MultiLineString", "coordinates": [ [ [ 35.215183, 31.759182, 0.0 ], [ 35.215132, 31.759176, 0.0 ] ] ] } },
{ "type": "Feature", "properties": { "Name": "" }, "geometry": { "type": "MultiLineString", "coordinates": [ [ [ 35.20952, 31.752079, 0.0 ], [ 35.209383, 31.752268, 0.0 ], [ 35.209059, 31.752536, 0.0 ], [ 35.208684, 31.752745, 0.0 ], [ 35.208519, 31.752837, 0.0 ], [ 35.208365, 31.752924, 0.0 ], [ 35.208151, 31.752615, 0.0 ], [ 35.208142, 31.752577, 0.0 ], [ 35.207841, 31.752282, 0.0 ] ] ] } },
{ "type": "Feature", "properties": { "Name": "" }, "geometry": { "type": "MultiLineString", "coordinates": [ [ [ 35.204466, 31.755294, 0.0 ], [ 35.204426, 31.755333, 0.0 ], [ 35.204378, 31.755359, 0.0 ], [ 35.204373, 31.75542, 0.0 ] ] ] } },
{ "type": "Feature", "properties": { "Name": "" }, "geometry": { "type": "MultiLineString", "coordinates": [ [ [ 35.204362, 31.755494, 0.0 ], [ 35.204245, 31.75567, 0.0 ], [ 35.204243, 31.755678, 0.0 ], [ 35.204273, 31.755721, 0.0 ], [ 35.204283, 31.755748, 0.0 ], [ 35.204284, 31.755763, 0.0 ], [ 35.204285, 31.755795, 0.0 ], [ 35.204278, 31.755816, 0.0 ] ] ] } },
{ "type": "Feature", "properties": { "Name": "" }, "geometry": { "type": "MultiLineString", "coordinates": [ [ [ 35.217988, 31.779059, 0.0 ], [ 35.218011, 31.779124, 0.0 ], [ 35.218058, 31.779304, 0.0 ], [ 35.218093, 31.779671, 0.0 ], [ 35.218252, 31.780159, 0.0 ], [ 35.21835, 31.780195, 0.0 ] ] ] } },
{ "type": "Feature", "properties": { "Name": "" }, "geometry": { "type": "MultiLineString", "coordinates": [ [ [ 35.217117, 31.780308, 0.0 ], [ 35.217825, 31.780234, 0.0 ], [ 35.218354, 31.780139, 0.0 ], [ 35.219059, 31.779946, 0.0 ], [ 35.21984, 31.779766, 0.0 ], [ 35.220317, 31.77961, 0.0 ], [ 35.220805, 31.779402, 0.0 ], [ 35.221143, 31.779273, 0.0 ], [ 35.221368, 31.779197, 0.0 ], [ 35.221485, 31.779154, 0.0 ] ] ] } },
{ "type": "Feature", "properties": { "Name": "" }, "geometry": { "type": "MultiLineString", "coordinates": [ [ [ 35.220328, 31.776916, 0.0 ], [ 35.219874, 31.777386, 0.0 ], [ 35.219565, 31.777746, 0.0 ], [ 35.219464, 31.777949, 0.0 ], [ 35.219428, 31.77809, 0.0 ], [ 35.219404, 31.778446, 0.0 ], [ 35.2194, 31.778774, 0.0 ], [ 35.219418, 31.778988, 0.0 ], [ 35.219465, 31.779147, 0.0 ], [ 35.219576, 31.779435, 0.0 ], [ 35.219738, 31.779664, 0.0 ], [ 35.21984, 31.779766, 0.0 ], [ 35.219842, 31.77977, 0.0 ] ] ] } },
{ "type": "Feature", "properties": { "Name": "" }, "geometry": { "type": "MultiLineString", "coordinates": [ [ [ 35.224266, 31.77907, 0.0 ], [ 35.223119, 31.779787, 0.0 ] ] ] } },
{ "type": "Feature", "properties": { "Name": "" }, "geometry": { "type": "MultiLineString", "coordinates": [ [ [ 35.223958, 31.778926, 0.0 ], [ 35.222826, 31.779653, 0.0 ], [ 35.222646, 31.779758, 0.0 ], [ 35.222355, 31.779891, 0.0 ], [ 35.22205, 31.78003, 0.0 ], [ 35.221943, 31.780076, 0.0 ], [ 35.221878, 31.780077, 0.0 ], [ 35.221815, 31.780033, 0.0 ], [ 35.22178, 31.779997, 0.0 ] ] ] } },
{ "type": "Feature", "properties": { "Name": "" }, "geometry": { "type": "MultiLineString", "coordinates": [ [ [ 35.219428, 31.781888, 0.0 ], [ 35.219447, 31.781238, 0.0 ] ] ] } },
{ "type": "Feature", "properties": { "Name": "" }, "geometry": { "type": "MultiLineString", "coordinates": [ [ [ 35.215822, 31.779338, 0.0 ], [ 35.216091, 31.779353, 0.0 ], [ 35.216312, 31.779322, 0.0 ], [ 35.216455, 31.779251, 0.0 ], [ 35.216761, 31.779153, 0.0 ], [ 35.216996, 31.77912, 0.0 ], [ 35.217656, 31.779055, 0.0 ], [ 35.217893, 31.779055, 0.0 ], [ 35.217964, 31.779072, 0.0 ] ] ] } },
{ "type": "Feature", "properties": { "Name": "" }, "geometry": { "type": "MultiLineString", "coordinates": [ [ [ 35.21965, 31.781241, 0.0 ], [ 35.218425, 31.781173, 0.0 ], [ 35.217661, 31.781089, 0.0 ], [ 35.217123, 31.781033, 0.0 ] ] ] } },
{ "type": "Feature", "properties": { "Name": "" }, "geometry": { "type": "MultiLineString", "coordinates": [ [ [ 35.217112, 31.78031, 0.0 ], [ 35.217079, 31.780242, 0.0 ], [ 35.217033, 31.780038, 0.0 ], [ 35.216976, 31.779713, 0.0 ], [ 35.216875, 31.779234, 0.0 ], [ 35.21686, 31.77914, 0.0 ] ] ] } },
{ "type": "Feature", "properties": { "Name": "" }, "geometry": { "type": "MultiLineString", "coordinates": [ [ [ 35.21686, 31.77914, 0.0 ], [ 35.216846, 31.779056, 0.0 ], [ 35.216845, 31.778845, 0.0 ], [ 35.217023, 31.778763, 0.0 ], [ 35.217313, 31.778704, 0.0 ], [ 35.217601, 31.778709, 0.0 ], [ 35.217848, 31.778827, 0.0 ], [ 35.217951, 31.778955, 0.0 ], [ 35.217988, 31.779059, 0.0 ] ] ] } },
{ "type": "Feature", "properties": { "Name": "" }, "geometry": { "type": "MultiLineString", "coordinates": [ [ [ 35.21835, 31.780195, 0.0 ], [ 35.21837, 31.780202, 0.0 ], [ 35.218406, 31.780536, 0.0 ], [ 35.218377, 31.781055, 0.0 ], [ 35.218366, 31.781166, 0.0 ] ] ] } },
{ "type": "Feature", "properties": { "Name": "" }, "geometry": { "type": "MultiLineString", "coordinates": [ [ [ 35.217123, 31.781033, 0.0 ], [ 35.217118, 31.781032, 0.0 ], [ 35.217171, 31.780521, 0.0 ], [ 35.217163, 31.780413, 0.0 ], [ 35.217112, 31.78031, 0.0 ] ] ] } },
{ "type": "Feature", "properties": { "Name": "" }, "geometry": { "type": "MultiLineString", "coordinates": [ [ [ 35.222608, 31.778704, 0.0 ], [ 35.222651, 31.778691, 0.0 ], [ 35.222738, 31.778719, 0.0 ], [ 35.222894, 31.778792, 0.0 ], [ 35.223058, 31.778847, 0.0 ], [ 35.223195, 31.778847, 0.0 ], [ 35.223318, 31.778801, 0.0 ], [ 35.223636, 31.778593, 0.0 ], [ 35.223746, 31.7785, 0.0 ] ] ] } },
{ "type": "Feature", "properties": { "Name": "" }, "geometry": { "type": "MultiLineString", "coordinates": [ [ [ 35.221373, 31.780552, 0.0 ], [ 35.221382, 31.780553, 0.0 ], [ 35.221452, 31.780513, 0.0 ], [ 35.221587, 31.780295, 0.0 ], [ 35.22178, 31.779997, 0.0 ], [ 35.22223, 31.779285, 0.0 ], [ 35.222577, 31.778712, 0.0 ], [ 35.222606, 31.778704, 0.0 ] ] ] } },
{ "type": "Feature", "properties": { "Name": "" }, "geometry": { "type": "MultiLineString", "coordinates": [ [ [ 35.219842, 31.77977, 0.0 ], [ 35.219885, 31.779823, 0.0 ], [ 35.219897, 31.779912, 0.0 ], [ 35.219913, 31.779995, 0.0 ], [ 35.219975, 31.780039, 0.0 ], [ 35.220107, 31.780058, 0.0 ], [ 35.220476, 31.780098, 0.0 ], [ 35.220542, 31.780153, 0.0 ], [ 35.220619, 31.780259, 0.0 ], [ 35.220664, 31.780272, 0.0 ] ] ] } },
{ "type": "Feature", "properties": { "Name": "" }, "geometry": { "type": "MultiLineString", "coordinates": [ [ [ 35.220664, 31.780272, 0.0 ], [ 35.22073, 31.780291, 0.0 ], [ 35.2208, 31.780273, 0.0 ], [ 35.220893, 31.780247, 0.0 ], [ 35.221011, 31.780317, 0.0 ], [ 35.221169, 31.78045, 0.0 ], [ 35.221289, 31.78054, 0.0 ], [ 35.221373, 31.780552, 0.0 ] ] ] } },
{ "type": "Feature", "properties": { "Name": "" }, "geometry": { "type": "MultiLineString", "coordinates": [ [ [ 35.223119, 31.779787, 0.0 ], [ 35.22311, 31.779792, 0.0 ], [ 35.222709, 31.77936, 0.0 ], [ 35.222697, 31.779346, 0.0 ] ] ] } },
{ "type": "Feature", "properties": { "Name": "" }, "geometry": { "type": "MultiLineString", "coordinates": [ [ [ 35.221485, 31.779154, 0.0 ], [ 35.221823, 31.778937, 0.0 ], [ 35.222291, 31.778633, 0.0 ], [ 35.222726, 31.778354, 0.0 ] ] ] } },
{ "type": "Feature", "properties": { "Name": "" }, "geometry": { "type": "MultiLineString", "coordinates": [ [ [ 35.198149, 31.790566, 0.0 ], [ 35.198105, 31.790582, 0.0 ], [ 35.198088, 31.790673, 0.0 ], [ 35.198178, 31.791037, 0.0 ], [ 35.198152, 31.791106, 0.0 ], [ 35.198084, 31.791162, 0.0 ], [ 35.19798, 31.791173, 0.0 ], [ 35.197878, 31.791147, 0.0 ], [ 35.197845, 31.79109, 0.0 ], [ 35.197824, 31.791018, 0.0 ], [ 35.197845, 31.790953, 0.0 ], [ 35.197931, 31.790905, 0.0 ], [ 35.19806, 31.790915, 0.0 ], [ 35.198133, 31.790959, 0.0 ], [ 35.198178, 31.791037, 0.0 ], [ 35.198173, 31.791158, 0.0 ], [ 35.198045, 31.791281, 0.0 ] ] ] } },
{ "type": "Feature", "properties": { "Name": "" }, "geometry": { "type": "MultiLineString", "coordinates": [ [ [ 35.238258, 31.802473, 0.0 ], [ 35.23827, 31.802529, 0.0 ] ] ] } },
{ "type": "Feature", "properties": { "Name": "" }, "geometry": { "type": "MultiLineString", "coordinates": [ [ [ 35.23827, 31.802529, 0.0 ], [ 35.238342, 31.802599, 0.0 ], [ 35.23828, 31.802674, 0.0 ], [ 35.238203, 31.802788, 0.0 ], [ 35.238025, 31.80299, 0.0 ] ] ] } },
{ "type": "Feature", "properties": { "Name": "" }, "geometry": { "type": "MultiLineString", "coordinates": [ [ [ 35.236894, 31.803774, 0.0 ], [ 35.236873, 31.803835, 0.0 ], [ 35.236462, 31.804102, 0.0 ], [ 35.236425, 31.804114, 0.0 ], [ 35.236386, 31.804076, 0.0 ] ] ] } },
{ "type": "Feature", "properties": { "Name": "" }, "geometry": { "type": "MultiLineString", "coordinates": [ [ [ 35.236035, 31.803955, 0.0 ], [ 35.23601, 31.804013, 0.0 ], [ 35.235933, 31.804129, 0.0 ], [ 35.235824, 31.804257, 0.0 ], [ 35.235721, 31.804353, 0.0 ], [ 35.235561, 31.804482, 0.0 ], [ 35.23537, 31.80463, 0.0 ], [ 35.235276, 31.804636, 0.0 ] ] ] } },
{ "type": "Feature", "properties": { "Name": "" }, "geometry": { "type": "MultiLineString", "coordinates": [ [ [ 35.240024, 31.797636, 0.0 ], [ 35.239693, 31.797823, 0.0 ], [ 35.239411, 31.798044, 0.0 ] ] ] } },
{ "type": "Feature", "properties": { "Name": "" }, "geometry": { "type": "MultiLineString", "coordinates": [ [ [ 35.239295, 31.798172, 0.0 ], [ 35.239073, 31.798243, 0.0 ], [ 35.238798, 31.798197, 0.0 ], [ 35.238532, 31.798169, 0.0 ], [ 35.2384, 31.798209, 0.0 ] ] ] } },
{ "type": "Feature", "properties": { "Name": "" }, "geometry": { "type": "MultiLineString", "coordinates": [ [ [ 35.210262, 31.74067, 0.0 ], [ 35.210108, 31.740719, 0.0 ] ] ] } },
{ "type": "Feature", "properties": { "Name": "" }, "geometry": { "type": "MultiLineString", "coordinates": [ [ [ 35.233834, 31.806517, 0.0 ], [ 35.233717, 31.806521, 0.0 ], [ 35.233245, 31.806451, 0.0 ], [ 35.231787, 31.806354, 0.0 ], [ 35.230953, 31.806365, 0.0 ] ] ] } },
{ "type": "Feature", "properties": { "Name": "" }, "geometry": { "type": "MultiLineString", "coordinates": [ [ [ 35.184571, 31.787776, 0.0 ], [ 35.184664, 31.787776, 0.0 ], [ 35.184721, 31.787761, 0.0 ], [ 35.184868, 31.787762, 0.0 ], [ 35.18498, 31.787759, 0.0 ], [ 35.185211, 31.787762, 0.0 ] ] ] } },
{ "type": "Feature", "properties": { "Name": "" }, "geometry": { "type": "MultiLineString", "coordinates": [ [ [ 35.199198, 31.790074, 0.0 ], [ 35.199137, 31.790109, 0.0 ], [ 35.199063, 31.79018, 0.0 ], [ 35.198859, 31.790408, 0.0 ], [ 35.198738, 31.790439, 0.0 ], [ 35.198574, 31.790466, 0.0 ], [ 35.198517, 31.790498, 0.0 ], [ 35.198452, 31.790552, 0.0 ], [ 35.198369, 31.790617, 0.0 ], [ 35.198293, 31.79061, 0.0 ], [ 35.198162, 31.790561, 0.0 ], [ 35.198149, 31.790566, 0.0 ] ] ] } },
{ "type": "Feature", "properties": { "Name": "" }, "geometry": { "type": "MultiLineString", "coordinates": [ [ [ 35.180297, 31.787465, 0.0 ], [ 35.180502, 31.78742, 0.0 ], [ 35.180646, 31.787398, 0.0 ], [ 35.180823, 31.787382, 0.0 ], [ 35.180867, 31.787381, 0.0 ] ] ] } },
{ "type": "Feature", "properties": { "Name": "" }, "geometry": { "type": "MultiLineString", "coordinates": [ [ [ 35.184419, 31.787775, 0.0 ], [ 35.184575, 31.787776, 0.0 ] ] ] } },
{ "type": "Feature", "properties": { "Name": "" }, "geometry": { "type": "MultiLineString", "coordinates": [ [ [ 35.185922, 31.78775, 0.0 ], [ 35.185871, 31.78775, 0.0 ] ] ] } },
{ "type": "Feature", "properties": { "Name": "" }, "geometry": { "type": "MultiLineString", "coordinates": [ [ [ 35.185826, 31.787753, 0.0 ], [ 35.185774, 31.787753, 0.0 ] ] ] } },
{ "type": "Feature", "properties": { "Name": "" }, "geometry": { "type": "MultiLineString", "coordinates": [ [ [ 35.180867, 31.787381, 0.0 ], [ 35.181011, 31.787377, 0.0 ], [ 35.181217, 31.787391, 0.0 ] ] ] } },
{ "type": "Feature", "properties": { "Name": "" }, "geometry": { "type": "MultiLineString", "coordinates": [ [ [ 35.187545, 31.787753, 0.0 ], [ 35.187664, 31.787776, 0.0 ] ] ] } },
{ "type": "Feature", "properties": { "Name": "" }, "geometry": { "type": "MultiLineString", "coordinates": [ [ [ 35.18767, 31.787776, 0.0 ], [ 35.187738, 31.787758, 0.0 ] ] ] } },
{ "type": "Feature", "properties": { "Name": "" }, "geometry": { "type": "MultiLineString", "coordinates": [ [ [ 35.187772, 31.787761, 0.0 ], [ 35.187826, 31.787764, 0.0 ] ] ] } },
{ "type": "Feature", "properties": { "Name": "" }, "geometry": { "type": "MultiLineString", "coordinates": [ [ [ 35.189413, 31.78773, 0.0 ], [ 35.189487, 31.787725, 0.0 ] ] ] } },
{ "type": "Feature", "properties": { "Name": "" }, "geometry": { "type": "MultiLineString", "coordinates": [ [ [ 35.189521, 31.787722, 0.0 ], [ 35.189575, 31.78772, 0.0 ] ] ] } },
{ "type": "Feature", "properties": { "Name": "" }, "geometry": { "type": "MultiLineString", "coordinates": [ [ [ 35.189637, 31.787709, 0.0 ], [ 35.189691, 31.787729, 0.0 ] ] ] } },
{ "type": "Feature", "properties": { "Name": "" }, "geometry": { "type": "MultiLineString", "coordinates": [ [ [ 35.190664, 31.78772, 0.0 ], [ 35.190775, 31.787725, 0.0 ] ] ] } },
{ "type": "Feature", "properties": { "Name": "" }, "geometry": { "type": "MultiLineString", "coordinates": [ [ [ 35.191297, 31.787703, 0.0 ], [ 35.191464, 31.787722, 0.0 ] ] ] } },
{ "type": "Feature", "properties": { "Name": "" }, "geometry": { "type": "MultiLineString", "coordinates": [ [ [ 35.228138, 31.820774, 0.0 ], [ 35.228082, 31.821126, 0.0 ], [ 35.228037, 31.821374, 0.0 ], [ 35.227973, 31.821645, 0.0 ], [ 35.227911, 31.821893, 0.0 ], [ 35.227849, 31.822051, 0.0 ], [ 35.227798, 31.822094, 0.0 ], [ 35.227749, 31.822266, 0.0 ], [ 35.227583, 31.822799, 0.0 ], [ 35.22758, 31.822872, 0.0 ], [ 35.227404, 31.823253, 0.0 ], [ 35.227221, 31.823776, 0.0 ] ] ] } },
{ "type": "Feature", "properties": { "Name": "" }, "geometry": { "type": "MultiLineString", "coordinates": [ [ [ 35.227082, 31.824389, 0.0 ], [ 35.227001, 31.824637, 0.0 ], [ 35.226948, 31.824942, 0.0 ], [ 35.226892, 31.825388, 0.0 ], [ 35.226883, 31.82552, 0.0 ], [ 35.226865, 31.82577, 0.0 ], [ 35.226844, 31.826209, 0.0 ], [ 35.226812, 31.826437, 0.0 ], [ 35.226876, 31.826855, 0.0 ], [ 35.227038, 31.827206, 0.0 ], [ 35.227156, 31.827389, 0.0 ], [ 35.227433, 31.827668, 0.0 ], [ 35.22761, 31.827833, 0.0 ], [ 35.227814, 31.828083, 0.0 ], [ 35.227999, 31.828529, 0.0 ] ] ] } },
{ "type": "Feature", "properties": { "Name": "" }, "geometry": { "type": "MultiLineString", "coordinates": [ [ [ 35.228218, 31.829337, 0.0 ], [ 35.228299, 31.82941, 0.0 ], [ 35.2284, 31.829653, 0.0 ], [ 35.228517, 31.82993, 0.0 ], [ 35.228684, 31.830332, 0.0 ], [ 35.228759, 31.830588, 0.0 ], [ 35.228881, 31.830953, 0.0 ], [ 35.228877, 31.831285, 0.0 ], [ 35.228871, 31.831413, 0.0 ] ] ] } },
{ "type": "Feature", "properties": { "Name": "" }, "geometry": { "type": "MultiLineString", "coordinates": [ [ [ 35.228811, 31.831786, 0.0 ], [ 35.228668, 31.832038, 0.0 ], [ 35.228492, 31.832244, 0.0 ], [ 35.228212, 31.832684, 0.0 ], [ 35.228054, 31.832915, 0.0 ], [ 35.227778, 31.833455, 0.0 ] ] ] } },
{ "type": "Feature", "properties": { "Name": "" }, "geometry": { "type": "MultiLineString", "coordinates": [ [ [ 35.227639, 31.833786, 0.0 ], [ 35.227547, 31.833972, 0.0 ], [ 35.227432, 31.834374, 0.0 ], [ 35.227397, 31.834573, 0.0 ], [ 35.22737, 31.834801, 0.0 ], [ 35.227381, 31.83515, 0.0 ], [ 35.227473, 31.835522, 0.0 ], [ 35.227575, 31.835716, 0.0 ], [ 35.227633, 31.835841, 0.0 ], [ 35.227638, 31.835896, 0.0 ] ] ] } },
{ "type": "Feature", "properties": { "Name": "" }, "geometry": { "type": "MultiLineString", "coordinates": [ [ [ 35.228067, 31.836295, 0.0 ], [ 35.228546, 31.836595, 0.0 ], [ 35.228772, 31.83678, 0.0 ], [ 35.229209, 31.837072, 0.0 ], [ 35.229366, 31.837226, 0.0 ] ] ] } },
{ "type": "Feature", "properties": { "Name": "" }, "geometry": { "type": "MultiLineString", "coordinates": [ [ [ 35.229472, 31.837381, 0.0 ], [ 35.229513, 31.837489, 0.0 ], [ 35.229527, 31.8376, 0.0 ] ] ] } },
{ "type": "Feature", "properties": { "Name": "" }, "geometry": { "type": "MultiLineString", "coordinates": [ [ [ 35.229599, 31.838025, 0.0 ], [ 35.229656, 31.838429, 0.0 ], [ 35.229693, 31.838846, 0.0 ], [ 35.229721, 31.839172, 0.0 ], [ 35.22974, 31.839391, 0.0 ], [ 35.229779, 31.839656, 0.0 ], [ 35.229813, 31.839934, 0.0 ], [ 35.229841, 31.84016, 0.0 ], [ 35.229893, 31.840515, 0.0 ] ] ] } },
{ "type": "Feature", "properties": { "Name": "" }, "geometry": { "type": "MultiLineString", "coordinates": [ [ [ 35.229909, 31.841047, 0.0 ], [ 35.229912, 31.841377, 0.0 ], [ 35.229898, 31.841775, 0.0 ], [ 35.229894, 31.841905, 0.0 ], [ 35.229861, 31.842164, 0.0 ], [ 35.229837, 31.842301, 0.0 ], [ 35.229804, 31.842576, 0.0 ], [ 35.229762, 31.842798, 0.0 ], [ 35.229713, 31.843011, 0.0 ], [ 35.229673, 31.843114, 0.0 ], [ 35.229613, 31.843337, 0.0 ], [ 35.229537, 31.843575, 0.0 ], [ 35.229493, 31.84372, 0.0 ] ] ] } },
{ "type": "Feature", "properties": { "Name": "" }, "geometry": { "type": "MultiLineString", "coordinates": [ [ [ 35.225007, 31.767157, 0.0 ], [ 35.225024, 31.767074, 0.0 ], [ 35.225088, 31.766992, 0.0 ], [ 35.225093, 31.766965, 0.0 ], [ 35.225088, 31.766896, 0.0 ], [ 35.225083, 31.766702, 0.0 ], [ 35.22509, 31.766556, 0.0 ], [ 35.225068, 31.766385, 0.0 ], [ 35.225029, 31.766235, 0.0 ], [ 35.224976, 31.76603, 0.0 ], [ 35.224929, 31.765969, 0.0 ], [ 35.224907, 31.765856, 0.0 ], [ 35.224801, 31.765546, 0.0 ], [ 35.224767, 31.765416, 0.0 ], [ 35.224759, 31.765232, 0.0 ], [ 35.224744, 31.765158, 0.0 ], [ 35.224718, 31.765123, 0.0 ], [ 35.224624, 31.765102, 0.0 ], [ 35.224516, 31.765081, 0.0 ] ] ] } },
{ "type": "Feature", "properties": { "Name": "" }, "geometry": { "type": "MultiLineString", "coordinates": [ [ [ 35.203265, 31.774767, 0.0 ], [ 35.203334, 31.774719, 0.0 ], [ 35.203433, 31.774674, 0.0 ], [ 35.203529, 31.774659, 0.0 ], [ 35.20361, 31.774661, 0.0 ], [ 35.203713, 31.774684, 0.0 ], [ 35.20381, 31.774719, 0.0 ], [ 35.203882, 31.774786, 0.0 ], [ 35.203898, 31.774816, 0.0 ], [ 35.20389, 31.774894, 0.0 ], [ 35.203888, 31.774908, 0.0 ] ] ] } },
{ "type": "Feature", "properties": { "Name": "" }, "geometry": { "type": "MultiLineString", "coordinates": [ [ [ 35.202977, 31.775245, 0.0 ], [ 35.203037, 31.775209, 0.0 ], [ 35.203073, 31.775145, 0.0 ], [ 35.203123, 31.775042, 0.0 ], [ 35.203189, 31.774899, 0.0 ], [ 35.203225, 31.774815, 0.0 ], [ 35.203262, 31.774769, 0.0 ], [ 35.203265, 31.774767, 0.0 ] ] ] } },
{ "type": "Feature", "properties": { "Name": "" }, "geometry": { "type": "MultiLineString", "coordinates": [ [ [ 35.203888, 31.774908, 0.0 ], [ 35.203879, 31.774964, 0.0 ], [ 35.203894, 31.774975, 0.0 ] ] ] } },
{ "type": "Feature", "properties": { "Name": "" }, "geometry": { "type": "MultiLineString", "coordinates": [ [ [ 35.199993, 31.789022, 0.0 ], [ 35.200035, 31.789102, 0.0 ], [ 35.200076, 31.789122, 0.0 ], [ 35.200154, 31.789155, 0.0 ], [ 35.200232, 31.789177, 0.0 ], [ 35.200366, 31.789204, 0.0 ], [ 35.200502, 31.789204, 0.0 ], [ 35.200673, 31.789184, 0.0 ], [ 35.200763, 31.789165, 0.0 ], [ 35.200961, 31.789099, 0.0 ], [ 35.200972, 31.789095, 0.0 ] ] ] } },
{ "type": "Feature", "properties": { "Name": "" }, "geometry": { "type": "MultiLineString", "coordinates": [ [ [ 35.204488, 31.787654, 0.0 ], [ 35.204449, 31.787604, 0.0 ] ] ] } },
{ "type": "Feature", "properties": { "Name": "" }, "geometry": { "type": "MultiLineString", "coordinates": [ [ [ 35.20442, 31.761466, 0.0 ], [ 35.204425, 31.761399, 0.0 ], [ 35.204451, 31.761358, 0.0 ], [ 35.204522, 31.761292, 0.0 ], [ 35.204594, 31.761227, 0.0 ], [ 35.204732, 31.761104, 0.0 ] ] ] } },
{ "type": "Feature", "properties": { "Name": "" }, "geometry": { "type": "MultiLineString", "coordinates": [ [ [ 35.20401, 31.762942, 0.0 ], [ 35.203978, 31.762852, 0.0 ], [ 35.203949, 31.762745, 0.0 ] ] ] } },
{ "type": "Feature", "properties": { "Name": "" }, "geometry": { "type": "MultiLineString", "coordinates": [ [ [ 35.231437, 31.746781, 0.0 ], [ 35.231414, 31.746884, 0.0 ], [ 35.231401, 31.74724, 0.0 ], [ 35.231445, 31.747297, 0.0 ], [ 35.231467, 31.747471, 0.0 ], [ 35.231512, 31.747608, 0.0 ], [ 35.231501, 31.747654, 0.0 ], [ 35.231542, 31.747843, 0.0 ], [ 35.231587, 31.747884, 0.0 ], [ 35.231614, 31.74801, 0.0 ], [ 35.231591, 31.748049, 0.0 ], [ 35.231643, 31.748318, 0.0 ], [ 35.231629, 31.748581, 0.0 ], [ 35.231559, 31.748796, 0.0 ], [ 35.231505, 31.748894, 0.0 ], [ 35.231498, 31.74896, 0.0 ], [ 35.231425, 31.749056, 0.0 ], [ 35.231356, 31.749088, 0.0 ], [ 35.231032, 31.749442, 0.0 ], [ 35.230932, 31.749625, 0.0 ], [ 35.230881, 31.749836, 0.0 ], [ 35.230865, 31.75001, 0.0 ], [ 35.230878, 31.750192, 0.0 ], [ 35.230965, 31.750451, 0.0 ], [ 35.231101, 31.750726, 0.0 ], [ 35.231197, 31.75098, 0.0 ], [ 35.231228, 31.751174, 0.0 ], [ 35.231265, 31.751223, 0.0 ], [ 35.231267, 31.751339, 0.0 ], [ 35.231244, 31.751398, 0.0 ], [ 35.231259, 31.751513, 0.0 ] ] ] } },
{ "type": "Feature", "properties": { "Name": "" }, "geometry": { "type": "MultiLineString", "coordinates": [ [ [ 35.23273, 31.74617, 0.0 ], [ 35.232586, 31.746107, 0.0 ], [ 35.232437, 31.746063, 0.0 ], [ 35.232213, 31.746062, 0.0 ], [ 35.232058, 31.746092, 0.0 ], [ 35.231908, 31.746158, 0.0 ], [ 35.231682, 31.746336, 0.0 ] ] ] } },
{ "type": "Feature", "properties": { "Name": "" }, "geometry": { "type": "MultiLineString", "coordinates": [ [ [ 35.233115, 31.750153, 0.0 ], [ 35.23295, 31.750054, 0.0 ], [ 35.232776, 31.749908, 0.0 ], [ 35.232633, 31.749718, 0.0 ], [ 35.232551, 31.749474, 0.0 ], [ 35.232665, 31.749437, 0.0 ], [ 35.232714, 31.749387, 0.0 ], [ 35.23271, 31.749258, 0.0 ], [ 35.23269, 31.749137, 0.0 ], [ 35.232735, 31.749016, 0.0 ], [ 35.232838, 31.748781, 0.0 ], [ 35.23288, 31.748748, 0.0 ], [ 35.232937, 31.748643, 0.0 ], [ 35.23292, 31.748599, 0.0 ], [ 35.232979, 31.748478, 0.0 ], [ 35.23304, 31.748323, 0.0 ], [ 35.233069, 31.748157, 0.0 ], [ 35.233075, 31.747803, 0.0 ], [ 35.233079, 31.747344, 0.0 ], [ 35.233081, 31.746991, 0.0 ], [ 35.233107, 31.746934, 0.0 ], [ 35.233108, 31.746593, 0.0 ], [ 35.233076, 31.746434, 0.0 ], [ 35.233025, 31.746304, 0.0 ], [ 35.23303, 31.746193, 0.0 ], [ 35.232897, 31.74606, 0.0 ], [ 35.232828, 31.746061, 0.0 ], [ 35.232776, 31.746089, 0.0 ] ] ] } },
{ "type": "Feature", "properties": { "Name": "" }, "geometry": { "type": "MultiLineString", "coordinates": [ [ [ 35.23418, 31.750151, 0.0 ], [ 35.233994, 31.750224, 0.0 ], [ 35.233807, 31.750257, 0.0 ] ] ] } },
{ "type": "Feature", "properties": { "Name": "" }, "geometry": { "type": "MultiLineString", "coordinates": [ [ [ 35.189102, 31.769256, 0.0 ], [ 35.189055, 31.769253, 0.0 ], [ 35.188969, 31.7694, 0.0 ], [ 35.188778, 31.769533, 0.0 ], [ 35.188497, 31.769715, 0.0 ], [ 35.188303, 31.769896, 0.0 ], [ 35.188148, 31.769954, 0.0 ], [ 35.187964, 31.769871, 0.0 ], [ 35.187808, 31.769805, 0.0 ], [ 35.187779, 31.769698, 0.0 ], [ 35.188225, 31.768718, 0.0 ], [ 35.188322, 31.768528, 0.0 ], [ 35.188332, 31.768437, 0.0 ], [ 35.188255, 31.768383, 0.0 ] ] ] } },
{ "type": "Feature", "properties": { "Name": "" }, "geometry": { "type": "MultiLineString", "coordinates": [ [ [ 35.210972, 31.774318, 0.0 ], [ 35.210561, 31.774311, 0.0 ], [ 35.21054, 31.774308, 0.0 ] ] ] } }
]
}
