name,name:he,highway,lanes
יצחק רבין,יצחק רבין,secondary,3
בן צבי,בן צבי,secondary,2
יצחק קריב,יצחק קריב,tertiary,
חטיבת ירושלים,חטיבת ירושלים,trunk,
ישעיהו,ישעיהו,tertiary,2
דוד ילין,דוד ילין,tertiary,
גולדה מאיר,גולדה מאיר,primary,3
הרב הרצוג,הרב הרצוג,tertiary,2
ארלוזורוב,ארלוזורוב,tertiary,
אוסישקין,אוסישקין,tertiary,
דובנוב,דובנוב,tertiary,2
אבן עזרא,אבן עזרא,tertiary,
סיירת דוכיפת,סיירת דוכיפת,secondary,2
יגאל ידין,יגאל ידין,trunk,2
"כ""ט בנובמבר","כ""ט בנובמבר",tertiary,1
הנשיא,הנשיא,tertiary,
"שדרות ש""י עגנון","שדרות ש""י עגנון",tertiary,1
יוסי בן יועזר,יוסי בן יועזר,tertiary,
אליעזר הגדול,אליעזר הגדול,tertiary,
קצנלבוגן,קצנלבוגן הרב רפאל,tertiary,
רבקה,רבקה,tertiary,2
התנופה,התנופה,tertiary,2
נעמי,נעמי,tertiary,2
שאולזון,שאולזון הרב,tertiary,
הרב דוד רוזנטל,הרב דוד רוזנטל,tertiary,1
חי טייב,"חי טייב, הרב יצחק",tertiary,
ז'בוטינסקי,ז'בוטינסקי,tertiary,
המפקד,המפקד,tertiary,
פינס,פינס,tertiary,
פתח תקוה,פתח תקוה,tertiary,
אוהל יהושע,אוהל יהושע,tertiary,
עלי הכהן,עלי הכהן,tertiary,
עזרת תורה,עזרת תורה,tertiary,
הרב גרוסברג,גרוסברג,tertiary,
בני בתירא,בני בתירא,tertiary,1
מעלה השלום,מעלה השלום,tertiary,
מעלות עיר דוד,מעלות עיר דוד,tertiary,
נעמי קיס,נעמי קיס,tertiary,
Lerr Bridge,,secondary,2
יעקב מאיר,יעקב מאיר,tertiary,
פייר קניג,פייר קניג,tertiary,2
"בית""ר",ביתר,tertiary,
קלוזנר,קלוזנר,tertiary,
לייב יפה,לייב יפה,tertiary,
קורא הדורות,קורא הדורות,tertiary,
מנחם בגין,מנחם בגין,motorway,3
מנחם בגין,מנחם בגין,motorway,3
מנחם בגין,מנחם בגין,motorway,3
מנחם בגין,מנחם בגין,motorway,3
מנחם בגין,מנחם בגין,motorway,2
שדרות ויצמן,שדרות ויצמן,primary,4
בית חנינא,בית חנינא,tertiary,
הרב דוד רוזנטל,הרב דוד רוזנטל,tertiary,1
קרל נטר,קרל נטר,tertiary,
מעבר המיתלה,המיתלה,tertiary,
פארן,פארן,tertiary,
קרית משה,קרית משה,tertiary,2
מבצע קדש,מבצע קדש,tertiary,
כיכר אורד וינגייט,כיכר אורד וינגייט,tertiary,
תחכמוני,תחכמוני,tertiary,
מלאכי,מלאכי,tertiary,
ארץ חפץ,ארץ חפץ,tertiary,
"מח""ל","מח""ל",tertiary,
עין כרם,עין כרם,primary,2
חברון,חברון,trunk,2
מאיר פינשטיין,מאיר פינשטיין,tertiary,
שכם,שכם,tertiary,
מנחם בגין,מנחם בגין,motorway,3
אלמדינה אלמנוורה,אלמדינה אלמנוורה,tertiary,
בוקסבוים מרדכי,בוקסבוים,tertiary,
אגרות משה,אגרות משה,tertiary,
"האדמו""ר מלובביץ","האדמו""ר מלובביץ",tertiary,
שכם,שכם,tertiary,
יריחו,יריחו,secondary,2
אל מקדש,אל מקדש,secondary,2
ח'אלד בן אל-וליד,ח'אלד בן אל-וליד,tertiary,
העופל,דרך העופל,tertiary,2
מוסא סייק,מוסא סייק,tertiary,
יצחק הנדיב,יצחק הנדיב,secondary,2
"האר""י","האר""י",tertiary,
מנחם בגין,מנחם בגין,motorway,3
מנחם בגין,מנחם בגין,motorway,3
מנחם בגין,מנחם בגין,motorway,3
גולדה מאיר,גולדה מאיר,primary,5
גולדה מאיר,גולדה מאיר,primary,5
אורוגואי,אורוגואי,tertiary,
צ'ילה,צ'ילה,tertiary,2
החלמית,החלמית,tertiary,
פנמה,פנמה,tertiary,
הרפובליקה הדומיניקנית,הרפובליקה הדומיניקנית,tertiary,2
האביבית,האביבית,tertiary,1
הנורית,הנורית,tertiary,1
אריה דולצ'ין,אריה דולצ'ין,tertiary,
מיכאל אבי יונה,מיכאל אבי יונה,tertiary,
ורבורג,ורבורג,tertiary,
עמוס,עמוס,tertiary,
יואל,יואל,tertiary,
יואל,יואל,tertiary,
זית רענן,זית רענן,tertiary,2
ברנדייס,ברנדייס,tertiary,1
זאב לב,זאב לב,tertiary,1
א.ש. הרטום,א.ש. הרטום,tertiary,
משאריף,משאריף,tertiary,
אל-כות'ר,אל-כות'ר,tertiary,
יגאל אלון,יגאל אלון,tertiary,2
Alshaikh Sa'd,שייח סעד אל,tertiary,
Ras Albostan,,tertiary,
شارع رئيسي,,tertiary,
מנחם בגין,מנחם בגין,motorway,2
מנחם בגין,מנחם בגין,motorway,3
סולם יעקב,סולם יעקב,tertiary,
יהודה בורלא,יהודה בורלא,tertiary,2
רופין,רופין,tertiary,2
יואל זוסמן,יואל זוסמן,tertiary,
אביזוהר,אביזוהר,tertiary,
רוזנטל הרב דוד,רוזנטל הרב דוד,tertiary,2
"אגודת ספורט בית""ר","אגודת ספורט בית""ר",secondary,3
יוסי בן יועזר,יוסי בן יועזר,tertiary,
המרגלית,המרגלית,tertiary,2
בית חנינא,בית חנינא,tertiary,
טאהה חוסיין,טאהה חוסיין,tertiary,
חליל ג'ורבאן,חליל ג'ורבאן,tertiary,
الإمام البخاري,אימאם אלבוח'ארי,tertiary,
דרך ביר נבאלה,דרך ביר נבאלה,tertiary,
חיים ברלב,חיים ברלב,trunk,3
לוחמי הגטאות,לוחמי הגטאות,tertiary,
קסילה,קסילה,tertiary,
א-נהדה,א-נהדה,tertiary,2
א-תווחיד,א-תווחיד,tertiary,2
מדרסה אל ג'דידה,אל מדרסה אל ג'דידה,tertiary,
מעמל אל-ת'לג',מעמל אל-ת'לג',tertiary,2
משה ברעם,משה ברעם,secondary,2
טאבאליה,טאבאליה,tertiary,2
אל חרדוב,אל חרדוב,tertiary,
ראבעה אל-עדוויה,ראבעה אל-עדוויה,tertiary,2
الشياح,א שיח',tertiary,
بيت فاجي,בית פגי,tertiary,
אל-מכפה,אל-מכפה,tertiary,2
בדאיה,בדאיה,tertiary,
דניאל ינובסקי,דניאל ינובסקי,tertiary,
וואדי הילווה,וואדי הילווה,tertiary,
האלוף עוזי נרקיס,האלוף עוזי נרקיס,trunk,
שדרות שמואל מאיר,שדרות שמואל מאיר,tertiary,2
הרב יצחק ניסים,הרב יצחק ניסים,tertiary,
יצחק רבין,יצחק רבין,secondary,4
אל-מראבטין,אל-מראבטין,tertiary,2
יצחק רבין,יצחק רבין,secondary,2
שמעון בן חמו,שמעון בן חמו,tertiary,
אברהם מאפו,אברהם מאפו,tertiary,2
דהומיי,דהומיי,tertiary,
פינס,פינס,tertiary,2
"רש""י","רש""י",tertiary,
מאה שערים,מאה שערים,tertiary,
"רמב""ן","רמב""ן",tertiary,
"האר""י","האר""י",tertiary,2
כובשי קטמון,כובשי קטמון,tertiary,
"הל""ה","הל""ה",tertiary,
יעקב פיכמן,יעקב פיכמן,tertiary,2
אריה דולצ'ין,אריה דולצ'ין,tertiary,2
בוסתנאי,בוסתנאי,tertiary,
כובשי קטמון,כובשי קטמון,tertiary,
הקרן הקיימת לישראל,הקרן הקיימת לישראל,tertiary,2
אוסישקין,אוסישקין,tertiary,
רחל אמנו,רחל אמנו,tertiary,2
דוד ילין,דוד ילין,tertiary,
תחכמוני,תחכמוני,tertiary,
מיכאל אבי יונה,מיכאל אבי יונה,tertiary,
אליהו מרידור,מרידור,tertiary,
יוספטל,יוספטל,tertiary,
משה רחמילביץ',משה רחמילביץ',tertiary,
משה רחמילביץ',משה רחמילביץ',tertiary,
שועפט,שועפט,tertiary,2
שכם,שכם,tertiary,
רב החובל,רב החובל,tertiary,
קלמן יעקב מן,קלמן יעקב מן,primary,2
דוד בן-גוריון,דוד בן-גוריון,primary,3
דוד בן-גוריון,דוד בן-גוריון,primary,2
ים המלח,ים המלח,tertiary,
הנביאים,הנביאים,tertiary,2
חיל ההנדסה,חיל ההנדסה,trunk,2
בנימין מזר,בנימין מזר,tertiary,
ים סוף,ים סוף,tertiary,
בלפור,בלפור,tertiary,
"האצ""ל","האצ""ל",tertiary,1
פנים מאירות,פנים מאירות,tertiary,
הרב סורוצקין,הרב סורוצקין,tertiary,2
דרך מנהרת הר הצופים,דרך מנהרת הר הצופים,secondary,
מנהרת נעמי שמר / מנהרת הר הצופים,מנהרת נעמי שמר / מנהרת הר הצופים,secondary,
דרך מנהרת הר הצופים,דרך מנהרת הר הצופים,secondary,
לייב יפה,לייב יפה,secondary,
הנרד,הנרד,tertiary,
גרשון שקד,גרשון שקד,tertiary,2
עזה,עזה,tertiary,2
עין כרם,עין כרם,primary,
עין כרם,עין כרם,primary,
הזיכרון,הזיכרון,primary,2
הרצל,הרצל,tertiary,2
רוטשילד,רוטשילד,tertiary,
רוטשילד,רוטשילד,tertiary,
רוטשילד,רוטשילד,tertiary,
יריחו,יריחו,secondary,
שמואל בן-עדיה,שמואל בן-עדיה,tertiary,
בנימין מזר,בנימין מזר,tertiary,
בנימין מזר,בנימין מזר,tertiary,
חיים ברלב,חיים ברלב,trunk,2
קרית מדע,קרית מדע,tertiary,
גבעת שאול,גבעת שאול,tertiary,
הקצין יחיאל לנגר,הקצין יחיאל לנגר,tertiary,
זאב לב,זאב לב,tertiary,2
יוסף בן מתתיהו,מתתיהו,tertiary,
דוד ילין,דוד ילין,tertiary,
"רש""י","רש""י",tertiary,
ים סוף,ים סוף,tertiary,
כיכר נדב,כיכר נדב,tertiary,
כיכר עומר,כיכר עומר,tertiary,
עזרא,עזרא,tertiary,
עמוס,עמוס,tertiary,
עמוס,עמוס,tertiary,
בצלאל אשכנזי,בצלאל אשכנזי,tertiary,
דוד פרידמן,דוד פרידמן,tertiary,
כיכר רמז,כיכר רמז,tertiary,1
אסטורה,אסטורה,tertiary,
הרב וינוגרד,וינוגרד,tertiary,
חיל ההנדסה,חיל ההנדסה,tertiary,1
האלוף עוזי נרקיס,האלוף עוזי נרקיס,trunk,
האלוף עוזי נרקיס,האלוף עוזי נרקיס,trunk,
האלוף עוזי נרקיס,האלוף עוזי נרקיס,trunk,
האלוף עוזי נרקיס,האלוף עוזי נרקיס,trunk,
ראמאללה,ראמאללה,trunk,
חיל ההנדסה,חיל ההנדסה,trunk,2
הצנחנים,הצנחנים,trunk,1
שמעון הצדיק,שמעון הצדיק,tertiary,1
שדרות האוניברסיטה העברית,האוניברסיטה העברית,secondary,2
לוי אשכול,לוי אשכול,secondary,2
הסנונית,הסנונית,tertiary,
המרגלית,המרגלית,tertiary,2
המרגלית,המרגלית,tertiary,1
המרגלית,המרגלית,tertiary,
לשם,לשם,tertiary,2
המרגלית,המרגלית,tertiary,
אונטרמן,אונטרמן,tertiary,
השיש,השיש,tertiary,
אונטרמן,אונטרמן,tertiary,
אחלמה,אחלמה,tertiary,
אחלמה,אחלמה,tertiary,
אחלמה,אחלמה,tertiary,
יעקב פת,יעקב פת,secondary,2
דוד בנבנישתי,דוד בנבנישתי,secondary,3
שבתאי הנגבי,שבתאי הנגבי,tertiary,
סולטן סולימאן,סולטן סולימאן,tertiary,1
דרך בית לחם הישנה,דרך בית לחם הישנה,tertiary,
גולדה מאיר,גולדה מאיר,primary,2
גולדה מאיר,גולדה מאיר,primary,3
דרך יריחו,דרך יריחו,secondary,
הנשיא השישי,הנשיא השישי,tertiary,2
מפעלות,מפעלות,tertiary,
עטרות,עטרות,tertiary,2
ראמאללה,ראמאללה,trunk,1
מרתין לותר קינג,מרתין לותר קינג,tertiary,
יצחק רבין,יצחק רבין,secondary,3
יצחק רבין,יצחק רבין,secondary,3
יצחק רבין,יצחק רבין,secondary,5
יצחק קריב,יצחק קריב,tertiary,
מאיר ומיכאל סגן כהן,מאיר ומיכאל סגן כהן,tertiary,
שופן,שופן,tertiary,1
א-נבי יונס,א-נבי יונס,tertiary,2
עמיחי פאגלין,עמיחי פאגלין,secondary,2
יפו,יפו,tertiary,1
מאיר גרשון,מאיר גרשון,tertiary,
מאיר גרשון,מאיר גרשון,tertiary,
מאיר גרשון,מאיר גרשון,tertiary,
אלוף יקותיאל אדם,אלוף יקותיאל אדם,tertiary,
משה דיין,משה דיין,tertiary,
שדרות משה דיין,שדרות משה דיין,tertiary,
רבינוביץ',אהרן רבינוביץ',tertiary,
מוזס,מוזס זגפריד,tertiary,
בטן אל הווא,בטן אל הווא,tertiary,
קהילת יעקב,קהילת יעקב,tertiary,
מאיר חדש,מאיר חדש,tertiary,
הרב ז'ולטי,הרב בצלאל ז'ולטי,tertiary,
חזון איש,חזון איש,tertiary,
שועפט,שועפט,tertiary,
אריה ורשבסקי,אריה ורשבסקי,tertiary,
חיים מרינוב,חיים מרינוב,tertiary,
אליהו קורן,אליהו קורן,tertiary,
הבבא סאלי,הבבא סאלי,tertiary,
משה ברעם,משה ברעם,secondary,2
דוד רזיאל,דוד רזיאל,tertiary,
דוד רזיאל,דוד רזיאל,tertiary,
דוד רזיאל,דוד רזיאל,tertiary,
מאיר פינשטיין,מאיר פינשטיין,tertiary,1
מאיר פינשטיין,מאיר פינשטיין,tertiary,1
דוד רזיאל,דוד רזיאל,tertiary,2
"על""ר","על""ר",tertiary,
"על""ר","על""ר",tertiary,
"על""ר","על""ר",tertiary,
מסעדה,מסעדה,tertiary,2
אל-משאהד,אל-משאהד,tertiary,2
אבו ד'ר אל-ע'פארי,אבו ד'ר אל-ע'פארי,tertiary,2
אל-סביל,אל-סביל,tertiary,2
"על""ר","על""ר",tertiary,
"על""ר","על""ר",tertiary,
שאולזון הרב,שאולזון הרב,tertiary,2
רוזנטל הרב דוד,רוזנטל הרב דוד,tertiary,
אבא הלל סילבר,אבא הלל סילבר,tertiary,2
צבי לצדיק,צבי לצדיק,tertiary,
הרב עוזיאל,הרב עוזיאל,tertiary,1
משה זילברג,משה זילברג,tertiary,
תורה ועבודה,תורה ועבודה,tertiary,
חברון,חברון,trunk,1
"הפלמ""ח","הפלמ""ח",tertiary,
טשרניחובסקי,טשרניחובסקי,tertiary,2
"הפלמ""ח","הפלמ""ח",tertiary,2
כובשי קטמון,כובשי קטמון,tertiary,1
דוד רמז,דוד רמז,tertiary,1
אגרון,אגרון,tertiary,2
מסריק,מסריק,tertiary,
רבן יוחנן בן זכאי,רבן יוחנן בן זכאי,tertiary,2
אלעזר המודעי,אלעזר המודעי,tertiary,2
חזקיהו המלך,חזקיהו המלך,tertiary,2
מנחם בגין,מנחם בגין,motorway,3
מעלה השלום,מעלה השלום,tertiary,
אליהו לנקין,אליהו לנקין,tertiary,
אבו תור,אבו תור,tertiary,
צור באהר,צור באהר,tertiary,
הנשיא השישי,הנשיא השישי,tertiary,3
דרך כרמית,דרך כרמית,tertiary,1
זלמן שניאור,זלמן שניאור,tertiary,
נמל התעופה,נמל התעופה,tertiary,2
שדרות ויצמן,שדרות ויצמן,primary,3
אגרון,אגרון,tertiary,4
דוד המלך,דוד המלך,tertiary,2
קרן היסוד,קרן היסוד,tertiary,1
קרן היסוד,קרן היסוד,tertiary,2
שדרות שמואל מאיר,שדרות שמואל מאיר,secondary,2
הרב אריה בינה,הרב אריה בינה,tertiary,
א-טאחונה,א-טאחונה,tertiary,1
א-תווחיד,א-תווחיד,tertiary,2
ההגנה,ההגנה,tertiary,
בנימין מזר,בנימין מזר,tertiary,
שכם,שכם,tertiary,
צאלח א-דין,צאלח א-דין,tertiary,
شارع عمر بن العاص,,tertiary,2
שכם,שכם,tertiary,
מעלות עיר דוד,מעלות עיר דוד,tertiary,
ואדי חילווה,ואדי חילווה,tertiary,
כביש המנהרות,כביש המנהרות,trunk,
סולימאן אל פארסי,סולימאן אל פארסי,tertiary,
יוסף בן מתתיהו,מתתיהו,tertiary,
ז'בוטינסקי,ז'בוטינסקי,tertiary,2
יצחק אלחנן,יצחק אלחנן,tertiary,
דוד המלך,דוד המלך,tertiary,2
דוד מרכוס,דוד מרכוס,tertiary,
יפו,יפו,trunk,2
"רמב""ן","רמב""ן",tertiary,
חיים הזז,חיים הזז,secondary,2
חיים הזז,חיים הזז,secondary,
הרב הרצוג,הרב הרצוג,tertiary,2
טשרניחובסקי,טשרניחובסקי,tertiary,
הרב הרצוג,הרב הרצוג,tertiary,2
"שדרות ש""י עגנון","שדרות ש""י עגנון",tertiary,1
הנביאים,הנביאים,tertiary,2
מנחם בגין,מנחם בגין,motorway,3
גולדה מאיר,גולדה מאיר,primary,2
מנחם בגין,מנחם בגין,motorway,3
דב יוסף,דב יוסף,secondary,2
יצחק רבין,יצחק רבין,secondary,2
יצחק רבין,יצחק רבין,secondary,2
יצחק רבין,יצחק רבין,secondary,3
יצחק רבין,יצחק רבין,secondary,2
בצלאל,בצלאל,secondary,2
יצחק רבין,יצחק רבין,secondary,2
דוד מרכוס,דוד מרכוס,tertiary,1
זלמן שניאור,זלמן שניאור,tertiary,2
יהודה בורלא,יהודה בורלא,tertiary,
יהודה בורלא,יהודה בורלא,tertiary,2
יהודה בורלא,יהודה בורלא,tertiary,
בית הדפוס,בית הדפוס,tertiary,
גבעת שאול,גבעת שאול,tertiary,
חברון,חברון,trunk,2
שדרות ויצמן,שדרות ויצמן,primary,3
"הפלמ""ח","הפלמ""ח",tertiary,2
חזקיהו המלך,חזקיהו המלך,tertiary,
הרכבת,הרכבת,tertiary,1
הרכבת,הרכבת,tertiary,1
עמק רפאים,עמק רפאים,tertiary,1
יוחנן בן זכאי,רבן יוחנן בן זכאי,tertiary,
יוחנן בן זכאי,רבן יוחנן בן זכאי,tertiary,
רופין,רופין,tertiary,
יצחק רבין,יצחק רבין,secondary,3
ככר יהודה בראשי,ככר יהודה בראשי,tertiary,
דניאל ינובסקי,דניאל ינובסקי,tertiary,
דניאל ינובסקי,דניאל ינובסקי,tertiary,
חברון,חברון,trunk,2
דרך חברון,דרך חברון,trunk,3
הרצל,הרצל,primary,3
גולדה מאיר,גולדה מאיר,primary,3
גולדה מאיר,גולדה מאיר,primary,4
דרוק הרב,דרוק הרב,tertiary,
יהודה הנשיא,יהודה הנשיא,tertiary,2
"שדרות ש""י עגנון","שדרות ש""י עגנון",tertiary,1
יוחנן בן זכאי,רבן יוחנן בן זכאי,tertiary,1
יוחנן בן זכאי,רבן יוחנן בן זכאי,tertiary,
יוחנן בן זכאי,רבן יוחנן בן זכאי,tertiary,1
יוחנן בן זכאי,רבן יוחנן בן זכאי,tertiary,
רבן יוחנן בן זכאי,רבן יוחנן בן זכאי,tertiary,
גולומב,גולומב,secondary,2
מיכאל אבי יונה,מיכאל אבי יונה,tertiary,
דוד בנבנישתי,דוד בנבנישתי,secondary,3
דוד בנבנישתי,דוד בנבנישתי,secondary,3
דוד בנבנישתי,דוד בנבנישתי,secondary,3
משה ברעם,משה ברעם,secondary,2
משה ברעם,משה ברעם,secondary,3
משה ברעם,משה ברעם,secondary,2
משה ברעם,משה ברעם,secondary,2
יוסי בן יועזר,יוסי בן יועזר,tertiary,
משה ברעם,משה ברעם,secondary,2
יוסי בן יועזר,יוסי בן יועזר,tertiary,
משה ברעם,משה ברעם,secondary,2
יוסי בן יועזר,יוסי בן יועזר,tertiary,
יוחנן בן זכאי,רבן יוחנן בן זכאי,tertiary,
יוחנן בן זכאי,רבן יוחנן בן זכאי,tertiary,
יעקב פת,יעקב פת,secondary,2
יעקב פת,יעקב פת,secondary,2
יעקב פת,יעקב פת,secondary,2
יעקב פת,יעקב פת,secondary,2
יהודה הנשיא,יהודה הנשיא,tertiary,2
דרך מעלה אדומים,דרך מעלה אדומים,trunk,2
משה ברעם,משה ברעם,secondary,2
אגרון,אגרון,tertiary,2
אגודת ספורט הפועל,אגודת ספורט הפועל,tertiary,2
אגודת ספורט מכבי,אגודת ספורט מכבי,tertiary,2
יצחק מודעי,יצחק מודעי,tertiary,1
יצחק מודעי,יצחק מודעי,tertiary,2
דרך גן החיות,דרך גן החיות,secondary,2
חיים קוליץ,חיים קוליץ,secondary,2
חנוך אלבק,חנוך אלבק,tertiary,2
חנוך אלבק,חנוך אלבק,tertiary,1
חנוך אלבק,חנוך אלבק,tertiary,
חנוך אלבק,חנוך אלבק,tertiary,
חנוך אלבק,אלבק,tertiary,1
"בית""ר","בית""ר",tertiary,
"בית""ר","בית""ר",tertiary,
האוניברסיטה העברית,האוניברסיטה העברית,secondary,1
האוניברסיטה העברית,האוניברסיטה העברית,secondary,1
לוי אשכול,לוי אשכול,secondary,2
האוניברסיטה העברית,האוניברסיטה העברית,secondary,2
שדרות גולדה מאיר,שדרות גולדה מאיר,primary,2
גולדה מאיר,גולדה מאיר,primary,3
הפסגה,הפיסגה,tertiary,
הפיסגה,הפיסגה,tertiary,1
הרצל,הרצל,primary,2
החלוץ,החלוץ,tertiary,
החלוץ,החלוץ,tertiary,1
פרבשטיין,פרבשטיין,primary,3
שדרות וולפסון,שדרות וולפסון,tertiary,2
שדרות וולפסון,שדרות וולפסון,tertiary,1
הצנחנים,הצנחנים,tertiary,2
הצנחנים,הצנחנים,tertiary,2
חיל ההנדסה,חיל ההנדסה,tertiary,1
הצנחנים,הצנחנים,trunk,2
הצנחנים,הצנחנים,trunk,1
חיים ברלב,חיים ברלב,trunk,2
הנביאים,הנביאים,tertiary,2
הנביאים,הנביאים,tertiary,1
פייר ואן פאסן,פייר ואן פאסן,tertiary,2
שלמה זלמן שרגאי,שלמה זלמן שרגאי,tertiary,2
ששת הימים,ששת הימים,tertiary,3
ששת הימים,ששת הימים,tertiary,3
שועפט,שועפט,tertiary,
שועפט,שועפט,tertiary,1
אלוף יקותיאל אדם,אלוף יקותיאל אדם,tertiary,
אלוף יקותיאל אדם,אלוף יקותיאל אדם,tertiary,
אלוף יקותיאל אדם,אלוף יקותיאל אדם,tertiary,
מאיר גרשון,מאיר גרשון,tertiary,
אלוף יקותיאל אדם,אלוף יקותיאל אדם,tertiary,
שדרות משה דיין,שדרות משה דיין,tertiary,
משה דיין,משה דיין,tertiary,
דרך מעלה אדומים,דרך מעלה אדומים,trunk,2
שועפט,שועפט,tertiary,2
שועפט,שועפט,tertiary,5
גולדה מאיר,גולדה מאיר,primary,3
רבקה,רבקה,tertiary,
התנופה,התנופה,tertiary,2
התעשיה,התעשיה,tertiary,1
פייר קניג,פייר קניג,tertiary,2
פייר קניג,פייר קניג,tertiary,
"אגודת ספורט בית""ר","אגודת ספורט בית""ר",secondary,2
"אגודת ספורט בית""ר","אגודת ספורט בית""ר",secondary,2
"אגודת ספורט בית""ר","אגודת ספורט בית""ר",secondary,2
רופין,רופין,tertiary,2
שדרות וולפסון,שדרות וולפסון,tertiary,2
עבד אלחמיד שומאן,עבד אלחמיד שומאן,secondary,2
בצלאל בזק,בצלאל בזק,tertiary,2
עולי הגרדום,עולי הגרדום,tertiary,
עולי הגרדום,עולי הגרדום,tertiary,
רב החובל,רב החובל,tertiary,
רב החובל,רב החובל,tertiary,2
דוד רזיאל,דוד רזיאל,tertiary,
דוד רזיאל,דוד רזיאל,tertiary,
האומן,האומן,tertiary,2
הסדנא,הסדנא,tertiary,2
הסדנא,הסדנא,tertiary,
האומן,האומן,tertiary,
האומן,האומן,tertiary,
האומן,האומן,tertiary,
האומן,האומן,tertiary,1
הפרסה,הפרסה,tertiary,
הפרסה,הפרסה,tertiary,
הפרסה,הפרסה,tertiary,2
דוד רזיאל,דוד רזיאל,tertiary,
דוד רזיאל,דוד רזיאל,tertiary,
חווה ארציאלי,חווה ארציאלי,tertiary,2
חווה ארציאלי,חווה ארציאלי,tertiary,2
אבו רביע,אבו רביע,tertiary,
אבו רביע,אבו רביע,tertiary,
דרך גן החיות,דרך גן החיות,secondary,2
מירסקי יצחק,מירסקי,tertiary,
משה שרת,משה שרת,tertiary,1
גולומב,גולומב,secondary,2
משה שרת,משה שרת,tertiary,1
זרח ורהפטיג,זרח ורהפטיג,tertiary,
אריה דולצ'ין,אריה דולצ'ין,tertiary,1
יהודה בורלא,יהודה בורלא,tertiary,1
יהודה בורלא,יהודה בורלא,tertiary,
יהודה בורלא,יהודה בורלא,tertiary,
שמואל וייז,שמואל וייז,tertiary,2
שמואל וייז,שמואל וייז,tertiary,
שמואל וייז,שמואל וייז,tertiary,2
המוזיאונים,המוזיאונים,tertiary,
בלפור,בלפור,tertiary,1
המוזיאונים,המוזיאונים,tertiary,2
בלפור,בלפור,tertiary,1
גרשון שקד,גרשון שקד,tertiary,
גרשון שקד,גרשון שקד,tertiary,
בלפור,בלפור,tertiary,1
קפלן,קפלן,tertiary,
רוטשילד,רוטשילד,tertiary,
ירמיהו,ירמיהו,tertiary,3
שדרות ויצמן,שדרות ויצמן,primary,4
עקיבא אזולאי,עקיבא אזולאי,tertiary,2
דוד המלך,דוד המלך,tertiary,2
דוד המלך,דוד המלך,tertiary,2
"האדמו""רים ליינער","האדמו""רים ליינער",tertiary,
"האדמו""רים ליינער","האדמו""רים ליינער",tertiary,
עלי הכהן,עלי הכהן,tertiary,
גבעת משה,גבעת משה,tertiary,2
גבעת משה,גבעת משה,tertiary,
יעקובזון,יעקובזון,tertiary,2
שמואל הנביא,שמואל הנביא,tertiary,1
אהרון קציר,אהרון קציר,tertiary,2
יצחק הנדיב,יצחק הנדיב,secondary,2
לוי אשכול,לוי אשכול,tertiary,
בצלאל בזק,בצלאל בזק,trunk,3
טשרניחובסקי,טשרניחובסקי,tertiary,
בני בתירא,בני בתירא,tertiary,1
شارع السلطان سليمان,סולטן סולימאן,tertiary,1
הרב שמואל ברוך,הרב שמואל ברוך,tertiary,1
בית הדפוס,בית הדפוס,tertiary,1
שמואל בן-עדיה,שמואל בן-עדיה,tertiary,
"המ""ג","המ""ג",tertiary,
פנים מאירות,פנים מאירות,tertiary,
"המ""ג","המ""ג",tertiary,
עמק רפאים,עמק רפאים,tertiary,1
רופין,רופין,tertiary,2
המוזיאונים,המוזיאונים,tertiary,2
שמואל וייז,שמואל וייז,tertiary,2
עין כרם,עין כרם,primary,1
ההגנה,ההגנה,tertiary,
ההגנה,ההגנה,tertiary,
לוחמי הגטאות,לוחמי הגטאות,tertiary,
לוחמי הגטאות,לוחמי הגטאות,tertiary,
ואדי אל-ג'וז,ואדי אל-ג'וז,secondary,
מנהרת נעמי שמר / מנהרת הר הצופים,מנהרת נעמי שמר / מנהרת הר הצופים,secondary,
דרך מנהרת הר הצופים,דרך מנהרת הר הצופים,secondary,
שדרות צ'רצ'יל,שדרות צ'רצ'יל,tertiary,
ששת הימים,ששת הימים,tertiary,1
ששת הימים,ששת הימים,tertiary,
ששת הימים,ששת הימים,tertiary,
קוסטה ריקה,קוסטה ריקה,tertiary,2
הכלנית,הכלנית,tertiary,
אגודת ספורט הפועל,אגודת ספורט הפועל,tertiary,3
אגודת ספורט הפועל,אגודת ספורט הפועל,tertiary,3
אגודת ספורט הפועל,אגודת ספורט הפועל,tertiary,3
אגודת ספורט הפועל,אגודת ספורט הפועל,tertiary,3
תורה ועבודה,תורה ועבודה,tertiary,
זנגוויל,זנגוויל,tertiary,
זנגוויל,זנגוויל,tertiary,
תורה ועבודה,תורה ועבודה,tertiary,
טהון,טהון,secondary,2
עין כרם,עין כרם,primary,2
גבעת משה,גבעת משה,tertiary,
גבעת משה,גבעת משה,tertiary,
מלכי ישראל,מלכי ישראל,tertiary,2
ישעיהו,ישעיהו,tertiary,1
המלך ג׳ורג׳,המלך ג׳ורג׳,tertiary,2
אבינועם ילין,אבינועם ילין,tertiary,
שמואל הנביא,שמואל הנביא,tertiary,
שמעון הצדיק,שמעון הצדיק,tertiary,
שמעון הצדיק,שמעון הצדיק,tertiary,3
דוד המלך,דוד המלך,tertiary,1
המור,המור,tertiary,
הרצל,הרצל,primary,2
בית לחם,בית לחם,tertiary,2
עמק רפאים,עמק רפאים,tertiary,1
חברון,חברון,trunk,
חברון,חברון,trunk,2
גולומב,גולומב,secondary,4
אביזוהר,אביזוהר,tertiary,
בית וגן,בית וגן,tertiary,
יפו,יפו,tertiary,1
הצנחנים,הצנחנים,tertiary,2
הרב הרצוג,הרב הרצוג,tertiary,2
הצנחנים,הצנחנים,tertiary,2
חיל ההנדסה,חיל ההנדסה,trunk,2
הצנחנים,הצנחנים,tertiary,1
אביזוהר,אביזוהר,tertiary,
קדיש לוז,קדיש לוז,tertiary,
פרץ ברנשטיין,פרץ ברנשטיין,tertiary,1
פרץ ברנשטיין,ברנשטיין,tertiary,
פרץ ברנשטיין,פרץ ברנשטיין,tertiary,1
הרצל,הרצל,primary,2
קרית היובל,קרית היובל,secondary,2
עוזיאל הרב,הרב עוזיאל,tertiary,
צבי לצדיק,צבי לצדיק,tertiary,
בית וגן,בית וגן,tertiary,
הרב פרנק,הרב פרנק,tertiary,
נזר דוד,נזר דוד,tertiary,
נזר דוד,נזר דוד,tertiary,
נזר דוד,נזר דוד,tertiary,
הצנחנים,הצנחנים,trunk,1
יפו,יפו,trunk,2
יפו,יפו,trunk,1
יפו,יפו,trunk,2
יפו,יפו,trunk,2
הרצל,הרצל,primary,2
בית חנינא,בית חנינא,tertiary,
בית חנינא,בית חנינא,tertiary,
ז'בוטינסקי,ז'בוטינסקי,tertiary,2
שלמה המלך,שלמה המלך,tertiary,2
שבטי ישראל,שבטי ישראל,tertiary,1
שמואל הנביא,שמואל הנביא,tertiary,
הנביאים,הנביאים,tertiary,2
שמואל הנביא,שמואל הנביא,tertiary,
נעמי קיס,נעמי קיס,tertiary,
בוליביה,בוליביה,tertiary,
הנביאים,הנביאים,tertiary,2
הנביאים,הנביאים,tertiary,2
"כי""ח","כי""ח",tertiary,1
אגריפס,אגריפס,tertiary,1
אגריפס,אגריפס,tertiary,2
שטראוס,שטראוס,tertiary,1
עבודת ישראל,עבודת ישראל,tertiary,
יריחו,יריחו,secondary,
משה זילברג,משה זילברג,tertiary,
משה זילברג,משה זילברג,tertiary,
קדיש לוז,קדיש לוז,tertiary,
ואדי אל-ג'וז,ואדי אל-ג'וז,secondary,2
מרדכי איש שלום,מרדכי איש שלום,primary,2
מרדכי איש שלום,מרדכי איש שלום,primary,1
בית חנינא,בית חנינא,tertiary,
בית חנינא,בית חנינא,tertiary,
בית חנינא,בית חנינא,tertiary,3
בית חנינא,בית חנינא,tertiary,
יפה נוף,יפה נוף,primary,2
שדרות וולפסון,שדרות וולפסון,tertiary,1
הרצל,הרצל,primary,2
שדרות וולפסון,שדרות וולפסון,tertiary,2
יצחק רבין,יצחק רבין,secondary,2
מנחם בגין,מנחם בגין,motorway,2
מנחם בגין,מנחם בגין,motorway,2
קרית משה,קרית משה,tertiary,2
קרית משה,קרית משה,tertiary,2
כנפי נשרים,כנפי נשרים,tertiary,2
גבעת שאול,גבעת שאול,tertiary,
גבעת שאול,גבעת שאול,tertiary,
מגיני ירושלים,מגיני ירושלים,tertiary,2
מגיני ירושלים,מגיני ירושלים,tertiary,2
כנפי נשרים,כנפי נשרים,tertiary,2
עקיבא אזולאי,עקיבא אזולאי,tertiary,1
שדרות ויצמן,שדרות ויצמן,primary,5
כנפי נשרים,כנפי נשרים,tertiary,2
הרצל,הרצל,primary,2
חיים קוליץ,חיים קוליץ,secondary,2
יוסף בורג,יוסף בורג,tertiary,2
יוסף בורג,יוסף בורג,tertiary,2
הנשיא השישי,הנשיא השישי,tertiary,2
רופין,רופין,tertiary,3
משה זקס,זקס,tertiary,1
שמואל הנביא,שמואל הנביא,tertiary,
שמואל הנביא,שמואל הנביא,tertiary,
יוסף קארו,יוסף קארו,tertiary,
אגריפס,אגריפס,tertiary,2
פייר קניג,פייר קניג,tertiary,2
האומן,האומן,tertiary,1
יהודה,יהודה,tertiary,2
פינס,פינס,tertiary,1
דוסתאי,דוסתאי,tertiary,
הרצל,הרצל,primary,4
יצחק רבין,יצחק רבין,secondary,3
שמואל הנביא,שמואל הנביא,tertiary,
שמואל הנביא,שמואל הנביא,tertiary,
פרבשטיין,פרבשטיין,tertiary,4
גבעת שאול,גבעת שאול,tertiary,
עזרת תורה,עזרת תורה,tertiary,1
חנה,חנה,tertiary,
עזרת תורה,עזרת תורה,tertiary,1
חנה,חנה,tertiary,
חנה,חנה,tertiary,
קרית מדע,קרית מדע,tertiary,2
המרפא,המרפא,tertiary,1
חטיבת ירושלים,חטיבת ירושלים,trunk,
שמואל בן עדיה,שמואל בן עדיה,tertiary,2
מעלות עיר דוד,מעלות עיר דוד,tertiary,
כי טוב,כי טוב,tertiary,1
גבעת משה,גבעת משה,tertiary,
דרך מוסה פלד,דרך מוסה פלד,trunk,
האלוף עוזי נרקיס,האלוף עוזי נרקיס,trunk,
הרב אברהם רביץ,רביץ,tertiary,
צפניה,צפניה,tertiary,
נחמיה,נחמיה,tertiary,
יחזקאל,יחזקאל,tertiary,
הרב חיים שאול עבוד,"עבוד, הרב חיים שאול",tertiary,
משאריף,משאריף,tertiary,2
שמואל הנביא,שמואל הנביא,tertiary,
צונדק,צונדק,tertiary,
שיבת ציון,שיבת ציון,tertiary,2
צונדק,צונדק,tertiary,
יצחק מירסקי,יצחק מירסקי,tertiary,
שיבת ציון,שיבת ציון,tertiary,2
יצחק מירסקי,יצחק מירסקי,tertiary,1
הקונגרס הציוני,הקונגרס הציוני,tertiary,
רקנאטי,רקנאטי,tertiary,2
הארי טרומן,הארי טרומן,tertiary,
צונדק,צונדק,tertiary,
צונדק,צונדק,tertiary,
מירסקי יצחק,מירסקי יצחק,tertiary,
יצחק מירסקי,יצחק מירסקי,tertiary,
חיים קוליץ,חיים קוליץ,secondary,2
פרי חדש,פרי חדש,tertiary,
קרל נטר,קרל נטר,tertiary,1
ששת הימים,ששת הימים,tertiary,1
ברכת אברהם,ברכת אברהם,tertiary,
שבתאי הנגבי,שבתאי הנגבי,tertiary,
שבתאי הנגבי,שבתאי הנגבי,tertiary,
שרפאת,שרפאת,tertiary,2
שרפאת,שרפאת,tertiary,1
שרפאת,שרפאת,tertiary,2
שרפאת,שרפאת,tertiary,1
אחלמה,אחלמה,tertiary,
אונטרמן,אונטרמן,tertiary,
אונטרמן,אונטרמן,tertiary,
אחלמה,אחלמה,tertiary,
השיש,השיש,tertiary,
המרגלית,המרגלית,tertiary,2
הרב אריה בינה,הרב אריה בינה,tertiary,
הרב אריה בינה,הרב אריה בינה,tertiary,
ליכטנשטיין,ליכטנשטיין,tertiary,
זרח ורהפטיג,זרח ורהפטיג,tertiary,
זרח ורהפטיג,זרח ורהפטיג,tertiary,
שמעון בן חמו,שמעון בן חמו,tertiary,
שמעון בן חמו,שמעון בן חמו,tertiary,
אליהו קורן,אליהו קורן,tertiary,
אליהו קורן,אליהו קורן,tertiary,
אליהו קורן,אליהו קורן,tertiary,
הרב כלפון משה הכהן,הרב כלפון משה הכהן,tertiary,
הרב כלפון משה הכהן,הרב כלפון משה הכהן,tertiary,
הבבא סאלי,הבבא סאלי,tertiary,
הקצין יחיאל לנגר,יחיאל לנגר,tertiary,
יגאל אלון,יגאל אלון,tertiary,2
צונדק,צונדק,tertiary,
צונדק,צונדק,tertiary,
צונדק,צונדק,tertiary,1
החורש,החורש,tertiary,1
רקנאטי,רקנאטי,tertiary,1
רקנאטי,רקנאטי,tertiary,
רקנאטי,רקנאטי,tertiary,
רקנאטי,רקנאטי,tertiary,
הקונגרס הציוני,הקונגרס הציוני,tertiary,2
צונדק,צונדק,tertiary,2
שדרות גולדה מאיר,שדרות גולדה מאיר,primary,3
יצחק מירסקי,יצחק מירסקי,tertiary,1
הרוא''ה,הרוא''ה,tertiary,2
הקונגרס הציוני,הקונגרס הציוני,tertiary,2
רקנאטי,רקנאטי,tertiary,2
רקנאטי,רקנאטי,tertiary,1
"המשורר אצ""ג","המשורר אצ""ג",tertiary,2
בנימין מינץ,בנימין מינץ,tertiary,1
בנימין מינץ,בנימין מינץ,tertiary,1
"המשורר אצ""ג","המשורר אצ""ג",tertiary,1
שיבת ציון,שיבת ציון,tertiary,2
שיבת ציון,שיבת ציון,tertiary,2
סולם יעקב,סולם יעקב,tertiary,
סולם יעקב,סולם יעקב,tertiary,
אבא הלל סילבר,אבא הלל סילבר,tertiary,1
אבא הלל סילבר,אבא הלל סילבר,tertiary,1
טרומן,הארי טרומן,tertiary,2
רקנאטי,רקנאטי,tertiary,
רקנאטי,רקנאטי,tertiary,
רקנאטי,רקנאטי,tertiary,
מירסקי יצחק,יצחק מירסקי,tertiary,
"הרוא""ה",הרואה,tertiary,2
יצחק מירסקי,יצחק מירסקי,tertiary,
מירסקי יצחק,מירסקי יצחק,tertiary,
יצחק מירסקי,יצחק מירסקי,tertiary,
בנימין מינץ,בנימין מינץ,tertiary,
בנימין מינץ,בנימין מינץ,tertiary,
מינץ בנימין,מינץ בנימין,tertiary,
"המשורר אצ""ג","המשורר אצ""ג",tertiary,1
"המשורר אצ""ג","אצ""ג",tertiary,2
"המשורר אצ""ג","המשורר אצ""ג",tertiary,1
אלוף יקותיאל אדם,אלוף יקותיאל אדם,tertiary,
האלוף עוזי נרקיס,האלוף עוזי נרקיס,trunk,2
האלוף עוזי נרקיס,האלוף עוזי נרקיס,trunk,
האלוף עוזי נרקיס,האלוף עוזי נרקיס,trunk,2
האלוף עוזי נרקיס,האלוף עוזי נרקיס,trunk,2
דב סדן,דב סדן,tertiary,
דב סדן,דב סדן,tertiary,
משה רחמילביץ',משה רחמילביץ',tertiary,
דב סדן,דב סדן,tertiary,
דב סדן,דב סדן,tertiary,
משה רחמילביץ',משה רחמילביץ',tertiary,
דב סדן,דב סדן,tertiary,
יוספטל,יוספטל,tertiary,
יוספטל,יוספטל,tertiary,
מאיר גרשון,מאיר גרשון,tertiary,
מאיר גרשון,מאיר גרשון,tertiary,
מאיר גרשון,מאיר גרשון,tertiary,
מאיר גרשון,מאיר גרשון,tertiary,
מאיר גרשון,מאיר גרשון,tertiary,
מאיר גרשון,מאיר גרשון,tertiary,
מאיר גרשון,מאיר גרשון,tertiary,
גל,גל,tertiary,
גל,גל,tertiary,
דרך חיזמא-אדם,דרך חיזמא-אדם,primary,1
שדרות משה דיין,שדרות משה דיין,tertiary,1
חיל האוויר,חיל האוויר,tertiary,
נווה יעקב,שדרות נווה יעקב,tertiary,
שדרות נווה יעקב,שדרות נווה יעקב,tertiary,1
דרך מוסה פלד,דרך מוסה פלד,trunk,
מזל טלה,מזל טלה,tertiary,1
ראמאללה,ראמאללה,trunk,2
מפעלות,מפעלות,tertiary,
עטרות,עטרות,tertiary,2
עטרות,עטרות,tertiary,2
ראמאללה,ראמאללה,trunk,1
ראמאללה,ראמאללה,trunk,1
ראמאללה,ראמאללה,trunk,2
דרך בית חורון,דרך בית חורון,tertiary,1
עטרות,עטרות,tertiary,2
ראמאללה,ראמאללה,trunk,1
דרך בית חורון,דרך בית חורון,tertiary,1
شارع القدس,,secondary,
שיירת עטרות,שיירת עטרות,secondary,2
דוד בנבנישתי,דוד בנבנישתי,secondary,3
שיירת עטרות,שיירת עטרות,secondary,
שיירת עטרות,שיירת עטרות,secondary,
כביש 21 (ירושלים),כביש 21 (ירושלים),secondary,
אל-חרדוב,אל-חרדוב,tertiary,
מלכי ישראל,מלכי ישראל,tertiary,1
מלכי ישראל,מלכי ישראל,tertiary,2
בית לחם,בית לחם,tertiary,1
השיש,השיש,tertiary,
אחלמה,אחלמה,tertiary,
מלכי ישראל,מלכי ישראל,tertiary,1
דרך חברון,דרך חברון,secondary,2
בית לחם,בית לחם,tertiary,2
מרדכי עליאש,מרדכי עליאש,tertiary,3
מרדכי עליאש,מרדכי עליאש,tertiary,1
יוסף וייץ,יוסף וייץ,secondary,1
חכם יצחק עמדי,חכם יצחק עמדי,secondary,2
מנחם בגין,מנחם בגין,motorway,3
אל-ח'לה,אל-ח'לה,tertiary,2
מנחם בגין,מנחם בגין,motorway,3
דרך בית חורון,דרך בית חורון,tertiary,2
יגאל ידין,יגאל ידין,trunk,2
יצחק שמיר (מנהרת הארזים),יצחק שמיר (מנהרת הארזים),trunk,2
יצחק שמיר,יצחק שמיר,trunk,2
יצחק שמיר,יצחק שמיר,trunk,2
יצחק שמיר (מנהרת הארזים),יצחק שמיר (מנהרת הארזים),trunk,2
יצחק שמיר,יצחק שמיר,trunk,2
יצחק רבין,יצחק רבין,secondary,3
ג'סר א נטף,ג'סר א נטף,tertiary,
אל-זהרה,אל-זהרה,tertiary,2
הרצל,הרצל,primary,2
יצחק מודעי,יצחק מודעי,tertiary,2
יצחק מודעי,יצחק מודעי,tertiary,2
שיירת עטרות,שיירת עטרות,secondary,
יצחק שמיר,יצחק שמיר,trunk,2
מנחם בגין,מנחם בגין,motorway,3
מנחם בגין,מנחם בגין,motorway,3
מנחם בגין,מנחם בגין,motorway,3
מנחם בגין,מנחם בגין,motorway,3
מנחם בגין,מנחם בגין,motorway,3
הרב הרצוג,הרב הרצוג,secondary,3
שמואל בייט,שמואל בייט,tertiary,2
הרצוג,הרצוג,secondary,3
שמואל בייט,שמואל בייט,tertiary,2
אגודת ספורט הפועל,אגודת ספורט הפועל,tertiary,2
דוד בנבנישתי,דוד בנבנישתי,secondary,3
ראמאללה,ראמאללה,trunk,2
אלוף יקותיאל אדם,אלוף יקותיאל אדם,tertiary,
יפו,יפו,trunk,2
יפו,יפו,trunk,2
לוי אשכול,לוי אשכול,secondary,1
לוי אשכול,לוי אשכול,tertiary,2
החלמית,החלמית,tertiary,2
דהומיי,דהומיי,tertiary,2
הרפובליקה הדומיניקנית,הרפובליקה הדומיניקנית,tertiary,2
קרית היובל,קרית היובל,secondary,2
דהומיי,דהומיי,tertiary,2
דרך גן החיות,דרך גן החיות,secondary,2
יעקב פת,יעקב פת,secondary,2
הסדנא,הסדנא,tertiary,
הרפובליקה הדומיניקנית,הרפובליקה הדומיניקנית,tertiary,2
גולומב,גולומב,secondary,3
"בית""ר","בית""ר",tertiary,
גולומב,גולומב,secondary,2
האומן,האומן,tertiary,2
משה ברעם,משה ברעם,secondary,2
"בית""ר","בית""ר",tertiary,
טהון,טהון,secondary,3
"בית""ר","בית""ר",tertiary,
טיילת אליהו הנביא,טיילת אליהו הנביא,tertiary,2
شارع الجامعة,,tertiary,
יצחק קריב,יצחק קריב,tertiary,
מנחם בגין,מנחם בגין,motorway,3
שכם,שכם,tertiary,
שכם,שכם,tertiary,
שכם,שכם,tertiary,
שכם,שכם,tertiary,
طريق أريحا,יריחו,tertiary,
גולומב,גולומב,secondary,3
الصويح,אל סוויח,tertiary,
יצחק שמיר,יצחק שמיר,trunk,2
יצחק שמיר,יצחק שמיר,trunk,2
יצחק שמיר,יצחק שמיר,trunk,2
יצחק שמיר,יצחק שמיר,trunk,2
עבד אלחמיד שומאן,עבד אלחמיד שומאן,secondary,2
עבד אלחמיד שומאן,עבד אלחמיד שומאן,secondary,2
הרוזמרין,הרוזמרין,trunk,3
צאלח א-דין,צאלח א-דין,tertiary,2
יריחו,יריחו,secondary,2
אל מקדש,אל מקדש,secondary,3
יריחו,יריחו,secondary,2
אל מקדש,אל מקדש,secondary,1
פייר קניג,פייר קניג,tertiary,
הסדנא,הסדנא,tertiary,
שדרות משה דיין,שדרות משה דיין,tertiary,
שדרות משה דיין,שדרות משה דיין,tertiary,
אל אסמעי,אל אסמעי,tertiary,
בית חנינא,בית חנינא,tertiary,
בית חנינא,בית חנינא,tertiary,
ראמאללה,ראמאללה,trunk,2
ראמאללה,ראמאללה,trunk,
חאליד א סאקאיני,חאליד א סאקאיני,tertiary,
כביש 21 (ירושלים),כביש 21 (ירושלים),secondary,
כביש 21 (ירושלים),כביש 21 (ירושלים),secondary,
כביש 21 (ירושלים),כביש 21 (ירושלים),secondary,
ראמאללה,ראמאללה,trunk,
ראמאללה,ראמאללה,trunk,
ג'סר א נטף,ג'סר א נטף,tertiary,
ג'סר א נטף,ג'סר א נטף,tertiary,
שיירת עטרות,שיירת עטרות,secondary,
כביש 21 (ירושלים),כביש 21 (ירושלים),secondary,
מעלה השלום,מעלה השלום,tertiary,
חברון,חברון,trunk,2
מעלות עיר דוד (הכביש האמריקאי),מעלות עיר דוד,secondary,
קדמת ציון,קדמת ציון,tertiary,
ראס כובסא,ראס כובסא,tertiary,
"כ""ט בנובמבר","כ""ט בנובמבר",tertiary,1
אל סהל,אל סהל,tertiary,2
משה ברזני,משה ברזני,tertiary,1
משה ברזני,משה ברזני,tertiary,1
משה ברזני,משה ברזני,tertiary,
משה ברעם,משה ברעם,secondary,2
חיים קוליץ,חיים קוליץ,secondary,2
פנמה,פנמה,secondary,2
חיים ברלב,חיים ברלב,trunk,3
אל חראיק,אל חראיק,tertiary,
חיים ברלב,חיים ברלב,trunk,3
שבטי ישראל,שבטי ישראל,tertiary,2
שבטי ישראל,שבטי ישראל,tertiary,1
יצחק שמיר,יצחק שמיר,trunk,1
יצחק שמיר,יצחק שמיר,trunk,2
יצחק שמיר,יצחק שמיר,trunk,2
יצחק שמיר,יצחק שמיר,trunk,2
יצחק שמיר,יצחק שמיר,trunk,2
כביש ירושלים תל אביב,כביש ירושלים תל אביב,trunk,3
רוטשילד,רוטשילד,tertiary,
קפלן,קפלן,tertiary,
הנביאים,הנביאים,tertiary,1
שלמה המלך,שלמה המלך,tertiary,2
כביש המנהרות,כביש המנהרות,trunk,
מנחם בגין,מנחם בגין,motorway,3
מנחם בגין,מנחם בגין,motorway,3
מנחם בגין,מנחם בגין,motorway,3
מנחם בגין,מנחם בגין,motorway,3
מנחם בגין,מנחם בגין,motorway,2
כביש המנהרות,כביש המנהרות,trunk,
אליהו קורן,אליהו קורן,tertiary,
כביש ירושלים תל אביב,כביש ירושלים תל אביב,trunk,3
שייח ענבר,שייח ענבר,tertiary,
הנביאים,הנביאים,tertiary,2
פינס,פינס,tertiary,2
אהרון שולוב,אהרון שולוב,tertiary,
אהרון שולוב,אהרון שולוב,tertiary,
יצחק מודעי,יצחק מודעי,tertiary,1
יצחק מודעי,יצחק מודעי,tertiary,1
אהרון שולוב,אהרון שולוב,tertiary,
שמואל בייט,שמואל בייט,tertiary,2
שורק,שורק,secondary,1
כביש המנהרות,כביש המנהרות,trunk,
מנחם בגין,מנחם בגין,motorway,1
המרפא,המרפא,tertiary,2
שייח ענבר,שייח ענבר,tertiary,
מרטין בובר,מרטין בובר,tertiary,
חיים קוליץ,חיים קוליץ,secondary,2
דרך כרמית,דרך כרמית,tertiary,2
עין כרם,עין כרם,primary,
עין כרם,עין כרם,primary,2
חיים ברלב,חיים ברלב,trunk,2
חיים ברלב,חיים ברלב,trunk,3
פייר ואן פאסן,פייר ואן פאסן,tertiary,1
כיכר חיזמא,כיכר חיזמא,primary,
דרך חיזמא-אדם,דרך חיזמא-אדם,primary,1
דרך חיזמא-אדם,דרך חיזמא-אדם,primary,3
מנחם בגין,מנחם בגין,motorway,3
כנפי נשרים,כנפי נשרים,tertiary,2
שיירת עטרות,שיירת עטרות,tertiary,
כביש 21 (ירושלים),כביש 21 (ירושלים),secondary,
חכם יצחק עמדי,חכם יצחק עמדי,secondary,1
מנחם בגין,מנחם בגין,motorway,2
מנחם בגין,מנחם בגין,motorway,2
כביש המנהרות,כביש המנהרות,trunk,2
כביש המנהרות,כביש המנהרות,trunk,
מנחם בגין,מנחם בגין,motorway,2
מנחם בגין,מנחם בגין,motorway,2
קרית מדע,קרית מדע,tertiary,2
קרית מדע,קרית מדע,tertiary,4
פרבשטיין,פרבשטיין,primary,2
חיל ההנדסה,חיל ההנדסה,trunk,2
הצנחנים,הצנחנים,trunk,1
שדרות משה דיין,שדרות משה דיין,tertiary,
שועפט,שועפט,tertiary,1
שועפט,שועפט,tertiary,1
המרפא,המרפא,tertiary,2
דב יוסף,דב יוסף,secondary,2
החלוץ,החלוץ,tertiary,2
יצחק מודעי,יצחק מודעי,secondary,2
מנחם בגין,מנחם בגין,motorway,3
מנחם בגין,מנחם בגין,motorway,3
מנחם בגין,מנחם בגין,motorway,3
מנחם בגין,מנחם בגין,motorway,3
מנחם בגין,מנחם בגין,motorway,3
א-נבי יונס,א-נבי יונס,tertiary,2
פרבשטיין,פרבשטיין,secondary,3
פרבשטיין,פרבשטיין,secondary,3
דרך אריאל שרון,דרך אריאל שרון,trunk,2
דרך אריאל שרון,דרך אריאל שרון,trunk,2
דרך אריאל שרון,דרך אריאל שרון,trunk,2
דרך אריאל שרון,דרך אריאל שרון,trunk,2
דרך אריאל שרון,דרך אריאל שרון,trunk,2
דרך אריאל שרון,דרך אריאל שרון,trunk,2
דרך אריאל שרון,דרך אריאל שרון,trunk,2
הרב חזקיהו רבין,רבין,tertiary,2
דרך אריאל שרון,דרך אריאל שרון,trunk,3
דרך אריאל שרון,דרך אריאל שרון,trunk,2
דרך אריאל שרון,דרך אריאל שרון,trunk,2
דרך אריאל שרון,דרך אריאל שרון,trunk,3
דרך אריאל שרון,דרך אריאל שרון,trunk,2
דרך אריאל שרון,דרך אריאל שרון,trunk,2
הנשיא השישי,הנשיא השישי,tertiary,2
יצחק רבין,יצחק רבין,secondary,2
יואל זוסמן,יואל זוסמן,tertiary,2
בן צבי,בן צבי,secondary,2
יוסף בורג,יוסף בורג,tertiary,2
הרב שמואל ברוך,הרב שמואל ברוך,tertiary,2
הרב שמואל ברוך,הרב שמואל ברוך,tertiary,2
יוסף בורג,יוסף בורג,tertiary,3
יוסף בורג,יוסף בורג,tertiary,
יוסף בורג,יוסף בורג,tertiary,
היכל המשפט,היכל המשפט,tertiary,
יוסף בורג,יוסף בורג,tertiary,
דוד שאלתיאל,דוד שאלתיאל,tertiary,
יוסף בורג,יוסף בורג,tertiary,1
בן צבי,בן צבי,secondary,2
הרב שמואל ברוך,הרב שמואל ברוך,tertiary,2
היכל המשפט,היכל המשפט,tertiary,2
היכל המשפט,היכל המשפט,tertiary,2
היכל המשפט,היכל המשפט,tertiary,2
נתנאל לורך,נתנאל לורך,tertiary,2
הרב אברהם שפירא,הרב אברהם שפירא,tertiary,1
הרצל,הרצל,primary,2
נתנאל לורך,נתנאל לורך,tertiary,1
הנשיא השישי,הנשיא השישי,tertiary,2
הנשיא השישי,הנשיא השישי,tertiary,2
הנשיא השישי,הנשיא השישי,tertiary,2
הנשיא השישי,הנשיא השישי,tertiary,2
הנשיא השישי,הנשיא השישי,tertiary,2
יצחק רבין,יצחק רבין,secondary,3
יצחק רבין,יצחק רבין,secondary,2
הנשיא השישי,הנשיא השישי,tertiary,2
יצחק רבין,יצחק רבין,secondary,3
יוסף בורג,יוסף בורג,tertiary,1
נתנאל לורך,נתנאל לורך,tertiary,2
שדרות וולפסון,שדרות וולפסון,tertiary,1
הרצל,הרצל,primary,2
הרצל,הרצל,primary,2
קרית היובל,קרית היובל,secondary,2
הרצל,הרצל,primary,2
הרצל,הרצל,primary,4
הרצל,הרצל,primary,2
הרצל,הרצל,primary,2
יפה נוף,יפה נוף,primary,2
הרצל,הרצל,tertiary,2
הרצל,הרצל,tertiary,2
הרצל,הרצל,tertiary,2
יפה נוף,יפה נוף,primary,1
יפה נוף,יפה נוף,primary,4
שדרות נווה יעקב,שדרות נווה יעקב,tertiary,1
מעגלות הרב פרדס,פרדס,tertiary,
מעגלות הרב פרדס,מעגלות הרב פרדס,tertiary,1
נווה יעקב,שדרות נווה יעקב,tertiary,2
שדרות נווה יעקב,שדרות נווה יעקב,tertiary,1
שדרות משה דיין,שדרות משה דיין,tertiary,1
שדרות משה דיין,שדרות משה דיין,tertiary,1
שדרות נווה יעקב,שדרות נווה יעקב,tertiary,1
שדרותמשה דיין,שדרות משה דיין,tertiary,1
מזל טלה,מזל טלה,tertiary,
שדרות משה דיין,שדרות משה דיין,tertiary,1
שדרות משה דיין,שדרות משה דיין,tertiary,1
שדרות משה דיין,שדרות משה דיין,tertiary,1
שדרות משה דיין,שדרות משה דיין,tertiary,1
שדרות משה דיין,שדרות משה דיין,tertiary,1
שדרות משה דיין,שדרות משה דיין,tertiary,1
שדרות משה דיין,שדרות משה דיין,tertiary,
שדרות משה דיין,שדרות משה דיין,tertiary,1
שדרות משה דיין,שדרות משה דיין,tertiary,
שדרות משה דיין,שדרות משה דיין,tertiary,1
חיל האוויר,חיל האוויר,tertiary,
שדרות משה דיין,שדרות משה דיין,tertiary,
השישה עשר,השישה עשר,tertiary,
השישה עשר,השישה עשר,tertiary,
השישה עשר,השישה עשר,tertiary,
השישה עשר,השישה עשר,tertiary,
שדרות משה דיין,שדרות משה דיין,tertiary,
השישה עשר,השישה עשר,tertiary,
שדרות משה דיין,שדרות משה דיין,tertiary,
שדרות משה דיין,שדרות משה דיין,tertiary,
שדרות משה דיין,שדרות משה דיין,tertiary,
עמיחי פאגלין,עמיחי פאגלין,secondary,3
שדרות משה דיין,שדרות משה דיין,tertiary,
סיירת דוכיפת,סיירת דוכיפת,secondary,3
משה דיין,משה דיין,tertiary,
שדרות משה דיין,שדרות משה דיין,tertiary,2
שדרות משה דיין,שדרות משה דיין,tertiary,2
שדרות משה דיין,שדרות משה דיין,tertiary,
שדרות משה דיין,שדרות משה דיין,tertiary,
שדרות משה דיין,שדרות משה דיין,tertiary,
משה רחמילביץ',משה רחמילביץ',tertiary,
משה רחמילביץ',משה רחמילביץ',tertiary,
משה דיין,משה דיין,tertiary,
שדרות משה דיין,שדרות משה דיין,tertiary,2
שדרות משה דיין,שדרות משה דיין,tertiary,
שדרות משה דיין,שדרות משה דיין,tertiary,
משה רחמילביץ',משה רחמילביץ',tertiary,
שדרות משה דיין,שדרות משה דיין,tertiary,
שדרות משה דיין,שדרות משה דיין,tertiary,
שדרות משה דיין,שדרות משה דיין,tertiary,
אלוף יקותיאל אדם,אלוף יקותיאל אדם,tertiary,
שדרות משה דיין,שדרות משה דיין,tertiary,
מאיר גרשון,מאיר גרשון,tertiary,
מאיר גרשון,מאיר גרשון,tertiary,
מאיר גרשון,מאיר גרשון,tertiary,
אלוף יקותיאל אדם,אלוף יקותיאל אדם,tertiary,
אלוף יקותיאל אדם,אלוף יקותיאל אדם,tertiary,
אלוף יקותיאל אדם,אלוף יקותיאל אדם,tertiary,
אלוף יקותיאל אדם,אלוף יקותיאל אדם,tertiary,
אלוף יקותיאל אדם,אלוף יקותיאל אדם,tertiary,
אלוף יקותיאל אדם,אלוף יקותיאל אדם,tertiary,
אלוף יקותיאל אדם,אלוף יקותיאל אדם,tertiary,
אלוף יקותיאל אדם,אלוף יקותיאל אדם,tertiary,
אלוף יקותיאל אדם,אלוף יקותיאל אדם,tertiary,
אלוף יקותיאל אדם,אלוף יקותיאל אדם,tertiary,2
אלוף יקותיאל אדם,אלוף יקותיאל אדם,tertiary,
אלוף יקותיאל אדם,אלוף יקותיאל אדם,tertiary,
אלוף יקותיאל אדם,אלוף יקותיאל אדם,tertiary,
בית חנינא,בית חנינא,tertiary,
שיירת עטרות,שיירת עטרות,tertiary,
בית חנינא,בית חנינא,tertiary,
שועפט,שועפט,tertiary,1
שועפט,שועפט,tertiary,
שועפט,שועפט,tertiary,1
שועפט,שועפט,tertiary,1
שועפט,שועפט,tertiary,1
שועפט,שועפט,tertiary,1
שועפט,שועפט,tertiary,1
שועפט,שועפט,tertiary,1
שועפט,שועפט,tertiary,1
שועפט,שועפט,tertiary,1
שועפט,שועפט,tertiary,1
שועפט,שועפט,tertiary,1
משאריף,משאריף,tertiary,
שועפט,שועפט,tertiary,1
אל סהל,אל סהל,tertiary,2
שועפט,שועפט,tertiary,1
שועפט,שועפט,tertiary,
שועפט,שועפט,tertiary,1
שועפט,שועפט,tertiary,1
שועפט,שועפט,tertiary,1
שועפט,שועפט,tertiary,3
ששת הימים,ששת הימים,tertiary,3
שועפט,שועפט,tertiary,4
ששת הימים,ששת הימים,tertiary,
ששת הימים,ששת הימים,tertiary,3
ששת הימים,ששת הימים,tertiary,2
ששת הימים,ששת הימים,tertiary,3
אהרון שולוב,אהרון שולוב,tertiary,
אהרון שולוב,אהרון שולוב,tertiary,
אהרון שולוב,אהרון שולוב,tertiary,
דרך גן החיות,דרך גן החיות,secondary,2
חיים קוליץ,חיים קוליץ,secondary,2
דרך גן החיות,דרך גן החיות,secondary,2
דרך גן החיות,דרך גן החיות,secondary,2
דרך גן החיות,דרך גן החיות,secondary,2
אהרון שולוב,אהרון שולוב,tertiary,
אהרון שולוב,אהרון שולוב,tertiary,
דרך גן החיות,דרך גן החיות,secondary,2
אהרון שולוב,אהרון שולוב,tertiary,
חיים קוליץ,חיים קוליץ,secondary,2
מיכאל אבי יונה,מיכאל אבי יונה,tertiary,1
חכם יצחק עמדי,חכם יצחק עמדי,secondary,2
האלוף עוזי נרקיס,האלוף עוזי נרקיס,trunk,
האלוף עוזי נרקיס,האלוף עוזי נרקיס,trunk,4
האלוף עוזי נרקיס,האלוף עוזי נרקיס,trunk,2
האלוף עוזי נרקיס,האלוף עוזי נרקיס,trunk,4
משה רחמילביץ',משה רחמילביץ',tertiary,
אביזוהר,אביזוהר,tertiary,
אביזוהר,אביזוהר,tertiary,
שיירת עטרות,שיירת עטרות,secondary,
שדרות שמואל מאיר,שדרות שמואל מאיר,tertiary,2
אריה ורשבסקי,אריה ורשבסקי,tertiary,2
כביש המנהרות,כביש המנהרות,trunk,4
אסירי ציון,אסירי ציון,tertiary,2
צונדק,צונדק,tertiary,
צונדק,צונדק,tertiary,
הארי טרומן,הארי טרומן,tertiary,
הארי טרומן,הארי טרומן,tertiary,
הארי טרומן,הארי טרומן,tertiary,
הארי טרומן,הארי טרומן,tertiary,
"חזון אי""ש",חזון איש,tertiary,
"חזון אי""ש",חזון איש,tertiary,
שדרות שמואל מאיר,שדרות שמואל מאיר,tertiary,
מעלה דרגה,מעלה דרגה,primary,2
שדרות שמואל מאיר,שדרות שמואל מאיר,secondary,2
שדרות שמואל מאיר,שמואל מאיר,tertiary,2
שדרות שמואל מאיר,שדרות שמואל מאיר,tertiary,1
שדרות שמואל מאיר,שדרות שמואל מאיר,tertiary,1
אריה ורשבסקי,אריה ורשבסקי,tertiary,2
אריה ורשבסקי,אריה ורשבסקי,tertiary,
מעלה דרגה,מעלה דרגה,primary,2
אל-משאהד,אל-משאהד,tertiary,1
אל-משאהד,אל-משאהד,tertiary,1
זרח ורהפטיג,זרח ורהפטיג,tertiary,
אל-משאהד,אל-משאהד,tertiary,1
אל-משאהד,אל-משאהד,tertiary,1
שדרות שמואל מאיר,שדרות שמואל מאיר,tertiary,2
אריה ורשבסקי,אריה ורשבסקי,tertiary,2
שדרות שמואל מאיר,שדרות שמואל מאיר,tertiary,2
שדרות שמואל מאיר,שדרות שמואל מאיר,tertiary,1
חיים יסקי,חיים יסקי,tertiary,2
לוי אשכול,לוי אשכול,tertiary,3
שדרות צ'רצ'יל,שדרות צ'רצ'יל,tertiary,1
ואדי אל-ג'וז,ואדי אל-ג'וז,secondary,1
שדרות שיירת הר הצופים,שדרות שיירת הר הצופים,tertiary,
שדרות צ'רצ'יל,שדרות צ'רצ'יל,tertiary,2
סיירת דוכיפת,סיירת דוכיפת,secondary,3
סיירת דוכיפת,סיירת דוכיפת,secondary,3
סיירת דוכיפת,סיירת דוכיפת,secondary,2
חיל האוויר,חיל האוויר,tertiary,1
סיירת דוכיפת,סיירת דוכיפת,secondary,3
סיירת דוכיפת,סיירת דוכיפת,secondary,2
חיל האוויר,חיל האוויר,tertiary,
חיל האוויר,חיל האוויר,tertiary,1
גל,גל,tertiary,1
גל,גל,tertiary,1
חיל האוויר,חיל האוויר,tertiary,1
סיירת דוכיפת,סיירת דוכיפת,secondary,2
סיירת דוכיפת,סיירת דוכיפת,secondary,3
חיל האוויר,חיל האוויר,tertiary,1
סיירת דוכיפת,סיירת דוכיפת,secondary,3
סיירת דוכיפת,סיירת דוכיפת,secondary,2
סיירת דוכיפת,סיירת דוכיפת,secondary,3
גל,גל,tertiary,
סיירת דוכיפת,סיירת דוכיפת,secondary,2
סיירת דוכיפת,סיירת דוכיפת,secondary,3
עמיחי פאגלין,עמיחי פאגלין,secondary,2
סיירת דוכיפת,סיירת דוכיפת,secondary,3
סיירת דוכיפת,סיירת דוכיפת,secondary,2
סיירת דוכיפת,סיירת דוכיפת,secondary,2
סיירת דוכיפת,סיירת דוכיפת,secondary,3
סיירת דוכיפת,סיירת דוכיפת,secondary,3
סיירת דוכיפת,סיירת דוכיפת,secondary,3
סיירת דוכיפת,סיירת דוכיפת,secondary,3
גל,גל,tertiary,1
סיירת דוכיפת,סיירת דוכיפת,secondary,2
גל,גל,tertiary,1
גל,גל,tertiary,1
חיים קוליץ,חיים קוליץ,secondary,
פנמה,פנמה,tertiary,1
פנמה,פנמה,tertiary,1
קלמן יעקב מן,קלמן יעקב מן,primary,2
הנרייטה סאלד,הנרייטה סאלד,secondary,2
קרית היובל,קרית היובל,secondary,1
קרית היובל,קרית היובל,secondary,1
קרית היובל,קרית היובל,secondary,2
ארתור הנטקה,ארתור הנטקה,secondary,1
הנרייטה סאלד,הנרייטה סאלד,secondary,2
הנרייטה סאלד,הנרייטה סאלד,secondary,3
קלמן יעקב מן,קלמן יעקב מן,primary,2
הנרייטה סאלד,הנרייטה סאלד,secondary,2
קלמן יעקב מן,קלמן יעקב מן,primary,2
קלמן יעקב מן,קלמן יעקב מן,primary,2
כיכר צ'יאונה סוגיהארה,כיכר צ'יאונה סוגיהארה,secondary,2
כיכר צ'יאונה סוגיהארה,כיכר צ'יאונה סוגיהארה,secondary,2
הנרייטה סאלד,הנרייטה סאלד,secondary,2
הנרייטה סאלד,הנרייטה סאלד,secondary,2
הנרייטה סאלד,הנרייטה סאלד,secondary,2
הנרייטה סאלד,הנרייטה סאלד,secondary,2
שדרות שמואל מאיר,שדרות שמואל מאיר,secondary,2
שדרות שמואל מאיר,שדרות שמואל מאיר,secondary,2
מעלה דרגה,מעלה דרגה,primary,2
מעלה דרגה,מעלה דרגה,primary,2
מקסיקו,מקסיקו,tertiary,2
מקסיקו,מקסיקו,tertiary,1
מקסיקו,מקסיקו,tertiary,2
מקסיקו,מקסיקו,tertiary,2
מקסיקו,מקסיקו,tertiary,2
החלמית,החלמית,tertiary,
פסח חברוני,פסח חברוני,tertiary,1
דרך כרמית,דרך כרמית,tertiary,1
דרך כרמית,דרך כרמית,tertiary,1
דרך כרמית,דרך כרמית,tertiary,1
דרך כרמית,דרך כרמית,tertiary,1
דרך כרמית,דרך כרמית,tertiary,1
פסח חברוני,פסח חברוני,tertiary,2
קרית היובל,קרית היובל,secondary,1
זנגוויל,זנגוויל,tertiary,
ארתור הנטקה,ארתור הנטקה,secondary,1
קרית היובל,קרית היובל,secondary,1
קרית היובל,קרית היובל,secondary,1
ארתור הנטקה,ארתור הנטקה,secondary,1
ארתור הנטקה,ארתור הנטקה,secondary,1
ארתור הנטקה,ארתור הנטקה,secondary,1
פסח חברוני,פסח חברוני,tertiary,1
הנרייטה סולד,הנרייטה סולד,secondary,2
פסח חברוני,פסח חברוני,tertiary,
מקסיקו,מקסיקו,tertiary,1
הנרייטה סולד,הנרייטה סולד,secondary,2
מקסיקו,מקסיקו,tertiary,1
דרך כרמית,דרך כרמית,tertiary,2
דרך כרמית,דרך כרמית,tertiary,1
דרך כרמית,דרך כרמית,tertiary,1
דרך כרמית,דרך כרמית,tertiary,1
דרך כרמית,דרך כרמית,tertiary,2
דרך כרמית,דרך כרמית,tertiary,1
דרך כרמית,דרך כרמית,tertiary,2
חיים קוליץ,חיים קוליץ,secondary,2
טהון,טהון,secondary,1
טהון,טהון,secondary,1
גולומב,גולומב,secondary,2
גולומב,גולומב,secondary,2
דב בר בורוכוב,דב בר בורוכוב,tertiary,2
טהון,טהון,secondary,1
אורוגואי,אורוגואי,tertiary,
טהון,טהון,secondary,1
טהון,טהון,secondary,2
טהון,טהון,secondary,1
אורוגואי,אורוגואי,tertiary,
גולומב,גולומב,secondary,2
בוליביה,בוליביה,tertiary,
גולומב,גולומב,secondary,2
גולומב,גולומב,secondary,3
גולומב,גולומב,secondary,2
משה שרת,משה שרת,secondary,2
גולומב,גולומב,secondary,2
דרך גן החיות,דרך גן החיות,secondary,2
גולומב,גולומב,secondary,3
גולומב,גולומב,secondary,2
"אגודת ספורט בית""ר","אגודת ספורט בית""ר",secondary,3
גולומב,גולומב,secondary,5
"אגודת ספורט בית""ר","אגודת ספורט בית""ר",secondary,
גולומב,גולומב,secondary,3
גולומב,גולומב,secondary,5
ירמיהו,ירמיהו,tertiary,2
"המ""ג","המ""ג",tertiary,2
"המ""ג","המ""ג",tertiary,1
"המ""ג","המ""ג",tertiary,2
הרב דרוק,הרב דרוק,tertiary,1
הרב דרוק,הרב דרוק,tertiary,1
הרב דרוק,הרב דרוק,tertiary,1
דרוק הרב,דרוק הרב,tertiary,2
יגאל ידין,יגאל ידין,trunk,3
יצחק שמיר,יצחק שמיר,trunk,2
יצחק שמיר,יצחק שמיר,trunk,2
יגאל ידין,יגאל ידין,trunk,2
הרב דרוק,הרב דרוק,tertiary,2
הרב דרוק,הרב דרוק,tertiary,2
יגאל ידין,יגאל ידין,trunk,3
יגאל ידין,יגאל ידין,trunk,3
"זלמן שז""ר","זלמן שז""ר",secondary,2
מנהרת סילברסטיין,מנהרת סילברסטיין,secondary,2
"זלמן שז""ר","זלמן שז""ר",secondary,2
"זלמן שז""ר","זלמן שז""ר",secondary,2
"זלמן שז""ר","זלמן שז""ר",tertiary,1
"זלמן שז""ר","זלמן שז""ר",tertiary,2
"זלמן שז""ר","זלמן שז""ר",tertiary,2
"לח""י","לח""י",tertiary,1
כביש תל אביב ירושלים,כביש תל אביב ירושלים,trunk,4
בן צבי,בן צבי,secondary,4
בן צבי,בן צבי,secondary,2
לוי אשכול,לוי אשכול,tertiary,2
לוחמי הגטאות,לוחמי הגטאות,tertiary,1
דרך הר הזיתים,דרך הר הזיתים,tertiary,
דרך הר הזיתים,דרך הר הזיתים,tertiary,
דרך הר הזיתים,דרך הר הזיתים,tertiary,2
שכם,שכם,tertiary,
שכם,שכם,tertiary,
דרך הר הזיתים,דרך הר הזיתים,tertiary,
Al-Nashashibi Street,רחוב אל-נששיבי,tertiary,1
סיירת חיגה,סיירת חיגה,tertiary,
טאריק אל מדרס,טאריק אל מדרס,tertiary,
אחמד עלי,אחמד עלי,tertiary,
כביש המנהרות,כביש המנהרות,trunk,
כביש המנהרות,כביש המנהרות,trunk,
הרוזמרין,הרוזמרין,secondary,2
הרב הרצוג,הרב הרצוג,secondary,3
הרב הרצוג,הרב הרצוג,secondary,3
הרב הרצוג,הרב הרצוג,secondary,3
הרב הרצוג,הרב הרצוג,secondary,3
הרב הרצוג,הרב הרצוג,secondary,3
מעלה דרגה,מעלה דרגה,primary,2
מעלה דרגה,מעלה דרגה,primary,2
מעלה דרגה,מעלה דרגה,primary,2
מעלה דרגה,מעלה דרגה,primary,2
משה ברעם,משה ברעם,secondary,2
משה ברעם,משה ברעם,secondary,2
בן יהודה,בן יהודה,tertiary,2
שמואל הנגיד,שמואל הנגיד,tertiary,2
שמואל הנגיד,שמואל הנגיד,tertiary,1
בן יהודה,בן יהודה,tertiary,2
בצלאל,בצלאל,tertiary,2
אוסישקין,אוסישקין,tertiary,
אוסישקין,אוסישקין,tertiary,
יוסף וייץ,יוסף וייץ,tertiary,1
יוסף וייץ,יוסף וייץ,secondary,2
ראמאללה,ראמאללה,trunk,2
שדרות ויצמן,שדרות ויצמן,primary,2
"זלמן שז""ר","זלמן שז""ר",secondary,2
שדרות ויצמן,שדרות ויצמן,primary,6
שדרות ויצמן,שדרות ויצמן,primary,4
מנהרת סילברסטיין,מנהרת סילברסטיין,secondary,2
ירמיהו,ירמיהו,tertiary,3
"המ""ג","המ""ג",tertiary,1
ירמיהו,ירמיהו,tertiary,3
ירמיהו,ירמיהו,tertiary,4
"המ""ג","המ""ג",tertiary,1
ירמיהו,ירמיהו,tertiary,3
ירמיהו,ירמיהו,tertiary,3
ירמיהו,ירמיהו,tertiary,3
ירמיהו,ירמיהו,tertiary,3
שדרות ויצמן,שדרות ויצמן,primary,3
ירמיהו,ירמיהו,tertiary,3
שדרות ויצמן,שדרות ויצמן,primary,3
ירמיהו,ירמיהו,tertiary,3
ירמיהו,ירמיהו,tertiary,4
גולדה מאיר,גולדה מאיר,primary,3
גולדה מאיר,גולדה מאיר,secondary,3
גולדה מאיר,גולדה מאיר,secondary,3
פינס,פינס,tertiary,2
זלמן שניאור,זלמן שניאור,tertiary,2
הרב הרצוג,הרב הרצוג,secondary,3
זלמן שניאור,זלמן שניאור,tertiary,
הרב הרצוג,הרב הרצוג,secondary,3
זלמן שניאור,זלמן שניאור,tertiary,
הרב הרצוג,הרב הרצוג,secondary,2
חיים הזז,חיים הזז,secondary,2
הרב הרצוג,הרב הרצוג,secondary,3
הרב הרצוג,הרב הרצוג,secondary,3
חיים הזז,חיים הזז,secondary,
הרב הרצוג,הרב הרצוג,secondary,
הרב הרצוג,הרב הרצוג,tertiary,1
חיים הזז,חיים הזז,secondary,2
חיים הזז,חיים הזז,secondary,
הרב הרצוג,הרב הרצוג,tertiary,2
דרך עזה,עזה,tertiary,2
הרב הרצוג,הרב הרצוג,tertiary,2
יהודה הנשיא,יהודה הנשיא,tertiary,2
דב יוסף,דב יוסף,secondary,2
דב יוסף,דב יוסף,secondary,2
דב יוסף,דב יוסף,secondary,2
הגננת,הגננת,tertiary,2
אונטרמן,אונטרמן,tertiary,2
דב יוסף,דב יוסף,secondary,2
שבתאי הנגבי,שבתאי הנגבי,tertiary,
"אגודת ספורט בית""ר","אגודת ספורט בית""ר",secondary,2
"אגודת ספורט בית""ר","אגודת ספורט בית""ר",secondary,2
קרית מדע,קרית מדע,tertiary,1
גולדה מאיר,גולדה מאיר,secondary,2
גולדה מאיר,גולדה מאיר,secondary,3
קרית מדע,קרית מדע,tertiary,2
גולדה מאיר,גולדה מאיר,secondary,2
גולדה מאיר,גולדה מאיר,secondary,2
גולדה מאיר,גולדה מאיר,secondary,2
אשר וינר,אשר וינר,secondary,2
מנהרת אשר וינר,מנהרת אשר וינר,secondary,2
אשר וינר,אשר וינר,secondary,3
מנהרת אשר וינר,מנהרת אשר וינר,secondary,2
אשר וינר,אשר וינר,secondary,2
אשר וינר,אשר וינר,secondary,2
גולומב,גולומב,secondary,3
גולומב,גולומב,secondary,3
דב יוסף,דב יוסף,secondary,2
דב יוסף,דב יוסף,secondary,2
יעקב פת,יעקב פת,secondary,2
יעקב פת,יעקב פת,secondary,2
עמיחי פאגלין,עמיחי פאגלין,secondary,3
עמיחי פאגלין,עמיחי פאגלין,secondary,3
מאיר גרוסמן,מאיר גרוסמן,tertiary,
צ'ילה,צ'ילה,tertiary,
צ'ילה,צ'ילה,tertiary,
מאיר גרוסמן,מאיר גרוסמן,tertiary,
מאיר גרוסמן,מאיר גרוסמן,tertiary,
נאהורי,הרב רחמים נאהורי,tertiary,
שדרות נווה יעקב,שדרות נווה יעקב,tertiary,1
נווה יעקב,שדרות נווה יעקב,tertiary,1
שדרות נווה יעקב,שדרות נווה יעקב,tertiary,1
גולדה מאיר,גולדה מאיר,secondary,2
"המשורר אצ""ג","המשורר אצ""ג",tertiary,1
שדרות גולדה מאיר,שדרות גולדה מאיר,primary,3
"המשורר אצ""ג","המשורר אצ""ג",tertiary,1
שדרות גולדה מאיר,שדרות גולדה מאיר,primary,2
רקנאטי,רקנאטי,tertiary,2
רקנאטי,רקנאטי,tertiary,1
שדרות גולדה מאיר,שדרות גולדה מאיר,primary,3
רקנאטי,רקנאטי,tertiary,1
גולדה מאיר,שדרות גולדה מאיר,primary,3
שדרות גולדה מאיר,שדרות גולדה מאיר,primary,3
רקנאטי,רקנאטי,tertiary,1
שדרות גולדה מאיר,שדרות גולדה מאיר,primary,2
שדרות גולדה מאיר,שדרות גולדה מאיר,primary,2
דוד המלך,דוד המלך,tertiary,2
יוסי בן יועזר,יוסי בן יועזר,tertiary,
יצחק שמיר,יצחק שמיר,trunk,2
יצחק אלחנן,יצחק אלחנן,tertiary,
שלום עליכם,שלום עליכם,tertiary,2
משה רחמילביץ,משה רחמילביץ,tertiary,
משה רחמילביץ,משה רחמילביץ,tertiary,
גולומב,גולומב,secondary,2
גולומב,גולומב,secondary,2
גולומב,גולומב,secondary,2
"שח""ל","שח""ל",tertiary,1
הרב הרצוג,הרב הרצוג,secondary,3
גולומב,גולומב,secondary,2
"שח""ל","שח""ל",tertiary,1
"שח""ל","שח""ל",tertiary,1
"שח""ל","שח""ל",tertiary,1
החורש,החורש,tertiary,1
החורש,החורש,tertiary,2
צונדק,צונדק,tertiary,1
רקנאטי,רקנאטי,tertiary,2
רקנאטי,רקנאטי,tertiary,1
צונדק,צונדק,tertiary,2
המרגלית,המרגלית,tertiary,1
המרגלית,המרגלית,tertiary,1
המרגלית,המרגלית,tertiary,1
המרגלית,המרגלית,tertiary,2
شارع القدس,,secondary,
לייב יפה,לייב יפה,tertiary,
שלום עליכם,שלום עליכם,tertiary,2
שלום עליכם,שלום עליכם,tertiary,2
יצחק מודעי,יצחק מודעי,tertiary,2
יצחק מודעי,יצחק מודעי,tertiary,2
יצחק מודעי,יצחק מודעי,tertiary,2
יצחק מודעי,יצחק מודעי,tertiary,1
כביש ירושלים תל אביב,כביש ירושלים תל אביב,trunk,4
כביש ירושלים תל אביב,כביש ירושלים תל אביב,trunk,3
כביש ירושלים תל אביב,כביש ירושלים תל אביב,trunk,3
חכם יצחק עמדי,חכם יצחק עמדי,secondary,2
דוד בן-גוריון,דוד בן-גוריון,primary,3
חברון,חברון,trunk,3
הצנחנים,הצנחנים,trunk,1
חברון,חברון,trunk,2
חיל ההנדסה,חיל ההנדסה,trunk,2
אהרון קציר,אהרון קציר,tertiary,2
קלרמון-גנו,קלרמון-גנו,tertiary,2
גבעת שאול,גבעת שאול,tertiary,2
ירמיהו,ירמיהו,tertiary,1
ירמיהו,ירמיהו,tertiary,2
יפה רום,יפה רום,tertiary,1
לשם,לשם,tertiary,1
צביה ויצחק,צביה ויצחק,tertiary,1
המרגלית,המרגלית,tertiary,2
המרגלית,המרגלית,tertiary,2
המרגלית,המרגלית,tertiary,2
מלכי ישראל,מלכי ישראל,tertiary,2
מלכי ישראל,מלכי ישראל,tertiary,1
ברנדייס,ברנדייס,tertiary,3
מלכי ישראל,מלכי ישראל,tertiary,1
מלכי ישראל,מלכי ישראל,tertiary,1
מלכי ישראל,מלכי ישראל,tertiary,1
הנביאים,הנביאים,tertiary,2
הצנחנים,הצנחנים,trunk,1
סולטן סולימאן,סולטן סולימאן,tertiary,1
יריחו,יריחו,secondary,2
יריחו,יריחו,secondary,2
מעלה השלום,מעלה השלום,tertiary,
יצחק קריב,יצחק קריב,tertiary,3
שלמה המלך,שלמה המלך,tertiary,2
פינס,פינס,tertiary,
ישעיהו,ישעיהו,tertiary,2
צפניה,צפניה,tertiary,
עזרא,עזרא,tertiary,
ישעיהו,ישעיהו,tertiary,1
אגריפס,אגריפס,tertiary,2
מלכי ישראל,מלכי ישראל,tertiary,1
מלכי ישראל,מלכי ישראל,tertiary,2
מלכי ישראל,מלכי ישראל,tertiary,1
תחכמוני,תחכמוני,tertiary,
מלכי ישראל,מלכי ישראל,tertiary,1
מלכי ישראל,מלכי ישראל,tertiary,1
הנביאים,הנביאים,tertiary,2
הנביאים,הנביאים,tertiary,2
הנביאים,הנביאים,tertiary,1
הנביאים,הנביאים,tertiary,1
הנביאים,הנביאים,tertiary,1
הנביאים,הנביאים,tertiary,1
הנביאים,הנביאים,tertiary,1
הנביאים,הנביאים,tertiary,1
הנביאים,הנביאים,tertiary,2
הנביאים,הנביאים,tertiary,2
הנביאים,הנביאים,tertiary,2
הנביאים,הנביאים,tertiary,2
הנביאים,הנביאים,tertiary,1
שבטי ישראל,שבטי ישראל,tertiary,2
הנביאים,הנביאים,tertiary,1
הנביאים,הנביאים,tertiary,2
הנביאים,הנביאים,tertiary,2
כיכר המשקפיים,כיכר המשקפיים,secondary,1
סולטן סולימאן,סולטן סולימאן,tertiary,1
סולטן סולימאן,סולטן סולימאן,tertiary,2
הצנחנים,הצנחנים,tertiary,1
יצחק רבין,יצחק רבין,secondary,3
יצחק רבין,יצחק רבין,secondary,4
יצחק רבין,יצחק רבין,secondary,3
יצחק רבין,יצחק רבין,secondary,3
יצחק רבין,יצחק רבין,secondary,2
בן צבי,בן צבי,secondary,2
בצלאל,בצלאל,tertiary,2
בן צבי,בן צבי,secondary,3
"רמב""ן","רמב""ן",tertiary,
רופין,רופין,tertiary,
ז'בוטינסקי,ז'בוטינסקי,tertiary,2
ז'בוטינסקי,ז'בוטינסקי,tertiary,2
ז'בוטינסקי,ז'בוטינסקי,tertiary,2
קרן היסוד,קרן היסוד,tertiary,1
ז'בוטינסקי,ז'בוטינסקי,tertiary,1
רופין,רופין,tertiary,2
קפלן,קפלן,tertiary,
רופין,רופין,tertiary,2
ירמיהו,ירמיהו,tertiary,2
משה זקס,זקס,tertiary,1
חיים קוליץ,חיים קוליץ,secondary,2
אריה דולצ'ין,אריה דולצ'ין,tertiary,1
אריה דולצ'ין,אריה דולצ'ין,tertiary,1
הכביש האמריקאי,הכביש האמריקאי,primary,2
הכביש האמריקאי,הכביש האמריקאי,primary,2
כביש אמריקאי דרום,כביש אמריקאי דרום,primary,1
הכביש האמריקאי,הכביש האמריקאי,primary,2
הכביש האמריקאי,הכביש האמריקאי,primary,2
הכביש האמריקאי,הכביש האמריקאי,primary,2
כביש אמריקאי דרום,כביש אמריקאי דרום,primary,1
אל-מכפה,אל-מכפה,tertiary,2
גולדה מאיר,גולדה מאיר,primary,3
גולדה מאיר,גולדה מאיר,tertiary,2
משה ברעם,משה ברעם,secondary,2
משה ברעם,משה ברעם,secondary,2
אשר וינר,אשר וינר,secondary,2
דרך חברון,דרך חברון,trunk,2
חברון,חברון,trunk,2
חברון,חברון,trunk,2
טאבאליה,טאבאליה,tertiary,2
חברון,חברון,trunk,3
טאבאליה,טאבאליה,tertiary,1
ארלוזורוב,ארלוזורוב,tertiary,1
דוד מרכוס,דוד מרכוס,tertiary,1
דוד מרכוס,דוד מרכוס,tertiary,1
דוד מרכוס,דוד מרכוס,tertiary,2
דוד מרכוס,דוד מרכוס,tertiary,1
יעקב שסקין,יעקב שסקין,tertiary,2
מרתין לותר קינג,מרתין לותר קינג,tertiary,1
מרתין לותר קינג,מרתין לותר קינג,tertiary,1
מרתין לותר קינג,מרתין לותר קינג,tertiary,2
בית לחם,בית לחם,tertiary,1
בית לחם,בית לחם,tertiary,1
יהודה,יהודה,tertiary,2
דרך חברון,דרך חברון,trunk,2
יהודה,יהודה,tertiary,2
רבקה,רבקה,tertiary,3
דרך חברון,דרך חברון,trunk,3
דרך חברון,דרך חברון,trunk,3
חנוך אלבק,חנוך אלבק,tertiary,2
אגרון,אגרון,tertiary,3
עזה,עזה,tertiary,1
אגרון,אגרון,tertiary,3
"רמב""ן","רמב""ן",tertiary,1
המלך ג׳ורג׳,המלך ג׳ורג׳,tertiary,2
אגרון,אגרון,tertiary,3
אגרון,אגרון,tertiary,3
אגרון,אגרון,tertiary,3
אגרון,אגרון,tertiary,3
אגרון,אגרון,tertiary,3
בן מיימון,בן מיימון,tertiary,3
עזה,עזה,tertiary,2
עזה,עזה,tertiary,2
המלך ג'ורג',המלך ג'ורג',tertiary,2
המלך ג׳ורג׳,המלך ג׳ורג׳,tertiary,1
בן מיימון,בן מיימון,tertiary,2
המלך ג׳ורג׳,המלך ג׳ורג׳,tertiary,1
דרך אריאל שרון,דרך אריאל שרון,trunk,2
מרטין בובר,מרטין בובר,tertiary,
שדרות צ'רצ'יל,צ'רצ'יל,tertiary,
שדרות צ'רצ'יל,שדרות צ'רצ'יל,tertiary,
שערי צדק,שערי צדק,tertiary,1
לבציון,לבציון,tertiary,1
"זלמן שז""ר","זלמן שז""ר",tertiary,1
היכל המשפט,היכל המשפט,tertiary,2
שערי צדק,שערי צדק,tertiary,2
גשר החיים,גשר החיים,tertiary,
שדרות שמואל מאיר,שדרות שמואל מאיר,secondary,2
דרך חברון,דרך חברון,trunk,3
שדרות שמואל מאיר,שדרות שמואל מאיר,secondary,2
דרך אריאל שרון,דרך אריאל שרון,trunk,2
נווה יעקב,שדרות נווה יעקב,tertiary,1
מעגלות הרב פרדס,מעגלות הרב פרדס,tertiary,
שדרות נווה יעקב,שדרות נווה יעקב,tertiary,1
מעגלות הרב פרדס,מעגלות הרב פרדס,tertiary,
מעגלות הרב פרדס,מעגלות הרב פרדס,tertiary,
יגאל ידין,יגאל ידין,trunk,2
יגאל ידין,יגאל ידין,trunk,2
הרב דרוק,הרב דרוק,tertiary,2
הרב דרוק,הרב דרוק,tertiary,1
"אגודת ספורט בית""ר","אגודת ספורט בית""ר",secondary,2
אהרון שולוב,אהרון שולוב,tertiary,2
אהרון שולוב,אהרון שולוב,tertiary,
יצחק מודעי,יצחק מודעי,secondary,5
"אגודת ספורט בית""ר","אגודת ספורט בית""ר",secondary,3
יצחק מודעי,יצחק מודעי,secondary,2
דוד בנבנישתי,דוד בנבנישתי,secondary,3
"אגודת ספורט בית""ר","אגודת ספורט בית""ר",secondary,2
יצחק מודעי,יצחק מודעי,secondary,4
דוד בנבנישתי,דוד בנבנישתי,secondary,3
דוד בנבנישתי,דוד בנבנישתי,secondary,3
"אגודת ספורט בית""ר","אגודת ספורט בית""ר",secondary,2
אגודת ספורט מכבי,אגודת ספורט מכבי,tertiary,2
אגודת ספורט מכבי,אגודת ספורט מכבי,tertiary,2
אגודת ספורט מכבי,אגודת ספורט מכבי,tertiary,2
דוד בן-גוריון,דוד בן-גוריון,primary,3
דוד בן-גוריון,דוד בן-גוריון,primary,3
דוד בן-גוריון,דוד בן-גוריון,primary,3
דוד בן-גוריון,דוד בן-גוריון,primary,3
דוד בן-גוריון,דוד בן-גוריון,primary,3
מנחם בגין,מנחם בגין,motorway,3
גבעת שאול,גבעת שאול,tertiary,
מגיני ירושלים,מגיני ירושלים,tertiary,2
שדרות ויצמן,שדרות ויצמן,primary,5
הרב צבי יהודה,הרב צבי יהודה,tertiary,2
ימין אבות,ימין אבות,tertiary,1
הרב צבי יהודה,הרב צבי יהודה,tertiary,2
בית הדפוס,בית הדפוס,tertiary,2
בית הדפוס,בית הדפוס,tertiary,2
בית הדפוס,בית הדפוס,tertiary,2
פרבשטיין,פרבשטיין,tertiary,2
פרבשטיין,פרבשטיין,tertiary,2
פרבשטיין,פרבשטיין,tertiary,2
ימין אבות,ימין אבות,tertiary,1
פרבשטיין,פרבשטיין,tertiary,2
עקיבא אזולאי,עקיבא אזולאי,tertiary,1
כנפי נשרים,כנפי נשרים,tertiary,2
כנפי נשרים,כנפי נשרים,tertiary,2
כנפי נשרים,כנפי נשרים,tertiary,2
כנפי נשרים,כנפי נשרים,tertiary,2
כנפי נשרים,כנפי נשרים,tertiary,2
כנפי נשרים,כנפי נשרים,tertiary,2
כנפי נשרים,כנפי נשרים,tertiary,2
עולי הגרדום,עולי הגרדום,tertiary,2
אבו רביע,אבו רביע,tertiary,
בדאיה,בדאיה,tertiary,
الشياح,א שיח',tertiary,
ד'את אל-נטאקין,ד'את אל-נטאקין,tertiary,2
אל מראבטין,אל מראבטין,tertiary,2
כפר עציון,כפר עציון,tertiary,
חרשי ברזל,חרשי ברזל,tertiary,1
האומן,האומן,tertiary,2
האומן,האומן,tertiary,2
ג'בל אל ג'דיד,ג'בל אל ג'דיד,tertiary,
מדרסה אל ג'דידה,אל מדרסה אל ג'דידה,tertiary,
אל חורי אסקנדר,אל חורי אסקנדר,tertiary,
יעקב שסקין,יעקב שסקין,tertiary,1
אל-ח'לה,אל-ח'לה,tertiary,2
שרפאת,שרפאת,tertiary,2
תורה ועבודה,תורה ועבודה,tertiary,
החלמית,החלמית,tertiary,2
יריחו,יריחו,secondary,
יריחו,יריחו,secondary,
יריחו,יריחו,secondary,
יריחו,יריחו,secondary,
יריחו,יריחו,secondary,
الشياح,א שיח',tertiary,
שכם,שכם,tertiary,2
חיים ברלב,חיים ברלב,trunk,2
שכם,שכם,tertiary,2
שכם,שכם,tertiary,2
חיים ברלב,חיים ברלב,trunk,2
חיים ברלב,חיים ברלב,trunk,2
חיים ברלב,חיים ברלב,trunk,3
חיים ברלב,חיים ברלב,trunk,3
חיים ברלב,חיים ברלב,trunk,3
חיים ברלב,חיים ברלב,trunk,3
שכם,שכם,tertiary,
שכם,שכם,tertiary,2
שכם,שכם,tertiary,1
"מח""ל","מח""ל",tertiary,1
שכם,שכם,tertiary,1
שכם,שכם,tertiary,2
קלרמון-גנו,קלרמון-גנו,tertiary,1
מרטין בובר,מרטין בובר,tertiary,
שדרות שיירת הר הצופים,שדרות שיירת הר הצופים,tertiary,
שדרות שיירת הר הצופים,שיירת הר הצופים,tertiary,
בנימין מזר,מזר בנימין,tertiary,
מרטין בובר,מרטין בובר,tertiary,
מרטין בובר,מרטין בובר,tertiary,
מרטין בובר,מרטין בובר,tertiary,
מרטין בובר,מרטין בובר,tertiary,
בנימין מזר,בנימין מזר,tertiary,
בנימין מזר,בנימין מזר,tertiary,
מרטין בובר,מרטין בובר,tertiary,
מרטין בובר,מרטין בובר,tertiary,
מרטין בובר,מרטין בובר,tertiary,
מרטין בובר,מרטין בובר,tertiary,
מרטין בובר,מרטין בובר,tertiary,
מרטין בובר,מרטין בובר,tertiary,
מרטין בובר,מרטין בובר,tertiary,
מרטין בובר,מרטין בובר,tertiary,
מרטין בובר,מרטין בובר,tertiary,
מרטין בובר,מרטין בובר,tertiary,
דני אנג'ל,דני אנג'ל,tertiary,2
גולדה מאיר,גולדה מאיר,secondary,3
גולדה מאיר,גולדה מאיר,secondary,2
קרית מדע,קרית מדע,tertiary,
מנחם בגין,מנחם בגין,motorway,2
מנחם בגין,מנחם בגין,motorway,3
מנחם בגין,מנחם בגין,motorway,2
מנחם בגין,מנחם בגין,motorway,3
מנחם בגין,מנחם בגין,motorway,2
מנחם בגין,מנחם בגין,motorway,2
כביש המנהרות,כביש המנהרות,trunk,1
גולומב,גולומב,secondary,2
גולומב,גולומב,secondary,5
"אגודת ספורט בית""ר","אגודת ספורט בית""ר",secondary,2
"אגודת ספורט בית""ר","אגודת ספורט בית""ר",secondary,1
"אגודת ספורט בית""ר","אגודת ספורט בית""ר",secondary,3
הרוזמרין,הרוזמרין,trunk,2
הרוזמרין,הרוזמרין,secondary,2
הרוזמרין,הרוזמרין,secondary,2
כביש המנהרות,כביש המנהרות,trunk,2
הרוזמרין,הרוזמרין,trunk,2
הרוזמרין,הרוזמרין,secondary,2
"שח""ל","שח""ל",tertiary,2
מנחם בגין,מנחם בגין,motorway,2
מנחם בגין,מנחם בגין,motorway,3
עבד אלחמיד שומאן,עבד אלחמיד שומאן,secondary,2
יעקובזון,יעקובזון,tertiary,2
גבעת משה,גבעת משה,tertiary,
עלי הכהן,עלי הכהן,tertiary,
עלי הכהן,עלי הכהן,tertiary,
הנביאים,הנביאים,tertiary,2
גולדה מאיר,גולדה מאיר,tertiary,2
גבעת משה,גבעת משה,tertiary,
שדרות שמואל מאיר,שדרות שמואל מאיר,tertiary,2
כביש המנהרות,כביש המנהרות,trunk,2
הרוזמרין,הרוזמרין,secondary,2
המור,המור,tertiary,
שדרות שמואל מאיר,שדרות שמואל מאיר,tertiary,2
ליכטנשטיין,ליכטנשטיין,tertiary,
שדרות שמואל מאיר,שדרות שמואל מאיר,tertiary,2
הרב יצחק ניסים,הרב יצחק ניסים,tertiary,
יצחק ניסים,יצחק ניסים,tertiary,
שדרות שמואל מאיר,שדרות שמואל מאיר,secondary,2
חברון,חברון,trunk,3
מנחם בגין,מנחם בגין,motorway,3
יצחק רבין,יצחק רבין,secondary,4
גולומב,גולומב,secondary,4
מנחם בגין,מנחם בגין,motorway,3
מנחם בגין,מנחם בגין,motorway,2
שדרות שמואל מאיר,שדרות שמואל מאיר,secondary,2
חברון,חברון,trunk,3
התעשיה,התעשיה,tertiary,
התעשיה,התעשיה,tertiary,
האומן,האומן,tertiary,
שמואל בייט,שמואל בייט,tertiary,2
שמואל בייט,שמואל בייט,tertiary,2
הרצל,הרצל,tertiary,2
הרצל,הרצל,tertiary,2
שמואל בייט,שמואל בייט,tertiary,2
הרצל,הרצל,tertiary,2
שמואל בייט,שמואל בייט,tertiary,2
יפה נוף,יפה נוף,primary,2
שמואל בייט,שמואל בייט,tertiary,2
יפה נוף,יפה נוף,primary,2
הרצל,הרצל,tertiary,3
יפה נוף,יפה נוף,primary,2
יפה נוף,יפה נוף,primary,2
שמואל בייט,שמואל בייט,tertiary,2
שמואל בייט,שמואל בייט,tertiary,4
שמואל בייט,שמואל בייט,tertiary,2
שמואל בייט,שמואל בייט,tertiary,2
הרצל,הרצל,tertiary,2
הרצל,הרצל,tertiary,2
שמואל בייט,שמואל בייט,tertiary,2
אביזוהר,אביזוהר,tertiary,1
אביזוהר,אביזוהר,tertiary,
שמואל בייט,שמואל בייט,tertiary,2
משה ברעם,משה ברעם,secondary,2
האומן,האומן,tertiary,1
האומן,האומן,tertiary,
התעשיה,התעשיה,tertiary,1
מנחם בגין,מנחם בגין,motorway,3
מנחם בגין,מנחם בגין,motorway,3
דוד בנבנישתי,דוד בנבנישתי,secondary,3
גולדה מאיר,גולדה מאיר,primary,2
אסירי ציון,אסירי ציון,tertiary,2
אסירי ציון,אסירי ציון,tertiary,1
שיבת ציון,שיבת ציון,tertiary,3
יגאל אלון,יגאל אלון,tertiary,2
הארי טרומן,הארי טרומן,tertiary,2
הארי טרומן,הארי טרומן,tertiary,3
יגאל אלון,יגאל אלון,tertiary,2
שדרות גולדה מאיר,שדרות גולדה מאיר,primary,3
שדרות גולדה מאיר,שדרות גולדה מאיר,primary,3
הקונגרס הציוני,הקונגרס הציוני,tertiary,2
גולדה מאיר,שדרות גולדה מאיר,primary,2
הקונגרס הציוני,הקונגרס הציוני,tertiary,1
שדרות גולדה מאיר,שדרות גולדה מאיר,primary,2
שדרות גולדה מאיר,שדרות גולדה מאיר,primary,3
"הרוא""ה",הרואה,tertiary,2
הרוא''ה,הרוא''ה,tertiary,1
הרוא''ה,הרוא''ה,tertiary,2
שיבת ציון,שיבת ציון,tertiary,2
אסירי ציון,אסירי ציון,tertiary,1
גולדה מאיר,שדרות גולדה מאיר,primary,2
שיבת ציון,שיבת ציון,tertiary,3
הארי טרומן,הארי טרומן,tertiary,2
גולדה מאיר,גולדה מאיר,primary,3
יגאל אלון,יגאל אלון,tertiary,2
גולדה מאיר,גולדה מאיר,primary,2
גולדה מאיר,גולדה מאיר,primary,2
יצחק מירסקי,יצחק מירסקי,tertiary,1
יצחק מירסקי,יצחק מירסקי,tertiary,2
מוזס,מוזס זגפריד,tertiary,
"בית""ר","בית""ר",tertiary,2
רבקה,רבקה,tertiary,2
יוסף בורג,יוסף בורג,tertiary,2
המוזיאונים,המוזיאונים,tertiary,
יואל זוסמן,יואל זוסמן,tertiary,3
דניאל ינובסקי,ינובסקי,tertiary,
"בית""ר","בית""ר",tertiary,
אליהו לנקין,אליהו לנקין,tertiary,
המוזיאונים,המוזיאונים,tertiary,3
רופין,רופין,tertiary,2
"המ""ג",המג,tertiary,2
ראשון לציון,ראשון לציון,tertiary,2
"המ""ג","המ""ג",tertiary,2
יהודה בורלא,יהודה בורלא,tertiary,
בן מיימון,בן מיימון,tertiary,2
דב בר בורוכוב,דב בר בורוכוב,tertiary,
דב בר בורוכוב,דב בר בורוכוב,tertiary,
ורבורג,ורבורג,tertiary,
דב בר בורוכוב,דב בר בורוכוב,tertiary,
דב בר בורוכוב,דב בר בורוכוב,tertiary,2
דב בר בורוכוב,דב בר בורוכוב,tertiary,2
טהון,טהון,secondary,1
אורוגואי,אורוגואי,tertiary,2
בוליביה,בוליביה,tertiary,
גולומב,גולומב,secondary,2
בוליביה,בוליביה,tertiary,
רבן יוחנן בן זכאי,רבן יוחנן בן זכאי,tertiary,
פייר קניג,פייר קניג,tertiary,2
האומן,האומן,tertiary,1
התעשיה,התעשיה,tertiary,1
דרך גן החיות,דרך גן החיות,secondary,2
הפסגה,הפיסגה,tertiary,
מנחם בגין,מנחם בגין,motorway,2
בנימין מינץ,בנימין מינץ,tertiary,2
הרוזמרין,הרוזמרין,secondary,2
הרוזמרין,הרוזמרין,secondary,2
א-סאפא,א-סאפא,tertiary,2
המור,המור,tertiary,2
הרוזמרין,הרוזמרין,secondary,3
שלמה דוגה,שלמה דוגה,tertiary,2
הרוזמרין,הרוזמרין,secondary,2
המור,המור,tertiary,1
הרוזמרין,הרוזמרין,secondary,2
ירמיהו,ירמיהו,tertiary,1
אריה דולצ'ין,אריה דולצ'ין,tertiary,1
אריה דולצ'ין,אריה דולצ'ין,tertiary,2
אריה דולצ'ין,אריה דולצ'ין,tertiary,2
דניאל ינובסקי,דניאל ינובסקי,tertiary,1
דניאל ינובסקי,דניאל ינובסקי,tertiary,
העסקן,העסקן,tertiary,
העסקן,העסקן,tertiary,2
א.ש. הרטום,א.ש. הרטום,tertiary,2
גולדה מאיר,גולדה מאיר,tertiary,2
גולדה מאיר,גולדה מאיר,secondary,2
גולדה מאיר,גולדה מאיר,tertiary,2
גולדה מאיר,גולדה מאיר,secondary,2
שלמה מוסיוף,שלמה מוסיוף,tertiary,
ישא ברכה,ישא ברכה,tertiary,
רקנאטי,רקנאטי,tertiary,1
רקנאטי,רקנאטי,tertiary,2
גבעת שאול,גבעת שאול,tertiary,
גבעת שאול,גבעת שאול,tertiary,
התנופה,התנופה,tertiary,2
משה ברעם,משה ברעם,secondary,3
הרפובליקה הדומיניקנית,הרפובליקה הדומיניקנית,tertiary,1
שדרות צ'רצ'יל,שדרות צ'רצ'יל,tertiary,1
דרך אריאל שרון,דרך אריאל שרון,trunk,2
שמואל בייט,שמואל בייט,tertiary,2
הרב דרוק,הרב דרוק,tertiary,2
הרב דרוק,הרב דרוק,tertiary,1
הרב דרוק,הרב דרוק,tertiary,2
הגננת,הגננת,tertiary,2
דב יוסף,דב יוסף,secondary,2
אגודת ספורט מכבי,אגודת ספורט מכבי,tertiary,2
דוד איילון,דוד איילון,tertiary,1
דוד איילון,דוד איילון,tertiary,1
דוד איילון,דוד איילון,tertiary,2
אגודת ספורט הפועל,אגודת ספורט הפועל,tertiary,2
אגודת ספורט הפועל,אגודת ספורט הפועל,tertiary,2
יצחק מודעי,יצחק מודעי,secondary,2
אגודת ספורט הפועל,אגודת ספורט הפועל,tertiary,2
אגודת ספורט הפועל,אגודת ספורט הפועל,tertiary,2
יצחק מודעי,יצחק מודעי,tertiary,2
יצחק מודעי,יצחק מודעי,secondary,2
יצחק מודעי,יצחק מודעי,secondary,2
החורש,החורש,tertiary,1
צונדק,צונדק,tertiary,2
צונדק,צונדק,tertiary,2
החורש,החורש,tertiary,1
צונדק,צונדק,tertiary,2
החורש,החורש,tertiary,1
החורש,החורש,tertiary,1
יגאל אלון,יגאל אלון,tertiary,2
החורש,החורש,tertiary,1
יגאל אלון,יגאל אלון,tertiary,2
יגאל אלון,יגאל אלון,tertiary,2
החורש,החורש,tertiary,1
בצלאל,בצלאל,tertiary,2
בצלאל,בצלאל,tertiary,2
בן יהודה,בן יהודה,tertiary,1
יהודה הנשיא,יהודה הנשיא,tertiary,2
יעקב פת,יעקב פת,secondary,2
יעקב פת,יעקב פת,secondary,2
יעקב פת,יעקב פת,secondary,2
אל-קסר,אל-קסר,tertiary,
כביש 21 (ירושלים),כביש 21 (ירושלים),secondary,
כביש 21 (ירושלים),כביש 21 (ירושלים),secondary,
כביש 21 (ירושלים),כביש 21 (ירושלים),secondary,
כביש 21 (ירושלים),כביש 21 (ירושלים),secondary,
כביש 21 (ירושלים),כביש 21 (ירושלים),secondary,
כביש 21 (ירושלים),כביש 21 (ירושלים),secondary,
כביש 21 (ירושלים),כביש 21 (ירושלים),secondary,
כביש 21 (ירושלים),כביש 21 (ירושלים),secondary,
שיירת עטרות,שיירת עטרות,secondary,
שיירת עטרות,שיירת עטרות,tertiary,
כביש 21 (ירושלים),כביש 21 (ירושלים),secondary,
כביש 21 (ירושלים),כביש 21 (ירושלים),secondary,
כביש 21 (ירושלים),כביש 21 (ירושלים),secondary,
כביש 21 (ירושלים),כביש 21 (ירושלים),secondary,
כביש 21 (ירושלים),כביש 21 (ירושלים),secondary,
כביש 21 (ירושלים),כביש 21 (ירושלים),secondary,
כביש 21 (ירושלים),כביש 21 (ירושלים),secondary,
כביש 21 (ירושלים),כביש 21 (ירושלים),secondary,
כביש 21 (ירושלים),כביש 21 (ירושלים),secondary,
כביש 21 (ירושלים),כביש 21 (ירושלים),secondary,
מקסימוס צאייג,מקסימוס צאייג,tertiary,
אל מקדש,אל מקדש,secondary,1
סולטן סולימאן,סולטן סולימאן,tertiary,1
סולטן סולימאן,סולטן סולימאן,tertiary,2
סולטן סולימאן,סולטן סולימאן,tertiary,2
יריחו,יריחו,secondary,1
יריחו,יריחו,secondary,2
יריחו,יריחו,secondary,2
יריחו,יריחו,secondary,2
יריחו,יריחו,secondary,1
יריחו,יריחו,secondary,1
העופל,העופל,tertiary,3
יריחו,יריחו,secondary,1
יריחו,יריחו,secondary,2
העופל,העופל,tertiary,3
יריחו,יריחו,secondary,1
סולטן סולימאן,סולטן סולימאן,tertiary,3
אל מקדש,אל מקדש,secondary,2
אל מקדש,אל מקדש,secondary,2
סולטן סולימאן,סולטן סולימאן,tertiary,3
סולטן סולימאן,סולטן סולימאן,tertiary,1
סולטן סולימאן,סולטן סולימאן,tertiary,1
שמואל בן עדיה,שמואל בן עדיה,tertiary,2
יריחו,יריחו,secondary,2
סולטן סולימאן,סולטן סולימאן,tertiary,2
شارع السلطان سليمان,סולטן סולימאן,tertiary,2
הרב דרוק,הרב דרוק,tertiary,
קלמן יעקב מן,קלמן יעקב מן,primary,2
אסטורה,אסטורה,tertiary,
אסטורה,אסטורה,tertiary,
מעגלות הרב פרדס,פרדס,tertiary,
אסטורה,אסטורה,tertiary,
מעגלות הרב פרדס,פרדס,tertiary,2
מעגלות הרב פרדס,מעגלות הרב פרדס,tertiary,
אסטורה,אסטורה,tertiary,
הרב צבי יהודה,הרב צבי יהודה,tertiary,1
דב יוסף,דב יוסף,secondary,2
מנהרת ידין,מנהרת ידין,trunk,2
מנחם בגין,מנחם בגין,motorway,4
מנחם בגין,מנחם בגין,motorway,3
מנחם בגין,מנחם בגין,motorway,4
מנחם בגין,מנחם בגין,motorway,3
מנהרת ידין,מנהרת ידין,trunk,2
מנהרת ידין,מנהרת ידין,trunk,2
מנהרת ידין,מנהרת ידין,trunk,2
מנהרת ידין,מנהרת ידין,trunk,2
מנהרת ידין,מנהרת ידין,trunk,2
שיירת עטרות,שיירת עטרות,secondary,2
שיירת עטרות,שיירת עטרות,secondary,2
אל-מכפה,אל-מכפה,tertiary,2
רופין,רופין,tertiary,2
רופין,רופין,tertiary,2
רופין,רופין,tertiary,2
יצחק רבין,יצחק רבין,secondary,3
כיכר צ'יאונה סוגיהארה,כיכר צ'יאונה סוגיהארה,secondary,2
אגריפס,אגריפס,tertiary,1
אגריפס,אגריפס,tertiary,1
דוד בן-גוריון,דוד בן-גוריון,primary,3
שערי צדק,שערי צדק,tertiary,1
הרב שמואל ברוך,הרב שמואל ברוך,tertiary,2
שערי צדק,שערי צדק,tertiary,1
הרב שמואל ברוך,הרב שמואל ברוך,tertiary,2
הרב שמואל ברוך,הרב שמואל ברוך,tertiary,2
שערי צדק,שערי צדק,tertiary,1
הרב שמואל ברוך,הרב שמואל ברוך,tertiary,2
הרב שמואל ברוך,הרב שמואל ברוך,tertiary,3
שערי צדק,שערי צדק,tertiary,2
יפו,יפו,tertiary,1
שדרות ויצמן,שדרות ויצמן,primary,3
שדרות משה דיין,שדרות משה דיין,tertiary,1
סיירת דוכיפת,סיירת דוכיפת,secondary,2
סיירת דוכיפת,סיירת דוכיפת,secondary,2
פייר קניג,פייר קניג,tertiary,2
מאה שערים,מאה שערים,tertiary,
שבטי ישראל,שבטי ישראל,tertiary,1
שבטי ישראל,שבטי ישראל,tertiary,1
שבטי ישראל,שבטי ישראל,tertiary,1
מאה שערים,מאה שערים,tertiary,
"זלמן שז""ר","זלמן שז""ר",secondary,2
בן צבי,בן צבי,secondary,2
הנשיא השישי,הנשיא השישי,tertiary,2
רוטשילד,רוטשילד,tertiary,1
רוטשילד,רוטשילד,tertiary,1
יוסף בורג,יוסף בורג,tertiary,2
יצחק רבין,יצחק רבין,secondary,3
יוסף בורג,יוסף בורג,tertiary,2
יצחק רבין,יצחק רבין,secondary,3
יצחק רבין,יצחק רבין,secondary,2
יצחק רבין,יצחק רבין,secondary,3
יוסף בורג,יוסף בורג,tertiary,2
יצחק רבין,יצחק רבין,secondary,3
יצחק רבין,יצחק רבין,secondary,3
יצחק רבין,יצחק רבין,secondary,2
הנשיא השישי,הנשיא השישי,tertiary,3
הנשיא השישי,הנשיא השישי,tertiary,3
יואל זוסמן,יואל זוסמן,tertiary,3
יואל זוסמן,יואל זוסמן,tertiary,2
יואל זוסמן,יואל זוסמן,tertiary,
יואל זוסמן,יואל זוסמן,tertiary,2
יואל זוסמן,יואל זוסמן,tertiary,2
הנשיא השישי,הנשיא השישי,tertiary,3
הרב אברהם שפירא,הרב אברהם שפירא,tertiary,1
יוסף בורג,יוסף בורג,tertiary,
יוסף בורג,יוסף בורג,tertiary,1
חיים מרינוב,חיים מרינוב,tertiary,
לייב יפה,לייב יפה,secondary,
אליהו לנקין,אליהו לנקין,tertiary,
כיכר רמז,כיכר רמז,tertiary,1
כיכר רמז,כיכר רמז,tertiary,1
קרל נטר,קרל נטר,tertiary,1
חיים ברלב,חיים ברלב,trunk,2
קלרמון-גנו,קלרמון-גנו,tertiary,1
שכם,שכם,tertiary,2
לוחמי הגטאות,לוחמי הגטאות,tertiary,2
ההגנה,ההגנה,tertiary,1
ההגנה,ההגנה,tertiary,1
"האצ""ל","האצ""ל",tertiary,1
"לח""י","לח""י",tertiary,1
"לח""י","לח""י",tertiary,1
"לח""י","לח""י",tertiary,1
כביש אמריקאי דרום,כביש אמריקאי דרום,primary,1
כביש אמריקאי דרום,כביש אמריקאי דרום,primary,1
הנרייטה סאלד,הנרייטה סאלד,secondary,2
יצחק רבין,יצחק רבין,secondary,2
יצחק רבין,יצחק רבין,secondary,3
הרצל,הרצל,primary,2
חיים קוליץ,חיים קוליץ,secondary,2
כיכר צ'יאונה סוגיהארה,כיכר צ'יאונה סוגיהארה,secondary,2
פרבשטיין,פרבשטיין,tertiary,3
פרבשטיין,פרבשטיין,tertiary,3
חיים ברלב,חיים ברלב,trunk,5
הרב שמואל ברוך,הרב שמואל ברוך,tertiary,3
יוסף וייץ,יוסף וייץ,tertiary,2
כביש המנהרות,כביש המנהרות,trunk,2
הנשיא השישי,הנשיא השישי,tertiary,2
גרשון שקד,גרשון שקד,tertiary,1
"שח""ל","שח""ל",tertiary,1
"שח""ל","שח""ל",tertiary,1
"שח""ל","שח""ל",tertiary,1
"שח""ל","שח""ל",tertiary,1
האומן,האומן,tertiary,2
רב החובל,רב החובל,tertiary,2
רב החובל,רב החובל,tertiary,2
ככר יהודה בראשי,ככר יהודה בראשי,tertiary,1
ככר יהודה בראשי,ככר יהודה בראשי,tertiary,1
כיכר אורד וינגייט,כיכר אורד וינגייט,tertiary,
ישעיהו,ישעיהו,tertiary,2
קרן היסוד,קרן היסוד,tertiary,2
אגרון,אגרון,tertiary,1
המלך ג׳ורג׳,המלך ג׳ורג׳,tertiary,1
דוד המלך,דוד המלך,tertiary,2
בית לחם,בית לחם,tertiary,2
בית לחם,בית לחם,tertiary,1
דוד המלך,דוד המלך,tertiary,1
דוד המלך,דוד המלך,tertiary,2
דוד המלך,דוד המלך,tertiary,1
דוד רמז,דוד רמז,tertiary,1
דוד רמז,דוד רמז,tertiary,1
בית לחם,בית לחם,tertiary,1
בית לחם,בית לחם,tertiary,1
בית לחם,בית לחם,tertiary,1
דוד המלך,דוד המלך,tertiary,1
קרן היסוד,קרן היסוד,tertiary,1
אגודת ספורט מכבי,אגודת ספורט מכבי,tertiary,2
יצחק רבין,יצחק רבין,secondary,2
רופין,רופין,tertiary,2
שמואל וייז,שמואל וייז,tertiary,2
רופין,רופין,tertiary,2
רופין,רופין,tertiary,3
חיים הזז,חיים הזז,secondary,2
בני בתירא,בני בתירא,tertiary,2
קדיש לוז,קדיש לוז,tertiary,2
קדיש לוז,קדיש לוז,tertiary,
פרנק,הרב פרנק,tertiary,
הפיסגה,הפיסגה,tertiary,1
פרבשטיין,פרבשטיין,primary,3
פרבשטיין,פרבשטיין,secondary,2
"האדמו""רים ליינער","האדמו""רים ליינער",tertiary,
גולדה מאיר,גולדה מאיר,tertiary,2
המרפא,המרפא,tertiary,1
המרפא,המרפא,tertiary,1
המרפא,המרפא,tertiary,2
גולדה מאיר,גולדה מאיר,tertiary,2
מרדכי איש שלום,מרדכי איש שלום,primary,2
אריה דולצ'ין,אריה דולצ'ין,tertiary,
אריה דולצ'ין,אריה דולצ'ין,tertiary,
חיל ההנדסה,חיל ההנדסה,trunk,2
Al-Nashashibi Street,רחוב אל-נששיבי,tertiary,1
מרטין בובר,מרטין בובר,tertiary,
בנימין מזר,בנימין מזר,tertiary,
חיל ההנדסה,חיל ההנדסה,trunk,2
"רמב""ן","רמב""ן",tertiary,
יוסי בן יועזר,יוסי בן יועזר,tertiary,
דוד המלך,דוד המלך,tertiary,
יצחק קריב,יצחק קריב,tertiary,
דוד המלך,דוד המלך,tertiary,2
"כי""ח","כי""ח",tertiary,2
בית לחם,בית לחם,tertiary,1
"אגודת ספורט בית""ר","אגודת ספורט בית""ר",secondary,1
אהרון קציר,אהרון קציר,tertiary,2
שדרות האוניברסיטה העברית,שדרות האוניברסיטה העברית,secondary,3
שלמה המלך,שלמה המלך,tertiary,2
אגרון,אגרון,tertiary,3
הנרייטה סאלד,הנרייטה סאלד,secondary,2
קלמן יעקב מן,קלמן יעקב מן,primary,2
אריה דולצ'ין,אריה דולצ'ין,tertiary,2
קרית היובל,קרית היובל,secondary,2
אריה דולצ'ין,אריה דולצ'ין,tertiary,1
פרץ ברנשטיין,פרץ ברנשטיין,tertiary,
פרץ ברנשטיין,פרץ ברנשטיין,tertiary,
נזר דוד,נזר דוד,tertiary,
נזר דוד,נזר דוד,tertiary,
הרצל,הרצל,primary,2
נזר דוד,נזר דוד,tertiary,
נזר דוד,נזר דוד,tertiary,
טשרניחובסקי,טשרניחובסקי,tertiary,
הנביאים,הנביאים,tertiary,2
האלוף עוזי נרקיס,האלוף עוזי נרקיס,trunk,
השישה עשר,השישה עשר,tertiary,
שדרות נווה יעקב,שדרות נווה יעקב,tertiary,
שדרות נווה יעקב,שדרות נווה יעקב,tertiary,
שדרות משה דיין,שדרות משה דיין,tertiary,
חיים ברלב,חיים ברלב,trunk,3
בני בתירא,בני בתירא,tertiary,
יעקב פת,יעקב פת,secondary,2
הרב הרצוג,הרב הרצוג,secondary,2
אורוגואי,אורוגואי,tertiary,
צ'ילה,צ'ילה,tertiary,2
יוסף בורג,יוסף בורג,tertiary,2
שמעון הצדיק,שמעון הצדיק,tertiary,
האלוף עוזי נרקיס,האלוף עוזי נרקיס,trunk,5
עמיחי פאגלין,עמיחי פאגלין,secondary,2
מעגלות הרב פרדס,מעגלות הרב פרדס,tertiary,2
וינוגרד,וינוגרד,tertiary,
שדרות נווה יעקב,שדרות נווה יעקב,tertiary,
שדרות נווה יעקב,שדרות נווה יעקב,tertiary,1
שדרות נווה יעקב,שדרות נווה יעקב,tertiary,
שדרות משה דיין,שדרות משה דיין,tertiary,
עמיחי פאגלין,עמיחי פאגלין,secondary,3
גולומב,גולומב,secondary,3
דרך גן החיות,דרך גן החיות,secondary,2
עין כרם,עין כרם,primary,
עין כרם,עין כרם,primary,2
שמואל בייט,שמואל בייט,tertiary,2
שמואל בייט,שמואל בייט,tertiary,2
שמואל בייט,שמואל בייט,tertiary,2
אביזוהר,אביזוהר,tertiary,
עין כרם,עין כרם,primary,1
פסח חברוני,פסח חברוני,tertiary,1
המור,המור,tertiary,
המור,המור,tertiary,
מנחם בגין,מנחם בגין,motorway,3
הקונגרס הציוני,הקונגרס הציוני,tertiary,
רקנאטי,רקנאטי,tertiary,
הקונגרס הציוני,הקונגרס הציוני,tertiary,2
שדרות גולדה מאיר,שדרות גולדה מאיר,primary,3
שיבת ציון,שיבת ציון,tertiary,2
שיבת ציון,שיבת ציון,tertiary,2
סולם יעקב,סולם יעקב,tertiary,1
סולם יעקב,סולם יעקב,tertiary,
הרא''ה,הרוא''ה,tertiary,
יצחק מירסקי,יצחק מירסקי,tertiary,
יצחק מירסקי,יצחק מירסקי,tertiary,
הראה,הרוא'ה,tertiary,
הרוא''ה,הרוא''ה,tertiary,
שיבת ציון,שיבת ציון,tertiary,2
שיבת ציון,שיבת ציון,tertiary,2
שדרות גולדה מאיר,שדרות גולדה מאיר,primary,2
שדרות גולדה מאיר,שדרות גולדה מאיר,primary,2
גולדה מאיר,שדרות גולדה מאיר,primary,2
רקנאטי,רקנאטי,tertiary,
גולדה מאיר,גולדה מאיר,primary,3
לשם,לשם,tertiary,1
המרגלית,המרגלית,tertiary,
שדרות גולדה מאיר,שדרות גולדה מאיר,primary,2
בנימין מינץ,בנימין מינץ,tertiary,1
מירסקי יצחק,מירסקי יצחק,tertiary,
יצחק רבין,יצחק רבין,secondary,4
שדרות גולדה מאיר,שדרות גולדה מאיר,primary,3
יואל זוסמן,יואל זוסמן,tertiary,2
יצחק רבין,יצחק רבין,secondary,2
הרב רפאל קצנלבוגן,הרב רפאל קצנלבוגן,tertiary,
"הפלמ""ח","הפלמ""ח",tertiary,
"הפלמ""ח","הפלמ""ח",tertiary,
הנשיא,הנשיא,tertiary,
הנשיא,הנשיא,tertiary,
שופן,שופן,tertiary,1
שופן,שופן,tertiary,1
הנשיא,הנשיא,tertiary,
הנשיא,הנשיא,tertiary,
הנשיא,הנשיא,tertiary,
הנשיא,הנשיא,tertiary,
"האר""י","האר""י",tertiary,1
הנשיא,הנשיא,tertiary,
טאבאליה,טאבאליה,tertiary,2
הרצל,הרצל,primary,
שדרות וולפסון,שדרות וולפסון,tertiary,2
שדרות וולפסון,שדרות וולפסון,tertiary,2
המוזיאונים,המוזיאונים,tertiary,2
הנשיא השישי,הנשיא השישי,tertiary,2
בן צבי,בן צבי,secondary,
בן צבי,בן צבי,secondary,
שדרות גולדה מאיר,שדרות גולדה מאיר,primary,3
סולם יעקב,סולם יעקב,tertiary,1
שיבת ציון,שיבת ציון,tertiary,2
קהילת יעקב,קהילת יעקב,tertiary,
"חזון אי""ש",חזון איש,tertiary,
"חזון אי""ש",חזון איש,tertiary,
אגרות משה,אגרות משה,tertiary,
האלוף עוזי נרקיס,האלוף עוזי נרקיס,trunk,2
דרך מוסה פלד,דרך מוסה פלד,trunk,
נווה יעקב,שדרות נווה יעקב,tertiary,
הרב וינוגרד,הרב וינוגרד,tertiary,
האלוף עוזי נרקיס,האלוף עוזי נרקיס,trunk,2
גולדה מאיר,גולדה מאיר,primary,3
גולדה מאיר,גולדה מאיר,primary,2
הארי טרומן,הארי טרומן,tertiary,2
שיבת ציון,שיבת ציון,tertiary,2
חברון,חברון,trunk,2
דוד המלך,דוד המלך,tertiary,1
יפו,יפו,trunk,1
דרך אריאל שרון,דרך אריאל שרון,trunk,3
המרפא,המרפא,tertiary,1
לוי אשכול,לוי אשכול,tertiary,2
גולדה מאיר,גולדה מאיר,tertiary,2
גולדה מאיר,גולדה מאיר,secondary,2
שלמה הלוי,שלמה הלוי,tertiary,2
חיים ברלב,חיים ברלב,trunk,2
ששת הימים,ששת הימים,tertiary,2
כיכר משה אורבך,כיכר משה אורבך,tertiary,
כיכר משה אורבך,כיכר משה אורבך,tertiary,
כיכר משה אורבך,כיכר משה אורבך,tertiary,
ששת הימים,ששת הימים,tertiary,
מנחם בגין,מנחם בגין,motorway,4
עטרות,עטרות,tertiary,2
עטרות,עטרות,tertiary,2
מפעלות,מפעלות,tertiary,
שועפט,שועפט,tertiary,3
חיים ברלב,חיים ברלב,trunk,2
גרשון שקד,גרשון שקד,tertiary,
בלפור,בלפור,tertiary,
יצחק רבין,יצחק רבין,secondary,4
גולדה מאיר,גולדה מאיר,primary,3
כיכר משה אורבך,כיכר משה אורבך,tertiary,
כיכר משה אורבך,כיכר משה אורבך,tertiary,
מנחם בגין,מנחם בגין,motorway,2
זלמן שניאור,זלמן שניאור,tertiary,
זלמן שניאור,זלמן שניאור,tertiary,
הרב הרצוג,הרב הרצוג,secondary,3
אליהו מרידור,אליהו מרידור,tertiary,
משה רחמילביץ',משה רחמילביץ',tertiary,
משה רחמילביץ',משה רחמילביץ',tertiary,
חיל האוויר,חיל האוויר,tertiary,
מאיר גרשון,מאיר גרשון,tertiary,
שדרות משה דיין,שדרות משה דיין,tertiary,
מאיר גרשון,מאיר גרשון,tertiary,
שדרות משה דיין,שדרות משה דיין,tertiary,
אלוף יקותיאל אדם,אלוף יקותיאל אדם,tertiary,
אלוף יקותיאל אדם,אלוף יקותיאל אדם,tertiary,
חיל האוויר,חיל האוויר,tertiary,
חיל האוויר,חיל האוויר,tertiary,
מאיר גרשון,מאיר גרשון,tertiary,
יוספטל,יוספטל,tertiary,
הרצל,הרצל,primary,2
עין כרם,עין כרם,primary,2
עין כרם,עין כרם,primary,2
עין כרם,עין כרם,primary,1
הפיסגה,הפיסגה,tertiary,2
בית וגן,בית וגן,tertiary,1
בית וגן,בית וגן,tertiary,2
הרצל,הרצל,primary,2
שדרות צ'רצ'יל,שדרות צ'רצ'יל,tertiary,
מרטין בובר,מרטין בובר,tertiary,
יצחק הנדיב,יצחק הנדיב,secondary,
עמק רפאים,עמק רפאים,tertiary,1
עמק רפאים,עמק רפאים,tertiary,1
חיל ההנדסה,חיל ההנדסה,trunk,2
בית לחם,בית לחם,tertiary,2
החלוץ,החלוץ,tertiary,2
הרצל,הרצל,tertiary,3
הרצל,הרצל,tertiary,3
ברנדייס,ברנדייס,tertiary,
יריחו,יריחו,secondary,
מעלה הזיתים,מעלה הזיתים,tertiary,
מעלה הזיתים,מעלה הזיתים,tertiary,
מעלה הזיתים,מעלה הזיתים,tertiary,
רוטשילד,רוטשילד,tertiary,
מלכי ישראל,מלכי ישראל,tertiary,2
הרב דוד רוזנטל,הרב דוד רוזנטל,tertiary,1
קרל נטר,קרל נטר,tertiary,
גבעת משה,גבעת משה,tertiary,2
קלרמון-גנו,קלרמון-גנו,tertiary,2
שועפט,שועפט,tertiary,2
שועפט,שועפט,tertiary,2
גבעת שאול,גבעת שאול,tertiary,
קרית מדע,קרית מדע,tertiary,
המרפא,המרפא,tertiary,1
עקיבא אזולאי,עקיבא אזולאי,tertiary,1
גבעת שאול,גבעת שאול,tertiary,
גבעת שאול,גבעת שאול,tertiary,
גבעת שאול,גבעת שאול,tertiary,
גבעת שאול,גבעת שאול,tertiary,
עקיבא אזולאי,עקיבא אזולאי,tertiary,1
יוסף וייץ,יוסף וייץ,secondary,2
יוסף וייץ,יוסף וייץ,secondary,2
קרית משה,קרית משה,tertiary,1
פרבשטיין,פרבשטיין,tertiary,2
בית הדפוס,בית הדפוס,tertiary,1
פרבשטיין,פרבשטיין,tertiary,2
בית הדפוס,בית הדפוס,tertiary,1
קרית משה,קרית משה,tertiary,1
בית הדפוס,בית הדפוס,tertiary,2
קרית משה,קרית משה,tertiary,1
שמואל בייט,שמואל בייט,tertiary,2
שמעון הצדיק,שמעון הצדיק,tertiary,2
חיים ברלב,חיים ברלב,trunk,2
משה זקס,משה זקס,tertiary,2
"חזון אי""ש",חזון איש,tertiary,
דרוק הרב,דרוק הרב,tertiary,
גבעת משה,גבעת משה,tertiary,
ששת הימים,ששת הימים,tertiary,3
אוהל יהושע,אוהל יהושע,tertiary,2
זית רענן,זית רענן,tertiary,2
הארי טרומן,הארי טרומן,tertiary,
שדרות גולדה מאיר,שדרות גולדה מאיר,primary,3
גולדה מאיר,גולדה מאיר,primary,2
שיבת ציון,שיבת ציון,tertiary,2
אליהו מרידור,אליהו מרידור,tertiary,
כיכר נדב,כיכר נדב,tertiary,
כיכר נדב,כיכר נדב,tertiary,
כיכר עומר,כיכר עומר,tertiary,
כיכר עומר,כיכר עומר,tertiary,
כיכר עומר,כיכר עומר,tertiary,
לוי אשכול,לוי אשכול,tertiary,3
נווה יעקב,שדרות נווה יעקב,tertiary,
ראמאללה,ראמאללה,trunk,2
דרך מוסה פלד,דרך מוסה פלד,trunk,
אליהו קורן,אליהו קורן,tertiary,
יהודה הנשיא,יהודה הנשיא,tertiary,2
כיכר נדב,כיכר נדב,tertiary,
לוחמי הגטאות,לוחמי הגטאות,tertiary,
לוחמי הגטאות,לוחמי הגטאות,tertiary,
לוי אשכול,לוי אשכול,tertiary,2
דניאל ינובסקי,דניאל ינובסקי,tertiary,3
חנוך אלבק,חנוך אלבק,tertiary,
חברון,חברון,trunk,3
דניאל ינובסקי,דניאל ינובסקי,tertiary,3
דניאל ינובסקי,דניאל ינובסקי,tertiary,
חברון,חברון,trunk,2
דניאל ינובסקי,דניאל ינובסקי,tertiary,
יצחק הנדיב,יצחק הנדיב,secondary,
חנוך אלבק,חנוך אלבק,tertiary,
דניאל ינובסקי,דניאל ינובסקי,tertiary,
שלמה הלוי,שלמה הלוי,tertiary,2
שלמה הלוי,שלמה הלוי,tertiary,2
הרב הרצוג,הרב הרצוג,tertiary,1
טשרניחובסקי,טשרניחובסקי,tertiary,
טשרניחובסקי,טשרניחובסקי,tertiary,2
טשרניחובסקי,טשרניחובסקי,tertiary,2
טשרניחובסקי,טשרניחובסקי,tertiary,1
טשרניחובסקי,טשרניחובסקי,tertiary,1
טשרניחובסקי,טשרניחובסקי,tertiary,1
"הפלמ""ח","הפלמ""ח",tertiary,
"הפלמ""ח","הפלמ""ח",tertiary,2
"שדרות ש""י עגנון","שדרות ש""י עגנון",tertiary,1
"הפלמ""ח","הפלמ""ח",tertiary,1
"שדרות ש""י עגנון","שדרות ש""י עגנון",tertiary,1
"שדרות ש""י עגנון","שדרות ש""י עגנון",tertiary,1
"הפלמ""ח","הפלמ""ח",tertiary,1
"הפלמ""ח","הפלמ""ח",tertiary,2
כובשי קטמון,כובשי קטמון,tertiary,2
בוסתנאי,בוסתנאי,tertiary,
חזקיהו המלך,חזקיהו המלך,tertiary,2
הרב הרצוג,הרב הרצוג,secondary,2
הרב הרצוג,הרב הרצוג,secondary,2
שלמה זלמן שרגאי,שלמה זלמן שרגאי,tertiary,2
קלרמון-גנו,קלרמון-גנו,tertiary,1
קלרמון-גנו,קלרמון-גנו,tertiary,1
שלמה זלמן שרגאי,שלמה זלמן שרגאי,tertiary,2
גבעת שאול,גבעת שאול,tertiary,1
דוד בן-גוריון,דוד בן-גוריון,primary,3
דוד בן-גוריון,דוד בן-גוריון,primary,5
שדרות ויצמן,שדרות ויצמן,primary,5
חיים ברלב,חיים ברלב,trunk,3
שדרות ויצמן,שדרות ויצמן,primary,4
דוד המלך,דוד המלך,tertiary,2
המרגלית,המרגלית,tertiary,1
המרגלית,המרגלית,tertiary,1
דוסתאי,דוסתאי,tertiary,1
דוסתאי,דוסתאי,tertiary,1
רבן יוחנן בן זכאי,רבן יוחנן בן זכאי,tertiary,2
יהודה הנשיא,יהודה הנשיא,tertiary,3
השישה עשר,השישה עשר,tertiary,1
השישה עשר,השישה עשר,tertiary,1
השישה עשר,השישה עשר,tertiary,1
השישה עשר,השישה עשר,tertiary,1
ירמיהו,ירמיהו,tertiary,1
ירמיהו,ירמיהו,tertiary,1
ירמיהו,ירמיהו,tertiary,1
ירמיהו,ירמיהו,tertiary,2
ירמיהו,ירמיהו,tertiary,3
ירמיהו,ירמיהו,tertiary,3
ירמיהו,ירמיהו,tertiary,1
ירמיהו,ירמיהו,tertiary,2
ירמיהו,ירמיהו,tertiary,1
ירמיהו,ירמיהו,tertiary,2
אגודת ספורט הפועל,אגודת ספורט הפועל,tertiary,2
פרבשטיין,פרבשטיין,primary,1
הרצל,הרצל,tertiary,2
פרבשטיין,פרבשטיין,primary,1
החלוץ,החלוץ,tertiary,1
כביש אמריקאי דרום,כביש אמריקאי דרום,primary,1
כביש אמריקאי דרום,כביש אמריקאי דרום,primary,1
זרח ורהפטיג,זרח ורהפטיג,tertiary,2
דרך חברון,דרך חברון,secondary,2
בית לחם,בית לחם,tertiary,1
דוד רמז,דוד רמז,tertiary,1
יצחק קריב,יצחק קריב,tertiary,
יפו,יפו,tertiary,1
"האר""י","האר""י",tertiary,1
הנשיא,הנשיא,tertiary,
גבעת שאול,גבעת שאול,tertiary,
גבעת שאול,גבעת שאול,tertiary,
גבעת שאול,גבעת שאול,tertiary,
גבעת שאול,גבעת שאול,tertiary,
לוחמי הגטאות,לוחמי הגטאות,tertiary,1
לוחמי הגטאות,לוחמי הגטאות,tertiary,1
לוחמי הגטאות,לוחמי הגטאות,tertiary,1
לוחמי הגטאות,לוחמי הגטאות,tertiary,2
שדרות שיירת הר הצופים,שדרות שיירת הר הצופים,tertiary,1
שדרות שיירת הר הצופים,שדרות שיירת הר הצופים,tertiary,2
ואדי אל-ג'וז,ואדי אל-ג'וז,secondary,2
ואדי אל-ג'וז,ואדי אל-ג'וז,secondary,2
ואדי אל-ג'וז,ואדי אל-ג'וז,secondary,1
שדרות שיירת הר הצופים,שדרות שיירת הר הצופים,tertiary,1
יצחק הנדיב,יצחק הנדיב,secondary,3
שדרות שיירת הר הצופים,שדרות שיירת הר הצופים,tertiary,1
שדרות שיירת הר הצופים,שדרות שיירת הר הצופים,tertiary,2
שדרות שיירת הר הצופים,שדרות שיירת הר הצופים,tertiary,2
ואדי אל-ג'וז,ואדי אל-ג'וז,secondary,2
יצחק הנדיב,יצחק הנדיב,secondary,2
אגודת ספורט מכבי,אגודת ספורט מכבי,tertiary,2
הכביש האמריקאי,הכביש האמריקאי,primary,2
אגודת ספורט הפועל,אגודת ספורט הפועל,tertiary,3
אגודת ספורט מכבי,אגודת ספורט מכבי,tertiary,1
אגודת ספורט מכבי,אגודת ספורט מכבי,tertiary,1
יהודה הנשיא,יהודה הנשיא,tertiary,2
יהודה הנשיא,יהודה הנשיא,tertiary,2
Al-Nashashibi Street,רחוב אל-נששיבי,tertiary,1
חיים ברלב,חיים ברלב,trunk,2
חיים ברלב,חיים ברלב,trunk,4
ששת הימים,ששת הימים,tertiary,1
ששת הימים,ששת הימים,tertiary,1
ששת הימים,ששת הימים,tertiary,2
ששת הימים,ששת הימים,tertiary,1
לוי אשכול,לוי אשכול,tertiary,3
ששת הימים,ששת הימים,tertiary,1
אהרון קציר,אהרון קציר,tertiary,2
קלרמון-גנו,קלרמון-גנו,tertiary,2
קלרמון-גנו,קלרמון-גנו,tertiary,2
"לח""י","לח""י",tertiary,1
שדרות צ'רצ'יל,שדרות צ'רצ'יל,tertiary,2
אהרון קציר,אהרון קציר,tertiary,1
אהרון קציר,אהרון קציר,tertiary,2
חיים יסקי,חיים יסקי,tertiary,1
שדרות צ'רצ'יל,שדרות צ'רצ'יל,tertiary,1
"לח""י","לח""י",tertiary,2
"האצ""ל","האצ""ל",tertiary,1
חיים יסקי,חיים יסקי,tertiary,1
לוחמי הגטאות,לוחמי הגטאות,tertiary,1
לוחמי הגטאות,לוחמי הגטאות,tertiary,1
"חזון אי""ש",חזון איש,tertiary,
דב יוסף,דב יוסף,secondary,2
דב יוסף,דב יוסף,secondary,3
דב יוסף,דב יוסף,secondary,3
דב יוסף,דב יוסף,secondary,2
דב יוסף,דב יוסף,secondary,2
דב יוסף,דב יוסף,secondary,3
יעקב פת,יעקב פת,secondary,2
דב יוסף,דב יוסף,secondary,2
יעקב פת,יעקב פת,secondary,2
יעקב פת,יעקב פת,secondary,2
כביש המנהרות,כביש המנהרות,trunk,
כביש המנהרות,כביש המנהרות,trunk,
כביש המנהרות,כביש המנהרות,trunk,
כביש המנהרות,כביש המנהרות,trunk,
"המ""ג","המ""ג",tertiary,
"המ""ג","המ""ג",tertiary,1
"המ""ג","המ""ג",tertiary,1
ראשון לציון,ראשון לציון,tertiary,1
ראשון לציון,ראשון לציון,tertiary,1
ראשון לציון,ראשון לציון,tertiary,1
ראשון לציון,ראשון לציון,tertiary,1
"המ""ג","המ""ג",tertiary,
ראשון לציון,ראשון לציון,tertiary,1
"המ""ג","המ""ג",tertiary,1
"המ""ג","המ""ג",tertiary,1
"המ""ג","המ""ג",tertiary,1
"המ""ג","המ""ג",tertiary,2
ראשון לציון,ראשון לציון,tertiary,1
"המ""ג","המ""ג",tertiary,1
פנים מאירות,פנים מאירות,tertiary,
מעלה השלום,מעלה השלום,tertiary,
חטיבת ירושלים,חטיבת ירושלים,trunk,
חטיבת ירושלים,חטיבת ירושלים,trunk,
ירמיהו,ירמיהו,tertiary,2
ירמיהו,ירמיהו,tertiary,1
א.ש. הרטום,א.ש. הרטום,tertiary,2
הרב הרצוג,הרב הרצוג,secondary,3
הרב הרצוג,הרב הרצוג,secondary,2
יצחק אלחנן,יצחק אלחנן,tertiary,
ז'בוטינסקי,ז'בוטינסקי,tertiary,2
אל-משאהד,אל-משאהד,tertiary,2
הנביאים,הנביאים,tertiary,2
יהודה הנשיא,יהודה הנשיא,tertiary,2
יעקב פת,יעקב פת,secondary,2
משה ברזני,משה ברזני,tertiary,
יגאל ידין,יגאל ידין,trunk,3
הכביש האמריקאי,הכביש האמריקאי,primary,2
שמגר,שמגר,tertiary,2
שרי ישראל,שרי ישראל,tertiary,2
פרבשטיין,פרבשטיין,tertiary,2
דב יוסף,דב יוסף,secondary,2
א-זהרה,א-זהרה,tertiary,1
פייר ואן פאסן,פייר ואן פאסן,tertiary,1
חיים ברלב,חיים ברלב,trunk,3
משה זקס,משה זקס,tertiary,2
פייר ואן פאסן,פייר ואן פאסן,tertiary,2
פייר ואן פאסן,פייר ואן פאסן,tertiary,2
חיים ברלב,חיים ברלב,trunk,2
פייר ואן פאסן,פייר ואן פאסן,tertiary,1
פייר ואן פאסן,פייר ואן פאסן,tertiary,1
משה זקס,משה זקס,tertiary,1
משה זקס,משה זקס,tertiary,1
משה זקס,זקס,tertiary,2
חיים ברלב,חיים ברלב,trunk,2
הנביאים,הנביאים,tertiary,2
חיל ההנדסה,חיל ההנדסה,trunk,2
הנביאים,הנביאים,tertiary,2
הנביאים,הנביאים,tertiary,2
חיל ההנדסה,חיל ההנדסה,trunk,2
הצנחנים,הצנחנים,tertiary,1
חיל ההנדסה,חיל ההנדסה,tertiary,2
משה זילברג,משה זילברג,tertiary,
משה זקס,משה זקס,tertiary,1
חברון,חברון,trunk,2
א סאפא,א סאפא,tertiary,1
הרוזמרין,הרוזמרין,trunk,3
בדאיה,בדאיה,tertiary,
אבו רביע,אבו רביע,tertiary,
בדאיה,בדאיה,tertiary,
עטרות,עטרות,tertiary,2
נמל התעופה,נמל התעופה,tertiary,1
נמל התעופה,נמל התעופה,tertiary,1
נמל התעופה,נמל התעופה,tertiary,1
נמל התעופה,נמל התעופה,tertiary,1
ראמאללה,ראמאללה,trunk,1
ראמאללה,ראמאללה,trunk,1
ראמאללה,ראמאללה,trunk,1
ראמאללה,ראמאללה,trunk,1
ראמאללה,ראמאללה,trunk,1
עטרות,עטרות,tertiary,2
עטרות,עטרות,tertiary,2
מפעלות,מפעלות,tertiary,
מפעלות,מפעלות,tertiary,
מפעלות,מפעלות,tertiary,
מפעלות,מפעלות,tertiary,
מפעלות,מפעלות,tertiary,
עטרות,עטרות,tertiary,2
עטרות,עטרות,tertiary,2
עטרות,עטרות,tertiary,2
מפעלות,מפעלות,tertiary,
שכם,שכם,tertiary,
שכם,שכם,tertiary,2
משה דיין,משה דיין,tertiary,
שדרות משה דיין,שדרות משה דיין,tertiary,
דרך ענתות,דרך ענתות,tertiary,
צור באהר,צור באהר,tertiary,1
צור באהר,צור באהר,tertiary,2
צור באהר,צור באהר,tertiary,
אלמדינה אלמנוורה,אלמדינה אלמנוורה,tertiary,
אלמדינה אלמנוורה,אלמדינה אלמנוורה,tertiary,1
אאל אל-בית,אאל אל-בית,tertiary,1
אאל אל-בית,אאל אל-בית,tertiary,1
צור באהר,צור באהר,tertiary,2
צור באהר,צור באהר,tertiary,1
אל-משאהד,אל-משאהד,tertiary,2
מסעדה,מסעדה,tertiary,2
אל-משאהד,אל-משאהד,tertiary,2
אלמדינה אלמנוורה,אלמדינה אלמנוורה,tertiary,2
הכביש האמריקאי,הכביש האמריקאי,primary,2
אלמדינה אלמנוורה,אלמדינה אלמנוורה,tertiary,1
מנחם בגין,מנחם בגין,motorway,3
מנחם בגין,מנחם בגין,motorway,3
שדרות שמואל מאיר,שדרות שמואל מאיר,tertiary,
דב יוסף,דב יוסף,secondary,2
מנחם בגין,מנחם בגין,motorway,3
מנחם בגין,מנחם בגין,motorway,3
גולדה מאיר,גולדה מאיר,primary,3
גולדה מאיר,גולדה מאיר,primary,5
מנחם בגין,מנחם בגין,motorway,3
אאל אל-בית,אאל אל-בית,tertiary,2
ירושלים,ירושלים,tertiary,
ירושלים,ירושלים,tertiary,
דרך חיזמא-אדם,דרך חיזמא-אדם,primary,1
דרך חיזמא-אדם,דרך חיזמא-אדם,primary,1
דרך חיזמא-אדם,דרך חיזמא-אדם,primary,2
דרך חיזמא-אדם,דרך חיזמא-אדם,primary,2
דרך חיזמא-אדם,דרך חיזמא-אדם,primary,1
דרך חיזמא-אדם,דרך חיזמא-אדם,primary,3
"כי""ח","כי""ח",tertiary,2
"כי""ח","כי""ח",tertiary,2
"כי""ח","כי""ח",tertiary,2
הרב חזקיהו רבין,הרב חזקיהו רבין,tertiary,1
הרב חזקיהו רבין,הרב חזקיהו רבין,tertiary,1
קדיש לוז,קדיש לוז,tertiary,
קדיש לוז,קדיש לוז,tertiary,
קדיש לוז,קדיש לוז,tertiary,
המרגלית,המרגלית,tertiary,1
א-זהרה,א-זהרה,tertiary,2
דב יוסף,דב יוסף,secondary,2
דב יוסף,דב יוסף,secondary,2
הסיגלית,הסיגלית,tertiary,2
א-נבי יונס,א-נבי יונס,tertiary,2
דב יוסף,דב יוסף,secondary,2
הסיגלית,הסיגלית,tertiary,2
א-נבי יונס,א-נבי יונס,tertiary,1
דב יוסף,דב יוסף,secondary,2
"אגודת ספורט בית""ר","אגודת ספורט בית""ר",secondary,4
אל-משיה,אל-משיה,tertiary,2
אל קלעה,אל קלעה,tertiary,
א-סאפא,א-סאפא,tertiary,2
א-נהדה,א-נהדה,tertiary,2
א-תווחיד,א-תווחיד,tertiary,2
אוהל יהושע,אוהל יהושע,tertiary,2
אוהל יהושע,אוהל יהושע,tertiary,1
אוהל יהושע,אוהל יהושע,tertiary,1
שמגר,שמגר,tertiary,2
שמגר,שמגר,tertiary,2
שרי ישראל,שרי ישראל,tertiary,2
מלכי ישראל,מלכי ישראל,tertiary,2
שמגר,שמגר,tertiary,1
מלכי ישראל,מלכי ישראל,tertiary,2
מלכי ישראל,מלכי ישראל,tertiary,2
מלכי ישראל,מלכי ישראל,tertiary,2
שמגר,שמגר,tertiary,2
ירמיהו,ירמיהו,tertiary,2
אוהל יהושע,אוהל יהושע,tertiary,3
דובר שלום,דובר שלום,tertiary,1
שמגר,שמגר,tertiary,2
שמגר,שמגר,tertiary,2
שמגר,שמגר,tertiary,2
מלכי ישראל,מלכי ישראל,tertiary,2
מלכי ישראל,מלכי ישראל,tertiary,2
יצחק קריב,יצחק קריב,tertiary,
דוד המלך,דוד המלך,tertiary,2
דוד המלך,דוד המלך,tertiary,2
דוד המלך,דוד המלך,tertiary,1
ירמיהו,ירמיהו,tertiary,1
ירמיהו,ירמיהו,tertiary,1
ירמיהו,ירמיהו,tertiary,1
ירמיהו,ירמיהו,tertiary,1
שמגר,שמגר,tertiary,2
שמגר,שמגר,tertiary,2
שמגר,שמגר,tertiary,2
ירמיהו,ירמיהו,tertiary,1
ירמיהו,ירמיהו,tertiary,1
ירמיהו,ירמיהו,tertiary,2
א.ש. הרטום,א.ש. הרטום,secondary,2
א.ש. הרטום,א.ש. הרטום,secondary,1
שפע חיים,שפע חיים,tertiary,2
שפע חיים,שפע חיים,tertiary,2
זית רענן,זית רענן,tertiary,1
אוהל יהושע,אוהל יהושע,tertiary,2
שפע חיים,שפע חיים,tertiary,2
שפע חיים,שפע חיים,tertiary,2
שפע חיים,שפע חיים,tertiary,2
שפע חיים,שפע חיים,tertiary,2
שמגר,שמגר,tertiary,2
שמגר,שמגר,tertiary,3
אוהל יהושע,אוהל יהושע,tertiary,3
אוהל יהושע,אוהל יהושע,tertiary,3
אוהל יהושע,אוהל יהושע,tertiary,2
יעקובזון,יעקובזון,tertiary,2
שפע חיים,שפע חיים,tertiary,2
יעקובזון,יעקובזון,tertiary,2
אוהל יהושע,אוהל יהושע,tertiary,2
אוהל יהושע,אוהל יהושע,tertiary,2
גולדה מאיר,גולדה מאיר,secondary,3
א.ש. הרטום,א.ש. הרטום,secondary,2
גולדה מאיר,גולדה מאיר,secondary,2
א.ש. הרטום,א.ש. הרטום,secondary,1
אוהל יהושע,אוהל יהושע,tertiary,2
שפע חיים,שפע חיים,tertiary,2
א.ש. הרטום,א.ש. הרטום,secondary,2
א.ש. הרטום,א.ש. הרטום,secondary,2
אשר וינר,אשר וינר,secondary,3
חווה ארציאלי,חווה ארציאלי,tertiary,1
אשר וינר,אשר וינר,secondary,1
אשר וינר,אשר וינר,secondary,1
דרך חברון,דרך חברון,trunk,2
נעמי,נעמי,tertiary,2
נעמי,נעמי,tertiary,1
נעמי,נעמי,tertiary,1
חברון,חברון,trunk,3
נעמי,נעמי,tertiary,
נעמי,נעמי,tertiary,1
חברון,חברון,trunk,2
נעמי,נעמי,tertiary,1
נעמי,נעמי,tertiary,2
דרך חברון,דרך חברון,trunk,2
חברון,חברון,trunk,2
חנוך אלבק,חנוך אלבק,tertiary,1
חנוך אלבק,חנוך אלבק,tertiary,1
רבקה,רבקה,tertiary,1
רבקה,רבקה,tertiary,2
רבקה,רבקה,tertiary,2
חברון,חברון,trunk,3
שיבת ציון,שיבת ציון,tertiary,2
שיבת ציון,שיבת ציון,tertiary,1
אבא הלל סילבר,אבא הלל סילבר,tertiary,2
אבא הלל סילבר,אבא הלל סילבר,tertiary,2
סולם יעקב,סולם יעקב,tertiary,1
שיבת ציון,שיבת ציון,tertiary,2
שיבת ציון,שיבת ציון,tertiary,2
סולם יעקב,סולם יעקב,tertiary,1
נווה יעקב,שדרות נווה יעקב,tertiary,1
שדרות נווה יעקב,נווה יעקב,tertiary,1
שדרות נווה יעקב,שדרות נווה יעקב,tertiary,1
מרתין לותר קינג,מרתין לותר קינג,tertiary,2
דרך מנהרת הר הצופים,דרך מנהרת הר הצופים,secondary,
שייח ענבר,שייח ענבר,tertiary,
אל חרדוב,אל חרדוב,tertiary,
א-סאפא,א-סאפא,tertiary,2
א-סאפא,א-סאפא,tertiary,2
א-תווחיד,א-תווחיד,tertiary,2
שרפאת,שרפאת,tertiary,2
שרפאת,שרפאת,tertiary,2
א-נבי יונס,א-נבי יונס,tertiary,
א-נבי יונס,א-נבי יונס,tertiary,2
שרפאת,שרפאת,tertiary,2
א-נבי יונס,א-נבי יונס,tertiary,1
אל-ח'לה,אל-ח'לה,tertiary,2
א-תווחיד,א-תווחיד,tertiary,2
א-נהדה,א-נהדה,tertiary,2
א-נהדה,א-נהדה,tertiary,2
א-סאפא,א-סאפא,tertiary,2
דרך חברון,דרך חברון,secondary,2
עטרות,עטרות,tertiary,2
שייח ענבר,שייח ענבר,tertiary,
אל חרדוב,אל חרדוב,tertiary,
דרך בית לחם הישנה,דרך בית לחם הישנה,tertiary,
חנוך אלבק,חנוך אלבק,tertiary,1
חנוך אלבק,חנוך אלבק,tertiary,1
כיכר רמז,כיכר רמז,tertiary,1
בית לחם,בית לחם,tertiary,2
דוד רמז,דוד רמז,tertiary,2
דוד רמז,דוד רמז,tertiary,1
המפקד,המפקד,tertiary,1
המפקד,המפקד,tertiary,2
המפקד,המפקד,tertiary,1
המפקד,המפקד,tertiary,1
דוד רמז,דוד רמז,tertiary,2
חברון,חברון,trunk,1
חברון,חברון,trunk,2
חברון,חברון,trunk,1
חברון,חברון,trunk,1
חברון,חברון,trunk,1
בית לחם,דרך בית לחם,tertiary,2
חברון,חברון,trunk,2
דוד רמז,דוד רמז,tertiary,1
חברון,חברון,trunk,2
חברון,חברון,trunk,2
דוד רמז,דוד רמז,tertiary,1
אונטרמן,אונטרמן,tertiary,2
דוד בן-גוריון,דוד בן-גוריון,primary,2
כביש ירושלים תל אביב,כביש ירושלים תל אביב,trunk,5
כיכר צ'יאונה סוגיהארה,כיכר צ'יאונה סוגיהארה,secondary,2
חיים ברלב,חיים ברלב,trunk,3
שלום עליכם,שלום עליכם,tertiary,1
דוד המלך,דוד המלך,tertiary,
דוד המלך,דוד המלך,tertiary,2
דוד המלך,דוד המלך,tertiary,2
יצחק אלחנן,יצחק אלחנן,tertiary,1
ז'בוטינסקי,ז'בוטינסקי,tertiary,2
ז'בוטינסקי,ז'בוטינסקי,tertiary,2
יצחק אלחנן,יצחק אלחנן,tertiary,
ז'בוטינסקי,ז'בוטינסקי,tertiary,1
ז'בוטינסקי,ז'בוטינסקי,tertiary,2
אגרון,אגרון,tertiary,2
אגרון,אגרון,tertiary,2
דוד בן-גוריון,דוד בן-גוריון,primary,3
דוד בן-גוריון,דוד בן-גוריון,primary,3
נורדאו,נורדאו,tertiary,2
דרך אריאל שרון,דרך אריאל שרון,trunk,2
ירמיהו,ירמיהו,tertiary,2
ירמיהו,ירמיהו,tertiary,2
שמגר,שמגר,tertiary,2
כנפי נשרים,כנפי נשרים,tertiary,2
כנפי נשרים,כנפי נשרים,tertiary,2
דוד בן-גוריון,דוד בן-גוריון,primary,2
קרית משה,קרית משה,tertiary,2
קרית משה,קרית משה,tertiary,1
קרית משה,קרית משה,tertiary,2
קרית משה,קרית משה,tertiary,2
קרית משה,קרית משה,tertiary,2
ירמיהו,ירמיהו,tertiary,3
שדרות ויצמן,שדרות ויצמן,primary,4
הרב צבי יהודה,הרב צבי יהודה,tertiary,1
פרבשטיין,פרבשטיין,tertiary,2
כנפי נשרים,כנפי נשרים,tertiary,1
ימין אבות,ימין אבות,tertiary,1
פרבשטיין,פרבשטיין,tertiary,2
פרבשטיין,פרבשטיין,tertiary,2
צביה ויצחק,צביה ויצחק,tertiary,1
המרגלית,המרגלית,tertiary,1
המרגלית,המרגלית,tertiary,1
המרגלית,המרגלית,tertiary,1
המרגלית,המרגלית,tertiary,1
המרגלית,המרגלית,tertiary,1
המרגלית,המרגלית,tertiary,1
שדרות וולפסון,שדרות וולפסון,tertiary,2
שדרות וולפסון,שדרות וולפסון,tertiary,2
שדרות וולפסון,שדרות וולפסון,tertiary,1
נווה יעקב,נווה יעקב,tertiary,1
שדרות משה דיין,שדרות משה דיין,tertiary,1
שדרות משה דיין,שדרות משה דיין,tertiary,1
שדרות משה דיין,שדרות משה דיין,tertiary,1
חיים קוליץ,חיים קוליץ,secondary,2
חיים קוליץ,חיים קוליץ,secondary,2
אריה דולצ'ין,אריה דולצ'ין,tertiary,2
אריה דולצ'ין,אריה דולצ'ין,tertiary,2
גולומב,גולומב,secondary,5
"שח""ל","שח""ל",tertiary,2
גולומב,גולומב,secondary,4
"שח""ל","שח""ל",tertiary,1
גולומב,גולומב,secondary,3
קרית היובל,קרית היובל,secondary,2
פרבשטיין,פרבשטיין,primary,3
הרצל,הרצל,primary,2
הרצל,הרצל,primary,2
שמואל בייט,שמואל בייט,tertiary,2
שמואל הנביא,שמואל הנביא,tertiary,2
ארץ חפץ,ארץ חפץ,tertiary,
ארץ חפץ,ארץ חפץ,tertiary,
שמעון הצדיק,שמעון הצדיק,tertiary,
שמעון הצדיק,שמעון הצדיק,tertiary,1
פיתוחי חותם,פיתוחי חותם,tertiary,2
ארץ חפץ,ארץ חפץ,tertiary,
שמעון הצדיק,שמעון הצדיק,tertiary,1
שמעון הצדיק,שמעון הצדיק,tertiary,
ארץ חפץ,ארץ חפץ,tertiary,
פיתוחי חותם,פיתוחי חותם,tertiary,
שמואל הנביא,שמואל הנביא,tertiary,2
שמואל הנביא,שמואל הנביא,tertiary,
מעבר המיתלה,מעבר המיתלה,tertiary,
מעבר המיתלה,מעבר המיתלה,tertiary,
פארן,פארן,tertiary,
מעבר המיתלה,מעבר המיתלה,tertiary,
מעבר המיתלה,מעבר המיתלה,tertiary,
פארן,פארן,tertiary,
מעבר המיתלה,מעבר המיתלה,tertiary,
מעבר המיתלה,מעבר המיתלה,tertiary,
פארן,פארן,tertiary,
ים סוף,ים סוף,tertiary,
ים סוף,ים סוף,tertiary,
ים סוף,ים סוף,tertiary,
ים סוף,ים סוף,tertiary,
ים סוף,ים סוף,tertiary,
ים סוף,ים סוף,tertiary,
ים סוף,ים סוף,tertiary,
ים סוף,ים סוף,tertiary,
"האדמו""רים ליינער","האדמו""רים ליינער",tertiary,
"האדמו""רים ליינער","האדמו""רים ליינער",tertiary,
ים סוף,ים סוף,tertiary,
ים סוף,ים סוף,tertiary,
ים סוף,ים סוף,tertiary,
ים סוף,ים סוף,tertiary,
ים סוף,ים סוף,tertiary,
ים סוף,ים סוף,tertiary,
ים סוף,ים סוף,tertiary,
דב יוסף,דב יוסף,secondary,2
התעשיה,התעשיה,tertiary,1
התנופה,התנופה,tertiary,1
בצלאל,בצלאל,tertiary,2
בן צבי,בן צבי,secondary,2
שרי ישראל,שרי ישראל,tertiary,2
שרי ישראל,שרי ישראל,tertiary,2
לוי אשכול,לוי אשכול,secondary,1
קלרמון-גנו,קלרמון-גנו,tertiary,1
קלרמון-גנו,קלרמון-גנו,tertiary,1
קלרמון-גנו,קלרמון-גנו,tertiary,1
שכם,שכם,tertiary,3
חיל האוויר,חיל האוויר,tertiary,
חיל האוויר,חיל האוויר,tertiary,
דרך בית חורון,דרך בית חורון,tertiary,2
דרך בית חורון,דרך בית חורון,tertiary,2
דרך אריאל שרון,דרך אריאל שרון,trunk,3
שמואל בייט,שמואל בייט,tertiary,2
צביה ויצחק,צביה ויצחק,tertiary,2
המרגלית,המרגלית,tertiary,1
יפה רום,יפה רום,tertiary,2
צביה ויצחק,צביה ויצחק,tertiary,2
צביה ויצחק,צביה ויצחק,tertiary,2
הסנונית,הסנונית,tertiary,
צביה ויצחק,צביה ויצחק,tertiary,2
צביה ויצחק,צביה ויצחק,tertiary,1
צביה ויצחק,צביה ויצחק,tertiary,2
צביה ויצחק,צביה ויצחק,tertiary,1
הגננת,הגננת,tertiary,2
צביה ויצחק,צביה ויצחק,tertiary,1
צביה ויצחק,צביה ויצחק,tertiary,2
הגננת,הגננת,tertiary,3
פנמה,פנמה,secondary,2
קלמן יעקב מן,קלמן יעקב מן,primary,2
פנמה,פנמה,tertiary,1
הרב יצחק חי טייב,הרב יצחק חי טייב,tertiary,1
הרב יצחק חי טייב,הרב יצחק חי טייב,tertiary,1
הרב חזקיהו רבין,הרב חזקיהו רבין,tertiary,1
הרב חזקיהו רבין,הרב חזקיהו רבין,tertiary,1
הרב יצחק חי טייב,הרב יצחק חי טייב,tertiary,
קוסטה ריקה,קוסטה ריקה,tertiary,2
קוסטה ריקה,קוסטה ריקה,tertiary,1
אריה דולצ'ין,אריה דולצ'ין,tertiary,2
קוסטה ריקה,קוסטה ריקה,tertiary,1
האביבית,האביבית,tertiary,1
אריה דולצ'ין,אריה דולצ'ין,tertiary,1
הסייפן,הסייפן,tertiary,1
אריה דולצ'ין,אריה דולצ'ין,tertiary,3
הרפובליקה הדומיניקנית,הרפובליקה הדומיניקנית,tertiary,1
דהומיי,דהומיי,tertiary,
הרפובליקה הדומיניקנית,הרפובליקה הדומיניקנית,tertiary,2
החלמית,החלמית,tertiary,1
הנורית,הנורית,tertiary,1
הרפובליקה הדומיניקנית,הרפובליקה הדומיניקנית,tertiary,1
החלמית,החלמית,tertiary,1
החלמית,החלמית,tertiary,1
הנורית,הנורית,tertiary,1
יוסף וייץ,יוסף וייץ,secondary,2
יוסף וייץ,יוסף וייץ,tertiary,1
בית הדפוס,בית הדפוס,tertiary,2
בית הדפוס,בית הדפוס,tertiary,2
בית הדפוס,בית הדפוס,tertiary,2
יוסף וייץ,יוסף וייץ,tertiary,1
יוסף וייץ,יוסף וייץ,tertiary,2
יוסף וייץ,יוסף וייץ,secondary,2
קרית מדע,קרית מדע,tertiary,1
קרית מדע,קרית מדע,tertiary,1
דני אנג'ל,דני אנג'ל,tertiary,1
דני אנג'ל,דני אנג'ל,tertiary,1
קרית מדע,קרית מדע,tertiary,1
קרית מדע,קרית מדע,tertiary,1
קרית מדע,קרית מדע,tertiary,1
המרפא,המרפא,tertiary,2
המרפא,המרפא,tertiary,2
המרפא,המרפא,tertiary,2
המרפא,המרפא,tertiary,2
קרית מדע,קרית מדע,tertiary,
זאב לב,זאב לב,tertiary,1
זאב לב,זאב לב,tertiary,1
קרית מדע,קרית מדע,tertiary,2
קרית מדע,קרית מדע,tertiary,2
המרפא,המרפא,tertiary,2
שדרות שמואל מאיר,שדרות שמואל מאיר,tertiary,2
נווה יעקב,שדרות נווה יעקב,tertiary,1
פייר קניג,פייר קניג,tertiary,2
האומן,האומן,tertiary,2
האומן,האומן,tertiary,2
האומן,האומן,tertiary,2
האומן,האומן,tertiary,1
פרבשטיין,פרבשטיין,secondary,2
פרבשטיין,פרבשטיין,primary,2
שמואל בייט,שמואל בייט,tertiary,2
דרך אריאל שרון,דרך אריאל שרון,trunk,2
פרבשטיין,פרבשטיין,secondary,2
דרך אריאל שרון,דרך אריאל שרון,trunk,4
פרבשטיין,פרבשטיין,secondary,2
יוסף וייץ,יוסף וייץ,tertiary,1
יוסף וייץ,יוסף וייץ,tertiary,2
פרבשטיין,פרבשטיין,secondary,3
יוסף וייץ,יוסף וייץ,tertiary,2
יוסף וייץ,יוסף וייץ,tertiary,1
דרך אריאל שרון,דרך אריאל שרון,trunk,2
דרך אריאל שרון,דרך אריאל שרון,trunk,2
דרך אריאל שרון,דרך אריאל שרון,trunk,2
דרך אריאל שרון,דרך אריאל שרון,trunk,2
שמואל בייט,שמואל בייט,tertiary,2
שמואל בייט,שמואל בייט,tertiary,2
פרבשטיין,פרבשטיין,tertiary,2
פרבשטיין,פרבשטיין,secondary,5
יפה נוף,יפה נוף,primary,3
יפה נוף,יפה נוף,primary,4
יפה נוף,יפה נוף,primary,2
ימין אבות,ימין אבות,tertiary,2
מנחם בגין,מנחם בגין,motorway,3
שלמה הלוי,שלמה הלוי,tertiary,2
גולדה מאיר,גולדה מאיר,secondary,2
מנחם בגין,מנחם בגין,motorway,3
פרבשטיין,פרבשטיין,primary,4
החלוץ,החלוץ,tertiary,1
הרצל,הרצל,tertiary,3
מרדכי איש שלום,מרדכי איש שלום,primary,2
רופין,רופין,tertiary,2
שמואל וייז,שמואל וייז,tertiary,1
שמואל וייז,שמואל וייז,tertiary,1
שמואל וייז,שמואל וייז,tertiary,3
שמואל וייז,שמואל וייז,tertiary,2
שמואל וייז,שמואל וייז,tertiary,3
רופין,רופין,tertiary,3
חיים הזז,חיים הזז,secondary,2
חיים הזז,חיים הזז,secondary,4
חיים הזז,חיים הזז,secondary,3
בן צבי,בן צבי,secondary,4
בן צבי,בן צבי,secondary,3
בן צבי,בן צבי,secondary,3
בן צבי,בן צבי,secondary,4
"אגודת ספורט בית""ר","אגודת ספורט בית""ר",secondary,3
מנחם בגין,מנחם בגין,motorway,4
דב יוסף,דב יוסף,secondary,2
דוד בנבנישתי,דוד בנבנישתי,secondary,3
דוד בנבנישתי,דוד בנבנישתי,secondary,2
הרצל,הרצל,primary,4
הרצל,הרצל,primary,3
פיתוחי חותם,פיתוחי חותם,tertiary,2
שמעון הצדיק,שמעון הצדיק,tertiary,1
הרב אברהם שפירא,הרב אברהם שפירא,tertiary,1
הרצל,הרצל,primary,3
הרב צבי יהודה,הרב צבי יהודה,tertiary,2
הרצל,הרצל,primary,3
הפיסגה,הפיסגה,tertiary,2
עין כרם,עין כרם,primary,2
הרצל,הרצל,primary,2
הפיסגה,הפיסגה,tertiary,2
עין כרם,עין כרם,primary,2
הפיסגה,הפיסגה,tertiary,1
הרצל,הרצל,primary,2
הרב אברהם שפירא,הרב אברהם שפירא,tertiary,1
שדרות נווה יעקב,נווה יעקב,tertiary,1
שדרות נווה יעקב,נווה יעקב,tertiary,1
דני אנג'ל,דני אנג'ל,tertiary,1
הטורים,הטורים,tertiary,
"רש""י","רש""י",tertiary,
יוסף קארו,יוסף קארו,tertiary,
יואל,יואל,tertiary,
כיכר צ'יאונה סוגיהארה,כיכר צ'יאונה סוגיהארה,secondary,2
הנרייטה סאלד,הנרייטה סאלד,secondary,2
קלמן יעקב מן,קלמן יעקב מן,primary,2
הנרייטה סאלד,הנרייטה סאלד,secondary,2
פנמה,פנמה,secondary,2
פנמה,פנמה,secondary,2
דרך בית חורון,דרך בית חורון,tertiary,2
כביש 21 (ירושלים),כביש 21 (ירושלים),secondary,
דרך בית חורון,דרך בית חורון,tertiary,2
דרך בית חורון,דרך בית חורון,tertiary,2
דרך בית חורון,דרך בית חורון,tertiary,2
דרך בית חורון,דרך בית חורון,tertiary,2
דרך בית חורון,דרך בית חורון,tertiary,2
כביש 21 (ירושלים),כביש 21 (ירושלים),secondary,
כביש 21 (ירושלים),כביש 21 (ירושלים),secondary,
כביש 21 (ירושלים),כביש 21 (ירושלים),secondary,
מפעלות,מפעלות,tertiary,
עטרות,עטרות,tertiary,2
הרב הרצוג,הרב הרצוג,secondary,3
"האדמו""רים ליינער","האדמו""רים ליינער",tertiary,
"האדמו""רים ליינער","האדמו""רים ליינער",tertiary,2
הרב אברהם שפירא,הרב אברהם שפירא,tertiary,2
הרצל,הרצל,primary,3
פנמה,פנמה,secondary,3
יריחו,יריחו,secondary,1
יריחו,יריחו,secondary,
יצחק מודעי,יצחק מודעי,secondary,5
דני אנג'ל,דני אנג'ל,tertiary,1
יריחו,יריחו,secondary,2
החלוץ,החלוץ,tertiary,
החלוץ,החלוץ,tertiary,
הנשיא,הנשיא,tertiary,
מרטין בובר,מרטין בובר,tertiary,
בנימין מזר,בנימין מזר,tertiary,
בנימין מזר,בנימין מזר,tertiary,
שדרות שיירת הר הצופים,שדרות שיירת הר הצופים,tertiary,
חיים ברלב,חיים ברלב,trunk,2
חיים ברלב,חיים ברלב,trunk,3
חברון,חברון,trunk,2
חברון,חברון,trunk,3
אשר וינר,אשר וינר,secondary,3
משה ברעם,משה ברעם,secondary,4
משה ברעם,משה ברעם,secondary,3
חיים קוליץ,חיים קוליץ,secondary,2
דוד בנבנישתי,דוד בנבנישתי,secondary,3
הארי טרומן,הארי טרומן,tertiary,2
הארי טרומן,הארי טרומן,tertiary,
סולם יעקב,סולם יעקב,tertiary,
יצחק מירסקי,יצחק מירסקי,tertiary,
الصويح,אל סוויח,tertiary,
בטן אל הווא,בטן אל הווא,tertiary,
בית חנינא,בית חנינא,tertiary,
דרך מוסה פלד,דרך מוסה פלד,trunk,
שדרות נווה יעקב,שדרות נווה יעקב,tertiary,
שדרות נווה יעקב,שדרות נווה יעקב,tertiary,
טאהה חוסיין,טאהה חוסיין,tertiary,
טאהה חוסיין,טאהה חוסיין,tertiary,
דרך ביר נבאלה,דרך ביר נבאלה,tertiary,
ג'סר א נטף,ג'סר א נטף,tertiary,
דרך בית חורון,דרך בית חורון,tertiary,2
ראמאללה,ראמאללה,trunk,
בית חנינא,בית חנינא,tertiary,
בית חנינא,בית חנינא,tertiary,
א-זהור,א-זהור,secondary,2
א-זהור,א-זהור,secondary,2
האלוף עוזי נרקיס,האלוף עוזי נרקיס,trunk,3
א-זהור,א-זהור,secondary,3
א-זהור,א-זהור,secondary,2
בית חנינא,בית חנינא,tertiary,
א-זהור,א-זהור,secondary,2
שדרות גולדה מאיר,שדרות גולדה מאיר,primary,3
הקונגרס הציוני,הקונגרס הציוני,tertiary,1
אסירי ציון,אסירי ציון,tertiary,2
אסירי ציון,אסירי ציון,tertiary,2
הארי טרומן,הארי טרומן,tertiary,
הארי טרומן,הארי טרומן,tertiary,
צונדק,צונדק,tertiary,
בצלאל זולטי,הרב ז'ולטי,tertiary,1
הרב ז'ולטי,הרב בצלאל ז'ולטי,tertiary,1
"חזון אי""ש","חזון אי""ש",tertiary,1
"חזון אי""ש","חזון אי""ש",tertiary,1
"חזון אי""ש","חזון אי""ש",tertiary,1
הרב מאיר חדש,הרב מאיר חדש,tertiary,1
הרב מאיר חדש,הרב מאיר חדש,tertiary,1
"חזון אי""ש",חזון איש,tertiary,1
פנמה,פנמה,secondary,2
כביש המנהרות,כביש המנהרות,trunk,
בית הדפוס,בית הדפוס,tertiary,2
בית הדפוס,בית הדפוס,tertiary,2
בית הדפוס,בית הדפוס,tertiary,2
הנשיא השישי,הנשיא השישי,tertiary,3
בר אילן,בר אילן,tertiary,1
ברנדייס,ברנדייס,tertiary,2
צפניה,צפניה,tertiary,
אליהו לנקין,אליהו לנקין,tertiary,
אליהו לנקין,אליהו לנקין,tertiary,
אליהו לנקין,אליהו לנקין,tertiary,
"בית""ר","בית""ר",tertiary,
"בית""ר","בית""ר",tertiary,
אליהו לנקין,אליהו לנקין,tertiary,
"בית""ר","בית""ר",tertiary,
"בית""ר","בית""ר",tertiary,
רבקה,רבקה,tertiary,
רופין,רופין,tertiary,2
פייר קניג,פייר קניג,tertiary,2
טהון,טהון,secondary,1
טהון,טהון,secondary,2
גולומב,גולומב,secondary,2
גולומב,גולומב,secondary,3
גולומב,גולומב,secondary,3
משה שרת,משה שרת,tertiary,1
משה שרת,משה שרת,tertiary,1
משה שרת,משה שרת,tertiary,1
משה שרת,משה שרת,tertiary,1
משה שרת,משה שרת,tertiary,1
משה שרת,משה שרת,tertiary,1
משה שרת,משה שרת,tertiary,1
משה שרת,משה שרת,tertiary,3
דרך גן החיות,דרך גן החיות,secondary,3
טהון,טהון,secondary,2
הרב צבי יהודה,הרב צבי יהודה,tertiary,1
דרך אריאל שרון,דרך אריאל שרון,trunk,2
קרית משה,קרית משה,tertiary,1
פרבשטיין,פרבשטיין,tertiary,4
קרית משה,קרית משה,tertiary,1
בית הדפוס,בית הדפוס,tertiary,2
בית הדפוס,בית הדפוס,tertiary,1
יוסף וייץ,יוסף וייץ,tertiary,1
פייר קניג,פייר קניג,tertiary,2
שמואל וייז,שמואל וייז,tertiary,
שמואל וייז,שמואל וייז,tertiary,
גולומב,גולומב,secondary,2
שמואל בייט,שמואל בייט,tertiary,2
גולומב,גולומב,secondary,4
נורדאו,נורדאו,tertiary,2
הנשיא השישי,הנשיא השישי,tertiary,2
שלמה הלוי,שלמה הלוי,tertiary,2
שרי ישראל,שרי ישראל,tertiary,2
שרי ישראל,שרי ישראל,tertiary,1
שרי ישראל,שרי ישראל,tertiary,2
ארתור הנטקה,ארתור הנטקה,secondary,1
דוד המלך,דוד המלך,tertiary,1
חברון,חברון,trunk,3
חברון,חברון,trunk,3
חברון,חברון,trunk,2
טאבאליה,טאבאליה,tertiary,1
חברון,חברון,trunk,2
טאבאליה,טאבאליה,tertiary,2
המור,המור,tertiary,1
הרוזמרין,הרוזמרין,secondary,3
הרוזמרין,הרוזמרין,secondary,3
הרוזמרין,הרוזמרין,secondary,2
הרוזמרין,הרוזמרין,secondary,2
הרוזמרין,הרוזמרין,secondary,2
הרוזמרין,הרוזמרין,secondary,2
הרוזמרין,הרוזמרין,secondary,2
הרוזמרין,הרוזמרין,secondary,3
הרוזמרין,הרוזמרין,trunk,3
כביש המנהרות,כביש המנהרות,trunk,2
הרוזמרין,הרוזמרין,secondary,2
הרוזמרין,הרוזמרין,trunk,2
בצלאל,בצלאל,tertiary,2
דרך חברון,דרך חברון,secondary,2
הרוזמרין,הרוזמרין,trunk,3
חברון,חברון,trunk,2
דרך חברון,דרך חברון,trunk,2
חברון,חברון,trunk,3
חברון,חברון,trunk,3
חברון,חברון,trunk,3
שלמה זלמן שרגאי,שלמה זלמן שרגאי,tertiary,2
מעבר המיתלה,מעבר המיתלה,tertiary,
מעבר המיתלה,מעבר המיתלה,tertiary,1
מעבר המיתלה,מעבר המיתלה,tertiary,2
מעבר המיתלה,מעבר המיתלה,tertiary,1
לוי אשכול,לוי אשכול,tertiary,2
קרל נטר,קרל נטר,tertiary,1
כנפי נשרים,כנפי נשרים,tertiary,2
יפה נוף,יפה נוף,primary,3
יפה נוף,יפה נוף,primary,2
מעלה השלום,מעלה השלום,tertiary,
חאליד א סאקאיני,חאליד א סאקאיני,tertiary,
שמואל הנביא,שמואל הנביא,tertiary,2
קרית מדע,קרית מדע,tertiary,2
חטיבת הראל,חטיבת הראל,tertiary,2
דרך חברון,דרך חברון,secondary,3
דרך חברון,דרך חברון,secondary,2
דרך חברון,דרך חברון,secondary,2
הרוזמרין,הרוזמרין,trunk,2
א סאפא,א סאפא,tertiary,1
חברון,חברון,trunk,3
חברון,חברון,trunk,4
חברון,חברון,trunk,3
חברון,חברון,trunk,3
דרך חברון,דרך חברון,secondary,2
דרך חברון,דרך חברון,secondary,2
משה שרת,משה שרת,tertiary,1
משה שרת,משה שרת,tertiary,1
קדיש לוז,קדיש לוז,tertiary,
כנפי נשרים,כנפי נשרים,tertiary,2
עקיבא אזולאי,עקיבא אזולאי,tertiary,2
עקיבא אזולאי,עקיבא אזולאי,tertiary,1
פרבשטיין,פרבשטיין,tertiary,2
כנפי נשרים,כנפי נשרים,tertiary,2
ימין אבות,ימין אבות,tertiary,1
בית הדפוס,בית הדפוס,tertiary,1
גבעת שאול,גבעת שאול,tertiary,
גבעת שאול,גבעת שאול,tertiary,
גבעת שאול,גבעת שאול,tertiary,
גבעת שאול,גבעת שאול,tertiary,
גבעת שאול,גבעת שאול,tertiary,
גבעת שאול,גבעת שאול,tertiary,
גבעת שאול,גבעת שאול,tertiary,
גבעת שאול,גבעת שאול,tertiary,
גבעת שאול,גבעת שאול,tertiary,
קרית משה,קרית משה,tertiary,2
גבעת שאול,גבעת שאול,tertiary,
גבעת שאול,גבעת שאול,tertiary,
גבעת שאול,גבעת שאול,tertiary,
שדרות נווה יעקב,שדרות נווה יעקב,tertiary,1
מעגלות הרב פרדס,פרדס,tertiary,
מעגלות הרב פרדס,פרדס,tertiary,
מעגלות הרב פרדס,מעגלות הרב פרדס,tertiary,2
מעגלות הרב פרדס,פרדס,tertiary,
מעגלות הרב פרדס,מעגלות הרב פרדס,tertiary,
מעגלות הרב פרדס,פרדס,tertiary,
מעגלות הרב פרדס,פרדס,tertiary,
מעגלות הרב פרדס,פרדס,tertiary,
אסטורה,אסטורה,tertiary,
אסטורה,אסטורה,tertiary,
מעגלות הרב פרדס,פרדס,tertiary,
מעגלות הרב פרדס,פרדס,tertiary,
מעגלות הרב פרדס,פרדס,tertiary,2
מעגלות הרב פרדס,פרדס,tertiary,
מעגלות הרב פרדס,פרדס,tertiary,2
מעגלות הרב פרדס,פרדס,tertiary,
מעגלות הרב פרדס,פרדס,tertiary,
מעגלות הרב פרדס,מעגלות הרב פרדס,tertiary,2
טהון,טהון,secondary,2
הנרייטה סאלד,הנרייטה סאלד,secondary,1
משה שרת,משה שרת,tertiary,1
קדיש לוז,קדיש לוז,tertiary,
קדיש לוז,קדיש לוז,tertiary,
קדיש לוז,קדיש לוז,tertiary,
דוד איילון,דוד איילון,tertiary,1
רבן יוחנן בן זכאי,רבן יוחנן בן זכאי,tertiary,2
חטיבת הראל,חטיבת הראל,tertiary,1
חטיבת הראל,חטיבת הראל,tertiary,1
ארץ חפץ,ארץ חפץ,tertiary,
ארץ חפץ,ארץ חפץ,tertiary,
ארץ חפץ,ארץ חפץ,tertiary,
ארץ חפץ,ארץ חפץ,tertiary,
חטיבת הראל,חטיבת הראל,tertiary,2
ארץ חפץ,ארץ חפץ,tertiary,
פיתוחי חותם,פיתוחי חותם,tertiary,1
פיתוחי חותם,פיתוחי חותם,tertiary,2
שמואל בן עדיה,שמואל בן עדיה,tertiary,2
שמואל בן עדיה,שמואל בן עדיה,tertiary,2
שמואל בן עדיה,שמואל בן עדיה,tertiary,2
הנביאים,הנביאים,tertiary,2
הנביאים,הנביאים,tertiary,2
הנביאים,הנביאים,tertiary,2
شارع السلطان سليمان,סולטן סולימאן,tertiary,2
شارع السلطان سليمان,סולטן סולימאן,tertiary,2
شارع السلطان سليمان,סולטן סולימאן,tertiary,2
בלפור,בלפור,tertiary,1
בלפור,בלפור,tertiary,
בלפור,בלפור,tertiary,
בלפור,בלפור,tertiary,
בלפור,בלפור,tertiary,
בלפור,בלפור,tertiary,
בלפור,בלפור,tertiary,
בלפור,בלפור,tertiary,
בלפור,בלפור,tertiary,
בלפור,בלפור,tertiary,
בלפור,בלפור,tertiary,
בלפור,בלפור,tertiary,
בלפור,בלפור,tertiary,
שקד,שקד,tertiary,2
יהודה בורלא,יהודה בורלא,tertiary,1
יהודה בורלא,יהודה בורלא,tertiary,1
בצלאל בזק,בצלאל בזק,tertiary,2
בצלאל בזק,בצלאל בזק,tertiary,2
יהושוע יבין,יהושוע יבין,tertiary,
זלמן שניאור,זלמן שניאור,tertiary,
בצלאל בזק,בצלאל בזק,tertiary,2
יהודה בורלא,יהודה בורלא,tertiary,
יהודה בורלא,יהודה בורלא,tertiary,
יהודה בורלא,יהודה בורלא,tertiary,2
בצלאל בזק,בצלאל בזק,tertiary,2
בצלאל בזק,בצלאל בזק,tertiary,2
קרית מדע,קרית מדע,tertiary,1
שלמה הלוי,שלמה הלוי,tertiary,1
גולדה מאיר,גולדה מאיר,primary,4
גולדה מאיר,גולדה מאיר,tertiary,3
שמואל בן עדיה,שמואל בן עדיה,tertiary,2
צאלח א-דין,צאלח א-דין,tertiary,
צאלח א-דין,צאלח א-דין,tertiary,
העסקן,העסקן,tertiary,
העסקן,העסקן,tertiary,
חברון,חברון,trunk,3
מעלה דרגה,מעלה דרגה,primary,2
מעלה דרגה,מעלה דרגה,primary,2
פייר קניג,פייר קניג,tertiary,2
פייר קניג,פייר קניג,tertiary,2
פייר קניג,פייר קניג,tertiary,2
פייר קניג,פייר קניג,tertiary,2
צביה ויצחק,צביה ויצחק,tertiary,1
דב יוסף,דב יוסף,secondary,2
הרב אברהם שפירא,הרב אברהם שפירא,tertiary,1
הרצל,הרצל,primary,3
ישעיהו,ישעיהו,tertiary,2
הנביאים,הנביאים,tertiary,2
חטיבת ירושלים,חטיבת ירושלים,trunk,
חטיבת ירושלים,חטיבת ירושלים,trunk,
יצחק קריב,יצחק קריב,tertiary,
חטיבת ירושלים,חטיבת ירושלים,trunk,
חטיבת ירושלים,חטיבת ירושלים,trunk,
יצחק קריב,יצחק קריב,tertiary,
חטיבת ירושלים,חטיבת ירושלים,trunk,
יצחק קריב,יצחק קריב,tertiary,
יפו,יפו,trunk,2
יצחק קריב,יצחק קריב,tertiary,
יצחק מודעי,יצחק מודעי,secondary,3
שמואל בייט,שמואל בייט,tertiary,2
אביזוהר,אביזוהר,tertiary,
אביזוהר,אביזוהר,tertiary,
שמואל בייט,שמואל בייט,tertiary,2
שמואל בייט,שמואל בייט,tertiary,2
שמואל בייט,שמואל בייט,tertiary,2
אביזוהר,אביזוהר,tertiary,1
אביזוהר,אביזוהר,tertiary,1
אביזוהר,אביזוהר,tertiary,1
אביזוהר,אביזוהר,tertiary,1
הנרייטה סאלד,הנרייטה סאלד,secondary,2
פסח חברוני,פסח חברוני,tertiary,2
טהון,טהון,secondary,1
טהון,טהון,secondary,3
ארתור הנטקה,ארתור הנטקה,secondary,1
טהון,טהון,secondary,1
"זלמן שז""ר","זלמן שז""ר",tertiary,1
שדרות ויצמן,שדרות ויצמן,primary,4
כנפי נשרים,כנפי נשרים,tertiary,2
כנפי נשרים,כנפי נשרים,tertiary,2
קפלן,קפלן,tertiary,2
קפלן,קפלן,tertiary,
קפלן,קפלן,tertiary,2
רופין,רופין,tertiary,2
קפלן,קפלן,tertiary,
קפלן,קפלן,tertiary,2
ים המלח,ים המלח,tertiary,
רחל אמנו,רחל אמנו,tertiary,
רחל אמנו,רחל אמנו,tertiary,
יהודה הנשיא,יהודה הנשיא,tertiary,2
יהודה הנשיא,יהודה הנשיא,tertiary,2
יהודה הנשיא,יהודה הנשיא,tertiary,2
יהודה הנשיא,יהודה הנשיא,tertiary,2
רבקה,רבקה,tertiary,
רבקה,רבקה,tertiary,
פייר קניג,פייר קניג,tertiary,
רבקה,רבקה,tertiary,
רבקה,רבקה,tertiary,
רבקה,רבקה,tertiary,
פייר קניג,פייר קניג,tertiary,2
פייר קניג,פייר קניג,tertiary,
רבקה,רבקה,tertiary,
פייר קניג,פייר קניג,tertiary,2
יהודה,יהודה,tertiary,1
יהודה,יהודה,tertiary,2
יהודה,יהודה,tertiary,2
יהודה,יהודה,tertiary,2
פייר קניג,פייר קניג,tertiary,2
יהודה,יהודה,tertiary,1
פייר קניג,פייר קניג,tertiary,2
עמק רפאים,עמק רפאים,tertiary,2
בני בתירא,בני בתירא,tertiary,2
ירמיהו,ירמיהו,tertiary,2
שמגר,שמגר,tertiary,1
שרי ישראל,שרי ישראל,tertiary,2
הרב הרצוג,הרב הרצוג,secondary,2
לוי אשכול,לוי אשכול,tertiary,2
יעקב פת,יעקב פת,secondary,3
דוד איילון,דוד איילון,tertiary,2
אגודת ספורט הפועל,אגודת ספורט הפועל,tertiary,3
"אגודת ספורט בית""ר","אגודת ספורט בית""ר",secondary,3
פארן,פארן,tertiary,
משה ברעם,משה ברעם,secondary,2
פייר קניג,פייר קניג,tertiary,2
משה ברעם,משה ברעם,secondary,2
פייר קניג,פייר קניג,tertiary,2
משה ברעם,משה ברעם,secondary,2
לייב יפה,לייב יפה,secondary,
אשר וינר,אשר וינר,secondary,3
פייר קניג,פייר קניג,tertiary,1
"חזון אי""ש","חזון אי""ש",tertiary,
אורוגואי,אורוגואי,tertiary,2
אורוגואי,אורוגואי,tertiary,2
אשר וינר,אשר וינר,secondary,2
משה ברעם,משה ברעם,secondary,3
משה ברעם,משה ברעם,secondary,2
משה ברעם,משה ברעם,secondary,2
משה ברעם,משה ברעם,secondary,2
משה ברעם,משה ברעם,secondary,2
משה ברעם,משה ברעם,secondary,2
אגודת ספורט הפועל,אגודת ספורט הפועל,tertiary,1
יצחק מודעי,יצחק מודעי,secondary,3
אשר וינר,אשר וינר,secondary,3
משה ברעם,משה ברעם,secondary,2
אשר וינר,אשר וינר,secondary,3
אשר וינר,אשר וינר,secondary,2
אשר וינר,אשר וינר,secondary,3
אשר וינר,אשר וינר,secondary,2
אשר וינר,אשר וינר,secondary,2
מעבר המיתלה,מעבר המיתלה,tertiary,1
מעבר המיתלה,מעבר המיתלה,tertiary,1
ים סוף,ים סוף,tertiary,1
ים סוף,ים סוף,tertiary,1
גולדה מאיר,גולדה מאיר,primary,3
גולדה מאיר,גולדה מאיר,primary,4
"שח""ל","שח""ל",tertiary,2
"שח""ל","שח""ל",tertiary,2
"שח""ל","שח""ל",tertiary,2
"שח""ל","שח""ל",tertiary,2
"שח""ל","שח""ל",tertiary,1
"זלמן שז""ר","זלמן שז""ר",secondary,2
"זלמן שז""ר","זלמן שז""ר",tertiary,2
"זלמן שז""ר","זלמן שז""ר",tertiary,2
שדרות ויצמן,שדרות ויצמן,primary,4
"זלמן שז""ר","זלמן שז""ר",secondary,3
"זלמן שז""ר","זלמן שז""ר",tertiary,1
הרב שמואל ברוך,הרב שמואל ברוך,tertiary,2
יוסף בורג,יוסף בורג,tertiary,2
"זלמן שז""ר","זלמן שז""ר",secondary,2
הרצל,הרצל,primary,3
"זלמן שז""ר","זלמן שז""ר",secondary,2
הרצל,הרצל,primary,3
הרצל,הרצל,primary,3
שדרות ויצמן,שדרות ויצמן,primary,2
הרצל,הרצל,primary,2
יצחק רבין,יצחק רבין,secondary,3
יצחק רבין,יצחק רבין,secondary,3
יצחק רבין,יצחק רבין,secondary,5
יצחק רבין,יצחק רבין,secondary,3
הרצל,הרצל,primary,4
הרב רביץ,הרב רביץ,tertiary,
הרב רביץ,הרב רביץ,tertiary,
מזל טלה,מזל טלה,tertiary,
מזל טלה,מזל טלה,tertiary,
מזל טלה,מזל טלה,tertiary,
מזל טלה,מזל טלה,tertiary,
הרב רביץ,הרב רביץ,tertiary,
הרב רביץ,הרב רביץ,tertiary,
הרב וינוגרד,וינוגרד,tertiary,
הרב וינוגרד,וינוגרד,tertiary,
הרב רביץ,הרב רביץ,tertiary,
הרב אברהם שפירא,הרב אברהם שפירא,tertiary,1
יצחק רבין,יצחק רבין,secondary,3
יצחק רבין,יצחק רבין,secondary,4
צאלח א-דין,צאלח א-דין,tertiary,
אגודת ספורט הפועל,אגודת ספורט הפועל,tertiary,1
חיל ההנדסה,חיל ההנדסה,trunk,2
חיל ההנדסה,חיל ההנדסה,trunk,2
מנחם בגין,מנחם בגין,motorway,3
קרית היובל,קרית היובל,secondary,1
זנגוויל,זנגוויל,tertiary,
זנגוויל,זנגוויל,tertiary,
זנגוויל,זנגוויל,tertiary,
זנגוויל,זנגוויל,tertiary,
יפה רום,יפה רום,tertiary,2
יפה רום,יפה רום,tertiary,2
יפה רום,יפה רום,tertiary,2
יפה רום,יפה רום,tertiary,2
יפה רום,יפה רום,tertiary,2
יפה רום,יפה רום,tertiary,2
הסנונית,הסנונית,tertiary,
שיירת עטרות,שיירת עטרות,secondary,2
אגודת ספורט הפועל,אגודת ספורט הפועל,tertiary,2
שדרות משה דיין,שדרות משה דיין,tertiary,
השישה עשר,השישה עשר,tertiary,
השישה עשר,השישה עשר,tertiary,1
השישה עשר,השישה עשר,tertiary,1
השישה עשר,השישה עשר,tertiary,1
השישה עשר,השישה עשר,tertiary,1
שדרות משה דיין,שדרות משה דיין,tertiary,
משה דיין,משה דיין,tertiary,
שדרות משה דיין,שדרות משה דיין,tertiary,
שדרות משה דיין,שדרות משה דיין,tertiary,
מאיר גרשון,מאיר גרשון,tertiary,
מאיר גרשון,מאיר גרשון,tertiary,
אלוף יקותיאל אדם,אלוף יקותיאל אדם,tertiary,
דוד בן-גוריון,דוד בן-גוריון,primary,3
מגיני ירושלים,מגיני ירושלים,tertiary,2
דוד בן-גוריון,דוד בן-גוריון,primary,3
שדרות שמואל מאיר,שדרות שמואל מאיר,secondary,2
מנחם בגין,מנחם בגין,motorway,3
העסקן,העסקן,tertiary,
העסקן,העסקן,tertiary,
העסקן,העסקן,tertiary,
דניאל ינובסקי,דניאל ינובסקי,tertiary,
העסקן,העסקן,tertiary,
קדמת ציון,קדמת ציון,tertiary,
קדמת ציון,קדמת ציון,tertiary,
ראס כובסא,ראס כובסא,tertiary,
קדמת ציון,קדמת ציון,tertiary,
מעלה הזיתים,מעלה הזיתים,tertiary,
שיבת ציון,שיבת ציון,tertiary,1
שיבת ציון,שיבת ציון,tertiary,2
יצחק רבין,יצחק רבין,secondary,2
יצחק רבין,יצחק רבין,secondary,3
שדרות וולפסון,שדרות וולפסון,tertiary,2
שדרות וולפסון,שדרות וולפסון,tertiary,1
הרצל,הרצל,primary,
המוזיאונים,המוזיאונים,tertiary,2
קפלן,קפלן,tertiary,3
המוזיאונים,המוזיאונים,tertiary,1
רופין,רופין,tertiary,2
שדרות וולפסון,שדרות וולפסון,tertiary,2
נתנאל לורך,נתנאל לורך,tertiary,2
נתנאל לורך,נתנאל לורך,tertiary,2
נתנאל לורך,נתנאל לורך,tertiary,2
מעלה השלום,מעלה השלום,tertiary,
מעלה השלום,מעלה השלום,tertiary,
אגודת ספורט הפועל,אגודת ספורט הפועל,tertiary,2
"אגודת ספורט בית""ר","אגודת ספורט בית""ר",secondary,3
"אגודת ספורט בית""ר","אגודת ספורט בית""ר",secondary,3
דוד איילון,דוד איילון,tertiary,2
"אגודת ספורט בית""ר","אגודת ספורט בית""ר",secondary,4
"אגודת ספורט בית""ר","אגודת ספורט בית""ר",secondary,2
"אגודת ספורט בית""ר","אגודת ספורט בית""ר",secondary,2
דוד איילון,דוד איילון,tertiary,2
"אגודת ספורט בית""ר","אגודת ספורט בית""ר",secondary,2
א.ש. הרטום,א.ש. הרטום,tertiary,2
א.ש. הרטום,א.ש. הרטום,secondary,2
א.ש. הרטום,א.ש. הרטום,secondary,2
נתנאל לורך,נתנאל לורך,tertiary,2
חיל האוויר,חיל האוויר,tertiary,
"רש""י","רש""י",tertiary,
"רש""י","רש""י",tertiary,
"רש""י","רש""י",tertiary,
דוד ילין,דוד ילין,tertiary,
יוסף בן מתתיהו,יוסף בן מתתיהו,tertiary,
יוסף בן מתתיהו,מתתיהו,tertiary,
"רש""י","רש""י",tertiary,
קרית מדע,קרית מדע,tertiary,
קרית מדע,קרית מדע,tertiary,
האלוף עוזי נרקיס,האלוף עוזי נרקיס,trunk,
האלוף עוזי נרקיס,האלוף עוזי נרקיס,trunk,3
שדרות נווה יעקב,שדרות נווה יעקב,tertiary,
שדרות נווה יעקב,שדרות נווה יעקב,tertiary,
נווה יעקב,שדרות נווה יעקב,tertiary,1
נווה יעקב,שדרות נווה יעקב,tertiary,1
אלוף יקותיאל אדם,אלוף יקותיאל אדם,tertiary,
שדרות משה דיין,שדרות משה דיין,tertiary,
משה דיין,משה דיין,tertiary,
שרי ישראל,שרי ישראל,tertiary,1
הרב אברהם שפירא,הרב אברהם שפירא,tertiary,1
הרב אברהם שפירא,הרב אברהם שפירא,tertiary,2
שמגר,שמגר,tertiary,2
ירמיהו,ירמיהו,tertiary,2
שמגר,שמגר,tertiary,1
ירמיהו,ירמיהו,tertiary,1
חטיבת הראל,חטיבת הראל,tertiary,2
לוי אשכול,לוי אשכול,tertiary,2
לוי אשכול,לוי אשכול,tertiary,3
בר אילן,בר אילן,tertiary,1
ירמיהו,ירמיהו,tertiary,1
הרב דרוק,הרב דרוק,tertiary,2
דרוק,הרב דרוק,tertiary,1
הרב דרוק,הרב דרוק,tertiary,1
הצנחנים,הצנחנים,trunk,1
גרשון שקד,גרשון שקד,tertiary,1
קלמן יעקב מן,קלמן יעקב מן,primary,2
חיים יסקי,חיים יסקי,tertiary,2
חיים יסקי,חיים יסקי,tertiary,2
שדרות צ'רצ'יל,שדרות צ'רצ'יל,tertiary,
יהודה הנשיא,יהודה הנשיא,tertiary,2
יהודה הנשיא,יהודה הנשיא,tertiary,2
דרך הר הזיתים,דרך הר הזיתים,tertiary,2
דרך הר הזיתים,דרך הר הזיתים,tertiary,1
דרך הר הזיתים,דרך הר הזיתים,tertiary,1
קלרמון-גנו,קלרמון-גנו,tertiary,2
קלרמון-גנו,קלרמון-גנו,tertiary,1
אגודת ספורט הפועל,אגודת ספורט הפועל,tertiary,2
שכם,שכם,tertiary,2
שכם,שכם,tertiary,2
כנפי נשרים,כנפי נשרים,tertiary,2
שדרות צ'רצ'יל,שדרות צ'רצ'יל,tertiary,2
אהרון קציר,אהרון קציר,tertiary,2
אהרון קציר,אהרון קציר,tertiary,1
אהרון קציר,אהרון קציר,tertiary,1
שדרות צ'רצ'יל,שדרות צ'רצ'יל,tertiary,
"האצ""ל","האצ""ל",tertiary,1
דניאל ינובסקי,דניאל ינובסקי,tertiary,
נעמי,נעמי,tertiary,1
ששת הימים,ששת הימים,tertiary,1
ששת הימים,ששת הימים,tertiary,1
ששת הימים,ששת הימים,tertiary,2
ששת הימים,ששת הימים,tertiary,1
ששת הימים,ששת הימים,tertiary,
מעלה דרגה,מעלה דרגה,primary,2
מעלה דרגה,מעלה דרגה,primary,2
מעלה דרגה,מעלה דרגה,primary,2
דרך חברון,דרך חברון,secondary,2
כביש המנהרות,כביש המנהרות,trunk,2
מעלה דרגה,מעלה דרגה,primary,2
חברון,חברון,trunk,3
א-זהרה,א-זהרה,tertiary,2
א-תווחיד,א-תווחיד,tertiary,1
א-תווחיד,א-תווחיד,tertiary,2
דב יוסף,דב יוסף,secondary,2
א-זהרה,א-זהרה,tertiary,1
דב יוסף,דב יוסף,secondary,2
א-זהרה,א-זהרה,tertiary,2
פרבשטיין,פרבשטיין,tertiary,3
יפה נוף,יפה נוף,primary,1
יפה נוף,יפה נוף,primary,1
יפה נוף,יפה נוף,primary,2
מרדכי איש שלום,מרדכי איש שלום,primary,2
פרבשטיין,פרבשטיין,tertiary,5
פרבשטיין,פרבשטיין,tertiary,4
פרבשטיין,פרבשטיין,primary,3
בית הדפוס,בית הדפוס,tertiary,1
ימין אבות,ימין אבות,tertiary,2
כנפי נשרים,כנפי נשרים,tertiary,3
כנפי נשרים,כנפי נשרים,tertiary,2
הרצל,הרצל,primary,3
הרצל,הרצל,primary,4
החלוץ,החלוץ,tertiary,1
יפה נוף,יפה נוף,primary,2
הרצל,הרצל,primary,2
הרצל,הרצל,primary,3
הרצל,הרצל,primary,5
הרצל,הרצל,tertiary,2
הרצל,הרצל,tertiary,2
הרצל,הרצל,tertiary,2
הרצל,הרצל,tertiary,2
הרצל,הרצל,tertiary,2
הרצל,הרצל,tertiary,2
הרצל,הרצל,tertiary,3
הרצל,הרצל,tertiary,3
גולומב,גולומב,secondary,4
הרב הרצוג,הרב הרצוג,secondary,3
קרית מדע,קרית מדע,tertiary,
אלוף יקותיאל אדם,אלוף יקותיאל אדם,tertiary,
אלוף יקותיאל אדם,אלוף יקותיאל אדם,tertiary,
אל-מרכז,אל-מרכז,tertiary,
אל-מרכז,אל-מרכז,tertiary,
אלוף יקותיאל אדם,אלוף יקותיאל אדם,tertiary,
אל-מרכז,אל-מרכז,tertiary,
אל-מרכז,אל-מרכז,tertiary,
אלוף יקותיאל אדם,אלוף יקותיאל אדם,tertiary,
אלוף יקותיאל אדם,אלוף יקותיאל אדם,tertiary,
אל-מרכז,אל-מרכז,tertiary,
אלוף יקותיאל אדם,אלוף יקותיאל אדם,tertiary,
מקסימוס צאייג,מקסימוס צאייג,tertiary,
דרך חיזמא,דרך חיזמא,tertiary,
דרך חיזמא,דרך חיזמא,tertiary,
דרך חיזמא,דרך חיזמא,tertiary,
מקסימוס צאייג,מקסימוס צאייג,tertiary,
מקסימוס צאייג,מקסימוס צאייג,tertiary,
א-זהור,א-זהור,secondary,2
א-זהור,א-זהור,secondary,2
א-זהור,א-זהור,secondary,2
מקסימוס צאייג,מקסימוס צאייג,tertiary,
מקסימוס צאייג,מקסימוס צאייג,tertiary,
א-זהור,א-זהור,secondary,2
מקסימוס צאייג,מקסימוס צאייג,tertiary,
אל-מרכז,אל-מרכז,tertiary,
חאליד א סאקאיני,חאליד א סאקאיני,tertiary,
חאליד א סאקאיני,חאליד א סאקאיני,tertiary,
דרך ביר נבאלה,דרך ביר נבאלה,tertiary,
דרך ביר נבאלה,דרך ביר נבאלה,tertiary,
טאהה חוסיין,טאהה חוסיין,tertiary,
الإمام البخاري,אימאם אלבוח'ארי,tertiary,
א-זהור,א-זהור,secondary,2
אלוף יקותיאל אדם,אלוף יקותיאל אדם,tertiary,
שועפט,שועפט,tertiary,
שועפט,שועפט,tertiary,
שועפט,שועפט,tertiary,
דרך הר הזיתים,דרך הר הזיתים,tertiary,
דרך הר הזיתים,דרך הר הזיתים,tertiary,
דרך הר הזיתים,דרך הר הזיתים,tertiary,
דרך הר הזיתים,דרך הר הזיתים,tertiary,
טאריק אל מדרס,טאריק אל מדרס,tertiary,
הרב אברהם שפירא,הרב אברהם שפירא,tertiary,1
יצחק רבין,יצחק רבין,secondary,4
יצחק רבין,יצחק רבין,secondary,3
נתנאל לורך,נתנאל לורך,tertiary,1
הרב אברהם שפירא,הרב אברהם שפירא,tertiary,1
יצחק רבין,יצחק רבין,secondary,2
נתנאל לורך,נתנאל לורך,tertiary,1
יצחק רבין,יצחק רבין,secondary,3
יצחק רבין,יצחק רבין,secondary,3
יצחק רבין,יצחק רבין,secondary,3
שדרות וולפסון,שדרות וולפסון,tertiary,2
הרצל,הרצל,primary,2
אגודת ספורט הפועל,אגודת ספורט הפועל,tertiary,2
אגודת ספורט מכבי,אגודת ספורט מכבי,tertiary,1
אגודת ספורט מכבי,אגודת ספורט מכבי,tertiary,1
אגודת ספורט מכבי,אגודת ספורט מכבי,tertiary,1
המרגלית,המרגלית,tertiary,1
המרגלית,המרגלית,tertiary,1
חיים ברלב,חיים ברלב,trunk,3
שדרות משה דיין,שדרות משה דיין,tertiary,
شارع السلطان سليمان,סולטן סולימאן,tertiary,2
סולטן סולימאן,סולטן סולימאן,tertiary,2
شارع السلطان سليمان,סולטן סולימאן,tertiary,2
סולטן סולימאן,סולטן סולימאן,tertiary,1
شارع السلطان سليمان,סולטן סולימאן,tertiary,1
יהודה הנשיא,יהודה הנשיא,tertiary,2
طريق أريحا,יריחו,secondary,
طريق أريحا,יריחו,tertiary,
طريق أريحا,יריחו,tertiary,
בן יהודה,בן יהודה,tertiary,2
בן יהודה,בן יהודה,tertiary,2
אגריפס,אגריפס,tertiary,1
Alshaikh Sa'd,שייח סעד אל,tertiary,
נסים בכר,נסים בכר,tertiary,
בצלאל,בצלאל,tertiary,2
אוסישקין,אוסישקין,tertiary,
בצלאל,בצלאל,tertiary,2
אוסישקין,אוסישקין,tertiary,
בצלאל,בצלאל,tertiary,2
הרב שמואל ברוך,הרב שמואל ברוך,tertiary,1
הרב שמואל ברוך,הרב שמואל ברוך,tertiary,2
אגריפס,אגריפס,tertiary,1
شارع رئيسي,,tertiary,
شارع رئيسي,,tertiary,
מעלה השלום,מעלה השלום,tertiary,2
המרגלית,המרגלית,tertiary,1
הרוזמרין,הרוזמרין,secondary,1
שרי ישראל,שרי ישראל,tertiary,1
מנהרת ידין,מנהרת ידין,trunk,2
מנהרת ידין,מנהרת ידין,trunk,2
מנהרת ידין,מנהרת ידין,trunk,2
מנהרת ידין,מנהרת ידין,trunk,2
شارع السلطان سليمان,סולטן סולימאן,tertiary,1
شارع السلطان سليمان,סולטן סולימאן,tertiary,1
צאלח א-דין,צאלח א-דין,tertiary,
סולטן סולימאן,סולטן סולימאן,tertiary,1
שועפט,שועפט,tertiary,2
שועפט,שועפט,tertiary,2
שועפט,שועפט,tertiary,
שועפט,שועפט,tertiary,2
שועפט,שועפט,tertiary,2
שועפט,שועפט,tertiary,2
הרב אברהם שפירא,הרב אברהם שפירא,tertiary,2
הרב אברהם שפירא,הרב אברהם שפירא,tertiary,1
לבציון,לבציון,tertiary,1
אגודת ספורט הפועל,אגודת ספורט הפועל,tertiary,2
"לח""י","לח""י",tertiary,1
"לח""י","לח""י",tertiary,1
"לח""י","לח""י",tertiary,1
"לח""י","לח""י",tertiary,2
טאהה חוסיין,טאהה חוסיין,tertiary,
עבד אלחמיד שומאן,עבד אלחמיד שומאן,secondary,2
עבד אלחמיד שומאן,עבד אלחמיד שומאן,secondary,2
עבד אלחמיד שומאן,עבד אלחמיד שומאן,secondary,2
לוי אשכול,לוי אשכול,tertiary,2
לוי אשכול,לוי אשכול,tertiary,2
גולומב,גולומב,secondary,3
כביש הטבעת המזרחי,כביש הטבעת המזרחי,secondary,
כביש הטבעת המזרחי,כביש הטבעת המזרחי,secondary,
כביש הטבעת המזרחי,כביש הטבעת המזרחי,secondary,
"שדרות ש""י עגנון","שדרות ש""י עגנון",tertiary,1
"שדרות ש""י עגנון","שדרות ש""י עגנון",tertiary,1
"שדרות ש""י עגנון","שדרות ש""י עגנון",tertiary,1
דרך חברון,דרך חברון,trunk,2
חברון,חברון,trunk,2
דרך חברון,דרך חברון,trunk,2
חברון,חברון,trunk,3
התנופה,התנופה,tertiary,2
חברון,חברון,trunk,3
התנופה,התנופה,tertiary,2
חברון,חברון,trunk,2
דרך חברון,דרך חברון,trunk,2
דרך חברון,דרך חברון,trunk,3
רבקה,רבקה,tertiary,2
חברון,חברון,trunk,2
רבקה,רבקה,tertiary,3
חברון,חברון,trunk,2
דניאל ינובסקי,דניאל ינובסקי,tertiary,3
דרך חברון,דרך חברון,trunk,3
דרך חברון,דרך חברון,trunk,3
דניאל ינובסקי,דניאל ינובסקי,tertiary,2
דרך חברון,דרך חברון,trunk,2
דרך חברון,דרך חברון,trunk,2
דרך חברון,דרך חברון,trunk,2
חברון,חברון,trunk,2
עין כרם,עין כרם,primary,2
הפיסגה,הפיסגה,tertiary,1
בצלאל בזק,בצלאל בזק,tertiary,2
בצלאל בזק,בצלאל בזק,tertiary,2
בצלאל בזק,בצלאל בזק,tertiary,2
גרשון שקד,גרשון שקד,tertiary,2
גרשון שקד,גרשון שקד,tertiary,2
בצלאל בזק,בצלאל בזק,tertiary,4
האוניברסיטה העברית,האוניברסיטה העברית,secondary,3
קדיש לוז,קדיש לוז,tertiary,
יעקב פת,יעקב פת,secondary,2
יעקב פת,יעקב פת,secondary,2
יעקב פת,יעקב פת,secondary,3
יעקב פת,יעקב פת,secondary,2
שמואל הנביא,שמואל הנביא,tertiary,2
חטיבת הראל,חטיבת הראל,tertiary,1
דרך חברון,דרך חברון,trunk,2
דרך חברון,דרך חברון,trunk,2
חברון,חברון,trunk,2
חברון,חברון,trunk,3
התנופה,התנופה,tertiary,2
דניאל ינובסקי,ינובסקי,tertiary,
חנוך אלבק,חנוך אלבק,tertiary,
דניאל ינובסקי,דניאל ינובסקי,tertiary,
דניאל ינובסקי,דניאל ינובסקי,tertiary,1
דרך חברון,דרך חברון,trunk,3
דרך חברון,דרך חברון,trunk,3
דניאל ינובסקי,דניאל ינובסקי,tertiary,3
דרך חברון,דרך חברון,trunk,3
שבתאי הנגבי,שבתאי הנגבי,tertiary,2
שבתאי הנגבי,שבתאי הנגבי,tertiary,2
שבתאי הנגבי,שבתאי הנגבי,tertiary,2
שבתאי הנגבי,שבתאי הנגבי,tertiary,1
הרב אברהם שפירא,הרב אברהם שפירא,tertiary,1
הרב אברהם שפירא,הרב אברהם שפירא,tertiary,2
לבציון,לבציון,tertiary,1
שדרות וולפסון,שדרות וולפסון,tertiary,1
דרך הר הזיתים,דרך הר הזיתים,tertiary,2
אהרון קציר,אהרון קציר,tertiary,1
אהרון קציר,אהרון קציר,tertiary,1
קלרמון-גנו,קלרמון-גנו,tertiary,1
קלרמון-גנו,קלרמון-גנו,tertiary,1
אהרון קציר,אהרון קציר,tertiary,1
אהרון קציר,אהרון קציר,tertiary,1
האוניברסיטה העברית,האוניברסיטה העברית,secondary,3
שדרות האוניברסיטה העברית,שדרות האוניברסיטה העברית,secondary,3
שדרות האוניברסיטה העברית,שדרות האוניברסיטה העברית,secondary,4
יצחק הנדיב,יצחק הנדיב,secondary,3
ואדי אל-ג'וז,ואדי אל-ג'וז,secondary,1
האוניברסיטה העברית,האוניברסיטה העברית,secondary,4
שדרות האוניברסיטה העברית,שדרות האוניברסיטה העברית,secondary,2
אהרון קציר,אהרון קציר,tertiary,2
האוניברסיטה העברית,האוניברסיטה העברית,secondary,2
אהרון קציר,אהרון קציר,tertiary,2
האוניברסיטה העברית,האוניברסיטה העברית,secondary,2
שדרות האוניברסיטה העברית,שדרות האוניברסיטה העברית,secondary,2
אהרון קציר,אהרון קציר,tertiary,2
האוניברסיטה העברית,האוניברסיטה העברית,secondary,2
בר אילן,בר אילן,tertiary,1
ירמיהו,ירמיהו,tertiary,2
עלי הכהן,עלי הכהן,tertiary,
בר אילן,בר אילן,tertiary,1
חטיבת הראל,חטיבת הראל,tertiary,1
המוזיאונים,המוזיאונים,tertiary,1
בלפור,בלפור,tertiary,1
מעגלות הרב פרדס,פרדס,tertiary,2
מעגלות הרב פרדס,פרדס,tertiary,2
שדרות נווה יעקב,נווה יעקב,tertiary,1
הרב רפאל קצנלבוגן,הרב רפאל קצנלבוגן,tertiary,1
בית הדפוס,בית הדפוס,tertiary,
בית הדפוס,בית הדפוס,tertiary,1
הרב רפאל קצנלבוגן,הרב רפאל קצנלבוגן,tertiary,1
הרב רפאל קצנלבוגן,הרב רפאל קצנלבוגן,tertiary,1
כנפי נשרים,כנפי נשרים,tertiary,1
הרב רפאל קצנלבוגן,הרב רפאל קצנלבוגן,tertiary,1
כנפי נשרים,כנפי נשרים,tertiary,2
הרב רפאל קצנלבוגן,הרב רפאל קצנלבוגן,tertiary,1
כנפי נשרים,כנפי נשרים,tertiary,1
כנפי נשרים,כנפי נשרים,tertiary,2
נווה יעקב,נווה יעקב,tertiary,1
גולדה מאיר,גולדה מאיר,secondary,2
שדרות שיירת הר הצופים,שדרות שיירת הר הצופים,tertiary,
מרטין בובר,מרטין בובר,tertiary,1
שדרות שיירת הר הצופים,שיירת הר הצופים,tertiary,
שדרות שיירת הר הצופים,שיירת הר הצופים,tertiary,
שדרות שיירת הר הצופים,שדרות שיירת הר הצופים,tertiary,
שדרות שיירת הר הצופים,שדרות שיירת הר הצופים,tertiary,
הרב אברהם שפירא,הרב אברהם שפירא,tertiary,1
שדרות וולפסון,שדרות וולפסון,tertiary,1
שדרות וולפסון,שדרות וולפסון,tertiary,2
נתנאל לורך,נתנאל לורך,tertiary,1
שדרות וולפסון,שדרות וולפסון,tertiary,1
וואדי הילווה,וואדי הילווה,tertiary,
דרך חיזמא-אדם,דרך חיזמא-אדם,primary,3
בצלאל בזק,בצלאל בזק,tertiary,2
בצלאל בזק,בצלאל בזק,tertiary,1
בצלאל בזק,בצלאל בזק,trunk,4
בצלאל בזק,בצלאל בזק,trunk,3
בצלאל בזק,בצלאל בזק,trunk,3
יעקב פת,יעקב פת,secondary,2
יעקב פת,יעקב פת,secondary,2
יעקב פת,יעקב פת,secondary,2
יעקב פת,יעקב פת,secondary,2
יעקב פת,יעקב פת,secondary,2
החורש,החורש,tertiary,2
דרך החורש,דרך החורש,tertiary,2
המרגלית,המרגלית,tertiary,1
המרגלית,המרגלית,tertiary,1
המרגלית,המרגלית,tertiary,1
המרגלית,המרגלית,tertiary,1
המרגלית,המרגלית,tertiary,1
המרגלית,המרגלית,tertiary,1
המרגלית,המרגלית,tertiary,1
צביה ויצחק,צביה ויצחק,tertiary,1
צביה ויצחק,צביה ויצחק,tertiary,1
צביה ויצחק,צביה ויצחק,tertiary,2
צביה ויצחק,צביה ויצחק,tertiary,2
צביה ויצחק,צביה ויצחק,tertiary,2
הסנונית,הסנונית,tertiary,
יפה רום,יפה רום,tertiary,2
צביה ויצחק,צביה ויצחק,tertiary,2
הסנונית,הסנונית,tertiary,
הרוזמרין,הרוזמרין,secondary,2
אונטרמן,אונטרמן,tertiary,2
דב יוסף,דב יוסף,secondary,2
הגננת,הגננת,tertiary,2
אונטרמן,אונטרמן,secondary,2
הרוזמרין,הרוזמרין,secondary,2
דב יוסף,דב יוסף,secondary,2
הרוזמרין,הרוזמרין,secondary,1
יהודה הנשיא,יהודה הנשיא,tertiary,2
יעקב פת,יעקב פת,secondary,2
המרגלית,המרגלית,tertiary,1
הסיגלית,הסיגלית,tertiary,1
דב יוסף,דב יוסף,secondary,2
א-נבי יונס,א-נבי יונס,tertiary,2
דב יוסף,דב יוסף,secondary,2
א-נבי יונס,א-נבי יונס,tertiary,2
מנחם בגין,מנחם בגין,motorway,3
דרך אריאל שרון,דרך אריאל שרון,tertiary,3
"שח""ל","שח""ל",tertiary,1
"כי""ח","כי""ח",tertiary,2
"כי""ח","כי""ח",tertiary,1
אגריפס,אגריפס,tertiary,2
עזריה,עזריה,tertiary,1
בית חנינא,בית חנינא,tertiary,
בצלאל בזק,בצלאל בזק,tertiary,2
בצלאל בזק,בצלאל בזק,tertiary,2
בצלאל בזק,בצלאל בזק,tertiary,3
עבד אלחמיד שומאן,עבד אלחמיד שומאן,secondary,2
טאהה חוסיין,טאהה חוסיין,tertiary,
נווה יעקב,נווה יעקב,tertiary,1
נווה יעקב,שדרות נווה יעקב,tertiary,1
הכביש האמריקאי,הכביש האמריקאי,primary,2
בלפור,בלפור,tertiary,
בלפור,בלפור,tertiary,1
הרכבת,הרכבת,tertiary,1
"שדרות ש""י עגנון","שדרות ש""י עגנון",tertiary,1
שי עגנון,שי עגנון,tertiary,1
"שדרות ש""י עגנון","שדרות ש""י עגנון",tertiary,1
"שדרות ש""י עגנון","שדרות ש""י עגנון",tertiary,1
דוד בן-גוריון,דוד בן-גוריון,primary,3
אל-לתון,אל-לתון,tertiary,2
הרואה,הרוא''ה,tertiary,1
הרואה,הרוא''ה,tertiary,2
הרואה,הרוא''ה,tertiary,1
הרוא''ה,הרוא''ה,tertiary,2
הרוא''ה,הרוא''ה,tertiary,1
הרוא''ה,הרוא''ה,tertiary,2
קלרמון-גנו,קלרמון-גנו,tertiary,2
שכם,שכם,tertiary,2
גולומב,גולומב,secondary,3
שבתאי הנגבי,שבתאי הנגבי,tertiary,3
שבתאי הנגבי,שבתאי הנגבי,tertiary,2
דב יוסף,דב יוסף,secondary,2
שבתאי הנגבי,שבתאי הנגבי,tertiary,1
צביה ויצחק,צביה ויצחק,tertiary,1
נתנאל לורך,נתנאל לורך,tertiary,1
שדרות וולפסון,שדרות וולפסון,tertiary,1
נתנאל לורך,נתנאל לורך,tertiary,2
א-נבי יונס,א-נבי יונס,tertiary,1
דוד בנבנישתי,דוד בנבנישתי,secondary,4
אגודת ספורט הפועל,אגודת ספורט הפועל,tertiary,1
אגודת ספורט הפועל,אגודת ספורט הפועל,tertiary,2
אגודת ספורט הפועל,אגודת ספורט הפועל,tertiary,3
דוד בנבנישתי,דוד בנבנישתי,secondary,2
דב יוסף,דב יוסף,secondary,2
דוד בנבנישתי,דוד בנבנישתי,secondary,3
דב יוסף,דב יוסף,secondary,1
יעקב פת,יעקב פת,secondary,1
יעקב פת,יעקב פת,secondary,1
יעקב פת,יעקב פת,secondary,2
יעקב פת,יעקב פת,secondary,1
יעקב פת,יעקב פת,secondary,2
יעקב פת,יעקב פת,secondary,2
יעקב פת,יעקב פת,secondary,3
יעקב פת,יעקב פת,secondary,2
הפרסה,הפרסה,tertiary,1
הפרסה,הפרסה,tertiary,1
הפרסה,הפרסה,tertiary,2
הפרסה,הפרסה,tertiary,2
הפרסה,הפרסה,tertiary,1
משה ברעם,משה ברעם,secondary,2
יעקב פת,יעקב פת,secondary,2
יעקב פת,יעקב פת,secondary,
יוסי בן יועזר,יוסי בן יועזר,tertiary,
יעקב פת,יעקב פת,secondary,2
יוסי בן יועזר,יוסי בן יועזר,tertiary,
משה ברעם,משה ברעם,secondary,2
האומן,האומן,tertiary,1
האומן,האומן,tertiary,2
האומן,האומן,tertiary,2
חרשי ברזל,חרשי ברזל,tertiary,2
חרשי ברזל,חרשי ברזל,tertiary,1
גרשון שקד,גרשון שקד,tertiary,1
גרשון שקד,גרשון שקד,tertiary,2
קלרמון-גנו,קלרמון-גנו,tertiary,2
מרטין בובר,מרטין בובר,tertiary,1
לבציון,לבציון,tertiary,2
לבציון,לבציון,tertiary,1
"זלמן שז""ר","זלמן שז""ר",tertiary,1
"כי""ח","כי""ח",tertiary,2
יפה רום,יפה רום,tertiary,2
לשם,לשם,tertiary,1
לשם,לשם,tertiary,1
לשם,לשם,tertiary,2
צביה ויצחק,צביה ויצחק,tertiary,2
יפה רום,יפה רום,tertiary,2
יפה רום,יפה רום,tertiary,2
הגננת,הגננת,tertiary,2
הגננת,הגננת,tertiary,2
צביה ויצחק,צביה ויצחק,tertiary,2
יפה רום,יפה רום,tertiary,1
לשם,לשם,tertiary,1
הגננת,הגננת,tertiary,2
לשם,לשם,tertiary,1
לשם,לשם,tertiary,1
יפה רום,יפה רום,tertiary,1
יפה רום,יפה רום,tertiary,2
צביה ויצחק,צביה ויצחק,tertiary,2
שלמה זלמן שרגאי,שלמה זלמן שרגאי,tertiary,2
שמעון הצדיק,שמעון הצדיק,tertiary,1
חיים ברלב,חיים ברלב,trunk,5
חיים ברלב,חיים ברלב,trunk,3
חיים ברלב,חיים ברלב,trunk,2
חיים ברלב,חיים ברלב,trunk,2
חיים ברלב,חיים ברלב,trunk,2
חיים ברלב,חיים ברלב,trunk,2
שמעון הצדיק,שמעון הצדיק,tertiary,1
חיים ברלב,חיים ברלב,trunk,2
חיים ברלב,חיים ברלב,trunk,2
שמעון הצדיק,שמעון הצדיק,tertiary,2
חיים ברלב,חיים ברלב,trunk,2
חיים ברלב,חיים ברלב,trunk,2
שמעון הצדיק,שמעון הצדיק,tertiary,3
שמעון הצדיק,שמעון הצדיק,tertiary,2
שמעון הצדיק,שמעון הצדיק,tertiary,1
שמעון הצדיק,שמעון הצדיק,tertiary,
שמעון הצדיק,שמעון הצדיק,tertiary,1
נורדאו,נורדאו,tertiary,2
יפו,יפו,tertiary,1
שרי ישראל,שרי ישראל,tertiary,2
הנשיא השישי,הנשיא השישי,tertiary,2
חיים ברלב,חיים ברלב,trunk,5
שמעון הצדיק,שמעון הצדיק,tertiary,1
מעלות עיר דוד,מעלות עיר דוד,tertiary,
شارع القدس,,secondary,
شارع القدس,,secondary,
شارع القدس,,secondary,
شارع القدس,,secondary,
דב יוסף,דב יוסף,secondary,2
א-תווחיד,א-תווחיד,tertiary,1
א-תווחיד,א-תווחיד,tertiary,1
דב יוסף,דב יוסף,secondary,2
יעקב שסקין,יעקב שסקין,tertiary,1
יעקב שסקין,יעקב שסקין,tertiary,1
יעקב שסקין,יעקב שסקין,tertiary,1
יעקב שסקין,יעקב שסקין,tertiary,1
יעקב שסקין,יעקב שסקין,tertiary,1
כובשי קטמון,כובשי קטמון,tertiary,1
כובשי קטמון,כובשי קטמון,tertiary,1
בית לחם,בית לחם,tertiary,
עמק רפאים,עמק רפאים,tertiary,1
בית לחם,בית לחם,tertiary,
הנשיא,הנשיא,tertiary,
דוד מרכוס,דוד מרכוס,tertiary,
דוד מרכוס,דוד מרכוס,tertiary,
ז'בוטינסקי,ז'בוטינסקי,tertiary,1
ז'בוטינסקי,ז'בוטינסקי,tertiary,1
ז'בוטינסקי,ז'בוטינסקי,tertiary,
ז'בוטינסקי,ז'בוטינסקי,tertiary,
כיכר אורד וינגייט,כיכר אורד וינגייט,tertiary,
כיכר אורד וינגייט,כיכר אורד וינגייט,tertiary,
ז'בוטינסקי,ז'בוטינסקי,tertiary,
הנשיא,הנשיא,tertiary,
הנשיא,הנשיא,tertiary,
ז'בוטינסקי,ז'בוטינסקי,tertiary,2
ז'בוטינסקי,ז'בוטינסקי,tertiary,
ז'בוטינסקי,ז'בוטינסקי,tertiary,
ז'בוטינסקי,ז'בוטינסקי,tertiary,
הרכבת,הרכבת,tertiary,2
הרכבת,הרכבת,tertiary,1
הרכבת,הרכבת,tertiary,1
הרכבת,הרכבת,tertiary,1
הרכבת,הרכבת,tertiary,1
הרכבת,הרכבת,tertiary,1
הרכבת,הרכבת,tertiary,1
פייר קניג,פייר קניג,tertiary,2
פייר קניג,פייר קניג,tertiary,2
שמואל הנביא,שמואל הנביא,tertiary,1
"האדמו""רים ליינער","האדמו""רים ליינער",tertiary,
"האדמו""רים ליינער","האדמו""רים ליינער",tertiary,
"האדמו""רים ליינער","האדמו""רים ליינער",tertiary,
גולדה מאיר,גולדה מאיר,tertiary,2
שמואל הנביא,שמואל הנביא,tertiary,1
שמואל הנביא,שמואל הנביא,tertiary,1
שמואל הנביא,שמואל הנביא,tertiary,1
שמואל הנביא,שמואל הנביא,tertiary,1
שמואל הנביא,שמואל הנביא,tertiary,1
גולדה מאיר,גולדה מאיר,tertiary,2
גולדה מאיר,גולדה מאיר,tertiary,2
גולדה מאיר,גולדה מאיר,tertiary,1
גולדה מאיר,גולדה מאיר,tertiary,2
פייר קניג,פייר קניג,tertiary,2
עמק רפאים,עמק רפאים,tertiary,1
רחל אמנו,רחל אמנו,tertiary,2
אלעזר המודעי,אלעזר המודעי,tertiary,1
אלעזר המודעי,אלעזר המודעי,tertiary,2
פייר קניג,פייר קניג,tertiary,2
עמק רפאים,עמק רפאים,tertiary,1
יוחנן בן זכאי,רבן יוחנן בן זכאי,tertiary,
עמק רפאים,עמק רפאים,tertiary,1
כובשי קטמון,כובשי קטמון,tertiary,2
כיכר אורד וינגייט,כיכר אורד וינגייט,tertiary,
"זלמן שז""ר","זלמן שז""ר",tertiary,2
יפו,יפו,tertiary,1
כי טוב,כי טוב,tertiary,1
בר אילן,בר אילן,tertiary,1
בר אילן,בר אילן,tertiary,1
בר אילן,בר אילן,tertiary,1
ירמיהו,ירמיהו,tertiary,2
שדרות גולדה מאיר,שדרות גולדה מאיר,primary,3
יצחק מירסקי,יצחק מירסקי,tertiary,2
שדרות גולדה מאיר,שדרות גולדה מאיר,primary,3
מינץ בנימין,מינץ בנימין,tertiary,
"המשורר אצ""ג","אצ""ג",tertiary,2
"המשורר אצ""ג","המשורר אצ""ג",tertiary,1
"המשורר אצ""ג","המשורר אצ""ג",tertiary,1
הגננת,הגננת,secondary,2
הרוזמרין,הרוזמרין,secondary,2
דב יוסף,דב יוסף,secondary,2
שכם,שכם,tertiary,
שכם,שכם,tertiary,2
כביש 21 (ירושלים),כביש 21 (ירושלים),secondary,
כביש 21 (ירושלים),כביש 21 (ירושלים),secondary,
כביש 21 (ירושלים),כביש 21 (ירושלים),secondary,
כביש 21 (ירושלים),כביש 21 (ירושלים),secondary,
כביש 21 (ירושלים),כביש 21 (ירושלים),secondary,
כביש 21 (ירושלים),כביש 21 (ירושלים),secondary,
כביש 21 (ירושלים),כביש 21 (ירושלים),secondary,
כביש 21 (ירושלים),כביש 21 (ירושלים),secondary,
דרך ביר נבאלה,דרך ביר נבאלה,tertiary,
דרך ביר נבאלה,דרך ביר נבאלה,secondary,
כביש 21 (ירושלים),כביש 21 (ירושלים),secondary,
כביש 21 (ירושלים),כביש 21 (ירושלים),secondary,
כביש 21 (ירושלים),כביש 21 (ירושלים),secondary,
שרי ישראל,שרי ישראל,tertiary,2
"זלמן שז""ר","זלמן שז""ר",tertiary,2
רבינוביץ',אהרן רבינוביץ',tertiary,
דוד בן-גוריון,דוד בן-גוריון,primary,3
גרשון שקד,גרשון שקד,tertiary,1
בצלאל בזק,בצלאל בזק,trunk,3
בצלאל בזק,בצלאל בזק,tertiary,1
בצלאל בזק,בצלאל בזק,tertiary,1
בצלאל בזק,בצלאל בזק,tertiary,1
בצלאל בזק,בצלאל בזק,tertiary,1
עזריה,עזריה,tertiary,2
עזריה,עזריה,tertiary,2
רחל אמנו,רחל אמנו,tertiary,1
פייר קניג,פייר קניג,tertiary,
פייר קניג,פייר קניג,tertiary,
התנופה,התנופה,tertiary,1
התנופה,התנופה,tertiary,1
התנופה,התנופה,tertiary,1
התנופה,התנופה,tertiary,1
התנופה,התנופה,tertiary,1
התנופה,התנופה,tertiary,2
התנופה,התנופה,tertiary,2
פייר קניג,פייר קניג,tertiary,
פייר קניג,פייר קניג,tertiary,
התנופה,התנופה,tertiary,1
התנופה,התנופה,tertiary,2
התנופה,התנופה,tertiary,2
התנופה,התנופה,tertiary,2
עקיבא אזולאי,עקיבא אזולאי,tertiary,2
עקיבא אזולאי,עקיבא אזולאי,tertiary,2
עקיבא אזולאי,עקיבא אזולאי,tertiary,2
עקיבא אזולאי,עקיבא אזולאי,tertiary,2
כביש ירושלים תל אביב,כביש ירושלים תל אביב,trunk,3
شارع السلطان سليمان,סולטן סולימאן,tertiary,1
הנביאים,הנביאים,tertiary,1
شارع السلطان سليمان,סולטן סולימאן,tertiary,1
הנביאים,הנביאים,tertiary,1
הנביאים,הנביאים,tertiary,2
شارع السلطان سليمان,סולטן סולימאן,tertiary,1
شارع السلطان سليمان,סולטן סולימאן,tertiary,2
شارع السلطان سليمان,סולטן סולימאן,tertiary,2
קלמן יעקב מן,קלמן יעקב מן,primary,2
הגננת,הגננת,tertiary,1
דב יוסף,דב יוסף,secondary,2
אונטרמן,אונטרמן,tertiary,2
הרוזמרין,הרוזמרין,secondary,2
הגננת,הגננת,secondary,2
אונטרמן,אונטרמן,secondary,2
הרוזמרין,הרוזמרין,secondary,1
דב יוסף,דב יוסף,secondary,2
הסיגלית,הסיגלית,tertiary,1
א-נבי יונס,א-נבי יונס,tertiary,2
דוד בנבנישתי,דוד בנבנישתי,secondary,2
הצנחנים,הצנחנים,tertiary,2
הצנחנים,הצנחנים,tertiary,2
הנביאים,הנביאים,tertiary,2
שבטי ישראל,שבטי ישראל,tertiary,1
שבטי ישראל,שבטי ישראל,tertiary,2
שלמה המלך,שלמה המלך,tertiary,3
שלמה המלך,שלמה המלך,tertiary,3
שלמה המלך,שלמה המלך,tertiary,2
שלמה המלך,שלמה המלך,tertiary,2
שלמה המלך,שלמה המלך,tertiary,2
שלמה המלך,שלמה המלך,tertiary,2
שלמה המלך,שלמה המלך,tertiary,2
שלמה המלך,שלמה המלך,tertiary,2
שבטי ישראל,שבטי ישראל,tertiary,1
שבטי ישראל,שבטי ישראל,tertiary,1
הנביאים,הנביאים,tertiary,2
בן יהודה,בן יהודה,tertiary,1
בן יהודה,בן יהודה,tertiary,2
הנביאים,הנביאים,tertiary,2
שבטי ישראל,שבטי ישראל,tertiary,2
מרדכי עליאש,מרדכי עליאש,tertiary,2
מרדכי עליאש,מרדכי עליאש,tertiary,1
גרשון שקד,גרשון שקד,tertiary,2
כנפי נשרים,כנפי נשרים,tertiary,3
כנפי נשרים,כנפי נשרים,tertiary,3
הנביאים,הנביאים,tertiary,2
שכם,שכם,tertiary,2
חיים ברלב,חיים ברלב,trunk,2
קלרמון-גנו,קלרמון-גנו,tertiary,2
חיים ברלב,חיים ברלב,trunk,2
חיים ברלב,חיים ברלב,trunk,2
שלמה זלמן שרגאי,שלמה זלמן שרגאי,tertiary,2
חיים ברלב,חיים ברלב,trunk,2
דב יוסף,דב יוסף,secondary,2
דב יוסף,דב יוסף,secondary,2
יעקב פת,יעקב פת,secondary,1
יעקב פת,יעקב פת,secondary,2
יעקב פת,יעקב פת,secondary,2
גולדה מאיר,שדרות גולדה מאיר,primary,3
גולדה מאיר,גולדה מאיר,primary,3
גולדה מאיר,שדרות גולדה מאיר,primary,3
שדרות גולדה מאיר,שדרות גולדה מאיר,primary,3
גולדה מאיר,שדרות גולדה מאיר,primary,2
הרוא''ה,הרוא''ה,tertiary,2
רוטשילד,רוטשילד,tertiary,
אל-לתון,אל-לתון,tertiary,2
הטורים,הטורים,tertiary,
"רמב""ן","רמב""ן",tertiary,2
"רמב""ן","רמב""ן",tertiary,3
אגרון,אגרון,tertiary,2
קרן היסוד,קרן היסוד,tertiary,2
שלום עליכם,שלום עליכם,tertiary,1
אברהם מאפו,אברהם מאפו,tertiary,1
דוד המלך,דוד המלך,tertiary,2
ז'בוטינסקי,ז'בוטינסקי,tertiary,2
שלום עליכם,שלום עליכם,tertiary,1
דוד המלך,דוד המלך,tertiary,2
דוד המלך,דוד המלך,tertiary,2
קרן היסוד,קרן היסוד,tertiary,1
קרן היסוד,קרן היסוד,tertiary,2
קרן היסוד,קרן היסוד,tertiary,2
קרן היסוד,קרן היסוד,tertiary,1
קרן היסוד,קרן היסוד,tertiary,2
קרן היסוד,קרן היסוד,tertiary,2
בן מיימון,בן מיימון,tertiary,2
"רמב""ן","רמב""ן",tertiary,3
קרן היסוד,קרן היסוד,tertiary,2
אגרון,אגרון,tertiary,2
אגרון,אגרון,tertiary,3
המלך ג'ורג',המלך ג'ורג',tertiary,2
המלך ג׳ורג׳,המלך ג׳ורג׳,tertiary,1
חברון,חברון,trunk,4
חברון,חברון,trunk,3
הרוזמרין,הרוזמרין,trunk,2
חברון,חברון,trunk,3
חברון,חברון,trunk,3
חברון,חברון,trunk,3
חברון,חברון,trunk,3
חברון,חברון,trunk,3
חברון,חברון,trunk,3
דרך חברון,דרך חברון,trunk,3
דרך חברון,דרך חברון,trunk,3
דרך חברון,דרך חברון,trunk,3
מרטין בובר,מרטין בובר,tertiary,
"חזון אי""ש",חזון איש,tertiary,
כנפי נשרים,כנפי נשרים,tertiary,2
שאולזון הרב,שאולזון הרב,tertiary,1
קצנלבוגן,קצנלבוגן הרב רפאל,tertiary,1
קצנלבוגן,קצנלבוגן הרב רפאל,tertiary,1
שאולזון,שאולזון הרב,tertiary,1
שאולזון,שאולזון הרב,tertiary,1
שאולזון הרב,שאולזון הרב,tertiary,1
שאולזון הרב,שאולזון הרב,tertiary,1
שאולזון הרב,שאולזון הרב,tertiary,1
יצחק מודעי,יצחק מודעי,secondary,2
שמואל הנגיד,שמואל הנגיד,tertiary,2
שמואל הנגיד,שמואל הנגיד,tertiary,1
המלך ג׳ורג׳,המלך ג׳ורג׳,tertiary,2
המלך ג׳ורג׳,המלך ג׳ורג׳,tertiary,2
המלך ג׳ורג׳,המלך ג׳ורג׳,tertiary,2
שמואל הנגיד,שמואל הנגיד,tertiary,2
דוד המלך,דוד המלך,tertiary,2
המלך ג׳ורג׳,המלך ג׳ורג׳,tertiary,2
שמואל הנגיד,שמואל הנגיד,tertiary,1
המלך ג׳ורג׳,המלך ג׳ורג׳,tertiary,3
המלך ג׳ורג׳,המלך ג׳ורג׳,tertiary,2
מרדכי עליאש,מרדכי עליאש,tertiary,2
שמואל הנגיד,שמואל הנגיד,tertiary,2
שמואל הנגיד,שמואל הנגיד,tertiary,2
המלך ג׳ורג׳,המלך ג׳ורג׳,tertiary,2
קרן היסוד,קרן היסוד,tertiary,1
קרן היסוד,קרן היסוד,tertiary,2
קרן היסוד,קרן היסוד,tertiary,2
קרן היסוד,קרן היסוד,tertiary,3
קרן היסוד,קרן היסוד,tertiary,2
קרן היסוד,קרן היסוד,tertiary,2
קרן היסוד,קרן היסוד,tertiary,2
קרן היסוד,קרן היסוד,tertiary,2
שמואל הנגיד,שמואל הנגיד,tertiary,2
מרדכי עליאש,מרדכי עליאש,tertiary,1
מרדכי עליאש,מרדכי עליאש,tertiary,2
בצלאל,בצלאל,tertiary,2
בן מיימון,בן מיימון,tertiary,2
שלום עליכם,שלום עליכם,tertiary,2
ז'בוטינסקי,ז'בוטינסקי,tertiary,2
דוד המלך,דוד המלך,tertiary,2
קרית מדע,קרית מדע,tertiary,
קרית מדע,קרית מדע,tertiary,
קרית מדע,קרית מדע,tertiary,
קרית מדע,קרית מדע,tertiary,
קרית מדע,קרית מדע,tertiary,
אהרון קציר,אהרון קציר,tertiary,1
"לח""י","לח""י",tertiary,2
"לח""י","לח""י",tertiary,2
שאולזון הרב,שאולזון הרב,tertiary,1
שאולזון הרב,שאולזון הרב,tertiary,1
שאולזון הרב,שאולזון הרב,tertiary,1
שאולזון הרב,שאולזון הרב,tertiary,1
שאולזון הרב,שאולזון הרב,tertiary,1
עקיבא אזולאי,עקיבא אזולאי,tertiary,2
עקיבא אזולאי,עקיבא אזולאי,tertiary,2
עקיבא אזולאי,עקיבא אזולאי,tertiary,1
כנפי נשרים,כנפי נשרים,tertiary,2
עקיבא אזולאי,עקיבא אזולאי,tertiary,1
כנפי נשרים,כנפי נשרים,tertiary,3
כנפי נשרים,כנפי נשרים,tertiary,2
הרב אברהם שפירא,הרב אברהם שפירא,tertiary,1
הרב אברהם שפירא,הרב אברהם שפירא,tertiary,1
הרב אברהם שפירא,הרב אברהם שפירא,tertiary,2
ראמאללה,ראמאללה,trunk,1
שדרות גולדה מאיר,שדרות גולדה מאיר,primary,3
שדרות גולדה מאיר,שדרות גולדה מאיר,primary,3
