{
"type": "FeatureCollection",
"name": "area_centers",
"crs": { "type": "name", "properties": { "name": "urn:ogc:def:crs:OGC:1.3:CRS84" } },
"features": [
{ "type": "Feature", "properties": { "Taz_num": "6006", "Taz_num_sh": 6006.0, "name": "נוה יעקב - מרכז מסחרי", "in_jeru": 1, "in_metro": 1, "sector": "U. Orthodox", "apts_2020": 843.6363636, "apt_add_25": 5.191666667, "apt_add_30": 5.191666667, "apt_add_35": 5.191666667, "apt_add_40": 5.191666667, "apt_addAll": 20.76666667, "apts_2040": 864.4030303, "hh_2020": 5.5, "hh_2025": 5.5, "hh_2030": 5.5, "hh_2035": 5.0, "hh_2040": 5.0, "pop_2020": 4640.0, "pop_2025": 4668.554167, "pop_2030": 4697.108333, "pop_2035": 4296.056818, "pop_2040": 4322.015152, "stud_2020": 576.6152977, "stud_2025": 727.2305954, "stud_2030": 877.8458931, "stud_2035": 1028.461191, "stud_2040": 1179.076488, "emp_2020": 519.1790405, "emp_2025": 541.8490894, "emp_2030": 559.1602954, "emp_2035": 578.752101, "emp_2040": 597.4884496, "yesh_2020": 100.0, "yesh_2025": 100.0, "yesh_2030": 100.0, "yesh_2035": 100.0, "yesh_2040": 100.0, "uni_2020": 0.0, "uni_2025": 0.0, "uni_2030": 0.0, "uni_2035": 0.0, "uni_2040": 0.0 }, "geometry": { "type": "Point", "coordinates": [ 35.241774359458788, 31.842709629539819 ] } },
{ "type": "Feature", "properties": { "Taz_num": "6007", "Taz_num_sh": 6007.0, "name": "נוה יעקב תחתון", "in_jeru": 1, "in_metro": 1, "sector": "Jewish", "apts_2020": 932.2322759, "apt_add_25": 8.9, "apt_add_30": 8.9, "apt_add_35": 8.9, "apt_add_40": 8.9, "apt_addAll": 35.6, "apts_2040": 967.8322759, "hh_2020": 4.345858482, "hh_2025": 4.753046388, "hh_2030": 5.124043797, "hh_2035": 5.422111171, "hh_2040": 5.615741724, "pop_2020": 4051.349543, "pop_2025": 4473.245364, "pop_2030": 4868.00699, "pop_2035": 5199.437405, "pop_2040": 5435.096094, "stud_2020": 363.1929236, "stud_2025": 526.3858473, "stud_2030": 689.5787709, "stud_2035": 852.7716946, "stud_2040": 1015.964618, "emp_2020": 120.3251981, "emp_2025": 135.9698494, "emp_2030": 151.6145007, "emp_2035": 167.2591521, "emp_2040": 177.2772365, "yesh_2020": 40.0, "yesh_2025": 40.0, "yesh_2030": 40.0, "yesh_2035": 40.0, "yesh_2040": 40.0, "uni_2020": 0.0, "uni_2025": 0.0, "uni_2030": 0.0, "uni_2035": 0.0, "uni_2040": 0.0 }, "geometry": { "type": "Point", "coordinates": [ 35.244310550745617, 31.840940644814868 ] } },
{ "type": "Feature", "properties": { "Taz_num": "5807", "Taz_num_sh": 5807.0, "name": "רמות - בריכת מים", "in_jeru": 1, "in_metro": 1, "sector": "U. Orthodox", "apts_2020": 1048.275, "apt_add_25": 0.0, "apt_add_30": 70.0, "apt_add_35": 29.8, "apt_add_40": 30.0, "apt_addAll": 129.8, "apts_2040": 1178.075, "hh_2020": 5.761473642, "hh_2025": 5.773882786, "hh_2030": 5.776452085, "hh_2035": 5.799088254, "hh_2040": 5.717414886, "pop_2020": 6039.608782, "pop_2025": 6052.616978, "pop_2030": 6459.661956, "pop_2035": 6657.788247, "pop_2040": 6735.543541, "stud_2020": 3775.884334, "stud_2025": 3754.099339, "stud_2030": 3816.068701, "stud_2035": 3813.532003, "stud_2040": 3783.039281, "emp_2020": 1109.524214, "emp_2025": 1121.683598, "emp_2030": 1155.673193, "emp_2035": 1176.359084, "emp_2040": 1191.293401, "yesh_2020": 1354.379604, "yesh_2025": 1263.119645, "yesh_2030": 1228.932646, "yesh_2035": 1324.799142, "yesh_2040": 1364.658026, "uni_2020": 0.0, "uni_2025": 0.0, "uni_2030": 0.0, "uni_2035": 0.0, "uni_2040": 0.0 }, "geometry": { "type": "Point", "coordinates": [ 35.193523249915195, 31.824070738223799 ] } },
{ "type": "Feature", "properties": { "Taz_num": "5806", "Taz_num_sh": 5806.0, "name": "רמות פולין", "in_jeru": 1, "in_metro": 1, "sector": "U. Orthodox", "apts_2020": 973.0769231, "apt_add_25": 72.9, "apt_add_30": 0.0, "apt_add_35": 0.0, "apt_add_40": 0.0, "apt_addAll": 72.9, "apts_2040": 1045.976923, "hh_2020": 6.5, "hh_2025": 6.5, "hh_2030": 6.5, "hh_2035": 6.0, "hh_2040": 6.0, "pop_2020": 6325.0, "pop_2025": 6798.85, "pop_2030": 6798.85, "pop_2035": 6275.861538, "pop_2040": 6275.861538, "stud_2020": 2534.5, "stud_2025": 2534.5, "stud_2030": 2534.5, "stud_2035": 2534.5, "stud_2040": 2534.5, "emp_2020": 570.2855866, "emp_2025": 649.3696607000001, "emp_2030": 663.9901328, "emp_2035": 676.2364249, "emp_2040": 684.7821869000001, "yesh_2020": 2444.146881, "yesh_2025": 2437.366767, "yesh_2030": 2400.374835, "yesh_2035": 2467.554466, "yesh_2040": 2498.234765, "uni_2020": 0.0, "uni_2025": 0.0, "uni_2030": 0.0, "uni_2035": 0.0, "uni_2040": 0.0 }, "geometry": { "type": "Point", "coordinates": [ 35.195620681378536, 31.82017351341575 ] } },
{ "type": "Feature", "properties": { "Taz_num": "5802", "Taz_num_sh": 5802.0, "name": "רמות - הדף היומי", "in_jeru": 1, "in_metro": 1, "sector": "Jewish", "apts_2020": 604.5, "apt_add_25": 75.6, "apt_add_30": 0.0, "apt_add_35": 6.0, "apt_add_40": 14.0, "apt_addAll": 95.6, "apts_2040": 700.1, "hh_2020": 5.743589744, "hh_2025": 5.743589744, "hh_2030": 5.743589744, "hh_2035": 5.735290132, "hh_2040": 5.716840012, "pop_2020": 3472.0, "pop_2025": 3906.215385, "pop_2030": 3906.215385, "pop_2035": 3934.98256, "pop_2040": 4002.359692, "stud_2020": 317.2881286, "stud_2025": 350.1281258, "stud_2030": 317.6241738, "stud_2035": 312.0497712, "stud_2040": 313.6446509, "emp_2020": 374.738207, "emp_2025": 387.4605699, "emp_2030": 387.5695205, "emp_2035": 392.5354484, "emp_2040": 400.2218644, "yesh_2020": 0.0, "yesh_2025": 0.0, "yesh_2030": 0.0, "yesh_2035": 0.0, "yesh_2040": 0.0, "uni_2020": 0.0, "uni_2025": 0.0, "uni_2030": 0.0, "uni_2035": 0.0, "uni_2040": 0.0 }, "geometry": { "type": "Point", "coordinates": [ 35.206160017112055, 31.817257910998027 ] } },
{ "type": "Feature", "properties": { "Taz_num": "6401", "Taz_num_sh": 6401.0, "name": "מחנה פליטים שועפאת - מזרח", "in_jeru": 1, "in_metro": 1, "sector": "arabs behined seperation wall", "apts_2020": 5341.313285, "apt_add_25": 984.1175258, "apt_add_30": 984.1175258, "apt_add_35": 978.3972052, "apt_add_40": 932.42648, "apt_addAll": 3879.058737, "apts_2040": 9220.372022, "hh_2020": 5.905616316, "hh_2025": 5.2, "hh_2030": 5.2, "hh_2035": 5.2, "hh_2040": 5.2, "pop_2020": 31543.74688, "pop_2025": 32892.24022, "pop_2030": 38009.65135, "pop_2035": 43097.31682, "pop_2040": 47945.93451, "stud_2020": 1218.504597, "stud_2025": 1440.281156, "stud_2030": 1542.014085, "stud_2035": 1704.496957, "stud_2040": 1796.901404, "emp_2020": 841.3617656, "emp_2025": 937.468333, "emp_2030": 1022.570901, "emp_2035": 1112.801749, "emp_2040": 1459.104322, "yesh_2020": 0.0, "yesh_2025": 0.0, "yesh_2030": 0.0, "yesh_2035": 0.0, "yesh_2040": 0.0, "uni_2020": 0.0, "uni_2025": 0.0, "uni_2030": 0.0, "uni_2035": 0.0, "uni_2040": 0.0 }, "geometry": { "type": "Point", "coordinates": [ 35.24756123166862, 31.811765068543249 ] } },
{ "type": "Feature", "properties": { "Taz_num": "5703", "Taz_num_sh": 5703.0, "name": "רמות - גן טכנולוגיה", "in_jeru": 1, "in_metro": 1, "sector": "Jewish", "apts_2020": 596.8333425, "apt_add_25": 0.0, "apt_add_30": 25.2, "apt_add_35": 0.0, "apt_add_40": 0.0, "apt_addAll": 25.2, "apts_2040": 622.0333425, "hh_2020": 4.264171953, "hh_2025": 4.40659027, "hh_2030": 4.416161984, "hh_2035": 4.475644326, "hh_2040": 4.499758789, "pop_2020": 2545.0, "pop_2025": 2630.0, "pop_2030": 2747.0, "pop_2035": 2784.0, "pop_2040": 2799.0, "stud_2020": 1065.402301, "stud_2025": 1091.687616, "stud_2030": 1046.701689, "stud_2035": 1064.335593, "stud_2040": 1077.543831, "emp_2020": 405.8407922, "emp_2025": 418.0687197, "emp_2030": 422.475451, "emp_2035": 485.124147, "emp_2040": 492.7213601, "yesh_2020": 0.0, "yesh_2025": 0.0, "yesh_2030": 0.0, "yesh_2035": 0.0, "yesh_2040": 0.0, "uni_2020": 0.0, "uni_2025": 0.0, "uni_2030": 0.0, "uni_2035": 0.0, "uni_2040": 0.0 }, "geometry": { "type": "Point", "coordinates": [ 35.198708603231594, 31.811337653740942 ] } },
{ "type": "Feature", "properties": { "Taz_num": "5706", "Taz_num_sh": 5706.0, "name": "רמות - גן העץ", "in_jeru": 1, "in_metro": 1, "sector": "Jewish", "apts_2020": 813.1786575, "apt_add_25": 0.0, "apt_add_30": 0.0, "apt_add_35": 0.0, "apt_add_40": 0.0, "apt_addAll": 0.0, "apts_2040": 813.1786575, "hh_2020": 4.376652003, "hh_2025": 4.687776745, "hh_2030": 5.028415296, "hh_2035": 5.433000435, "hh_2040": 5.884315772, "pop_2020": 3559.0, "pop_2025": 3812.0, "pop_2030": 4089.0, "pop_2035": 4418.0, "pop_2040": 4785.0, "stud_2020": 478.0376762, "stud_2025": 507.9108204, "stud_2030": 495.9481885, "stud_2035": 534.0332476, "stud_2040": 573.8912766, "emp_2020": 295.7635992, "emp_2025": 310.466326, "emp_2030": 319.826654, "emp_2035": 337.6866057, "emp_2040": 356.4861073, "yesh_2020": 28.0, "yesh_2025": 28.0, "yesh_2030": 28.0, "yesh_2035": 28.0, "yesh_2040": 28.0, "uni_2020": 0.0, "uni_2025": 0.0, "uni_2030": 0.0, "uni_2035": 0.0, "uni_2040": 0.0 }, "geometry": { "type": "Point", "coordinates": [ 35.195367497316759, 31.811217015853153 ] } },
{ "type": "Feature", "properties": { "Taz_num": "5105", "Taz_num_sh": 5105.0, "name": "סנהדריה המורחבת", "in_jeru": 1, "in_metro": 1, "sector": "U. Orthodox", "apts_2020": 798.3046669, "apt_add_25": 179.8, "apt_add_30": 10.5, "apt_add_35": 10.5, "apt_add_40": 10.5, "apt_addAll": 211.3, "apts_2040": 1009.604667, "hh_2020": 6.021693066, "hh_2025": 5.737106971, "hh_2030": 5.871883981, "hh_2035": 5.955157517, "hh_2040": 5.952592452, "pop_2020": 4807.145677, "pop_2025": 5611.491103, "pop_2030": 5804.971907, "pop_2035": 5949.825667, "pop_2040": 6009.765119, "stud_2020": 5217.084445, "stud_2025": 5458.00399, "stud_2030": 5516.595922, "stud_2035": 5575.187853, "stud_2040": 5633.779785, "emp_2020": 684.990197, "emp_2025": 790.1649175, "emp_2030": 804.8852518, "emp_2035": 818.1691544, "emp_2040": 829.4314939, "yesh_2020": 1195.111284, "yesh_2025": 1203.223018, "yesh_2030": 1174.633936, "yesh_2035": 1232.644328, "yesh_2040": 1252.841288, "uni_2020": 0.0, "uni_2025": 0.0, "uni_2030": 0.0, "uni_2035": 0.0, "uni_2040": 0.0 }, "geometry": { "type": "Point", "coordinates": [ 35.217065730315284, 31.80341297733812 ] } },
{ "type": "Feature", "properties": { "Taz_num": "5210", "Taz_num_sh": 5210.0, "name": "קרית צאנז", "in_jeru": 1, "in_metro": 1, "sector": "U. Orthodox", "apts_2020": 754.8485265, "apt_add_25": 0.0, "apt_add_30": 0.0, "apt_add_35": 70.0, "apt_add_40": 0.0, "apt_addAll": 70.0, "apts_2040": 824.8485265, "hh_2020": 5.043702943, "hh_2025": 5.097749215, "hh_2030": 5.252661285, "hh_2035": 5.16614698, "hh_2040": 5.148906407, "pop_2020": 3807.231735, "pop_2025": 3848.028484, "pop_2030": 3964.963631, "pop_2035": 4261.288724, "pop_2040": 4247.067863, "stud_2020": 1217.488666, "stud_2025": 1357.977332, "stud_2030": 1498.465998, "stud_2035": 1638.954664, "stud_2040": 1779.44333, "emp_2020": 811.7793923, "emp_2025": 834.1509634, "emp_2030": 853.8132487, "emp_2035": 879.7651963, "emp_2040": 896.0641997, "yesh_2020": 1128.773842, "yesh_2025": 1082.139416, "yesh_2030": 1088.248202, "yesh_2035": 1171.217986, "yesh_2040": 1168.279902, "uni_2020": 0.0, "uni_2025": 0.0, "uni_2030": 0.0, "uni_2035": 0.0, "uni_2040": 0.0 }, "geometry": { "type": "Point", "coordinates": [ 35.207266408559875, 31.798511984164186 ] } },
{ "type": "Feature", "properties": { "Taz_num": "5104", "Taz_num_sh": 5104.0, "name": "סנהדריה", "in_jeru": 1, "in_metro": 1, "sector": "U. Orthodox", "apts_2020": 917.4605703, "apt_add_25": 26.0, "apt_add_30": 20.5, "apt_add_35": 20.5, "apt_add_40": 71.5, "apt_addAll": 138.5, "apts_2040": 1055.96057, "hh_2020": 6.306205529, "hh_2025": 6.390729538, "hh_2030": 6.44891041, "hh_2035": 6.473980787, "hh_2040": 6.275158328, "pop_2020": 5785.694921, "pop_2025": 6029.401334, "pop_2030": 6216.495357, "pop_2035": 6373.378818, "pop_2040": 6626.319767, "stud_2020": 496.6894183, "stud_2025": 558.0156972, "stud_2030": 549.0286872, "stud_2035": 548.3495471, "stud_2040": 557.1353504, "emp_2020": 499.2808826, "emp_2025": 580.5757974000001, "emp_2030": 597.2642492, "emp_2035": 613.7924338, "emp_2040": 830.3515413, "yesh_2020": 1415.144582, "yesh_2025": 1409.908591, "yesh_2030": 1397.842979, "yesh_2035": 1430.020142, "yesh_2040": 1459.456231, "uni_2020": 0.0, "uni_2025": 0.0, "uni_2030": 0.0, "uni_2035": 0.0, "uni_2040": 0.0 }, "geometry": { "type": "Point", "coordinates": [ 35.219440128045626, 31.798495557442113 ] } },
{ "type": "Feature", "properties": { "Taz_num": "5211", "Taz_num_sh": 5211.0, "name": "עזרת תורה", "in_jeru": 1, "in_metro": 1, "sector": "U. Orthodox", "apts_2020": 466.7428571, "apt_add_25": 7.59, "apt_add_30": 15.99, "apt_add_35": 45.99, "apt_add_40": 7.59, "apt_addAll": 77.16, "apts_2040": 543.9028571, "hh_2020": 6.641772772, "hh_2025": 6.260784539, "hh_2030": 5.885224561, "hh_2035": 5.57775979, "hh_2040": 5.386983289, "pop_2020": 3100.0, "pop_2025": 2969.695818, "pop_2030": 2885.660122, "pop_2035": 2991.424289, "pop_2040": 2929.995602, "stud_2020": 1793.0, "stud_2025": 1712.110805, "stud_2030": 1669.02858, "stud_2035": 1702.737699, "stud_2040": 1667.7721, "emp_2020": 497.0015435, "emp_2025": 499.216612, "emp_2030": 505.5264551, "emp_2035": 522.4871982, "emp_2040": 527.7091645, "yesh_2020": 1216.05154, "yesh_2025": 1185.404559, "yesh_2030": 1179.853258, "yesh_2035": 1218.72486, "yesh_2040": 1226.372663, "uni_2020": 0.0, "uni_2025": 0.0, "uni_2030": 0.0, "uni_2035": 0.0, "uni_2040": 0.0 }, "geometry": { "type": "Point", "coordinates": [ 35.213885491700701, 31.798063903463394 ] } },
{ "type": "Feature", "properties": { "Taz_num": "5213", "Taz_num_sh": 5213.0, "name": "שיכון חב_ד", "in_jeru": 1, "in_metro": 1, "sector": "U. Orthodox", "apts_2020": 793.7350455, "apt_add_25": 37.29, "apt_add_30": 7.59, "apt_add_35": 7.59, "apt_add_40": 53.49, "apt_addAll": 105.96, "apts_2040": 899.6950455, "hh_2020": 5.587480822, "hh_2025": 5.67973619, "hh_2030": 5.801945979, "hh_2035": 5.871335484, "hh_2040": 5.781406452, "pop_2020": 4434.979344, "pop_2025": 4720.003026, "pop_2030": 4865.599191, "pop_2035": 4968.353711, "pop_2040": 5201.502741, "stud_2020": 1595.819534, "stud_2025": 1778.212243, "stud_2030": 1947.521917, "stud_2035": 2119.60233, "stud_2040": 2333.654472, "emp_2020": 492.0394499, "emp_2025": 508.1115339, "emp_2030": 523.1110364, "emp_2035": 539.036362, "emp_2040": 560.2496923, "yesh_2020": 847.0557536, "yesh_2025": 849.4909093, "yesh_2030": 824.0975366, "yesh_2035": 863.6790741, "yesh_2040": 893.0845636, "uni_2020": 0.0, "uni_2025": 0.0, "uni_2030": 0.0, "uni_2035": 0.0, "uni_2040": 0.0 }, "geometry": { "type": "Point", "coordinates": [ 35.213800924836185, 31.794863428883968 ] } },
{ "type": "Feature", "properties": { "Taz_num": "5103", "Taz_num_sh": 5103.0, "name": "שמואל הנביא", "in_jeru": 1, "in_metro": 1, "sector": "U. Orthodox", "apts_2020": 874.75, "apt_add_25": 27.375, "apt_add_30": 27.375, "apt_add_35": 49.775, "apt_add_40": 27.375, "apt_addAll": 131.9, "apts_2040": 1006.65, "hh_2020": 5.167794349, "hh_2025": 5.316885515, "hh_2030": 5.366918411, "hh_2035": 5.364588072, "hh_2040": 5.334649459, "pop_2020": 4520.528106, "pop_2025": 4796.495345, "pop_2030": 4988.550663, "pop_2035": 5253.406984, "pop_2040": 5370.124878, "stud_2020": 286.0012225, "stud_2025": 378.2924681, "stud_2030": 473.2789428, "stud_2035": 584.2142715, "stud_2040": 686.1732792, "emp_2020": 349.1844168, "emp_2025": 354.9421769, "emp_2030": 363.6520717, "emp_2035": 375.2424592, "emp_2040": 384.8030637, "yesh_2020": 333.2510666, "yesh_2025": 386.3486131, "yesh_2030": 391.5986921, "yesh_2035": 396.4050545, "yesh_2040": 396.663536, "uni_2020": 0.0, "uni_2025": 0.0, "uni_2030": 0.0, "uni_2035": 0.0, "uni_2040": 0.0 }, "geometry": { "type": "Point", "coordinates": [ 35.222535194889026, 31.795608865439124 ] } },
{ "type": "Feature", "properties": { "Taz_num": "0113", "Taz_num_sh": 113.0, "name": "ארזי הבירה", "in_jeru": 1, "in_metro": 1, "sector": "U. Orthodox", "apts_2020": 757.0, "apt_add_25": 20.0, "apt_add_30": 30.0, "apt_add_35": 50.0, "apt_add_40": 150.0, "apt_addAll": 250.0, "apts_2040": 1007.0, "hh_2020": 4.502867795, "hh_2025": 4.587456386, "hh_2030": 4.703844372, "hh_2035": 4.775334343, "hh_2040": 4.746929978, "pop_2020": 3408.670921, "pop_2025": 3564.453612, "pop_2030": 3796.002408, "pop_2035": 4092.461532, "pop_2040": 4780.158488, "stud_2020": 3438.0, "stud_2025": 3484.734807, "stud_2030": 3531.044567, "stud_2035": 3590.336391, "stud_2040": 3727.875783, "emp_2020": 606.5957191, "emp_2025": 619.9045492, "emp_2030": 634.9811738, "emp_2035": 651.8178727, "emp_2040": 686.0885894, "yesh_2020": 630.363826, "yesh_2025": 620.8756666, "yesh_2030": 630.0403448, "yesh_2035": 646.1487512, "yesh_2040": 663.8181101, "uni_2020": 0.0, "uni_2025": 0.0, "uni_2030": 0.0, "uni_2035": 0.0, "uni_2040": 0.0 }, "geometry": { "type": "Point", "coordinates": [ 35.224990141700275, 31.791885825878857 ] } },
{ "type": "Feature", "properties": { "Taz_num": "5505", "Taz_num_sh": 5505.0, "name": "הר נוף - צפון מערב", "in_jeru": 1, "in_metro": 1, "sector": "U. Orthodox", "apts_2020": 795.6565333, "apt_add_25": 5.0, "apt_add_30": 5.0, "apt_add_35": 5.0, "apt_add_40": 36.2, "apt_addAll": 51.2, "apts_2040": 846.8565333, "hh_2020": 4.088447545, "hh_2025": 4.101633926, "hh_2030": 4.127068872, "hh_2035": 4.128752267, "hh_2040": 4.066804547, "pop_2020": 3253.0, "pop_2025": 3284.0, "pop_2030": 3325.0, "pop_2035": 3347.0, "pop_2040": 3444.0, "stud_2020": 227.1111738, "stud_2025": 237.2312348, "stud_2030": 240.7566153, "stud_2035": 233.8028436, "stud_2040": 242.5977146, "emp_2020": 316.3831074, "emp_2025": 322.8572176, "emp_2030": 328.9152094, "emp_2035": 332.6347229, "emp_2040": 342.5428959, "yesh_2020": 689.0832056, "yesh_2025": 680.5448013, "yesh_2030": 680.7135921, "yesh_2035": 712.2127083, "yesh_2040": 716.6767775, "uni_2020": 0.0, "uni_2025": 0.0, "uni_2030": 0.0, "uni_2035": 0.0, "uni_2040": 0.0 }, "geometry": { "type": "Point", "coordinates": [ 35.171918132551873, 31.788987158928613 ] } },
{ "type": "Feature", "properties": { "Taz_num": "5305", "Taz_num_sh": 5305.0, "name": "גבעת שאול מערב", "in_jeru": 1, "in_metro": 1, "sector": "U. Orthodox", "apts_2020": 1322.322267, "apt_add_25": 341.0, "apt_add_30": 130.5, "apt_add_35": 187.8, "apt_add_40": 51.4, "apt_addAll": 710.7, "apts_2040": 2033.022267, "hh_2020": 4.808963864, "hh_2025": 4.817092345, "hh_2030": 4.895383532, "hh_2035": 4.955124805, "hh_2040": 5.120046628, "pop_2020": 6359.0, "pop_2025": 8012.376962, "pop_2030": 8781.447988, "pop_2035": 9819.185652, "pop_2040": 10409.1688, "stud_2020": 2227.599187, "stud_2025": 2591.528684, "stud_2030": 2720.290281, "stud_2035": 3023.727876, "stud_2040": 3179.117322, "emp_2020": 874.2476632, "emp_2025": 1019.954556, "emp_2030": 1076.246548, "emp_2035": 1162.762131, "emp_2040": 1207.405621, "yesh_2020": 844.452943, "yesh_2025": 893.5745993, "yesh_2030": 910.0935816, "yesh_2035": 991.3473316, "yesh_2040": 1017.740023, "uni_2020": 0.0, "uni_2025": 0.0, "uni_2030": 0.0, "uni_2035": 0.0, "uni_2040": 0.0 }, "geometry": { "type": "Point", "coordinates": [ 35.191291721302854, 31.789976388232795 ] } },
{ "type": "Feature", "properties": { "Taz_num": "0102", "Taz_num_sh": 102.0, "name": "בית ישראל", "in_jeru": 1, "in_metro": 1, "sector": "U. Orthodox", "apts_2020": 1223.0, "apt_add_25": 219.25, "apt_add_30": 51.1, "apt_add_35": 37.0, "apt_add_40": 74.5, "apt_addAll": 381.85, "apts_2040": 1604.85, "hh_2020": 6.547929394, "hh_2025": 6.40943294, "hh_2030": 6.486236597, "hh_2035": 6.56534802, "hh_2040": 6.467875086, "pop_2020": 8008.117648, "pop_2025": 9244.004657, "pop_2030": 9686.221422000001, "pop_2035": 10047.28034, "pop_2040": 10379.96933, "stud_2020": 2123.321942, "stud_2025": 2471.939599, "stud_2030": 2715.898356, "stud_2035": 2964.339575, "stud_2040": 3207.981853, "emp_2020": 1027.921004, "emp_2025": 1185.430504, "emp_2030": 1254.653997, "emp_2035": 1328.206146, "emp_2040": 1403.93829, "yesh_2020": 7572.305557, "yesh_2025": 7662.836183, "yesh_2030": 7667.716767, "yesh_2035": 7708.018976, "yesh_2040": 7720.617514, "uni_2020": 0.0, "uni_2025": 0.0, "uni_2030": 0.0, "uni_2035": 0.0, "uni_2040": 0.0 }, "geometry": { "type": "Point", "coordinates": [ 35.224082058829168, 31.789469460805119 ] } },
{ "type": "Feature", "properties": { "Taz_num": "0101", "Taz_num_sh": 101.0, "name": "גאולה מזרח", "in_jeru": 1, "in_metro": 1, "sector": "U. Orthodox", "apts_2020": 788.75, "apt_add_25": 55.45, "apt_add_30": 25.0, "apt_add_35": 25.0, "apt_add_40": 31.0, "apt_addAll": 136.45, "apts_2040": 925.2, "hh_2020": 6.0, "hh_2025": 6.0, "hh_2030": 6.0, "hh_2035": 6.0, "hh_2040": 6.0, "pop_2020": 4732.5, "pop_2025": 5065.2, "pop_2030": 5215.2, "pop_2035": 5365.2, "pop_2040": 5551.2, "stud_2020": 1446.438806, "stud_2025": 1647.723924, "stud_2030": 1659.835647, "stud_2035": 1671.434674, "stud_2040": 1681.915486, "emp_2020": 548.6287597, "emp_2025": 609.1610813, "emp_2030": 644.732677, "emp_2035": 684.6675225, "emp_2040": 723.2446559, "yesh_2020": 2141.391002, "yesh_2025": 2189.486979, "yesh_2030": 2215.704217, "yesh_2035": 2221.429829, "yesh_2040": 2216.429188, "uni_2020": 0.0, "uni_2025": 0.0, "uni_2030": 0.0, "uni_2035": 0.0, "uni_2040": 0.0 }, "geometry": { "type": "Point", "coordinates": [ 35.221853406757752, 31.789050731642551 ] } },
{ "type": "Feature", "properties": { "Taz_num": "0903", "Taz_num_sh": 903.0, "name": "מקור ברוך מערב", "in_jeru": 1, "in_metro": 1, "sector": "U. Orthodox", "apts_2020": 1041.0, "apt_add_25": 26.025, "apt_add_30": 26.025, "apt_add_35": 26.025, "apt_add_40": 26.025, "apt_addAll": 104.1, "apts_2040": 1145.1, "hh_2020": 3.912364622, "hh_2025": 4.001102627, "hh_2030": 4.054046332, "hh_2035": 4.076607678, "hh_2040": 4.069473821, "pop_2020": 4072.771572, "pop_2025": 4269.27653, "pop_2030": 4431.275344, "pop_2035": 4562.029738, "pop_2040": 4659.954472, "stud_2020": 3228.177165, "stud_2025": 3376.205046, "stud_2030": 3401.859488, "stud_2035": 3424.061957, "stud_2040": 3445.094869, "emp_2020": 2720.322197, "emp_2025": 2735.895344, "emp_2030": 2740.250926, "emp_2035": 2744.290078, "emp_2040": 2827.418012, "yesh_2020": 1188.205584, "yesh_2025": 1212.688431, "yesh_2030": 1226.10346, "yesh_2035": 1236.66212, "yesh_2040": 1241.018949, "uni_2020": 0.0, "uni_2025": 0.0, "uni_2030": 0.0, "uni_2035": 0.0, "uni_2040": 0.0 }, "geometry": { "type": "Point", "coordinates": [ 35.2084379307734, 31.78923629360925 ] } },
{ "type": "Feature", "properties": { "Taz_num": "5302", "Taz_num_sh": 5302.0, "name": "גבעת שאול מזרח", "in_jeru": 1, "in_metro": 1, "sector": "U. Orthodox", "apts_2020": 792.4, "apt_add_25": 37.8, "apt_add_30": 17.4, "apt_add_35": 14.4, "apt_add_40": 14.4, "apt_addAll": 84.0, "apts_2040": 876.4, "hh_2020": 4.558850749, "hh_2025": 4.620145431, "hh_2030": 4.667111543, "hh_2035": 4.696796248, "hh_2040": 4.699101211, "pop_2020": 3612.433333, "pop_2025": 3835.644736, "pop_2030": 3955.843743, "pop_2035": 4048.638366, "pop_2040": 4118.292302, "stud_2020": 1175.51085, "stud_2025": 1295.537698, "stud_2030": 1380.648615, "stud_2035": 1465.835214, "stud_2040": 1550.965233, "emp_2020": 833.6179607, "emp_2025": 859.3592443, "emp_2030": 875.9469859, "emp_2035": 896.23908, "emp_2040": 949.304183, "yesh_2020": 1243.33196, "yesh_2025": 1289.679753, "yesh_2030": 1321.235661, "yesh_2035": 1319.868687, "yesh_2040": 1302.578992, "uni_2020": 0.0, "uni_2025": 0.0, "uni_2030": 0.0, "uni_2035": 0.0, "uni_2040": 0.0 }, "geometry": { "type": "Point", "coordinates": [ 35.197666226327051, 31.788712341202675 ] } },
{ "type": "Feature", "properties": { "Taz_num": "0111", "Taz_num_sh": 111.0, "name": "ככר השבת", "in_jeru": 1, "in_metro": 1, "sector": "U. Orthodox", "apts_2020": 416.0, "apt_add_25": 32.0, "apt_add_30": 21.4, "apt_add_35": 36.1, "apt_add_40": 16.0, "apt_addAll": 105.5, "apts_2040": 521.5, "hh_2020": 6.258650172, "hh_2025": 6.435735911, "hh_2030": 6.540550336, "hh_2035": 6.507383137, "hh_2040": 6.556198849, "pop_2020": 2603.598472, "pop_2025": 2883.209688, "pop_2030": 3070.134328, "pop_2035": 3289.482176, "pop_2040": 3419.0577, "stud_2020": 1712.702439, "stud_2025": 1822.226506, "stud_2030": 1862.593324, "stud_2035": 1894.082131, "stud_2040": 1932.583974, "emp_2020": 1256.720532, "emp_2025": 1280.901573, "emp_2030": 1298.665381, "emp_2035": 1325.652483, "emp_2040": 1339.996157, "yesh_2020": 974.7273444, "yesh_2025": 989.7340962, "yesh_2030": 993.2890587000001, "yesh_2035": 1014.349428, "yesh_2040": 1012.380875, "uni_2020": 0.0, "uni_2025": 0.0, "uni_2030": 0.0, "uni_2035": 0.0, "uni_2040": 0.0 }, "geometry": { "type": "Point", "coordinates": [ 35.219344513181966, 31.789229249340544 ] } },
{ "type": "Feature", "properties": { "Taz_num": "1206", "Taz_num_sh": 1206.0, "name": "א סוואנה", "in_jeru": 1, "in_metro": 1, "sector": "Arab", "apts_2020": 1022.187242, "apt_add_25": 75.81650331, "apt_add_30": 76.01650331, "apt_add_35": 68.81650331, "apt_add_40": 68.81650331, "apt_addAll": 289.4660133, "apts_2040": 1311.653255, "hh_2020": 3.926017625, "hh_2025": 3.936447378, "hh_2030": 3.945520469, "hh_2035": 3.952755802, "hh_2040": 3.959216003, "pop_2020": 4013.125128, "pop_2025": 4322.233965, "pop_2030": 4632.120922, "pop_2035": 4912.630182, "pop_2040": 5193.118559, "stud_2020": 2638.65, "stud_2025": 2770.5825, "stud_2030": 2909.111625, "stud_2035": 3054.567206, "stud_2040": 3207.295567, "emp_2020": 1312.293006, "emp_2025": 1450.52737, "emp_2030": 1521.103359, "emp_2035": 1556.07839, "emp_2040": 1590.850453, "yesh_2020": 0.0, "yesh_2025": 0.0, "yesh_2030": 0.0, "yesh_2035": 0.0, "yesh_2040": 0.0, "uni_2020": 0.0, "uni_2025": 0.0, "uni_2030": 0.0, "uni_2035": 0.0, "uni_2040": 0.0 }, "geometry": { "type": "Point", "coordinates": [ 35.242870660111684, 31.784068885233491 ] } },
{ "type": "Feature", "properties": { "Taz_num": "0110", "Taz_num_sh": 110.0, "name": "זכרון משה צפון", "in_jeru": 1, "in_metro": 1, "sector": "U. Orthodox", "apts_2020": 432.0, "apt_add_25": 36.0, "apt_add_30": 22.0, "apt_add_35": 22.0, "apt_add_40": 28.0, "apt_addAll": 108.0, "apts_2040": 540.0, "hh_2020": 5.024087182, "hh_2025": 5.161264717, "hh_2030": 5.260527033, "hh_2035": 5.293650919, "hh_2040": 5.246629585, "pop_2020": 2170.405663, "pop_2025": 2415.471888, "pop_2030": 2577.658246, "pop_2035": 2710.349271, "pop_2040": 2833.179976, "stud_2020": 1470.26087, "stud_2025": 1526.416667, "stud_2030": 1534.244444, "stud_2035": 1541.470085, "stud_2040": 1546.463415, "emp_2020": 771.2867478, "emp_2025": 812.4397658, "emp_2030": 860.4175085000001, "emp_2035": 906.6107477, "emp_2040": 952.0356612, "yesh_2020": 694.8420848, "yesh_2025": 712.1280256, "yesh_2030": 730.3306157, "yesh_2035": 742.99108, "yesh_2040": 748.9700737, "uni_2020": 0.0, "uni_2025": 0.0, "uni_2030": 0.0, "uni_2035": 0.0, "uni_2040": 0.0 }, "geometry": { "type": "Point", "coordinates": [ 35.216144205993039, 31.788292233109139 ] } },
{ "type": "Feature", "properties": { "Taz_num": "0902", "Taz_num_sh": 902.0, "name": "מקור ברוך דרום", "in_jeru": 1, "in_metro": 1, "sector": "U. Orthodox", "apts_2020": 519.9088112, "apt_add_25": 12.99772028, "apt_add_30": 12.99772028, "apt_add_35": 12.99772028, "apt_add_40": 12.99772028, "apt_addAll": 51.99088112, "apts_2040": 571.8996923, "hh_2020": 2.9, "hh_2025": 2.9, "hh_2030": 2.9, "hh_2035": 2.9, "hh_2040": 2.9, "pop_2020": 1507.735552, "pop_2025": 1545.428941, "pop_2030": 1583.12233, "pop_2035": 1620.815719, "pop_2040": 1658.509108, "stud_2020": 262.5257622, "stud_2025": 316.5021546, "stud_2030": 324.2186706, "stud_2035": 323.6035102, "stud_2040": 319.556494, "emp_2020": 1289.03107, "emp_2025": 1294.979731, "emp_2030": 1296.687902, "emp_2035": 1297.632337, "emp_2040": 1398.714483, "yesh_2020": 651.1905502, "yesh_2025": 664.4078461, "yesh_2030": 683.0616714, "yesh_2035": 693.1474395, "yesh_2040": 688.3285087, "uni_2020": 0.0, "uni_2025": 0.0, "uni_2030": 0.0, "uni_2035": 0.0, "uni_2040": 0.0 }, "geometry": { "type": "Point", "coordinates": [ 35.211103642991823, 31.786899750526981 ] } },
{ "type": "Feature", "properties": { "Taz_num": "0808", "Taz_num_sh": 808.0, "name": "זכרון יוסף", "in_jeru": 1, "in_metro": 1, "sector": "Jewish", "apts_2020": 869.0, "apt_add_25": 5.840681363, "apt_add_30": 5.840681363, "apt_add_35": 5.840681363, "apt_add_40": 5.840681363, "apt_addAll": 23.36272545, "apts_2040": 892.3627255, "hh_2020": 2.01713551, "hh_2025": 1.969003424, "hh_2030": 1.923320645, "hh_2035": 1.877385706, "hh_2040": 1.838600528, "pop_2020": 1752.890758, "pop_2025": 1722.564297, "pop_2030": 1693.832646, "pop_2035": 1664.343814, "pop_2040": 1640.698578, "stud_2020": 353.0, "stud_2025": 343.9020617, "stud_2030": 335.2825664, "stud_2035": 326.4359166, "stud_2040": 319.3423459, "emp_2020": 99.27133333, "emp_2025": 168.8039841, "emp_2030": 237.8627302, "emp_2035": 307.1595348, "emp_2040": 376.6170384, "yesh_2020": 633.0, "yesh_2025": 633.0, "yesh_2030": 633.0, "yesh_2035": 633.0, "yesh_2040": 633.0, "uni_2020": 0.0, "uni_2025": 0.0, "uni_2030": 0.0, "uni_2035": 0.0, "uni_2040": 0.0 }, "geometry": { "type": "Point", "coordinates": [ 35.208984460000892, 31.784532450024653 ] } },
{ "type": "Feature", "properties": { "Taz_num": "5502", "Taz_num_sh": 5502.0, "name": "הר נוף - דרום", "in_jeru": 1, "in_metro": 1, "sector": "U. Orthodox", "apts_2020": 801.4558261, "apt_add_25": 54.9, "apt_add_30": 0.0, "apt_add_35": 0.0, "apt_add_40": 0.0, "apt_addAll": 54.9, "apts_2040": 856.3558261, "hh_2020": 5.600048873, "hh_2025": 5.39078866, "hh_2030": 5.379986939, "hh_2035": 5.399811837, "hh_2040": 5.391329251, "pop_2020": 4488.191796, "pop_2025": 4616.433276, "pop_2030": 4607.18316, "pop_2035": 4624.160326, "pop_2040": 4616.896215, "stud_2020": 1060.911022, "stud_2025": 1187.88058, "stud_2030": 1166.596858, "stud_2035": 1136.336758, "stud_2040": 1123.126606, "emp_2020": 613.7987046, "emp_2025": 646.982469, "emp_2030": 651.7298148, "emp_2035": 655.1274632, "emp_2040": 659.7755634, "yesh_2020": 742.9938917, "yesh_2025": 721.4286567, "yesh_2030": 681.5899384000001, "yesh_2035": 716.5011786, "yesh_2040": 721.8117511, "uni_2020": 0.0, "uni_2025": 0.0, "uni_2030": 0.0, "uni_2035": 0.0, "uni_2040": 0.0 }, "geometry": { "type": "Point", "coordinates": [ 35.176694632796547, 31.78317844476771 ] } },
{ "type": "Feature", "properties": { "Taz_num": "5504", "Taz_num_sh": 5504.0, "name": "הר נוף - דרום מערב", "in_jeru": 1, "in_metro": 1, "sector": "U. Orthodox", "apts_2020": 649.5, "apt_add_25": 9.75, "apt_add_30": 9.75, "apt_add_35": 9.75, "apt_add_40": 9.75, "apt_addAll": 39.0, "apts_2040": 688.5, "hh_2020": 3.390135505, "hh_2025": 3.262844238, "hh_2030": 3.154554753, "hh_2035": 3.000864992, "hh_2040": 2.812395425, "pop_2020": 2201.89301, "pop_2025": 2151.030064, "pop_2030": 2110.39713, "pop_2035": 2036.837114, "pop_2040": 1936.33425, "stud_2020": 1513.0, "stud_2025": 1513.0, "stud_2030": 1513.0, "stud_2035": 1513.0, "stud_2040": 1513.0, "emp_2020": 423.671675, "emp_2025": 429.1392304, "emp_2030": 473.4893879, "emp_2035": 478.2305173, "emp_2040": 481.6731265, "yesh_2020": 718.548359, "yesh_2025": 707.0357558, "yesh_2030": 708.7435129, "yesh_2035": 718.2372029000001, "yesh_2040": 711.1535031, "uni_2020": 0.0, "uni_2025": 0.0, "uni_2030": 0.0, "uni_2035": 0.0, "uni_2040": 0.0 }, "geometry": { "type": "Point", "coordinates": [ 35.173457426726898, 31.782093938554951 ] } },
{ "type": "Feature", "properties": { "Taz_num": "1201", "Taz_num_sh": 1201.0, "name": "א טור", "in_jeru": 1, "in_metro": 1, "sector": "Arab", "apts_2020": 3239.186872, "apt_add_25": 98.05023185, "apt_add_30": 78.65023185, "apt_add_35": 237.6502319, "apt_add_40": 260.6502319, "apt_addAll": 675.0009274, "apts_2040": 3914.1878, "hh_2020": 4.074198682, "hh_2025": 4.074198682, "hh_2030": 4.074198682, "hh_2035": 4.074198682, "hh_2040": 4.074198682, "pop_2020": 13197.09088, "pop_2025": 13596.56701, "pop_2030": 13917.00368, "pop_2035": 14885.23794, "pop_2040": 15947.17877, "stud_2020": 2873.299144, "stud_2025": 3184.598288, "stud_2030": 3495.897432, "stud_2035": 3807.196576, "stud_2040": 4118.49572, "emp_2020": 990.1090266, "emp_2025": 1089.440552, "emp_2030": 1566.327728, "emp_2035": 1787.754335, "emp_2040": 1995.696349, "yesh_2020": 0.0, "yesh_2025": 0.0, "yesh_2030": 0.0, "yesh_2035": 0.0, "yesh_2040": 0.0, "uni_2020": 0.0, "uni_2025": 0.0, "uni_2030": 0.0, "uni_2035": 0.0, "uni_2040": 0.0 }, "geometry": { "type": "Point", "coordinates": [ 35.253357723935146, 31.784796134518288 ] } },
{ "type": "Feature", "properties": { "Taz_num": "0801", "Taz_num_sh": 801.0, "name": "נחלת ציון", "in_jeru": 1, "in_metro": 1, "sector": "Jewish", "apts_2020": 955.0, "apt_add_25": 37.9, "apt_add_30": 23.5, "apt_add_35": 23.5, "apt_add_40": 23.5, "apt_addAll": 108.4, "apts_2040": 1063.4, "hh_2020": 1.629287969, "hh_2025": 1.596548299, "hh_2030": 1.551907448, "hh_2035": 1.510063361, "hh_2040": 1.475119892, "pop_2020": 1555.97001, "pop_2025": 1585.212806, "pop_2030": 1577.35873, "pop_2035": 1570.314889, "pop_2040": 1568.642493, "stud_2020": 388.9925025, "stud_2025": 397.7653412, "stud_2030": 395.4091184, "stud_2035": 393.2959663, "stud_2040": 392.7942474, "emp_2020": 388.3647834, "emp_2025": 395.7481992, "emp_2030": 400.606113, "emp_2035": 405.2071903, "emp_2040": 409.7678303, "yesh_2020": 218.0, "yesh_2025": 218.0, "yesh_2030": 218.0, "yesh_2035": 218.0, "yesh_2040": 218.0, "uni_2020": 0.0, "uni_2025": 0.0, "uni_2030": 0.0, "uni_2035": 0.0, "uni_2040": 0.0 }, "geometry": { "type": "Point", "coordinates": [ 35.211326599277321, 31.783095098413199 ] } },
{ "type": "Feature", "properties": { "Taz_num": "0608", "Taz_num_sh": 608.0, "name": "קמפוס גבעת רם", "in_jeru": 1, "in_metro": 1, "sector": "Jewish", "apts_2020": 100.0, "apt_add_25": 0.0, "apt_add_30": 0.0, "apt_add_35": 200.0, "apt_add_40": 300.0, "apt_addAll": 500.0, "apts_2040": 600.0, "hh_2020": 1.5, "hh_2025": 1.5, "hh_2030": 2.0, "hh_2035": 2.0, "hh_2040": 2.0, "pop_2020": 150.0, "pop_2025": 150.0, "pop_2030": 200.0, "pop_2035": 600.0, "pop_2040": 1200.0, "stud_2020": 2220.0, "stud_2025": 2220.0, "stud_2030": 2235.0, "stud_2035": 3355.0, "stud_2040": 3535.0, "emp_2020": 2350.7, "emp_2025": 2652.425514, "emp_2030": 2953.291632, "emp_2035": 3360.966615, "emp_2040": 3684.674932, "yesh_2020": 0.0, "yesh_2025": 0.0, "yesh_2030": 0.0, "yesh_2035": 0.0, "yesh_2040": 0.0, "uni_2020": 5846.7, "uni_2025": 6263.52, "uni_2030": 6710.517375, "uni_2035": 7189.901222, "uni_2040": 7704.043609 }, "geometry": { "type": "Point", "coordinates": [ 35.197166119345795, 31.775882004481232 ] } },
{ "type": "Feature", "properties": { "Taz_num": "4905", "Taz_num_sh": 4905.0, "name": "יפה נוף", "in_jeru": 1, "in_metro": 1, "sector": "Jewish", "apts_2020": 2178.977273, "apt_add_25": 84.5, "apt_add_30": 142.25, "apt_add_35": 75.25, "apt_add_40": 75.25, "apt_addAll": 377.25, "apts_2040": 2556.227273, "hh_2020": 2.121711264, "hh_2025": 2.107792713, "hh_2030": 2.083421842, "hh_2035": 2.053940266, "hh_2040": 2.018217772, "pop_2020": 4623.160623, "pop_2025": 4770.940902, "pop_2030": 5012.144746, "pop_2035": 5095.77912, "pop_2040": 5159.023312, "stud_2020": 1134.579297, "stud_2025": 1149.113281, "stud_2030": 1187.494966, "stud_2035": 1196.419705, "stud_2040": 1204.942401, "emp_2020": 678.173387, "emp_2025": 752.0023244, "emp_2030": 810.6435117, "emp_2035": 862.1008355, "emp_2040": 911.9801997, "yesh_2020": 0.0, "yesh_2025": 0.0, "yesh_2030": 0.0, "yesh_2035": 0.0, "yesh_2040": 0.0, "uni_2020": 0.0, "uni_2025": 0.0, "uni_2030": 0.0, "uni_2035": 0.0, "uni_2040": 0.0 }, "geometry": { "type": "Point", "coordinates": [ 35.184955427382903, 31.780131129872675 ] } },
{ "type": "Feature", "properties": { "Taz_num": "2203", "Taz_num_sh": 2203.0, "name": "עיר דוד", "in_jeru": 1, "in_metro": 1, "sector": "Arab", "apts_2020": 1172.167641, "apt_add_25": 33.17455588, "apt_add_30": 58.17455588, "apt_add_35": 243.1745559, "apt_add_40": 33.17455588, "apt_addAll": 367.6982235, "apts_2040": 1539.865865, "hh_2020": 4.759887006, "hh_2025": 4.759887006, "hh_2030": 4.732009921, "hh_2035": 4.725136187, "hh_2040": 4.725884851, "pop_2020": 5579.385523, "pop_2025": 5737.29266, "pop_2030": 5978.973809, "pop_2035": 7119.321624, "pop_2040": 7277.228762, "stud_2020": 372.8665664, "stud_2025": 463.7331329, "stud_2030": 554.5996993, "stud_2035": 645.4662658, "stud_2040": 736.3328322, "emp_2020": 508.3693752, "emp_2025": 519.2532513, "emp_2030": 532.0621273, "emp_2035": 559.1160034, "emp_2040": 588.3150566, "yesh_2020": 0.0, "yesh_2025": 0.0, "yesh_2030": 0.0, "yesh_2035": 0.0, "yesh_2040": 0.0, "uni_2020": 0.0, "uni_2025": 0.0, "uni_2030": 0.0, "uni_2035": 0.0, "uni_2040": 0.0 }, "geometry": { "type": "Point", "coordinates": [ 35.234848134135291, 31.773835780263116 ] } },
{ "type": "Feature", "properties": { "Taz_num": "0807", "Taz_num_sh": 807.0, "name": "נחלת אחים", "in_jeru": 1, "in_metro": 1, "sector": "Jewish", "apts_2020": 521.0, "apt_add_25": 36.0, "apt_add_30": 27.4, "apt_add_35": 27.4, "apt_add_40": 12.4, "apt_addAll": 103.2, "apts_2040": 624.2, "hh_2020": 1.38668032, "hh_2025": 1.341469257, "hh_2030": 1.317739147, "hh_2035": 1.294443031, "hh_2040": 1.251604863, "pop_2020": 722.4604466, "pop_2025": 747.198376, "pop_2030": 770.0867576000001, "pop_2035": 791.9402462, "pop_2040": 781.2517553, "stud_2020": 180.6151117, "stud_2025": 188.0364905, "stud_2030": 194.903005, "stud_2035": 201.4590515, "stud_2040": 198.2525042, "emp_2020": 177.7571665, "emp_2025": 181.7484842, "emp_2030": 185.2078482, "emp_2035": 188.5771145, "emp_2040": 189.5985081, "yesh_2020": 0.0, "yesh_2025": 0.0, "yesh_2030": 0.0, "yesh_2035": 0.0, "yesh_2040": 0.0, "uni_2020": 0.0, "uni_2025": 0.0, "uni_2030": 0.0, "uni_2035": 0.0, "uni_2040": 0.0 }, "geometry": { "type": "Point", "coordinates": [ 35.209813119991189, 31.781773317673093 ] } },
{ "type": "Feature", "properties": { "Taz_num": "4906", "Taz_num_sh": 4906.0, "name": "בית הכרם מרכז", "in_jeru": 1, "in_metro": 1, "sector": "Jewish", "apts_2020": 1005.75, "apt_add_25": 59.5, "apt_add_30": 225.95, "apt_add_35": 61.05, "apt_add_40": 50.25, "apt_addAll": 396.75, "apts_2040": 1402.5, "hh_2020": 2.462654756, "hh_2025": 2.410275917, "hh_2030": 2.395689267, "hh_2035": 2.356559708, "hh_2040": 2.310062486, "pop_2020": 2476.815021, "pop_2025": 2567.54642, "pop_2030": 3093.313982, "pop_2035": 3186.657865, "pop_2040": 3239.862637, "stud_2020": 619.2037552, "stud_2025": 646.423175, "stud_2030": 804.1534435, "stud_2035": 832.1566085, "stud_2040": 848.11804, "emp_2020": 1520.17907, "emp_2025": 1537.390517, "emp_2030": 1587.134399, "emp_2035": 1604.909236, "emp_2040": 1619.26005, "yesh_2020": 179.0, "yesh_2025": 179.0, "yesh_2030": 179.0, "yesh_2035": 179.0, "yesh_2040": 179.0, "uni_2020": 1674.75, "uni_2025": 1758.4875, "uni_2030": 1846.411875, "uni_2035": 1938.732469, "uni_2040": 2035.669092 }, "geometry": { "type": "Point", "coordinates": [ 35.191990878282716, 31.780666158237761 ] } },
{ "type": "Feature", "properties": { "Taz_num": "0002", "Taz_num_sh": 2.0, "name": "נחלת שבעה", "in_jeru": 1, "in_metro": 1, "sector": "Jewish", "apts_2020": 218.1776044, "apt_add_25": 12.5, "apt_add_30": 12.5, "apt_add_35": 12.5, "apt_add_40": 12.5, "apt_addAll": 50.0, "apts_2040": 268.1776044, "hh_2020": 1.720154422, "hh_2025": 1.681577896, "hh_2030": 1.667207243, "hh_2035": 1.667175356, "hh_2040": 1.663320103, "pop_2020": 375.299171, "pop_2025": 387.9023606, "pop_2030": 405.4274634, "pop_2035": 426.259401, "pop_2040": 446.0652006, "stud_2020": 0.0, "stud_2025": 0.0, "stud_2030": 0.0, "stud_2035": 0.0, "stud_2040": 0.0, "emp_2020": 1406.989624, "emp_2025": 1457.970314, "emp_2030": 1467.650772, "emp_2035": 1476.665773, "emp_2040": 1484.933194, "yesh_2020": 0.0, "yesh_2025": 0.0, "yesh_2030": 0.0, "yesh_2035": 0.0, "yesh_2040": 0.0, "uni_2020": 0.0, "uni_2025": 0.0, "uni_2030": 0.0, "uni_2035": 0.0, "uni_2040": 0.0 }, "geometry": { "type": "Point", "coordinates": [ 35.219566472646328, 31.78079681140116 ] } },
{ "type": "Feature", "properties": { "Taz_num": "0304", "Taz_num_sh": 304.0, "name": "הרובע הנוצרי", "in_jeru": 1, "in_metro": 1, "sector": "Arab", "apts_2020": 1281.0, "apt_add_25": 10.0, "apt_add_30": 10.0, "apt_add_35": 10.0, "apt_add_40": 10.0, "apt_addAll": 40.0, "apts_2040": 1321.0, "hh_2020": 3.1, "hh_2025": 3.1, "hh_2030": 3.1, "hh_2035": 3.1, "hh_2040": 3.1, "pop_2020": 3971.1, "pop_2025": 4002.1, "pop_2030": 4033.1, "pop_2035": 4064.1, "pop_2040": 4095.1, "stud_2020": 1539.3, "stud_2025": 1548.6, "stud_2030": 1557.9, "stud_2035": 1567.2, "stud_2040": 1576.5, "emp_2020": 3349.985677, "emp_2025": 3399.125766, "emp_2030": 3460.398039, "emp_2035": 3518.77248, "emp_2040": 3574.41008, "yesh_2020": 350.0, "yesh_2025": 350.0, "yesh_2030": 350.0, "yesh_2035": 350.0, "yesh_2040": 350.0, "uni_2020": 0.0, "uni_2025": 0.0, "uni_2030": 0.0, "uni_2035": 0.0, "uni_2040": 0.0 }, "geometry": { "type": "Point", "coordinates": [ 35.228620512038503, 31.779030974829904 ] } },
{ "type": "Feature", "properties": { "Taz_num": "0806", "Taz_num_sh": 806.0, "name": "ג'ראר בכר", "in_jeru": 1, "in_metro": 1, "sector": "Jewish", "apts_2020": 557.0, "apt_add_25": 6.169354839, "apt_add_30": 226.1693548, "apt_add_35": 6.169354839, "apt_add_40": 6.169354839, "apt_addAll": 244.6774194, "apts_2040": 801.6774194, "hh_2020": 2.008240334, "hh_2025": 1.971183314, "hh_2030": 2.032408298, "hh_2035": 1.979317884, "hh_2040": 1.919159468, "pop_2020": 1118.589866, "pop_2025": 1110.110035, "pop_2030": 1604.258543, "pop_2035": 1574.563339, "pop_2040": 1538.54681, "stud_2020": 572.0, "stud_2025": 570.3040338, "stud_2030": 669.1337355, "stud_2035": 663.1946947, "stud_2040": 655.9913888, "emp_2020": 95.32233333000001, "emp_2025": 269.496424, "emp_2030": 468.5379071, "emp_2035": 641.679319, "emp_2040": 814.7048399, "yesh_2020": 0.0, "yesh_2025": 0.0, "yesh_2030": 0.0, "yesh_2035": 0.0, "yesh_2040": 0.0, "uni_2020": 0.0, "uni_2025": 0.0, "uni_2030": 0.0, "uni_2035": 0.0, "uni_2040": 0.0 }, "geometry": { "type": "Point", "coordinates": [ 35.210888016985749, 31.780363499614111 ] } },
{ "type": "Feature", "properties": { "Taz_num": "0805", "Taz_num_sh": 805.0, "name": "שערי חסד", "in_jeru": 1, "in_metro": 1, "sector": "U. Orthodox", "apts_2020": 378.0, "apt_add_25": 11.05, "apt_add_30": 11.05, "apt_add_35": 11.05, "apt_add_40": 11.05, "apt_addAll": 44.2, "apts_2040": 422.2, "hh_2020": 3.233543858, "hh_2025": 3.137912705, "hh_2030": 3.02870793, "hh_2035": 2.877475939, "hh_2040": 2.698053523, "pop_2020": 1222.279578, "pop_2025": 1220.804938, "pop_2030": 1211.786043, "pop_2035": 1183.074232, "pop_2040": 1139.118197, "stud_2020": 234.0, "stud_2025": 233.5576078, "stud_2030": 230.8519393, "stud_2035": 222.2383961, "stud_2040": 209.0515857, "emp_2020": 50.556, "emp_2025": 132.9898243, "emp_2030": 214.6117274, "emp_2035": 295.9943025, "emp_2040": 376.9576613, "yesh_2020": 503.1846747, "yesh_2025": 504.12153, "yesh_2030": 513.3584772, "yesh_2035": 519.0839286, "yesh_2040": 510.4285434, "uni_2020": 0.0, "uni_2025": 0.0, "uni_2030": 0.0, "uni_2035": 0.0, "uni_2040": 0.0 }, "geometry": { "type": "Point", "coordinates": [ 35.211228758499757, 31.77792059880387 ] } },
{ "type": "Feature", "properties": { "Taz_num": "0507", "Taz_num_sh": 507.0, "name": "קרית וולפסון", "in_jeru": 1, "in_metro": 1, "sector": "Jewish", "apts_2020": 584.0, "apt_add_25": 2.0, "apt_add_30": 2.0, "apt_add_35": 2.0, "apt_add_40": 2.0, "apt_addAll": 8.0, "apts_2040": 592.0, "hh_2020": 1.462332101, "hh_2025": 1.537980318, "hh_2030": 1.618250359, "hh_2035": 1.68899663, "hh_2040": 1.746153098, "pop_2020": 854.0019471000001, "pop_2025": 901.2564662, "pop_2030": 951.5312111, "pop_2035": 996.5080116, "pop_2040": 1033.722634, "stud_2020": 132.0, "stud_2025": 146.1763557, "stud_2030": 161.2587792, "stud_2035": 174.7518193, "stud_2040": 185.9162061, "emp_2020": 387.068, "emp_2025": 388.5214993, "emp_2030": 390.0580548, "emp_2035": 391.4489168, "emp_2040": 392.6263189, "yesh_2020": 0.0, "yesh_2025": 0.0, "yesh_2030": 0.0, "yesh_2035": 0.0, "yesh_2040": 0.0, "uni_2020": 0.0, "uni_2025": 0.0, "uni_2030": 0.0, "uni_2035": 0.0, "uni_2040": 0.0 }, "geometry": { "type": "Point", "coordinates": [ 35.209814419101974, 31.777259496130021 ] } },
{ "type": "Feature", "properties": { "Taz_num": "4009", "Taz_num_sh": 4009.0, "name": "הר הרצל", "in_jeru": 1, "in_metro": 1, "sector": "Jewish", "apts_2020": 0.0, "apt_add_25": 0.0, "apt_add_30": 0.0, "apt_add_35": 0.0, "apt_add_40": 0.0, "apt_addAll": 0.0, "apts_2040": 0.0, "hh_2020": 0.0, "hh_2025": 0.0, "hh_2030": 0.0, "hh_2035": 0.0, "hh_2040": 0.0, "pop_2020": 0.0, "pop_2025": 0.0, "pop_2030": 0.0, "pop_2035": 0.0, "pop_2040": 0.0, "stud_2020": 0.0, "stud_2025": 0.0, "stud_2030": 0.0, "stud_2035": 0.0, "stud_2040": 0.0, "emp_2020": 807.4711131, "emp_2025": 824.5736731, "emp_2030": 836.4245942, "emp_2035": 847.2787089, "emp_2040": 857.1913953, "yesh_2020": 0.0, "yesh_2025": 0.0, "yesh_2030": 0.0, "yesh_2035": 0.0, "yesh_2040": 0.0, "uni_2020": 0.0, "uni_2025": 0.0, "uni_2030": 0.0, "uni_2035": 0.0, "uni_2040": 0.0 }, "geometry": { "type": "Point", "coordinates": [ 35.173367084510261, 31.77418398603907 ] } },
{ "type": "Feature", "properties": { "Taz_num": "0409", "Taz_num_sh": 409.0, "name": "ממילא", "in_jeru": 1, "in_metro": 1, "sector": "Jewish", "apts_2020": 549.0, "apt_add_25": 0.0, "apt_add_30": 0.0, "apt_add_35": 0.0, "apt_add_40": 0.0, "apt_addAll": 0.0, "apts_2040": 549.0, "hh_2020": 1.6, "hh_2025": 1.6, "hh_2030": 1.6, "hh_2035": 1.6, "hh_2040": 1.6, "pop_2020": 878.4, "pop_2025": 878.4, "pop_2030": 878.4, "pop_2035": 878.4, "pop_2040": 878.4, "stud_2020": 0.0, "stud_2025": 0.0, "stud_2030": 0.0, "stud_2035": 0.0, "stud_2040": 0.0, "emp_2020": 2015.068398, "emp_2025": 2037.62296, "emp_2030": 2061.904105, "emp_2035": 2084.227494, "emp_2040": 2104.705089, "yesh_2020": 0.0, "yesh_2025": 0.0, "yesh_2030": 0.0, "yesh_2035": 0.0, "yesh_2040": 0.0, "uni_2020": 0.0, "uni_2025": 0.0, "uni_2030": 0.0, "uni_2035": 0.0, "uni_2040": 0.0 }, "geometry": { "type": "Point", "coordinates": [ 35.224972215149648, 31.77695685310842 ] } },
{ "type": "Feature", "properties": { "Taz_num": "0302", "Taz_num_sh": 302.0, "name": "הרובע היהודי", "in_jeru": 1, "in_metro": 1, "sector": "Jewish", "apts_2020": 583.0, "apt_add_25": 5.0, "apt_add_30": 5.0, "apt_add_35": 5.0, "apt_add_40": 5.0, "apt_addAll": 20.0, "apts_2040": 603.0, "hh_2020": 5.75897748, "hh_2025": 5.787851315, "hh_2030": 5.879351741, "hh_2035": 6.085842027, "hh_2040": 6.297577855, "pop_2020": 3357.483871, "pop_2025": 3403.256573, "pop_2030": 3486.455582, "pop_2035": 3639.333532, "pop_2040": 3797.439446, "stud_2020": 1400.0, "stud_2025": 1413.731811, "stud_2030": 1438.691513, "stud_2035": 1484.554898, "stud_2040": 1531.986673, "emp_2020": 3173.608132, "emp_2025": 3252.022034, "emp_2030": 3319.125011, "emp_2035": 3391.747512, "emp_2040": 3468.209709, "yesh_2020": 590.0, "yesh_2025": 590.0, "yesh_2030": 590.0, "yesh_2035": 590.0, "yesh_2040": 590.0, "uni_2020": 0.0, "uni_2025": 0.0, "uni_2030": 0.0, "uni_2035": 0.0, "uni_2040": 0.0 }, "geometry": { "type": "Point", "coordinates": [ 35.232702933373346, 31.775390304912314 ] } },
{ "type": "Feature", "properties": { "Taz_num": "0508", "Taz_num_sh": 508.0, "name": "רחביה צפון", "in_jeru": 1, "in_metro": 1, "sector": "Jewish", "apts_2020": 752.0, "apt_add_25": 28.2, "apt_add_30": 28.2, "apt_add_35": 28.2, "apt_add_40": 28.2, "apt_addAll": 112.8, "apts_2040": 864.8, "hh_2020": 2.499137477, "hh_2025": 2.503778446, "hh_2030": 2.472528731, "hh_2035": 2.43816788, "hh_2040": 2.384560425, "pop_2020": 1879.351383, "pop_2025": 1953.447943, "pop_2030": 1998.792226, "pop_2035": 2039.771249, "pop_2040": 2062.167856, "stud_2020": 235.0, "stud_2025": 257.2289681, "stud_2030": 270.832253, "stud_2035": 283.1259597, "stud_2040": 289.8449418, "emp_2020": 271.9456667, "emp_2025": 276.1547221, "emp_2030": 279.5730899, "emp_2035": 282.871413, "emp_2040": 285.6587197, "yesh_2020": 36.0, "yesh_2025": 36.0, "yesh_2030": 36.0, "yesh_2035": 36.0, "yesh_2040": 36.0, "uni_2020": 0.0, "uni_2025": 0.0, "uni_2030": 0.0, "uni_2035": 0.0, "uni_2040": 0.0 }, "geometry": { "type": "Point", "coordinates": [ 35.213234930647495, 31.775605999064439 ] } },
{ "type": "Feature", "properties": { "Taz_num": "0303", "Taz_num_sh": 303.0, "name": "הרובע הארמני", "in_jeru": 1, "in_metro": 1, "sector": "Arab", "apts_2020": 665.0, "apt_add_25": 10.0, "apt_add_30": 10.0, "apt_add_35": 10.0, "apt_add_40": 10.0, "apt_addAll": 40.0, "apts_2040": 705.0, "hh_2020": 3.5, "hh_2025": 3.5, "hh_2030": 3.5, "hh_2035": 3.5, "hh_2040": 3.5, "pop_2020": 2327.5, "pop_2025": 2362.5, "pop_2030": 2397.5, "pop_2035": 2432.5, "pop_2040": 2467.5, "stud_2020": 419.1, "stud_2025": 429.6, "stud_2030": 440.1, "stud_2035": 450.6, "stud_2040": 461.1, "emp_2020": 977.914277, "emp_2025": 1006.420454, "emp_2030": 1044.314357, "emp_2035": 1080.990309, "emp_2040": 1116.515974, "yesh_2020": 274.0, "yesh_2025": 274.0, "yesh_2030": 274.0, "yesh_2035": 274.0, "yesh_2040": 274.0, "uni_2020": 0.0, "uni_2025": 0.0, "uni_2030": 0.0, "uni_2035": 0.0, "uni_2040": 0.0 }, "geometry": { "type": "Point", "coordinates": [ 35.229215071567459, 31.775002896313257 ] } },
{ "type": "Feature", "properties": { "Taz_num": "0605", "Taz_num_sh": 605.0, "name": "ניות", "in_jeru": 1, "in_metro": 1, "sector": "Jewish", "apts_2020": 757.0, "apt_add_25": 9.6, "apt_add_30": 0.0, "apt_add_35": 24.2, "apt_add_40": 0.0, "apt_addAll": 33.8, "apts_2040": 790.8, "hh_2020": 2.4, "hh_2025": 2.4, "hh_2030": 2.4, "hh_2035": 2.4, "hh_2040": 2.4, "pop_2020": 1816.8, "pop_2025": 1839.84, "pop_2030": 1839.84, "pop_2035": 1897.92, "pop_2040": 1897.92, "stud_2020": 454.2, "stud_2025": 461.112, "stud_2030": 461.112, "stud_2035": 478.536, "stud_2040": 478.536, "emp_2020": 237.424, "emp_2025": 238.7968, "emp_2030": 238.7968, "emp_2035": 242.2574, "emp_2040": 242.2574, "yesh_2020": 24.0, "yesh_2025": 24.0, "yesh_2030": 24.0, "yesh_2035": 24.0, "yesh_2040": 24.0, "uni_2020": 408.5, "uni_2025": 439.1375, "uni_2030": 472.0728125, "uni_2035": 507.4782734, "uni_2040": 545.5391439 }, "geometry": { "type": "Point", "coordinates": [ 35.203267536885839, 31.770203534399517 ] } },
{ "type": "Feature", "properties": { "Taz_num": "0404", "Taz_num_sh": 404.0, "name": "ימין משה", "in_jeru": 1, "in_metro": 1, "sector": "Jewish", "apts_2020": 137.0, "apt_add_25": 0.0, "apt_add_30": 0.0, "apt_add_35": 0.0, "apt_add_40": 0.0, "apt_addAll": 0.0, "apts_2040": 137.0, "hh_2020": 2.537200916, "hh_2025": 2.560252649, "hh_2030": 2.566094409, "hh_2035": 2.558347645, "hh_2040": 2.532715898, "pop_2020": 347.5965255, "pop_2025": 350.754613, "pop_2030": 351.5549341, "pop_2035": 350.4936273, "pop_2040": 346.982078, "stud_2020": 30.0, "stud_2025": 30.0, "stud_2030": 30.0, "stud_2035": 30.0, "stud_2040": 30.0, "emp_2020": 311.636831, "emp_2025": 316.5815511, "emp_2030": 321.8424805, "emp_2035": 326.6127416, "emp_2040": 330.9010193, "yesh_2020": 0.0, "yesh_2025": 0.0, "yesh_2030": 0.0, "yesh_2035": 0.0, "yesh_2040": 0.0, "uni_2020": 0.0, "uni_2025": 0.0, "uni_2030": 0.0, "uni_2035": 0.0, "uni_2040": 0.0 }, "geometry": { "type": "Point", "coordinates": [ 35.225254997660286, 31.772607698239717 ] } },
{ "type": "Feature", "properties": { "Taz_num": "2303", "Taz_num_sh": 2303.0, "name": "ג'בל בטן אל הווא", "in_jeru": 1, "in_metro": 1, "sector": "Arab", "apts_2020": 2748.132081, "apt_add_25": 101.0301532, "apt_add_30": 131.0301532, "apt_add_35": 165.8301532, "apt_add_40": 75.83015323, "apt_addAll": 473.7206129, "apts_2040": 3221.852694, "hh_2020": 5.367298293, "hh_2025": 5.367298293, "hh_2030": 5.367298293, "hh_2035": 5.264934787, "hh_2040": 5.267344035, "pop_2020": 14750.04463, "pop_2025": 15292.3036, "pop_2030": 15995.58151, "pop_2035": 16563.60351, "pop_2040": 16970.60657, "stud_2020": 1686.282391, "stud_2025": 2127.564781, "stud_2030": 2568.847172, "stud_2035": 3010.129562, "stud_2040": 3451.411953, "emp_2020": 932.4965658, "emp_2025": 980.7267734, "emp_2030": 1031.266981, "emp_2035": 1084.486789, "emp_2040": 1046.082671, "yesh_2020": 0.0, "yesh_2025": 0.0, "yesh_2030": 0.0, "yesh_2035": 0.0, "yesh_2040": 0.0, "uni_2020": 0.0, "uni_2025": 0.0, "uni_2030": 0.0, "uni_2035": 0.0, "uni_2040": 0.0 }, "geometry": { "type": "Point", "coordinates": [ 35.243207897616685, 31.767564051827229 ] } },
{ "type": "Feature", "properties": { "Taz_num": "4501", "Taz_num_sh": 4501.0, "name": "קרית יובל-רח' אנילביץ", "in_jeru": 1, "in_metro": 1, "sector": "Jewish", "apts_2020": 509.0, "apt_add_25": 98.6, "apt_add_30": 98.5, "apt_add_35": 0.0, "apt_add_40": 61.04240587, "apt_addAll": 258.1424059, "apts_2040": 767.1424059, "hh_2020": 3.9, "hh_2025": 3.86056809, "hh_2030": 3.821136179, "hh_2035": 3.781704269, "hh_2040": 3.742272359, "pop_2020": 1985.1, "pop_2025": 2345.681171, "pop_2030": 2698.104256, "pop_2035": 2670.261384, "pop_2040": 2870.855821, "stud_2020": 167.404, "stud_2025": 239.5202343, "stud_2030": 310.0048512, "stud_2035": 305.8284204, "stud_2040": 335.9175859, "emp_2020": 92.54336667, "emp_2025": 148.4472215, "emp_2030": 185.5653114, "emp_2035": 185.1824719, "emp_2040": 189.2835783, "yesh_2020": 0.0, "yesh_2025": 0.0, "yesh_2030": 0.0, "yesh_2035": 0.0, "yesh_2040": 0.0, "uni_2020": 0.0, "uni_2025": 0.0, "uni_2030": 0.0, "uni_2035": 0.0, "uni_2040": 0.0 }, "geometry": { "type": "Point", "coordinates": [ 35.175266455825614, 31.766306445643981 ] } },
{ "type": "Feature", "properties": { "Taz_num": "4502", "Taz_num_sh": 4502.0, "name": "קרית יובל מזרח", "in_jeru": 1, "in_metro": 1, "sector": "Jewish", "apts_2020": 1159.0, "apt_add_25": 105.6, "apt_add_30": 311.2, "apt_add_35": 99.5, "apt_add_40": 81.72, "apt_addAll": 598.02, "apts_2040": 1757.02, "hh_2020": 3.6, "hh_2025": 3.595981722, "hh_2030": 3.591963445, "hh_2035": 3.587945167, "hh_2040": 3.58392689, "pop_2020": 4172.4, "pop_2025": 4547.478486, "pop_2030": 5660.215996, "pop_2035": 6010.884539, "pop_2040": 6297.031224, "stud_2020": 971.62, "stud_2025": 1046.635697, "stud_2030": 1269.183199, "stud_2035": 1321.783481, "stud_2040": 1364.705483, "emp_2020": 238.8775278, "emp_2025": 258.6371667, "emp_2030": 351.9005096, "emp_2035": 408.8468372, "emp_2040": 414.5791942, "yesh_2020": 66.0, "yesh_2025": 66.0, "yesh_2030": 66.0, "yesh_2035": 66.0, "yesh_2040": 66.0, "uni_2020": 0.0, "uni_2025": 0.0, "uni_2030": 0.0, "uni_2035": 0.0, "uni_2040": 0.0 }, "geometry": { "type": "Point", "coordinates": [ 35.176649188550371, 31.764219964809335 ] } },
{ "type": "Feature", "properties": { "Taz_num": "3804", "Taz_num_sh": 3804.0, "name": "קטמון", "in_jeru": 1, "in_metro": 1, "sector": "Jewish", "apts_2020": 1044.823077, "apt_add_25": 55.0, "apt_add_30": 56.6, "apt_add_35": 37.0, "apt_add_40": 37.0, "apt_addAll": 185.6, "apts_2040": 1230.423077, "hh_2020": 2.470075305, "hh_2025": 2.409245502, "hh_2030": 2.350599076, "hh_2035": 2.285101361, "hh_2040": 2.221298474, "pop_2020": 2580.79168, "pop_2025": 2649.743802, "pop_2030": 2718.287016, "pop_2035": 2727.092698, "pop_2040": 2733.136903, "stud_2020": 568.5777886, "stud_2025": 590.6112915, "stud_2030": 570.5664538, "stud_2035": 559.142601, "stud_2040": 560.7490694000001, "emp_2020": 317.6378663, "emp_2025": 323.892604, "emp_2030": 326.4133606, "emp_2035": 328.2151741, "emp_2040": 332.604911, "yesh_2020": 44.0, "yesh_2025": 44.0, "yesh_2030": 44.0, "yesh_2035": 44.0, "yesh_2040": 44.0, "uni_2020": 0.0, "uni_2025": 0.0, "uni_2030": 0.0, "uni_2035": 0.0, "uni_2040": 0.0 }, "geometry": { "type": "Point", "coordinates": [ 35.209355027449149, 31.763222882805394 ] } },
{ "type": "Feature", "properties": { "Taz_num": "3911", "Taz_num_sh": 3911.0, "name": "המושבה היוונית", "in_jeru": 1, "in_metro": 1, "sector": "Jewish", "apts_2020": 959.9605347, "apt_add_25": 25.0, "apt_add_30": 79.0, "apt_add_35": 25.0, "apt_add_40": 25.0, "apt_addAll": 154.0, "apts_2040": 1113.960535, "hh_2020": 2.091943155, "hh_2025": 2.053884319, "hh_2030": 2.008903047, "hh_2035": 1.970019857, "hh_2040": 1.945850173, "pop_2020": 2008.182869, "pop_2025": 2022.994997, "pop_2030": 2137.39356, "pop_2035": 2145.273877, "pop_2040": 2167.600299, "stud_2020": 502.0457173, "stud_2025": 506.4893558, "stud_2030": 540.8089246, "stud_2035": 543.1730196, "stud_2040": 549.8709462, "emp_2020": 1043.961241, "emp_2025": 1657.597288, "emp_2030": 1683.635076, "emp_2035": 1701.681912, "emp_2040": 1720.863548, "yesh_2020": 138.0, "yesh_2025": 138.0, "yesh_2030": 138.0, "yesh_2035": 138.0, "yesh_2040": 138.0, "uni_2020": 0.0, "uni_2025": 0.0, "uni_2030": 0.0, "uni_2035": 0.0, "uni_2040": 0.0 }, "geometry": { "type": "Point", "coordinates": [ 35.216858375515365, 31.762108327358952 ] } },
{ "type": "Feature", "properties": { "Taz_num": "2101", "Taz_num_sh": 2101.0, "name": "ג'בל מוכבר מערב", "in_jeru": 1, "in_metro": 1, "sector": "Arab", "apts_2020": 1247.339049, "apt_add_25": 171.4681633, "apt_add_30": 239.7681633, "apt_add_35": 90.96816333, "apt_add_40": 82.96816333, "apt_addAll": 585.1726533, "apts_2040": 1832.511702, "hh_2020": 5.189701897, "hh_2025": 5.189701897, "hh_2030": 5.189701897, "hh_2035": 5.189701897, "hh_2040": 5.189701897, "pop_2020": 6473.317828, "pop_2025": 7363.186481, "pop_2030": 8607.511773, "pop_2035": 9079.609423, "pop_2040": 9510.189457, "stud_2020": 1936.517689, "stud_2025": 2130.035379, "stud_2030": 2323.553068, "stud_2035": 2517.070757, "stud_2040": 2710.588446, "emp_2020": 691.2812206, "emp_2025": 722.2233907, "emp_2030": 758.4246608, "emp_2035": 783.1683309, "emp_2040": 1147.690255, "yesh_2020": 0.0, "yesh_2025": 0.0, "yesh_2030": 0.0, "yesh_2035": 0.0, "yesh_2040": 0.0, "uni_2020": 0.0, "uni_2025": 0.0, "uni_2030": 0.0, "uni_2035": 0.0, "uni_2040": 0.0 }, "geometry": { "type": "Point", "coordinates": [ 35.239515740187301, 31.758080678013357 ] } },
{ "type": "Feature", "properties": { "Taz_num": "3910", "Taz_num_sh": 3910.0, "name": "בקעה צפון", "in_jeru": 1, "in_metro": 1, "sector": "Jewish", "apts_2020": 676.0789474, "apt_add_25": 50.1, "apt_add_30": 65.3, "apt_add_35": 97.8, "apt_add_40": 110.3, "apt_addAll": 323.5, "apts_2040": 999.5789474, "hh_2020": 3.796868466, "hh_2025": 3.613635868, "hh_2030": 3.42053926, "hh_2035": 3.197085969, "hh_2040": 2.972500388, "pop_2020": 2566.982836, "pop_2025": 2624.146291, "pop_2030": 2707.284813, "pop_2035": 2843.101245, "pop_2040": 2971.248809, "stud_2020": 185.5806636, "stud_2025": 193.6413388, "stud_2030": 186.2764793, "stud_2035": 188.3044462, "stud_2040": 194.3353989, "emp_2020": 328.3848591, "emp_2025": 343.4500718, "emp_2030": 363.243631, "emp_2035": 387.772881, "emp_2040": 413.439702, "yesh_2020": 0.0, "yesh_2025": 0.0, "yesh_2030": 0.0, "yesh_2035": 0.0, "yesh_2040": 0.0, "uni_2020": 0.0, "uni_2025": 0.0, "uni_2030": 0.0, "uni_2035": 0.0, "uni_2040": 0.0 }, "geometry": { "type": "Point", "coordinates": [ 35.220441053041299, 31.76078075882327 ] } },
{ "type": "Feature", "properties": { "Taz_num": "3701", "Taz_num_sh": 3701.0, "name": "המושבה היוונית מערב", "in_jeru": 1, "in_metro": 1, "sector": "Jewish", "apts_2020": 1741.039634, "apt_add_25": 50.0, "apt_add_30": 167.0, "apt_add_35": 50.0, "apt_add_40": 50.0, "apt_addAll": 317.0, "apts_2040": 2058.039634, "hh_2020": 2.44701543, "hh_2025": 2.408191091, "hh_2030": 2.406772615, "hh_2035": 2.361836912, "hh_2040": 2.307558618, "pop_2020": 4260.350849, "pop_2025": 4313.165691, "pop_2030": 4712.556171, "pop_2035": 4742.662129, "pop_2040": 4749.047095, "stud_2020": 607.8707446, "stud_2025": 607.0434929, "stud_2030": 647.5844214, "stud_2035": 642.9958757000001, "stud_2040": 617.5257364, "emp_2020": 560.0059989, "emp_2025": 563.7801675, "emp_2030": 580.3554193, "emp_2035": 583.7848026, "emp_2040": 622.9902765, "yesh_2020": 277.0, "yesh_2025": 277.0, "yesh_2030": 277.0, "yesh_2035": 277.0, "yesh_2040": 277.0, "uni_2020": 0.0, "uni_2025": 0.0, "uni_2030": 0.0, "uni_2035": 0.0, "uni_2040": 0.0 }, "geometry": { "type": "Point", "coordinates": [ 35.211008325223808, 31.760442234131631 ] } },
{ "type": "Feature", "properties": { "Taz_num": "4505", "Taz_num_sh": 4505.0, "name": "קרית יובל-מרכז קהילתי", "in_jeru": 1, "in_metro": 1, "sector": "Jewish", "apts_2020": 563.0, "apt_add_25": 450.0, "apt_add_30": 16.8, "apt_add_35": 106.78, "apt_add_40": 28.38, "apt_addAll": 601.96, "apts_2040": 1164.96, "hh_2020": 3.4, "hh_2025": 3.4, "hh_2030": 3.4, "hh_2035": 3.4, "hh_2040": 3.4, "pop_2020": 1914.2, "pop_2025": 3444.2, "pop_2030": 3501.32, "pop_2035": 3864.372, "pop_2040": 3960.864, "stud_2020": 57.426, "stud_2025": 363.426, "stud_2030": 374.85, "stud_2035": 429.3078, "stud_2040": 443.7816, "emp_2020": 182.7250541, "emp_2025": 394.5850541, "emp_2030": 396.1866541, "emp_2035": 423.0063591, "emp_2040": 425.2696641, "yesh_2020": 0.0, "yesh_2025": 0.0, "yesh_2030": 0.0, "yesh_2035": 0.0, "yesh_2040": 0.0, "uni_2020": 0.0, "uni_2025": 0.0, "uni_2030": 0.0, "uni_2035": 0.0, "uni_2040": 0.0 }, "geometry": { "type": "Point", "coordinates": [ 35.173594231453762, 31.76041173697303 ] } },
{ "type": "Feature", "properties": { "Taz_num": "4503", "Taz_num_sh": 4503.0, "name": "קרית יובל-מרכז מסחרי", "in_jeru": 1, "in_metro": 1, "sector": "Jewish", "apts_2020": 1304.4625, "apt_add_25": 369.0, "apt_add_30": 200.35, "apt_add_35": 270.88, "apt_add_40": 384.16, "apt_addAll": 1224.39, "apts_2040": 2528.8525, "hh_2020": 2.17791411, "hh_2025": 2.341203426, "hh_2030": 2.504492742, "hh_2035": 2.667782058, "hh_2040": 2.831071374, "pop_2020": 2841.007285, "pop_2025": 3917.916139, "pop_2030": 4692.949806, "pop_2035": 5721.572171, "pop_2040": 7159.361921, "stud_2020": 775.2302186, "stud_2025": 990.6119892, "stud_2030": 1145.618723, "stud_2035": 1299.912077, "stud_2040": 1515.58054, "emp_2020": 453.8985665, "emp_2025": 481.7598955, "emp_2030": 513.550146, "emp_2035": 585.5554635, "emp_2040": 707.6549926, "yesh_2020": 0.0, "yesh_2025": 0.0, "yesh_2030": 0.0, "yesh_2035": 0.0, "yesh_2040": 0.0, "uni_2020": 0.0, "uni_2025": 0.0, "uni_2030": 0.0, "uni_2035": 0.0, "uni_2040": 0.0 }, "geometry": { "type": "Point", "coordinates": [ 35.17815224596189, 31.75840040688686 ] } },
{ "type": "Feature", "properties": { "Taz_num": "4605", "Taz_num_sh": 4605.0, "name": "קרית מנחם", "in_jeru": 1, "in_metro": 1, "sector": "Jewish", "apts_2020": 1676.0, "apt_add_25": 0.0, "apt_add_30": 132.6, "apt_add_35": 547.3335453, "apt_add_40": 284.600318, "apt_addAll": 964.5338633, "apts_2040": 2640.533863, "hh_2020": 2.854741897, "hh_2025": 2.913005384, "hh_2030": 2.971268871, "hh_2035": 3.029532358, "hh_2040": 3.087795845, "pop_2020": 4784.547419, "pop_2025": 4882.197023, "pop_2030": 5373.83688, "pop_2035": 7137.376908, "pop_2040": 8153.429491, "stud_2020": 1304.536423, "stud_2025": 1324.066343, "stud_2030": 1422.394315, "stud_2035": 1686.925319, "stud_2040": 1839.333206, "emp_2020": 211.7625054, "emp_2025": 213.5527481, "emp_2030": 242.5751455, "emp_2035": 447.1745138, "emp_2040": 656.9152761, "yesh_2020": 124.0, "yesh_2025": 124.0, "yesh_2030": 124.0, "yesh_2035": 124.0, "yesh_2040": 124.0, "uni_2020": 0.0, "uni_2025": 0.0, "uni_2030": 0.0, "uni_2035": 0.0, "uni_2040": 0.0 }, "geometry": { "type": "Point", "coordinates": [ 35.16555902550401, 31.758392583025074 ] } },
{ "type": "Feature", "properties": { "Taz_num": "4607", "Taz_num_sh": 4607.0, "name": "עיר גנים א", "in_jeru": 1, "in_metro": 1, "sector": "Jewish", "apts_2020": 469.7, "apt_add_25": 17.525, "apt_add_30": 137.525, "apt_add_35": 28.865, "apt_add_40": 36.425, "apt_addAll": 220.34, "apts_2040": 690.04, "hh_2020": 3.4, "hh_2025": 3.4, "hh_2030": 3.3, "hh_2035": 3.3, "hh_2040": 3.2, "pop_2020": 1596.98, "pop_2025": 1656.565, "pop_2030": 2061.675, "pop_2035": 2156.9295, "pop_2040": 2208.128, "stud_2020": 699.9094, "stud_2025": 711.8264, "stud_2030": 792.8484, "stud_2035": 807.136575, "stud_2040": 814.81635, "emp_2020": 139.8251617, "emp_2025": 141.6886533, "emp_2030": 279.28901, "emp_2035": 281.8688194, "emp_2040": 284.1754988, "yesh_2020": 0.0, "yesh_2025": 0.0, "yesh_2030": 0.0, "yesh_2035": 0.0, "yesh_2040": 0.0, "uni_2020": 0.0, "uni_2025": 0.0, "uni_2030": 0.0, "uni_2035": 0.0, "uni_2040": 0.0 }, "geometry": { "type": "Point", "coordinates": [ 35.1735589964143, 31.756010501615091 ] } },
{ "type": "Feature", "properties": { "Taz_num": "4504", "Taz_num_sh": 4504.0, "name": "קרית יובל-רח' אברהם שטרן", "in_jeru": 1, "in_metro": 1, "sector": "Jewish", "apts_2020": 1641.0, "apt_add_25": 109.5, "apt_add_30": 403.02, "apt_add_35": 26.4, "apt_add_40": 221.0, "apt_addAll": 759.92, "apts_2040": 2400.92, "hh_2020": 2.944546009, "hh_2025": 2.988426761, "hh_2030": 3.032307514, "hh_2035": 3.076188267, "hh_2040": 3.12006902, "pop_2020": 4832.0, "pop_2025": 5231.241046, "pop_2030": 6530.134878, "pop_2035": 6705.844328, "pop_2040": 7491.036112, "stud_2020": 491.96, "stud_2025": 571.8082092, "stud_2030": 831.5869757, "stud_2035": 857.9433931, "stud_2040": 975.7221607, "emp_2020": 492.5123806, "emp_2025": 506.8453997, "emp_2030": 555.3259093, "emp_2035": 558.3227143, "emp_2040": 573.9811013, "yesh_2020": 0.0, "yesh_2025": 0.0, "yesh_2030": 0.0, "yesh_2035": 0.0, "yesh_2040": 0.0, "uni_2020": 0.0, "uni_2025": 0.0, "uni_2030": 0.0, "uni_2035": 0.0, "uni_2040": 0.0 }, "geometry": { "type": "Point", "coordinates": [ 35.178765429662015, 31.754994716130604 ] } },
{ "type": "Feature", "properties": { "Taz_num": "3908", "Taz_num_sh": 3908.0, "name": "מקור חיים", "in_jeru": 1, "in_metro": 1, "sector": "Jewish", "apts_2020": 779.4, "apt_add_25": 141.3, "apt_add_30": 47.7, "apt_add_35": 118.0, "apt_add_40": 61.0, "apt_addAll": 368.0, "apts_2040": 1147.4, "hh_2020": 2.612007353, "hh_2025": 2.016982245, "hh_2030": 2.009679701, "hh_2035": 1.985005183, "hh_2040": 1.929296877, "pop_2020": 2035.798531, "pop_2025": 1857.035553, "pop_2030": 1946.173822, "pop_2035": 2156.509631, "pop_2040": 2213.675237, "stud_2020": 612.0757363, "stud_2025": 560.1855779, "stud_2030": 571.0442774000001, "stud_2035": 598.3713968, "stud_2040": 609.6062669, "emp_2020": 257.97286, "emp_2025": 263.729057, "emp_2030": 267.9447003, "emp_2035": 278.9257071, "emp_2040": 284.3389161, "yesh_2020": 0.0, "yesh_2025": 0.0, "yesh_2030": 0.0, "yesh_2035": 0.0, "yesh_2040": 0.0, "uni_2020": 0.0, "uni_2025": 0.0, "uni_2030": 0.0, "uni_2035": 0.0, "uni_2040": 0.0 }, "geometry": { "type": "Point", "coordinates": [ 35.211922958100203, 31.754254122661301 ] } },
{ "type": "Feature", "properties": { "Taz_num": "4604", "Taz_num_sh": 4604.0, "name": "עיר גנים ב", "in_jeru": 1, "in_metro": 1, "sector": "Jewish", "apts_2020": 772.0, "apt_add_25": 0.0, "apt_add_30": 5.346, "apt_add_35": 67.226, "apt_add_40": 67.226, "apt_addAll": 139.798, "apts_2040": 911.798, "hh_2020": 2.603626943, "hh_2025": 2.641644677, "hh_2030": 2.679662412, "hh_2035": 2.717680146, "hh_2040": 2.755697881, "pop_2020": 2010.0, "pop_2025": 2039.349691, "pop_2030": 2083.024857, "pop_2035": 2295.276556, "pop_2040": 2512.639816, "stud_2020": 110.3, "stud_2025": 116.1699382, "stud_2030": 124.9049714, "stud_2035": 156.7427263, "stud_2040": 189.3472153, "emp_2020": 156.9217528, "emp_2025": 157.4598304, "emp_2030": 158.4957658, "emp_2035": 193.1053675, "emp_2040": 227.7852531, "yesh_2020": 0.0, "yesh_2025": 0.0, "yesh_2030": 0.0, "yesh_2035": 0.0, "yesh_2040": 0.0, "uni_2020": 0.0, "uni_2025": 0.0, "uni_2030": 0.0, "uni_2035": 0.0, "uni_2040": 0.0 }, "geometry": { "type": "Point", "coordinates": [ 35.166326734754286, 31.754704121247951 ] } },
{ "type": "Feature", "properties": { "Taz_num": "4201", "Taz_num_sh": 4201.0, "name": "גונן ח", "in_jeru": 1, "in_metro": 1, "sector": "Jewish", "apts_2020": 1279.0, "apt_add_25": 0.0, "apt_add_30": 141.1, "apt_add_35": 666.8885714, "apt_add_40": 572.4513329, "apt_addAll": 1380.439904, "apts_2040": 2659.439904, "hh_2020": 2.70865135, "hh_2025": 2.90865135, "hh_2030": 3.10865135, "hh_2035": 3.5, "hh_2040": 3.5, "pop_2020": 3464.365077, "pop_2025": 3720.165077, "pop_2030": 4414.595783, "pop_2035": 7304.46, "pop_2040": 9308.039665, "stud_2020": 769.9309523, "stud_2025": 833.8809523, "stud_2030": 1007.488629, "stud_2035": 1729.954683, "stud_2040": 2230.849599, "emp_2020": 169.060004, "emp_2025": 174.9220873, "emp_2030": 226.4222243, "emp_2035": 528.0084593, "emp_2040": 659.3251792, "yesh_2020": 0.0, "yesh_2025": 0.0, "yesh_2030": 0.0, "yesh_2035": 0.0, "yesh_2040": 0.0, "uni_2020": 0.0, "uni_2025": 0.0, "uni_2030": 0.0, "uni_2035": 0.0, "uni_2040": 0.0 }, "geometry": { "type": "Point", "coordinates": [ 35.196049395251897, 31.755138768068022 ] } },
{ "type": "Feature", "properties": { "Taz_num": "4202", "Taz_num_sh": 4202.0, "name": "גונן ט", "in_jeru": 1, "in_metro": 1, "sector": "Jewish", "apts_2020": 1034.0, "apt_add_25": 0.0, "apt_add_30": 274.95, "apt_add_35": 362.43, "apt_add_40": 453.64, "apt_addAll": 1091.02, "apts_2040": 2125.02, "hh_2020": 2.423137366, "hh_2025": 2.623137366, "hh_2030": 2.823137366, "hh_2035": 3.5, "hh_2040": 3.5, "pop_2020": 2505.524037, "pop_2025": 2712.324037, "pop_2030": 3695.345656, "pop_2035": 5849.83, "pop_2040": 7437.57, "stud_2020": 1239.165721, "stud_2025": 1290.865721, "stud_2030": 1536.621126, "stud_2035": 2075.242212, "stud_2040": 2472.177212, "emp_2020": 193.2081911, "emp_2025": 197.9473578, "emp_2030": 260.3174865, "emp_2035": 356.2695961, "emp_2040": 461.2455844, "yesh_2020": 20.0, "yesh_2025": 20.0, "yesh_2030": 20.0, "yesh_2035": 20.0, "yesh_2040": 20.0, "uni_2020": 0.0, "uni_2025": 0.0, "uni_2030": 0.0, "uni_2035": 0.0, "uni_2040": 0.0 }, "geometry": { "type": "Point", "coordinates": [ 35.19589400110867, 31.752867949503301 ] } },
{ "type": "Feature", "properties": { "Taz_num": "3112", "Taz_num_sh": 3112.0, "name": "רמות רחל", "in_jeru": 1, "in_metro": 1, "sector": "Jewish", "apts_2020": 1533.0, "apt_add_25": 52.2, "apt_add_30": 45.0, "apt_add_35": 45.0, "apt_add_40": 0.0, "apt_addAll": 142.2, "apts_2040": 1675.2, "hh_2020": 2.505663181, "hh_2025": 2.505663181, "hh_2030": 2.505663181, "hh_2035": 2.505663181, "hh_2040": 2.505663181, "pop_2020": 3841.181656, "pop_2025": 3971.977274, "pop_2030": 4084.732118, "pop_2035": 4197.486961, "pop_2040": 4197.486961, "stud_2020": 241.8149124, "stud_2025": 725.6115774, "stud_2030": 746.2099379, "stud_2035": 766.8082983, "stud_2040": 766.8082983, "emp_2020": 190.796367, "emp_2025": 240.8863946, "emp_2030": 247.7245776, "emp_2035": 254.5627607, "emp_2040": 338.9863937, "yesh_2020": 0.0, "yesh_2025": 0.0, "yesh_2030": 0.0, "yesh_2035": 0.0, "yesh_2040": 0.0, "uni_2020": 0.0, "uni_2025": 0.0, "uni_2030": 0.0, "uni_2035": 0.0, "uni_2040": 0.0 }, "geometry": { "type": "Point", "coordinates": [ 35.226199708755999, 31.750556337947792 ] } },
{ "type": "Feature", "properties": { "Taz_num": "3101", "Taz_num_sh": 3101.0, "name": "תלפיות", "in_jeru": 1, "in_metro": 1, "sector": "Jewish", "apts_2020": 1797.477947, "apt_add_25": 14.1, "apt_add_30": 188.55, "apt_add_35": 193.25, "apt_add_40": 136.9189676, "apt_addAll": 532.8189676, "apts_2040": 2330.296915, "hh_2020": 3.3, "hh_2025": 3.3, "hh_2030": 3.3, "hh_2035": 3.3, "hh_2040": 3.3, "pop_2020": 5931.677227, "pop_2025": 5978.207227, "pop_2030": 6600.422227, "pop_2035": 7238.147227, "pop_2040": 7689.97982, "stud_2020": 662.0043926, "stud_2025": 1078.826902, "stud_2030": 1191.111782, "stud_2035": 1306.195596, "stud_2040": 1387.733277, "emp_2020": 806.0504525, "emp_2025": 857.5037157, "emp_2030": 894.3435585, "emp_2035": 928.2911668, "emp_2040": 949.010921, "yesh_2020": 99.0, "yesh_2025": 99.0, "yesh_2030": 99.0, "yesh_2035": 99.0, "yesh_2040": 99.0, "uni_2020": 0.0, "uni_2025": 0.0, "uni_2030": 0.0, "uni_2035": 0.0, "uni_2040": 0.0 }, "geometry": { "type": "Point", "coordinates": [ 35.222291051418075, 31.75098016745612 ] } },
{ "type": "Feature", "properties": { "Taz_num": "3201", "Taz_num_sh": 3201.0, "name": "תלפז - רח' אבשלום חביב", "in_jeru": 1, "in_metro": 1, "sector": "Jewish", "apts_2020": 761.0, "apt_add_25": 0.0, "apt_add_30": 0.0, "apt_add_35": 232.0693624, "apt_add_40": 232.0693624, "apt_addAll": 464.1387248, "apts_2040": 1225.138725, "hh_2020": 3.3, "hh_2025": 3.3, "hh_2030": 3.5, "hh_2035": 3.5, "hh_2040": 3.7, "pop_2020": 2511.3, "pop_2025": 2511.3, "pop_2030": 2663.5, "pop_2035": 3475.742768, "pop_2040": 5442.909477, "stud_2020": 547.474543, "stud_2025": 640.2623479, "stud_2030": 679.0661266, "stud_2035": 886.1494945, "stud_2040": 1387.68367, "emp_2020": 449.1544643, "emp_2025": 529.9423115, "emp_2030": 592.2512048, "emp_2035": 748.6164285, "emp_2040": 552.4444515, "yesh_2020": 0.0, "yesh_2025": 0.0, "yesh_2030": 0.0, "yesh_2035": 0.0, "yesh_2040": 0.0, "uni_2020": 0.0, "uni_2025": 0.0, "uni_2030": 0.0, "uni_2035": 0.0, "uni_2040": 0.0 }, "geometry": { "type": "Point", "coordinates": [ 35.237930493754035, 31.750769415242722 ] } },
{ "type": "Feature", "properties": { "Taz_num": "3705", "Taz_num_sh": 3705.0, "name": "פת", "in_jeru": 1, "in_metro": 1, "sector": "Jewish", "apts_2020": 788.2333333, "apt_add_25": 11.28333333, "apt_add_30": 11.28333333, "apt_add_35": 32.88333333, "apt_add_40": 11.28333333, "apt_addAll": 66.73333333, "apts_2040": 854.9666667, "hh_2020": 3.253565394, "hh_2025": 3.228202519, "hh_2030": 3.161236748, "hh_2035": 3.072574206, "hh_2040": 2.978785475, "pop_2020": 2564.568696, "pop_2025": 2581.001717, "pop_2030": 2563.130755, "pop_2035": 2592.279648, "pop_2040": 2546.762288, "stud_2020": 612.0, "stud_2025": 616.627502, "stud_2030": 621.1937907, "stud_2035": 642.1401596, "stud_2040": 646.4802932, "emp_2020": 290.2334053, "emp_2025": 291.5264097, "emp_2030": 292.8138028, "emp_2035": 297.2659033, "emp_2040": 303.8629005, "yesh_2020": 0.0, "yesh_2025": 0.0, "yesh_2030": 0.0, "yesh_2035": 0.0, "yesh_2040": 0.0, "uni_2020": 0.0, "uni_2025": 0.0, "uni_2030": 0.0, "uni_2035": 0.0, "uni_2040": 0.0 }, "geometry": { "type": "Point", "coordinates": [ 35.200853700595374, 31.750879838311679 ] } },
{ "type": "Feature", "properties": { "Taz_num": "3204", "Taz_num_sh": 3204.0, "name": "תיכון סליסברג", "in_jeru": 1, "in_metro": 1, "sector": "Jewish", "apts_2020": 836.0, "apt_add_25": 0.0, "apt_add_30": 0.0, "apt_add_35": 175.2644437, "apt_add_40": 116.1644437, "apt_addAll": 291.4288874, "apts_2040": 1127.428887, "hh_2020": 3.3, "hh_2025": 3.3, "hh_2030": 3.5, "hh_2035": 3.5, "hh_2040": 3.7, "pop_2020": 2758.8, "pop_2025": 2758.8, "pop_2030": 2926.0, "pop_2035": 3539.425553, "pop_2040": 5732.494318, "stud_2020": 601.7003592, "stud_2025": 703.3631049000001, "stud_2030": 745.9911719, "stud_2035": 902.3855831, "stud_2040": 1461.514065, "emp_2020": 429.0390919, "emp_2025": 468.3536094, "emp_2030": 494.3536623, "emp_2035": 786.7222367000001, "emp_2040": 586.332707, "yesh_2020": 0.0, "yesh_2025": 0.0, "yesh_2030": 0.0, "yesh_2035": 0.0, "yesh_2040": 0.0, "uni_2020": 0.0, "uni_2025": 0.0, "uni_2030": 0.0, "uni_2035": 0.0, "uni_2040": 0.0 }, "geometry": { "type": "Point", "coordinates": [ 35.233274083112882, 31.748822477647792 ] } },
{ "type": "Feature", "properties": { "Taz_num": "3202", "Taz_num_sh": 3202.0, "name": "תלפז - רח' דב גרונר", "in_jeru": 1, "in_metro": 1, "sector": "Jewish", "apts_2020": 1233.0, "apt_add_25": 0.0, "apt_add_30": 0.0, "apt_add_35": 290.8036261, "apt_add_40": 246.8036261, "apt_addAll": 537.6072522, "apts_2040": 1770.607252, "hh_2020": 3.3, "hh_2025": 3.3, "hh_2030": 3.5, "hh_2035": 3.5, "hh_2040": 3.7, "pop_2020": 4068.9, "pop_2025": 4068.9, "pop_2030": 4315.5, "pop_2035": 5333.312691, "pop_2040": 6300.517802, "stud_2020": 202.6489704, "stud_2025": 1037.376445, "stud_2030": 1100.247745, "stud_2035": 1359.74169, "stud_2040": 1606.333103, "emp_2020": 493.4030605, "emp_2025": 669.2064871, "emp_2030": 772.4817753, "emp_2035": 932.7156509, "emp_2040": 633.8166849, "yesh_2020": 0.0, "yesh_2025": 0.0, "yesh_2030": 0.0, "yesh_2035": 0.0, "yesh_2040": 0.0, "uni_2020": 0.0, "uni_2025": 0.0, "uni_2030": 0.0, "uni_2035": 0.0, "uni_2040": 0.0 }, "geometry": { "type": "Point", "coordinates": [ 35.236430641806713, 31.749291646408654 ] } },
{ "type": "Feature", "properties": { "Taz_num": "3605", "Taz_num_sh": 3605.0, "name": "בית צפפה צפון", "in_jeru": 1, "in_metro": 1, "sector": "Arab", "apts_2020": 390.5, "apt_add_25": 3.75, "apt_add_30": 8.85, "apt_add_35": 3.75, "apt_add_40": 3.75, "apt_addAll": 20.1, "apts_2040": 410.6, "hh_2020": 4.299117768, "hh_2025": 4.299117768, "hh_2030": 4.299117768, "hh_2035": 4.299117768, "hh_2040": 4.299117768, "pop_2020": 1678.805488, "pop_2025": 1694.92718, "pop_2030": 1732.974372, "pop_2035": 1749.096064, "pop_2040": 1765.217756, "stud_2020": 597.5157975, "stud_2025": 592.1045605, "stud_2030": 570.4949607, "stud_2035": 572.3975882, "stud_2040": 563.8045165, "emp_2020": 249.3750204, "emp_2025": 249.1677404, "emp_2030": 247.8683104, "emp_2035": 248.3314679, "emp_2040": 262.7622205, "yesh_2020": 74.0, "yesh_2025": 74.0, "yesh_2030": 74.0, "yesh_2035": 74.0, "yesh_2040": 74.0, "uni_2020": 0.0, "uni_2025": 0.0, "uni_2030": 0.0, "uni_2035": 0.0, "uni_2040": 0.0 }, "geometry": { "type": "Point", "coordinates": [ 35.201912688911527, 31.748931412113439 ] } },
{ "type": "Feature", "properties": { "Taz_num": "3203", "Taz_num_sh": 3203.0, "name": "תלפז - רח' משה ברזני", "in_jeru": 1, "in_metro": 1, "sector": "Jewish", "apts_2020": 748.0, "apt_add_25": 0.0, "apt_add_30": 0.0, "apt_add_35": 235.3298687, "apt_add_40": 255.774394, "apt_addAll": 491.1042627, "apts_2040": 1239.104263, "hh_2020": 3.3, "hh_2025": 3.3, "hh_2030": 3.5, "hh_2035": 3.5, "hh_2040": 3.7, "pop_2020": 2468.4, "pop_2025": 2468.4, "pop_2030": 2618.0, "pop_2035": 3441.65454, "pop_2040": 5598.6471, "stud_2020": 232.4765129, "stud_2025": 629.3248834, "stud_2030": 667.4657854, "stud_2035": 877.4586138, "stud_2040": 1427.389375, "emp_2020": 138.2589731, "emp_2025": 737.08031, "emp_2030": 793.7419552, "emp_2035": 758.6464428, "emp_2040": 304.5796478, "yesh_2020": 0.0, "yesh_2025": 0.0, "yesh_2030": 0.0, "yesh_2035": 0.0, "yesh_2040": 0.0, "uni_2020": 0.0, "uni_2025": 0.0, "uni_2030": 0.0, "uni_2035": 0.0, "uni_2040": 0.0 }, "geometry": { "type": "Point", "coordinates": [ 35.237438934247379, 31.744844436182699 ] } },
{ "type": "Feature", "properties": { "Taz_num": "2505", "Taz_num_sh": 2505.0, "name": "צור באהר", "in_jeru": 1, "in_metro": 1, "sector": "Arab", "apts_2020": 1404.820557, "apt_add_25": 312.4750935, "apt_add_30": 312.4750935, "apt_add_35": 312.4750935, "apt_add_40": 312.4750935, "apt_addAll": 1249.900374, "apts_2040": 2654.720931, "hh_2020": 4.608365019, "hh_2025": 4.608365019, "hh_2030": 4.608365019, "hh_2035": 4.608365019, "hh_2040": 4.608365019, "pop_2020": 6473.925912, "pop_2025": 7913.925202, "pop_2030": 9353.924492, "pop_2035": 10793.92378, "pop_2040": 12233.92307, "stud_2020": 6544.289984, "stud_2025": 6544.289984, "stud_2030": 6544.289984, "stud_2035": 6544.289984, "stud_2040": 6544.289984, "emp_2020": 1172.814531, "emp_2025": 1211.772007, "emp_2030": 1250.762008, "emp_2035": 1289.285728, "emp_2040": 1375.525017, "yesh_2020": 0.0, "yesh_2025": 0.0, "yesh_2030": 0.0, "yesh_2035": 0.0, "yesh_2040": 0.0, "uni_2020": 0.0, "uni_2025": 0.0, "uni_2030": 0.0, "uni_2035": 0.0, "uni_2040": 0.0 }, "geometry": { "type": "Point", "coordinates": [ 35.232241919756511, 31.739927470214216 ] } },
{ "type": "Feature", "properties": { "Taz_num": "3401", "Taz_num_sh": 3401.0, "name": "גילה א - אפרסמון", "in_jeru": 1, "in_metro": 1, "sector": "Jewish", "apts_2020": 1254.262276, "apt_add_25": 13.45, "apt_add_30": 65.65, "apt_add_35": 65.65, "apt_add_40": 13.45, "apt_addAll": 158.2, "apts_2040": 1412.462276, "hh_2020": 2.493141474, "hh_2025": 2.434900099, "hh_2030": 2.362706737, "hh_2035": 2.298644964, "hh_2040": 2.256742805, "pop_2020": 3127.053299, "pop_2025": 3086.752746, "pop_2030": 3150.344032, "pop_2035": 3215.832522, "pop_2040": 3187.564079, "stud_2020": 920.6156956, "stud_2025": 953.1028775, "stud_2030": 920.4779337, "stud_2035": 971.3908405, "stud_2040": 1022.962752, "emp_2020": 310.3859622, "emp_2025": 264.6168796, "emp_2030": 282.3583073, "emp_2035": 257.1242016, "emp_2040": 202.5311808, "yesh_2020": 26.0, "yesh_2025": 26.0, "yesh_2030": 26.0, "yesh_2035": 26.0, "yesh_2040": 26.0, "uni_2020": 0.0, "uni_2025": 0.0, "uni_2030": 0.0, "uni_2035": 0.0, "uni_2040": 0.0 }, "geometry": { "type": "Point", "coordinates": [ 35.200279921130281, 31.733996722657135 ] } },
{ "type": "Feature", "properties": { "Taz_num": "6002", "Taz_num_sh": 6002.0, "name": "נוה יעקב דרום", "in_jeru": 1, "in_metro": 1, "sector": "Jewish", "apts_2020": 622.7768763, "apt_add_25": 0.0, "apt_add_30": 0.0, "apt_add_35": 0.0, "apt_add_40": 0.0, "apt_addAll": 0.0, "apts_2040": 622.7768763, "hh_2020": 3.893850418, "hh_2025": 4.269586912, "hh_2030": 4.545769292, "hh_2035": 4.791443154, "hh_2040": 5.090105495, "pop_2020": 2425.0, "pop_2025": 2659.0, "pop_2030": 2831.0, "pop_2035": 2984.0, "pop_2040": 3170.0, "stud_2020": 1072.157583, "stud_2025": 1280.44955, "stud_2030": 1281.34443, "stud_2035": 1260.454889, "stud_2040": 1252.374601, "emp_2020": 298.1988097, "emp_2025": 317.29224, "emp_2030": 317.3742707, "emp_2035": 315.4593961, "emp_2040": 356.0511014, "yesh_2020": 0.0, "yesh_2025": 0.0, "yesh_2030": 0.0, "yesh_2035": 0.0, "yesh_2040": 0.0, "uni_2020": 0.0, "uni_2025": 0.0, "uni_2030": 0.0, "uni_2035": 0.0, "uni_2040": 0.0 }, "geometry": { "type": "Point", "coordinates": [ 35.243637590175091, 31.838042187324369 ] } },
{ "type": "Feature", "properties": { "Taz_num": "6005", "Taz_num_sh": 6005.0, "name": "נוה יעקב - צפון מערב", "in_jeru": 1, "in_metro": 1, "sector": "U. Orthodox", "apts_2020": 306.0590276, "apt_add_25": 3.85, "apt_add_30": 3.85, "apt_add_35": 3.85, "apt_add_40": 3.85, "apt_addAll": 15.4, "apts_2040": 321.4590276, "hh_2020": 5.0, "hh_2025": 5.0, "hh_2030": 5.0, "hh_2035": 4.8, "hh_2040": 4.6, "pop_2020": 1530.295138, "pop_2025": 1549.545138, "pop_2030": 1568.795138, "pop_2035": 1524.523333, "pop_2040": 1478.711527, "stud_2020": 382.5737845, "stud_2025": 388.3487845, "stud_2030": 394.1237845, "stud_2035": 380.8422429, "stud_2040": 367.0987012, "emp_2020": 231.7097842, "emp_2025": 237.9697904, "emp_2030": 244.25379, "emp_2035": 248.3763729, "emp_2040": 251.7692684, "yesh_2020": 0.0, "yesh_2025": 0.0, "yesh_2030": 0.0, "yesh_2035": 0.0, "yesh_2040": 0.0, "uni_2020": 0.0, "uni_2025": 0.0, "uni_2030": 0.0, "uni_2035": 0.0, "uni_2040": 0.0 }, "geometry": { "type": "Point", "coordinates": [ 35.239073129446169, 31.841580950981903 ] } },
{ "type": "Feature", "properties": { "Taz_num": "6004", "Taz_num_sh": 6004.0, "name": "פיקוד מרכז", "in_jeru": 1, "in_metro": 1, "sector": "U. Orthodox", "apts_2020": 0.0, "apt_add_25": 0.0, "apt_add_30": 0.0, "apt_add_35": 0.0, "apt_add_40": 0.0, "apt_addAll": 0.0, "apts_2040": 0.0, "hh_2020": 0.0, "hh_2025": 0.0, "hh_2030": 0.0, "hh_2035": 0.0, "hh_2040": 0.0, "pop_2020": 0.0, "pop_2025": 0.0, "pop_2030": 0.0, "pop_2035": 0.0, "pop_2040": 0.0, "stud_2020": 0.0, "stud_2025": 0.0, "stud_2030": 0.0, "stud_2035": 0.0, "stud_2040": 0.0, "emp_2020": 931.8303229000001, "emp_2025": 942.1111955, "emp_2030": 953.1948566, "emp_2035": 963.3462472, "emp_2040": 972.61716, "yesh_2020": 0.0, "yesh_2025": 0.0, "yesh_2030": 0.0, "yesh_2035": 0.0, "yesh_2040": 0.0, "uni_2020": 0.0, "uni_2025": 0.0, "uni_2030": 0.0, "uni_2035": 0.0, "uni_2040": 0.0 }, "geometry": { "type": "Point", "coordinates": [ 35.235949429446691, 31.840717679041372 ] } },
{ "type": "Feature", "properties": { "Taz_num": "2404", "Taz_num_sh": 2404.0, "name": "אום ליסון", "in_jeru": 1, "in_metro": 1, "sector": "Arab", "apts_2020": 899.8280645, "apt_add_25": 88.79363202, "apt_add_30": 67.19363202, "apt_add_35": 65.99363202000001, "apt_add_40": 47.39363202, "apt_addAll": 269.3745281, "apts_2040": 1169.202593, "hh_2020": 4.669821627, "hh_2025": 4.776175559, "hh_2030": 4.870249739, "hh_2035": 4.953435058, "hh_2040": 5.057691436, "pop_2020": 4202.036556, "pop_2025": 4721.830784, "pop_2030": 5142.084328, "pop_2035": 5556.807833, "pop_2040": 5913.46594, "stud_2020": 2203.382302, "stud_2025": 2440.764604, "stud_2030": 2678.146906, "stud_2035": 2915.529208, "stud_2040": 3152.91151, "emp_2020": 339.6077318, "emp_2025": 368.2048858, "emp_2030": 395.1388399, "emp_2035": 421.9803939, "emp_2040": 473.7135107, "yesh_2020": 0.0, "yesh_2025": 0.0, "yesh_2030": 0.0, "yesh_2035": 0.0, "yesh_2040": 0.0, "uni_2020": 0.0, "uni_2025": 0.0, "uni_2030": 0.0, "uni_2035": 0.0, "uni_2040": 0.0 }, "geometry": { "type": "Point", "coordinates": [ 35.24612716913925, 31.736117215758505 ] } },
{ "type": "Feature", "properties": { "Taz_num": "6303", "Taz_num_sh": 6303.0, "name": "פסגת זאב מזרח - דרום מזרח", "in_jeru": 1, "in_metro": 1, "sector": "Jewish", "apts_2020": 1311.190476, "apt_add_25": 0.0, "apt_add_30": 14.4, "apt_add_35": 0.0, "apt_add_40": 0.0, "apt_addAll": 14.4, "apts_2040": 1325.590476, "hh_2020": 4.2, "hh_2025": 4.2, "hh_2030": 4.0, "hh_2035": 3.8, "hh_2040": 3.4, "pop_2020": 5507.0, "pop_2025": 5507.0, "pop_2030": 5302.361905, "pop_2035": 5037.24381, "pop_2040": 4507.007619, "stud_2020": 408.0, "stud_2025": 408.0, "stud_2030": 408.0, "stud_2035": 408.0, "stud_2040": 408.0, "emp_2020": 198.051677, "emp_2025": 201.4157084, "emp_2030": 206.2593, "emp_2035": 208.3743416, "emp_2040": 210.0091915, "yesh_2020": 0.0, "yesh_2025": 0.0, "yesh_2030": 0.0, "yesh_2035": 0.0, "yesh_2040": 0.0, "uni_2020": 0.0, "uni_2025": 0.0, "uni_2030": 0.0, "uni_2035": 0.0, "uni_2040": 0.0 }, "geometry": { "type": "Point", "coordinates": [ 35.252680418690346, 31.815623229302091 ] } },
{ "type": "Feature", "properties": { "Taz_num": "6402", "Taz_num_sh": 6402.0, "name": "שועפאת - אזור תעסוקה", "in_jeru": 1, "in_metro": 1, "sector": "arabs behined seperation wall", "apts_2020": 3506.469961, "apt_add_25": 587.3542369, "apt_add_30": 587.3542369, "apt_add_35": 586.9945691, "apt_add_40": 573.3226755, "apt_addAll": 2335.025718, "apts_2040": 5841.495679, "hh_2020": 4.821340332, "hh_2025": 5.2, "hh_2030": 5.2, "hh_2035": 5.2, "hh_2040": 5.2, "pop_2020": 16905.88505, "pop_2025": 21287.88583, "pop_2030": 24342.12786, "pop_2035": 27394.49962, "pop_2040": 30375.77753, "stud_2020": 329.199711, "stud_2025": 658.3994221, "stud_2030": 987.5991331, "stud_2035": 1316.798844, "stud_2040": 1645.998555, "emp_2020": 973.3998784, "emp_2025": 1048.802795, "emp_2030": 1124.205711, "emp_2035": 1199.580933, "emp_2040": 1439.723507, "yesh_2020": 0.0, "yesh_2025": 0.0, "yesh_2030": 0.0, "yesh_2035": 0.0, "yesh_2040": 0.0, "uni_2020": 0.0, "uni_2025": 0.0, "uni_2030": 0.0, "uni_2035": 0.0, "uni_2040": 0.0 }, "geometry": { "type": "Point", "coordinates": [ 35.250944140914022, 31.806972846217302 ] } },
{ "type": "Feature", "properties": { "Taz_num": "5107", "Taz_num_sh": 5107.0, "name": "רמת אשכול - מרכז מסחרי", "in_jeru": 1, "in_metro": 1, "sector": "U. Orthodox", "apts_2020": 475.2048217, "apt_add_25": 10.0, "apt_add_30": 10.0, "apt_add_35": 10.0, "apt_add_40": 39.4, "apt_addAll": 69.4, "apts_2040": 544.6048217, "hh_2020": 4.442606178, "hh_2025": 4.664846739, "hh_2030": 4.863070158, "hh_2035": 4.699209402, "hh_2040": 4.48283443, "pop_2020": 2111.147876, "pop_2025": 2263.40613, "pop_2030": 2408.215791, "pop_2035": 2374.063248, "pop_2040": 2441.373246, "stud_2020": 846.1964778, "stud_2025": 906.2240001, "stud_2030": 878.3651122, "stud_2035": 878.0513592, "stud_2040": 918.3133471, "emp_2020": 1519.395878, "emp_2025": 1555.654171, "emp_2030": 1578.909119, "emp_2035": 1599.207817, "emp_2040": 2014.038261, "yesh_2020": 120.7835257, "yesh_2025": 164.6793099, "yesh_2030": 219.9928533, "yesh_2035": 210.6620718, "yesh_2040": 208.3295191, "uni_2020": 0.0, "uni_2025": 0.0, "uni_2030": 0.0, "uni_2035": 0.0, "uni_2040": 0.0 }, "geometry": { "type": "Point", "coordinates": [ 35.226991497294762, 31.802382632391765 ] } },
{ "type": "Feature", "properties": { "Taz_num": "0209", "Taz_num_sh": 209.0, "name": "שער מנדלבאום - מלונות", "in_jeru": 1, "in_metro": 1, "sector": "Arab", "apts_2020": 96.51128557, "apt_add_25": 2.0, "apt_add_30": 2.0, "apt_add_35": 10.0, "apt_add_40": 2.0, "apt_addAll": 16.0, "apts_2040": 112.5112856, "hh_2020": 5.5, "hh_2025": 5.5, "hh_2030": 5.5, "hh_2035": 5.5, "hh_2040": 5.5, "pop_2020": 530.8120707, "pop_2025": 541.8120707, "pop_2030": 552.8120707, "pop_2035": 607.8120707, "pop_2040": 618.8120707, "stud_2020": 15.92436212, "stud_2025": 16.25436212, "stud_2030": 16.58436212, "stud_2035": 18.23436212, "stud_2040": 18.56436212, "emp_2020": 1375.538202, "emp_2025": 1629.368561, "emp_2030": 1645.338867, "emp_2035": 1662.482013, "emp_2040": 1675.868521, "yesh_2020": 0.0, "yesh_2025": 0.0, "yesh_2030": 0.0, "yesh_2035": 0.0, "yesh_2040": 0.0, "uni_2020": 0.0, "uni_2025": 0.0, "uni_2030": 0.0, "uni_2035": 0.0, "uni_2040": 0.0 }, "geometry": { "type": "Point", "coordinates": [ 35.22754441306445, 31.789987316909031 ] } },
{ "type": "Feature", "properties": { "Taz_num": "0206", "Taz_num_sh": 206.0, "name": "שער שכם", "in_jeru": 1, "in_metro": 1, "sector": "Arab", "apts_2020": 75.80299786, "apt_add_25": 3.474304069, "apt_add_30": 6.948608137, "apt_add_35": 10.42291221, "apt_add_40": 13.89721627, "apt_addAll": 34.74304069, "apts_2040": 110.5460385, "hh_2020": 5.5, "hh_2025": 5.4, "hh_2030": 5.4, "hh_2035": 5.2, "hh_2040": 5.2, "pop_2020": 361.8743867, "pop_2025": 428.0974304, "pop_2030": 465.6199143, "pop_2035": 502.5738758, "pop_2040": 574.8394004, "stud_2020": 492.0, "stud_2025": 511.8669131, "stud_2030": 523.1236583, "stud_2035": 534.2098467, "stud_2040": 555.8895041, "emp_2020": 1397.90806, "emp_2025": 1737.10609, "emp_2030": 2073.131948, "emp_2035": 2410.505603, "emp_2040": 2748.964977, "yesh_2020": 0.0, "yesh_2025": 0.0, "yesh_2030": 0.0, "yesh_2035": 0.0, "yesh_2040": 0.0, "uni_2020": 0.0, "uni_2025": 0.0, "uni_2030": 0.0, "uni_2035": 0.0, "uni_2040": 0.0 }, "geometry": { "type": "Point", "coordinates": [ 35.230795359841032, 31.784269545221917 ] } },
{ "type": "Feature", "properties": { "Taz_num": "0201", "Taz_num_sh": 201.0, "name": "משרד המשפטים מזרח ירושלים", "in_jeru": 1, "in_metro": 1, "sector": "Arab", "apts_2020": 20.55674518, "apt_add_25": 0.942184154, "apt_add_30": 1.884368308, "apt_add_35": 2.826552463, "apt_add_40": 3.768736617, "apt_addAll": 9.421841542, "apts_2040": 29.97858672, "hh_2020": 5.5, "hh_2025": 5.4, "hh_2030": 5.4, "hh_2035": 5.2, "hh_2040": 5.2, "pop_2020": 113.0620985, "pop_2025": 116.0942184, "pop_2030": 126.2698073, "pop_2035": 136.2912206, "pop_2040": 155.888651, "stud_2020": 1250.0, "stud_2025": 1250.909636, "stud_2030": 1253.962313, "stud_2035": 1256.968737, "stud_2040": 1262.847966, "emp_2020": 1440.500561, "emp_2025": 1759.79189, "emp_2030": 2076.947127, "emp_2035": 2395.31103, "emp_2040": 2713.969366, "yesh_2020": 0.0, "yesh_2025": 0.0, "yesh_2030": 0.0, "yesh_2035": 0.0, "yesh_2040": 0.0, "uni_2020": 0.0, "uni_2025": 0.0, "uni_2030": 0.0, "uni_2035": 0.0, "uni_2040": 0.0 }, "geometry": { "type": "Point", "coordinates": [ 35.22928370538817, 31.786964032449966 ] } },
{ "type": "Feature", "properties": { "Taz_num": "3402", "Taz_num_sh": 3402.0, "name": "גילה - בריכת מים", "in_jeru": 1, "in_metro": 1, "sector": "Jewish", "apts_2020": 579.3053521000001, "apt_add_25": 0.0, "apt_add_30": 0.0, "apt_add_35": 0.0, "apt_add_40": 88.2, "apt_addAll": 88.2, "apts_2040": 667.5053521, "hh_2020": 3.483480741, "hh_2025": 3.474187342, "hh_2030": 3.524140846, "hh_2035": 3.535933212, "hh_2040": 3.428402575, "pop_2020": 2017.999037, "pop_2025": 2012.615321, "pop_2030": 2041.553653, "pop_2035": 2048.385035, "pop_2040": 2288.477068, "stud_2020": 504.4997593, "stud_2025": 502.8846445, "stud_2030": 511.5661442, "stud_2035": 513.6155586, "stud_2040": 585.6431685, "emp_2020": 614.4573474, "emp_2025": 630.2877115, "emp_2030": 640.4140459, "emp_2035": 648.4560365, "emp_2040": 674.610151, "yesh_2020": 0.0, "yesh_2025": 0.0, "yesh_2030": 0.0, "yesh_2035": 0.0, "yesh_2040": 0.0, "uni_2020": 0.0, "uni_2025": 0.0, "uni_2030": 0.0, "uni_2035": 0.0, "uni_2040": 0.0 }, "geometry": { "type": "Point", "coordinates": [ 35.197647444398036, 31.730087678466827 ] } },
{ "type": "Feature", "properties": { "Taz_num": "3608", "Taz_num_sh": 3608.0, "name": "דיר כרמיזן", "in_jeru": 1, "in_metro": 1, "sector": "Arab", "apts_2020": 217.1777895, "apt_add_25": 0.0, "apt_add_30": 40.0, "apt_add_35": 40.0, "apt_add_40": 80.0, "apt_addAll": 160.0, "apts_2040": 377.1777895, "hh_2020": 4.02991453, "hh_2025": 4.02991453, "hh_2030": 4.02991453, "hh_2035": 4.02991453, "hh_2040": 4.02991453, "pop_2020": 875.2079295, "pop_2025": 875.2079295, "pop_2030": 1036.404511, "pop_2035": 1197.601092, "pop_2040": 1519.994254, "stud_2020": 0.0, "stud_2025": 0.0, "stud_2030": 0.0, "stud_2035": 0.0, "stud_2040": 0.0, "emp_2020": 96.70783995, "emp_2025": 96.70783995, "emp_2030": 99.78783995000001, "emp_2035": 102.86784, "emp_2040": 122.1287089, "yesh_2020": 0.0, "yesh_2025": 0.0, "yesh_2030": 0.0, "yesh_2035": 0.0, "yesh_2040": 0.0, "uni_2020": 0.0, "uni_2025": 0.0, "uni_2030": 0.0, "uni_2035": 0.0, "uni_2040": 0.0 }, "geometry": { "type": "Point", "coordinates": [ 35.165953249055988, 31.734813655560806 ] } },
{ "type": "Feature", "properties": { "Taz_num": "3004", "Taz_num_sh": 3004.0, "name": "את תלפיות-רח' האומן", "in_jeru": 1, "in_metro": 1, "sector": "Jewish", "apts_2020": 11.44615385, "apt_add_25": 0.0, "apt_add_30": 0.0, "apt_add_35": 137.1083438, "apt_add_40": 205.6625157, "apt_addAll": 342.7708595, "apts_2040": 354.2170133, "hh_2020": 3.7, "hh_2025": 3.7, "hh_2030": 3.7, "hh_2035": 3.7, "hh_2040": 3.7, "pop_2020": 42.35076923, "pop_2025": 42.35076923, "pop_2030": 42.35076923, "pop_2035": 549.6516413000001, "pop_2040": 1310.602949, "stud_2020": 0.0, "stud_2025": 9.536677871, "stud_2030": 9.536677871, "stud_2035": 123.7722653, "stud_2040": 295.1256464, "emp_2020": 4445.363076, "emp_2025": 4446.237271, "emp_2030": 4446.237271, "emp_2035": 4467.266209, "emp_2040": 6883.19832, "yesh_2020": 0.0, "yesh_2025": 0.0, "yesh_2030": 0.0, "yesh_2035": 0.0, "yesh_2040": 0.0, "uni_2020": 0.0, "uni_2025": 0.0, "uni_2030": 0.0, "uni_2035": 0.0, "uni_2040": 0.0 }, "geometry": { "type": "Point", "coordinates": [ 35.208824927590285, 31.749143771036724 ] } },
{ "type": "Feature", "properties": { "Taz_num": "3702", "Taz_num_sh": 3702.0, "name": "גונן ו' מערב", "in_jeru": 1, "in_metro": 1, "sector": "Jewish", "apts_2020": 771.7333333, "apt_add_25": 38.4, "apt_add_30": 86.2, "apt_add_35": 80.4, "apt_add_40": 64.6, "apt_addAll": 269.6, "apts_2040": 1041.333333, "hh_2020": 2.783164417, "hh_2025": 2.774571395, "hh_2030": 2.74465232, "hh_2035": 2.695369704, "hh_2040": 2.630719062, "pop_2020": 2147.860753, "pop_2025": 2247.772773, "pop_2030": 2460.123363, "pop_2035": 2632.657435, "pop_2040": 2739.45545, "stud_2020": 613.2209488, "stud_2025": 689.670568, "stud_2030": 757.2990576, "stud_2035": 839.815848, "stud_2040": 909.2605492, "emp_2020": 335.064833, "emp_2025": 345.0295148, "emp_2030": 357.866193, "emp_2035": 371.6210321, "emp_2040": 381.6731769, "yesh_2020": 0.0, "yesh_2025": 0.0, "yesh_2030": 0.0, "yesh_2035": 0.0, "yesh_2040": 0.0, "uni_2020": 0.0, "uni_2025": 0.0, "uni_2030": 0.0, "uni_2035": 0.0, "uni_2040": 0.0 }, "geometry": { "type": "Point", "coordinates": [ 35.207428439253128, 31.756846239844304 ] } },
{ "type": "Feature", "properties": { "Taz_num": "3104", "Taz_num_sh": 3104.0, "name": "ארנונה", "in_jeru": 1, "in_metro": 1, "sector": "Jewish", "apts_2020": 710.501091, "apt_add_25": 7.0, "apt_add_30": 43.7, "apt_add_35": 38.1, "apt_add_40": 40.05651507, "apt_addAll": 128.8565151, "apts_2040": 839.357606, "hh_2020": 3.035379221, "hh_2025": 3.035379221, "hh_2030": 3.035379221, "hh_2035": 3.035379221, "hh_2040": 3.035379221, "pop_2020": 2156.640248, "pop_2025": 2177.887903, "pop_2030": 2310.533975, "pop_2035": 2426.181923, "pop_2040": 2547.768636, "stud_2020": 143.8434299, "stud_2025": 393.3591259, "stud_2030": 417.3169903, "stud_2035": 438.2047393, "stud_2040": 460.1651181, "emp_2020": 211.0504883, "emp_2025": 230.6092727, "emp_2030": 99.86025092, "emp_2035": 102.7729909, "emp_2040": 106.8123382, "yesh_2020": 221.0, "yesh_2025": 221.0, "yesh_2030": 221.0, "yesh_2035": 221.0, "yesh_2040": 221.0, "uni_2020": 0.0, "uni_2025": 0.0, "uni_2030": 0.0, "uni_2035": 0.0, "uni_2040": 0.0 }, "geometry": { "type": "Point", "coordinates": [ 35.221071304886522, 31.746236040284312 ] } },
{ "type": "Feature", "properties": { "Taz_num": "3105", "Taz_num_sh": 3105.0, "name": "תלפיות - פילבוקס", "in_jeru": 1, "in_metro": 1, "sector": "Jewish", "apts_2020": 856.0191989, "apt_add_25": 0.0, "apt_add_30": 88.5, "apt_add_35": 0.0, "apt_add_40": 0.0, "apt_addAll": 88.5, "apts_2040": 944.5191989, "hh_2020": 2.836988366, "hh_2025": 2.836988366, "hh_2030": 2.836988366, "hh_2035": 2.836988366, "hh_2040": 2.836988366, "pop_2020": 2428.516508, "pop_2025": 2428.516508, "pop_2030": 2679.589978, "pop_2035": 2679.589978, "pop_2040": 2679.589978, "stud_2020": 701.2283536, "stud_2025": 701.2283536, "stud_2030": 701.2283536, "stud_2035": 701.2283536, "stud_2040": 701.2283536, "emp_2020": 127.2299431, "emp_2025": 254.180245, "emp_2030": 257.8369038, "emp_2035": 252.8271906, "emp_2040": 249.1408473, "yesh_2020": 0.0, "yesh_2025": 0.0, "yesh_2030": 0.0, "yesh_2035": 0.0, "yesh_2040": 0.0, "uni_2020": 0.0, "uni_2025": 0.0, "uni_2030": 0.0, "uni_2035": 0.0, "uni_2040": 0.0 }, "geometry": { "type": "Point", "coordinates": [ 35.218289203406677, 31.74538310824143 ] } },
{ "type": "Feature", "properties": { "Taz_num": "3109", "Taz_num_sh": 3109.0, "name": "תיכון אליאנס", "in_jeru": 1, "in_metro": 1, "sector": "Jewish", "apts_2020": 144.4019481, "apt_add_25": 140.6, "apt_add_30": 7.2, "apt_add_35": 3.0, "apt_add_40": 7.279984429, "apt_addAll": 158.0799844, "apts_2040": 302.4819325, "hh_2020": 2.047526993, "hh_2025": 2.047526993, "hh_2030": 2.047526993, "hh_2035": 2.047526993, "hh_2040": 2.047526993, "pop_2020": 295.6668865, "pop_2025": 583.5491818, "pop_2030": 598.2913761, "pop_2035": 604.4339571, "pop_2040": 619.3399217, "stud_2020": 619.0, "stud_2025": 619.0, "stud_2030": 619.0, "stud_2035": 619.0, "stud_2040": 619.0, "emp_2020": 866.2590397, "emp_2025": 890.5647063, "emp_2030": 905.6425951, "emp_2035": 919.0919144, "emp_2040": 931.6646699, "yesh_2020": 0.0, "yesh_2025": 0.0, "yesh_2030": 0.0, "yesh_2035": 0.0, "yesh_2040": 0.0, "uni_2020": 0.0, "uni_2025": 0.0, "uni_2030": 0.0, "uni_2035": 0.0, "uni_2040": 0.0 }, "geometry": { "type": "Point", "coordinates": [ 35.222612265587173, 31.754749965794026 ] } },
{ "type": "Feature", "properties": { "Taz_num": "3110", "Taz_num_sh": 3110.0, "name": "מתחם אלנבי", "in_jeru": 1, "in_metro": 1, "sector": "Jewish", "apts_2020": 331.6980519, "apt_add_25": 17.0, "apt_add_30": 0.0, "apt_add_35": 0.0, "apt_add_40": 0.0, "apt_addAll": 17.0, "apts_2040": 348.6980519, "hh_2020": 1.850984048, "hh_2025": 1.850984048, "hh_2030": 1.850984048, "hh_2035": 1.850984048, "hh_2040": 1.850984048, "pop_2020": 613.9678028, "pop_2025": 645.4345317, "pop_2030": 645.4345317, "pop_2035": 645.4345317, "pop_2040": 645.4345317, "stud_2020": 0.0, "stud_2025": 119.7010075, "stud_2030": 119.7010075, "stud_2035": 119.7010075, "stud_2040": 119.7010075, "emp_2020": 1.970175933, "emp_2025": 9.421759295, "emp_2030": 5.297891776, "emp_2035": 0.227043988, "emp_2040": 37.82234235, "yesh_2020": 0.0, "yesh_2025": 0.0, "yesh_2030": 0.0, "yesh_2035": 0.0, "yesh_2040": 0.0, "uni_2020": 0.0, "uni_2025": 0.0, "uni_2030": 0.0, "uni_2035": 0.0, "uni_2040": 0.0 }, "geometry": { "type": "Point", "coordinates": [ 35.224076439765483, 31.758113861521526 ] } },
{ "type": "Feature", "properties": { "Taz_num": "3206", "Taz_num_sh": 3206.0, "name": "קרית מוריה", "in_jeru": 1, "in_metro": 1, "sector": "Jewish", "apts_2020": 28.15445807, "apt_add_25": 0.0, "apt_add_30": 27.0, "apt_add_35": 48.6, "apt_add_40": 27.0, "apt_addAll": 102.6, "apts_2040": 130.7544581, "hh_2020": 2.39027285, "hh_2025": 2.39027285, "hh_2030": 2.39027285, "hh_2035": 2.39027285, "hh_2040": 2.39027285, "pop_2020": 67.29683674, "pop_2025": 67.29683674, "pop_2030": 131.8342037, "pop_2035": 248.0014642, "pop_2040": 312.5388312, "stud_2020": 0.0, "stud_2025": 12.56153539, "stud_2030": 24.60799193, "stud_2035": 46.2916137, "stud_2040": 58.33807025, "emp_2020": 330.5068581, "emp_2025": 360.2950308, "emp_2030": 399.8820497, "emp_2035": 478.4401739, "emp_2040": 490.0616879, "yesh_2020": 0.0, "yesh_2025": 0.0, "yesh_2030": 0.0, "yesh_2035": 0.0, "yesh_2040": 0.0, "uni_2020": 148.35, "uni_2025": 170.6025, "uni_2030": 196.192875, "uni_2035": 225.6218063, "uni_2040": 259.4650772 }, "geometry": { "type": "Point", "coordinates": [ 35.229641609979424, 31.753042355776479 ] } },
{ "type": "Feature", "properties": { "Taz_num": "3901", "Taz_num_sh": 3901.0, "name": "המושבה הגרמנית מזרח", "in_jeru": 1, "in_metro": 1, "sector": "Jewish", "apts_2020": 225.7841495, "apt_add_25": 12.0, "apt_add_30": 12.0, "apt_add_35": 12.0, "apt_add_40": 12.0, "apt_addAll": 48.0, "apts_2040": 273.7841495, "hh_2020": 2.350425446, "hh_2025": 2.292244857, "hh_2030": 2.227842285, "hh_2035": 2.170542444, "hh_2040": 2.120066516, "pop_2020": 530.6888103, "pop_2025": 545.0594938, "pop_2030": 556.4796903, "pop_2035": 568.2136078, "pop_2040": 580.4406079, "stud_2020": 137.2553357, "stud_2025": 141.3205178, "stud_2030": 145.2080136, "stud_2035": 148.9292236, "stud_2040": 152.4945938, "emp_2020": 465.6975433, "emp_2025": 474.178345, "emp_2030": 787.0276767, "emp_2035": 795.3567378, "emp_2040": 803.0842907, "yesh_2020": 0.0, "yesh_2025": 0.0, "yesh_2030": 0.0, "yesh_2035": 0.0, "yesh_2040": 0.0, "uni_2020": 0.0, "uni_2025": 0.0, "uni_2030": 0.0, "uni_2035": 0.0, "uni_2040": 0.0 }, "geometry": { "type": "Point", "coordinates": [ 35.222436699295763, 31.764770347499805 ] } },
{ "type": "Feature", "properties": { "Taz_num": "3111", "Taz_num_sh": 3111.0, "name": "טיילת שרובר", "in_jeru": 1, "in_metro": 1, "sector": "Jewish", "apts_2020": 279.4428571, "apt_add_25": 279.0, "apt_add_30": 7.2, "apt_add_35": 0.0, "apt_add_40": 0.0, "apt_addAll": 286.2, "apts_2040": 565.6428571, "hh_2020": 2.73958185, "hh_2025": 2.73958185, "hh_2030": 2.73958185, "hh_2035": 2.73958185, "hh_2040": 2.73958185, "pop_2020": 765.5565795, "pop_2025": 1529.899916, "pop_2030": 1549.624905, "pop_2035": 1549.624905, "pop_2040": 1549.624905, "stud_2020": 0.0, "stud_2025": 305.7189812, "stud_2030": 309.6606139, "stud_2035": 309.6606139, "stud_2040": 309.6606139, "emp_2020": 423.341952, "emp_2025": 589.353821, "emp_2030": 595.179845, "emp_2035": 599.2208628, "emp_2040": 602.3909374, "yesh_2020": 0.0, "yesh_2025": 0.0, "yesh_2030": 0.0, "yesh_2035": 0.0, "yesh_2040": 0.0, "uni_2020": 0.0, "uni_2025": 0.0, "uni_2030": 0.0, "uni_2035": 0.0, "uni_2040": 0.0 }, "geometry": { "type": "Point", "coordinates": [ 35.228908033086327, 31.758694120984753 ] } },
{ "type": "Feature", "properties": { "Taz_num": "3904", "Taz_num_sh": 3904.0, "name": "מתחם הרכבת דרום", "in_jeru": 1, "in_metro": 1, "sector": "Jewish", "apts_2020": 0.0, "apt_add_25": 0.0, "apt_add_30": 77.0, "apt_add_35": 376.0, "apt_add_40": 0.0, "apt_addAll": 453.0, "apts_2040": 453.0, "hh_2020": 2.22406181, "hh_2025": 2.22406181, "hh_2030": 2.22406181, "hh_2035": 2.22406181, "hh_2040": 2.22406181, "pop_2020": 0.0, "pop_2025": 0.0, "pop_2030": 171.2527594, "pop_2035": 1007.5, "pop_2040": 1007.5, "stud_2020": 0.0, "stud_2025": 0.0, "stud_2030": 34.77013391, "stud_2035": 204.5567619, "stud_2040": 204.5567619, "emp_2020": 535.0033975, "emp_2025": 539.1381911, "emp_2030": 618.289216, "emp_2035": 672.965298, "emp_2040": 683.1256058, "yesh_2020": 170.0, "yesh_2025": 170.0, "yesh_2030": 170.0, "yesh_2035": 170.0, "yesh_2040": 170.0, "uni_2020": 0.0, "uni_2025": 0.0, "uni_2030": 0.0, "uni_2035": 0.0, "uni_2040": 0.0 }, "geometry": { "type": "Point", "coordinates": [ 35.224217544932571, 31.763095660897708 ] } },
{ "type": "Feature", "properties": { "Taz_num": "3903", "Taz_num_sh": 3903.0, "name": "גבעת חנניה", "in_jeru": 1, "in_metro": 1, "sector": "Jewish", "apts_2020": 700.0, "apt_add_25": 5.0, "apt_add_30": 5.0, "apt_add_35": 30.0, "apt_add_40": 20.0, "apt_addAll": 60.0, "apts_2040": 760.0, "hh_2020": 2.6, "hh_2025": 2.6, "hh_2030": 2.6, "hh_2035": 2.6, "hh_2040": 2.6, "pop_2020": 1820.0, "pop_2025": 1833.0, "pop_2030": 1846.0, "pop_2035": 1924.0, "pop_2040": 1976.0, "stud_2020": 101.4, "stud_2025": 105.3, "stud_2030": 109.2, "stud_2035": 132.6, "stud_2040": 148.2, "emp_2020": 283.617392, "emp_2025": 288.3713576, "emp_2030": 293.0956167, "emp_2035": 301.547229, "emp_2040": 308.5138413, "yesh_2020": 0.0, "yesh_2025": 0.0, "yesh_2030": 0.0, "yesh_2035": 0.0, "yesh_2040": 0.0, "uni_2020": 0.0, "uni_2025": 0.0, "uni_2030": 0.0, "uni_2035": 0.0, "uni_2040": 0.0 }, "geometry": { "type": "Point", "coordinates": [ 35.227040738057944, 31.765100550664727 ] } },
{ "type": "Feature", "properties": { "Taz_num": "0401", "Taz_num_sh": 401.0, "name": "הר ציון", "in_jeru": 1, "in_metro": 1, "sector": "Jewish", "apts_2020": 9.0, "apt_add_25": 0.0, "apt_add_30": 0.0, "apt_add_35": 0.0, "apt_add_40": 0.0, "apt_addAll": 0.0, "apts_2040": 9.0, "hh_2020": 2.444008232, "hh_2025": 2.446060164, "hh_2030": 2.436836984, "hh_2035": 2.419100828, "hh_2040": 2.39027285, "pop_2020": 21.99607409, "pop_2025": 22.01454148, "pop_2030": 21.93153286, "pop_2035": 21.77190746, "pop_2040": 21.51245565, "stud_2020": 0.0, "stud_2025": 0.0, "stud_2030": 0.0, "stud_2035": 0.0, "stud_2040": 0.0, "emp_2020": 316.6668515, "emp_2025": 321.6719035, "emp_2030": 327.0677782, "emp_2035": 344.0097943, "emp_2040": 365.6731662, "yesh_2020": 156.0, "yesh_2025": 156.0, "yesh_2030": 156.0, "yesh_2035": 156.0, "yesh_2040": 156.0, "uni_2020": 0.0, "uni_2025": 0.0, "uni_2030": 0.0, "uni_2035": 0.0, "uni_2040": 0.0 }, "geometry": { "type": "Point", "coordinates": [ 35.228438599107001, 31.772081731531944 ] } },
{ "type": "Feature", "properties": { "Taz_num": "0402", "Taz_num_sh": 402.0, "name": "סינמטק", "in_jeru": 1, "in_metro": 1, "sector": "Jewish", "apts_2020": 19.0, "apt_add_25": 0.0, "apt_add_30": 0.0, "apt_add_35": 0.0, "apt_add_40": 0.0, "apt_addAll": 0.0, "apts_2040": 19.0, "hh_2020": 2.444008232, "hh_2025": 2.446060164, "hh_2030": 2.436836984, "hh_2035": 2.419100828, "hh_2040": 2.39027285, "pop_2020": 46.43615642, "pop_2025": 46.47514313, "pop_2030": 46.2999027, "pop_2035": 45.96291574, "pop_2040": 45.41518416, "stud_2020": 0.0, "stud_2025": 0.0, "stud_2030": 0.0, "stud_2035": 0.0, "stud_2040": 0.0, "emp_2020": 659.4135588, "emp_2025": 669.8489869, "emp_2030": 681.095337, "emp_2035": 691.3925361, "emp_2040": 700.7922646, "yesh_2020": 0.0, "yesh_2025": 0.0, "yesh_2030": 0.0, "yesh_2035": 0.0, "yesh_2040": 0.0, "uni_2020": 0.0, "uni_2025": 0.0, "uni_2030": 0.0, "uni_2035": 0.0, "uni_2040": 0.0 }, "geometry": { "type": "Point", "coordinates": [ 35.2274408366278, 31.76924401840035 ] } },
{ "type": "Feature", "properties": { "Taz_num": "0205", "Taz_num_sh": 205.0, "name": "מוזיאון רוקפלר", "in_jeru": 1, "in_metro": 1, "sector": "Arab", "apts_2020": 276.2312634, "apt_add_25": 12.66059957, "apt_add_30": 25.32119914, "apt_add_35": 37.98179872, "apt_add_40": 50.64239829, "apt_addAll": 126.6059957, "apts_2040": 402.8372591, "hh_2020": 5.5, "hh_2025": 5.4, "hh_2030": 5.4, "hh_2035": 5.2, "hh_2040": 5.2, "pop_2020": 1318.694799, "pop_2025": 1560.01606, "pop_2030": 1696.750535, "pop_2035": 1831.413276, "pop_2040": 2094.753747, "stud_2020": 1511.0, "stud_2025": 1583.396378, "stud_2030": 1624.416721, "stud_2035": 1664.815543, "stud_2040": 1743.817685, "emp_2020": 2879.581401, "emp_2025": 3277.664755, "emp_2030": 3670.394049, "emp_2035": 4064.932031, "emp_2040": 4463.426452, "yesh_2020": 0.0, "yesh_2025": 0.0, "yesh_2030": 0.0, "yesh_2035": 0.0, "yesh_2040": 0.0, "uni_2020": 0.0, "uni_2025": 0.0, "uni_2030": 0.0, "uni_2035": 0.0, "uni_2040": 0.0 }, "geometry": { "type": "Point", "coordinates": [ 35.233934142412842, 31.785083220008222 ] } },
{ "type": "Feature", "properties": { "Taz_num": "0202", "Taz_num_sh": 202.0, "name": "בית משפט מחוזי מזרח ירושלים", "in_jeru": 1, "in_metro": 1, "sector": "Arab", "apts_2020": 84.79657388, "apt_add_25": 3.886509636, "apt_add_30": 7.773019272, "apt_add_35": 11.65952891, "apt_add_40": 15.54603854, "apt_addAll": 38.86509636, "apts_2040": 123.6616702, "hh_2020": 5.5, "hh_2025": 5.4, "hh_2030": 5.4, "hh_2035": 5.2, "hh_2040": 5.2, "pop_2020": 404.8086359, "pop_2025": 478.888651, "pop_2030": 520.862955, "pop_2035": 562.2012848000001, "pop_2040": 643.0406852, "stud_2020": 1683.0, "stud_2025": 1705.224005, "stud_2030": 1717.816296, "stud_2035": 1730.217795, "stud_2040": 1754.469615, "emp_2020": 1905.910195, "emp_2025": 2126.62095, "emp_2030": 2344.958639, "emp_2035": 2564.2163, "emp_2040": 2784.688496, "yesh_2020": 0.0, "yesh_2025": 0.0, "yesh_2030": 0.0, "yesh_2035": 0.0, "yesh_2040": 0.0, "uni_2020": 0.0, "uni_2025": 0.0, "uni_2030": 0.0, "uni_2035": 0.0, "uni_2040": 0.0 }, "geometry": { "type": "Point", "coordinates": [ 35.230538936604326, 31.787895520519285 ] } },
{ "type": "Feature", "properties": { "Taz_num": "0502", "Taz_num_sh": 502.0, "name": "טלביה צפון", "in_jeru": 1, "in_metro": 1, "sector": "Jewish", "apts_2020": 772.0, "apt_add_25": 26.83, "apt_add_30": 10.23, "apt_add_35": 10.23, "apt_add_40": 10.23, "apt_addAll": 57.52, "apts_2040": 829.52, "hh_2020": 1.725209999, "hh_2025": 1.796387305, "hh_2030": 1.773533634, "hh_2035": 1.718628396, "hh_2040": 1.67323826, "pop_2020": 1331.862119, "pop_2025": 1435.008071, "pop_2030": 1434.895122, "pop_2035": 1408.055058, "pop_2040": 1387.984601, "stud_2020": 40.0, "stud_2025": 70.94378564, "stud_2030": 70.90990085, "stud_2035": 62.85788185, "stud_2040": 56.83674465, "emp_2020": 965.8381805, "emp_2025": 995.4309121, "emp_2030": 1010.251503, "emp_2035": 1023.187934, "emp_2040": 1035.222328, "yesh_2020": 0.0, "yesh_2025": 0.0, "yesh_2030": 0.0, "yesh_2035": 0.0, "yesh_2040": 0.0, "uni_2020": 0.0, "uni_2025": 0.0, "uni_2030": 0.0, "uni_2035": 0.0, "uni_2040": 0.0 }, "geometry": { "type": "Point", "coordinates": [ 35.219154109884343, 31.772496594733752 ] } },
{ "type": "Feature", "properties": { "Taz_num": "0503", "Taz_num_sh": 503.0, "name": "טלביה דרום", "in_jeru": 1, "in_metro": 1, "sector": "Jewish", "apts_2020": 570.0, "apt_add_25": 73.23, "apt_add_30": 27.03, "apt_add_35": 10.23, "apt_add_40": 10.23, "apt_addAll": 120.72, "apts_2040": 690.72, "hh_2020": 1.725209999, "hh_2025": 1.796387305, "hh_2030": 1.773533634, "hh_2035": 1.718628396, "hh_2040": 1.67323826, "pop_2020": 983.3696992, "pop_2025": 1155.490206, "pop_2030": 1188.728653, "pop_2035": 1169.509437, "pop_2040": 1155.739131, "stud_2020": 647.0, "stud_2025": 698.6361522, "stud_2030": 708.6076863, "stud_2035": 702.8419214, "stud_2040": 698.7108294, "emp_2020": 472.84321, "emp_2025": 489.9817873, "emp_2030": 497.8909143, "emp_2035": 501.8667071, "emp_2040": 505.7107155, "yesh_2020": 56.0, "yesh_2025": 56.0, "yesh_2030": 56.0, "yesh_2035": 56.0, "yesh_2040": 56.0, "uni_2020": 0.0, "uni_2025": 0.0, "uni_2030": 0.0, "uni_2035": 0.0, "uni_2040": 0.0 }, "geometry": { "type": "Point", "coordinates": [ 35.220334613619194, 31.769635100813357 ] } },
{ "type": "Feature", "properties": { "Taz_num": "0504", "Taz_num_sh": 504.0, "name": "תיאטרון ירושלים", "in_jeru": 1, "in_metro": 1, "sector": "Jewish", "apts_2020": 129.0, "apt_add_25": 0.0, "apt_add_30": 0.0, "apt_add_35": 0.0, "apt_add_40": 0.0, "apt_addAll": 0.0, "apts_2040": 129.0, "hh_2020": 1.725209999, "hh_2025": 1.796387305, "hh_2030": 1.773533634, "hh_2035": 1.718628396, "hh_2040": 1.67323826, "pop_2020": 222.5520898, "pop_2025": 231.7339624, "pop_2030": 228.7858388, "pop_2035": 221.7030631, "pop_2040": 215.8477355, "stud_2020": 14.0, "stud_2025": 16.75456177, "stud_2030": 15.87012468, "stud_2035": 13.74529197, "stud_2040": 11.9886937, "emp_2020": 1098.201338, "emp_2025": 1219.907157, "emp_2030": 1242.20543, "emp_2035": 1262.510358, "emp_2040": 1281.092351, "yesh_2020": 0.0, "yesh_2025": 0.0, "yesh_2030": 0.0, "yesh_2035": 0.0, "yesh_2040": 0.0, "uni_2020": 0.0, "uni_2025": 0.0, "uni_2030": 0.0, "uni_2035": 0.0, "uni_2040": 0.0 }, "geometry": { "type": "Point", "coordinates": [ 35.215340711088373, 31.769706935240542 ] } },
{ "type": "Feature", "properties": { "Taz_num": "0511", "Taz_num_sh": 511.0, "name": "רחביה מרכז", "in_jeru": 1, "in_metro": 1, "sector": "Jewish", "apts_2020": 1227.0, "apt_add_25": 30.675, "apt_add_30": 30.675, "apt_add_35": 30.675, "apt_add_40": 30.675, "apt_addAll": 122.7, "apts_2040": 1349.7, "hh_2020": 1.940586047, "hh_2025": 1.864028325, "hh_2030": 1.821756092, "hh_2035": 1.777772254, "hh_2040": 1.766817698, "pop_2020": 2381.099079, "pop_2025": 2344.341823, "pop_2030": 2347.059462, "pop_2035": 2344.926048, "pop_2040": 2384.673848, "stud_2020": 126.0, "stud_2025": 114.9728232, "stud_2030": 115.7881146, "stud_2035": 115.1480905, "stud_2040": 127.0724304, "emp_2020": 298.529, "emp_2025": 299.8801505, "emp_2030": 302.3168605, "emp_2035": 304.6201666, "emp_2040": 308.0752061, "yesh_2020": 85.0, "yesh_2025": 85.0, "yesh_2030": 85.0, "yesh_2035": 85.0, "yesh_2040": 85.0, "uni_2020": 0.0, "uni_2025": 0.0, "uni_2030": 0.0, "uni_2035": 0.0, "uni_2040": 0.0 }, "geometry": { "type": "Point", "coordinates": [ 35.212943793126044, 31.77343661178304 ] } },
{ "type": "Feature", "properties": { "Taz_num": "0506", "Taz_num_sh": 506.0, "name": "בה_ס פולה בן גוריון", "in_jeru": 1, "in_metro": 1, "sector": "Jewish", "apts_2020": 524.0, "apt_add_25": 19.65, "apt_add_30": 19.65, "apt_add_35": 19.65, "apt_add_40": 19.65, "apt_addAll": 78.6, "apts_2040": 602.6, "hh_2020": 1.932460293, "hh_2025": 1.865014244, "hh_2030": 1.822198945, "hh_2035": 1.790785057, "hh_2040": 1.766817698, "pop_2020": 1012.609193, "pop_2025": 1013.914994, "pop_2030": 1026.444666, "pop_2035": 1043.938149, "pop_2040": 1064.684345, "stud_2020": 940.0, "stud_2025": 940.39174, "stud_2030": 944.1506417000001, "stud_2035": 949.3986866, "stud_2040": 955.6225455, "emp_2020": 126.5146667, "emp_2025": 128.0636262, "emp_2030": 129.9212422, "emp_2035": 131.9153629, "emp_2040": 133.9989333, "yesh_2020": 0.0, "yesh_2025": 0.0, "yesh_2030": 0.0, "yesh_2035": 0.0, "yesh_2040": 0.0, "uni_2020": 0.0, "uni_2025": 0.0, "uni_2030": 0.0, "uni_2035": 0.0, "uni_2040": 0.0 }, "geometry": { "type": "Point", "coordinates": [ 35.210329786304229, 31.772115232822728 ] } },
{ "type": "Feature", "properties": { "Taz_num": "0505", "Taz_num_sh": 505.0, "name": "קרית שמואל", "in_jeru": 1, "in_metro": 1, "sector": "Jewish", "apts_2020": 991.0, "apt_add_25": 41.5, "apt_add_30": 33.5, "apt_add_35": 39.5, "apt_add_40": 39.5, "apt_addAll": 154.0, "apts_2040": 1145.0, "hh_2020": 1.599396284, "hh_2025": 1.573783277, "hh_2030": 1.554993223, "hh_2035": 1.542263391, "hh_2040": 1.528411734, "pop_2020": 1585.001718, "pop_2025": 1624.931234, "pop_2030": 1657.622776, "pop_2035": 1704.972178, "pop_2040": 1750.031435, "stud_2020": 130.0, "stud_2025": 141.9788548, "stud_2030": 151.7863174, "stud_2035": 165.9911382, "stud_2040": 179.5089153, "emp_2020": 349.8414791, "emp_2025": 357.4009763, "emp_2030": 364.4628265, "emp_2035": 372.3684457, "emp_2040": 379.9268319, "yesh_2020": 0.0, "yesh_2025": 0.0, "yesh_2030": 0.0, "yesh_2035": 0.0, "yesh_2040": 0.0, "uni_2020": 0.0, "uni_2025": 0.0, "uni_2030": 0.0, "uni_2035": 0.0, "uni_2040": 0.0 }, "geometry": { "type": "Point", "coordinates": [ 35.211389572316754, 31.769327590128864 ] } },
{ "type": "Feature", "properties": { "Taz_num": "0501", "Taz_num_sh": 501.0, "name": "רחביה דרום", "in_jeru": 1, "in_metro": 1, "sector": "Jewish", "apts_2020": 652.0, "apt_add_25": 19.23, "apt_add_30": 19.23, "apt_add_35": 19.23, "apt_add_40": 19.23, "apt_addAll": 76.92, "apts_2040": 728.92, "hh_2020": 1.646372318, "hh_2025": 1.602066125, "hh_2030": 1.566012141, "hh_2035": 1.5291781, "hh_2040": 1.493365583, "pop_2020": 1073.434751, "pop_2025": 1075.354845, "pop_2030": 1081.268743, "pop_2035": 1085.242406, "pop_2040": 1088.544041, "stud_2020": 78.0, "stud_2025": 78.57602814000001, "stud_2030": 80.35019741000001, "stud_2035": 81.54229637, "stud_2040": 82.53278677, "emp_2020": 417.9813903, "emp_2025": 424.1933894, "emp_2030": 431.0005905, "emp_2035": 437.2789491, "emp_2040": 443.1140619, "yesh_2020": 0.0, "yesh_2025": 0.0, "yesh_2030": 0.0, "yesh_2035": 0.0, "yesh_2040": 0.0, "uni_2020": 0.0, "uni_2025": 0.0, "uni_2030": 0.0, "uni_2035": 0.0, "uni_2040": 0.0 }, "geometry": { "type": "Point", "coordinates": [ 35.215296625223722, 31.771972073718828 ] } },
{ "type": "Feature", "properties": { "Taz_num": "0405", "Taz_num_sh": 405.0, "name": "מלון המלך דוד", "in_jeru": 1, "in_metro": 1, "sector": "Jewish", "apts_2020": 54.54545455, "apt_add_25": 0.0, "apt_add_30": 0.0, "apt_add_35": 0.0, "apt_add_40": 0.0, "apt_addAll": 0.0, "apts_2040": 54.54545455, "hh_2020": 1.596091793, "hh_2025": 1.596091793, "hh_2030": 1.596091793, "hh_2035": 1.596091793, "hh_2040": 1.596091793, "pop_2020": 87.05955234, "pop_2025": 87.05955234, "pop_2030": 87.05955234, "pop_2035": 87.05955234, "pop_2040": 87.05955234, "stud_2020": 72.0, "stud_2025": 72.0, "stud_2030": 72.0, "stud_2035": 72.0, "stud_2040": 72.0, "emp_2020": 1190.735143, "emp_2025": 1203.776275, "emp_2030": 1217.854671, "emp_2035": 1230.706895, "emp_2040": 1242.445568, "yesh_2020": 0.0, "yesh_2025": 0.0, "yesh_2030": 0.0, "yesh_2035": 0.0, "yesh_2040": 0.0, "uni_2020": 0.0, "uni_2025": 0.0, "uni_2030": 0.0, "uni_2035": 0.0, "uni_2040": 0.0 }, "geometry": { "type": "Point", "coordinates": [ 35.223254679227985, 31.774518984655526 ] } },
{ "type": "Feature", "properties": { "Taz_num": "1403", "Taz_num_sh": 1403.0, "name": "הגבעה הצרפתית דרום", "in_jeru": 1, "in_metro": 1, "sector": "Jewish", "apts_2020": 676.0, "apt_add_25": 0.0, "apt_add_30": 0.0, "apt_add_35": 120.0, "apt_add_40": 120.0, "apt_addAll": 240.0, "apts_2040": 916.0, "hh_2020": 2.95, "hh_2025": 3.1, "hh_2030": 3.15, "hh_2035": 3.2, "hh_2040": 3.25, "pop_2020": 1994.2, "pop_2025": 2095.6, "pop_2030": 2129.4, "pop_2035": 2547.2, "pop_2040": 2977.0, "stud_2020": 460.768, "stud_2025": 491.188, "stud_2030": 493.554, "stud_2035": 522.8, "stud_2040": 552.886, "emp_2020": 94.28906667, "emp_2025": 97.07756667, "emp_2030": 97.29445, "emp_2035": 109.2153333, "emp_2040": 121.2132167, "yesh_2020": 0.0, "yesh_2025": 0.0, "yesh_2030": 0.0, "yesh_2035": 0.0, "yesh_2040": 0.0, "uni_2020": 0.0, "uni_2025": 0.0, "uni_2030": 0.0, "uni_2035": 0.0, "uni_2040": 0.0 }, "geometry": { "type": "Point", "coordinates": [ 35.236033360745047, 31.802496162460187 ] } },
{ "type": "Feature", "properties": { "Taz_num": "0014", "Taz_num_sh": 14.0, "name": "מגרש הרוסים", "in_jeru": 1, "in_metro": 1, "sector": "Jewish", "apts_2020": 26.91284181, "apt_add_25": 45.0, "apt_add_30": 0.0, "apt_add_35": 0.0, "apt_add_40": 0.0, "apt_addAll": 45.0, "apts_2040": 71.91284181, "hh_2020": 2.441880598, "hh_2025": 2.592714117, "hh_2030": 2.571262977, "hh_2035": 2.533242877, "hh_2040": 2.487085748, "pop_2020": 65.71794628000001, "pop_2025": 186.4494402, "pop_2030": 184.9068277, "pop_2035": 182.1726943, "pop_2040": 178.853404, "stud_2020": 0.0, "stud_2025": 0.0, "stud_2030": 0.0, "stud_2035": 0.0, "stud_2040": 0.0, "emp_2020": 5359.03009, "emp_2025": 5637.136724, "emp_2030": 5913.713204, "emp_2035": 6179.273759, "emp_2040": 6434.463467, "yesh_2020": 0.0, "yesh_2025": 0.0, "yesh_2030": 0.0, "yesh_2035": 0.0, "yesh_2040": 0.0, "uni_2020": 0.0, "uni_2025": 0.0, "uni_2030": 2500.0, "uni_2035": 2500.0, "uni_2040": 2500.0 }, "geometry": { "type": "Point", "coordinates": [ 35.223278286334612, 31.781237985501313 ] } },
{ "type": "Feature", "properties": { "Taz_num": "0007", "Taz_num_sh": 7.0, "name": "המשביר לצרכן", "in_jeru": 1, "in_metro": 1, "sector": "Jewish", "apts_2020": 442.0, "apt_add_25": 253.4, "apt_add_30": 136.1, "apt_add_35": 50.4, "apt_add_40": 13.5, "apt_addAll": 453.4, "apts_2040": 895.4, "hh_2020": 1.709891049, "hh_2025": 1.994527001, "hh_2030": 1.91871615, "hh_2035": 1.913304118, "hh_2040": 1.877564699, "pop_2020": 755.7718435, "pop_2025": 1386.994077, "pop_2030": 1595.412479, "pop_2035": 1687.342902, "pop_2040": 1681.171431, "stud_2020": 0.0, "stud_2025": 0.0, "stud_2030": 0.0, "stud_2035": 0.0, "stud_2040": 0.0, "emp_2020": 2656.296757, "emp_2025": 3167.076451, "emp_2030": 3243.808567, "emp_2035": 3274.839741, "emp_2040": 3300.431453, "yesh_2020": 0.0, "yesh_2025": 0.0, "yesh_2030": 0.0, "yesh_2035": 0.0, "yesh_2040": 0.0, "uni_2020": 0.0, "uni_2025": 0.0, "uni_2030": 0.0, "uni_2035": 0.0, "uni_2040": 0.0 }, "geometry": { "type": "Point", "coordinates": [ 35.215766199579164, 31.781908243540506 ] } },
{ "type": "Feature", "properties": { "Taz_num": "0001", "Taz_num_sh": 1.0, "name": "המשולש", "in_jeru": 1, "in_metro": 1, "sector": "Jewish", "apts_2020": 472.0, "apt_add_25": 112.7, "apt_add_30": 161.6, "apt_add_35": 37.5, "apt_add_40": 63.9, "apt_addAll": 375.7, "apts_2040": 847.7, "hh_2020": 1.818697596, "hh_2025": 1.898916495, "hh_2030": 2.008423649, "hh_2035": 1.97736782, "hh_2040": 1.979278585, "pop_2020": 858.4252653, "pop_2025": 1110.296475, "pop_2030": 1498.886569, "pop_2035": 1549.860897, "pop_2040": 1677.834457, "stud_2020": 102.752758, "stud_2025": 153.1269999, "stud_2030": 230.8450188, "stud_2035": 241.0398843, "stud_2040": 266.6345962, "emp_2020": 4869.787702, "emp_2025": 4980.64673, "emp_2030": 5998.559776, "emp_2035": 6125.539667, "emp_2040": 6519.173533, "yesh_2020": 0.0, "yesh_2025": 0.0, "yesh_2030": 0.0, "yesh_2035": 0.0, "yesh_2040": 0.0, "uni_2020": 0.0, "uni_2025": 0.0, "uni_2030": 0.0, "uni_2035": 0.0, "uni_2040": 0.0 }, "geometry": { "type": "Point", "coordinates": [ 35.217845205841584, 31.781597106051958 ] } },
{ "type": "Feature", "properties": { "Taz_num": "0510", "Taz_num_sh": 510.0, "name": "המוסדות הלאומיים", "in_jeru": 1, "in_metro": 1, "sector": "Jewish", "apts_2020": 64.75438596, "apt_add_25": 2.428289474, "apt_add_30": 2.428289474, "apt_add_35": 2.428289474, "apt_add_40": 2.428289474, "apt_addAll": 9.713157895, "apts_2040": 74.46754386000001, "hh_2020": 1.844283994, "hh_2025": 1.760195608, "hh_2030": 1.702128675, "hh_2035": 1.631889357, "hh_2040": 1.595629979, "pop_2020": 119.4254776, "pop_2025": 118.2546502, "pop_2030": 118.4868195, "pop_2035": 117.5600925, "pop_2040": 118.8226454, "stud_2020": 0.0, "stud_2025": 0.0, "stud_2030": 0.0, "stud_2035": 0.0, "stud_2040": 0.0, "emp_2020": 1091.063164, "emp_2025": 1091.063164, "emp_2030": 1091.063164, "emp_2035": 1091.063164, "emp_2040": 1091.063164, "yesh_2020": 0.0, "yesh_2025": 0.0, "yesh_2030": 0.0, "yesh_2035": 0.0, "yesh_2040": 0.0, "uni_2020": 135.2, "uni_2025": 175.76, "uni_2030": 228.488, "uni_2035": 297.0344, "uni_2040": 386.14472 }, "geometry": { "type": "Point", "coordinates": [ 35.216364698836166, 31.77607177641309 ] } },
{ "type": "Feature", "properties": { "Taz_num": "0006", "Taz_num_sh": 6.0, "name": "המעלות", "in_jeru": 1, "in_metro": 1, "sector": "Jewish", "apts_2020": 339.0, "apt_add_25": 12.0, "apt_add_30": 58.2, "apt_add_35": 0.0, "apt_add_40": 86.1, "apt_addAll": 156.3, "apts_2040": 495.3, "hh_2020": 2.005635952, "hh_2025": 1.885527037, "hh_2030": 1.874876242, "hh_2035": 1.795948953, "hh_2040": 1.999508482, "pop_2020": 679.9105876, "pop_2025": 661.8199898, "pop_2030": 767.1993584000001, "pop_2035": 734.9023117, "pop_2040": 990.356551, "stud_2020": 0.0, "stud_2025": 0.0, "stud_2030": 0.0, "stud_2035": 0.0, "stud_2040": 0.0, "emp_2020": 1118.075392, "emp_2025": 1127.624111, "emp_2030": 1139.92281, "emp_2035": 1149.382173, "emp_2040": 1164.639831, "yesh_2020": 0.0, "yesh_2025": 0.0, "yesh_2030": 0.0, "yesh_2035": 0.0, "yesh_2040": 0.0, "uni_2020": 0.0, "uni_2025": 0.0, "uni_2030": 0.0, "uni_2035": 0.0, "uni_2040": 0.0 }, "geometry": { "type": "Point", "coordinates": [ 35.215288957424498, 31.77934693637868 ] } },
{ "type": "Feature", "properties": { "Taz_num": "0004", "Taz_num_sh": 4.0, "name": "גן העצמאות", "in_jeru": 1, "in_metro": 1, "sector": "Jewish", "apts_2020": 205.0, "apt_add_25": 40.0, "apt_add_30": 0.0, "apt_add_35": 84.0, "apt_add_40": 78.0, "apt_addAll": 202.0, "apts_2040": 407.0, "hh_2020": 2.023012775, "hh_2025": 2.213195232, "hh_2030": 2.12746905, "hh_2035": 2.055769173, "hh_2040": 2.003619392, "pop_2020": 414.7176188, "pop_2025": 542.2328319, "pop_2030": 521.2299173, "pop_2035": 676.3480579, "pop_2040": 815.4730927000001, "stud_2020": 0.0, "stud_2025": 0.0, "stud_2030": 0.0, "stud_2035": 0.0, "stud_2040": 0.0, "emp_2020": 816.6038222, "emp_2025": 1082.759749, "emp_2030": 1105.331749, "emp_2035": 1154.831749, "emp_2040": 1419.689749, "yesh_2020": 0.0, "yesh_2025": 0.0, "yesh_2030": 0.0, "yesh_2035": 0.0, "yesh_2040": 0.0, "uni_2020": 0.0, "uni_2025": 0.0, "uni_2030": 0.0, "uni_2035": 0.0, "uni_2040": 0.0 }, "geometry": { "type": "Point", "coordinates": [ 35.217925583206622, 31.777395427551127 ] } },
{ "type": "Feature", "properties": { "Taz_num": "0005", "Taz_num_sh": 5.0, "name": "בה'ס ניסויי", "in_jeru": 1, "in_metro": 1, "sector": "Jewish", "apts_2020": 335.0, "apt_add_25": 215.0, "apt_add_30": 239.4, "apt_add_35": 0.0, "apt_add_40": 0.0, "apt_addAll": 454.4, "apts_2040": 789.4, "hh_2020": 2.342751357, "hh_2025": 2.240419755, "hh_2030": 2.240419755, "hh_2035": 2.240419755, "hh_2040": 2.240419755, "pop_2020": 784.8217046, "pop_2025": 1232.230865, "pop_2030": 1768.587355, "pop_2035": 1768.587355, "pop_2040": 1768.587355, "stud_2020": 1030.544651, "stud_2025": 1120.026483, "stud_2030": 1227.297781, "stud_2035": 1227.297781, "stud_2040": 1227.297781, "emp_2020": 1388.050846, "emp_2025": 1398.618347, "emp_2030": 1749.858721, "emp_2035": 1749.858721, "emp_2040": 1749.858721, "yesh_2020": 0.0, "yesh_2025": 0.0, "yesh_2030": 0.0, "yesh_2035": 0.0, "yesh_2040": 0.0, "uni_2020": 0.0, "uni_2025": 0.0, "uni_2030": 0.0, "uni_2035": 0.0, "uni_2040": 0.0 }, "geometry": { "type": "Point", "coordinates": [ 35.217635377573195, 31.7795039781087 ] } },
{ "type": "Feature", "properties": { "Taz_num": "0603", "Taz_num_sh": 603.0, "name": "גן הורדים", "in_jeru": 1, "in_metro": 1, "sector": "Jewish", "apts_2020": 0.0, "apt_add_25": 0.0, "apt_add_30": 0.0, "apt_add_35": 0.0, "apt_add_40": 0.0, "apt_addAll": 0.0, "apts_2040": 0.0, "hh_2020": 0.0, "hh_2025": 0.0, "hh_2030": 0.0, "hh_2035": 0.0, "hh_2040": 0.0, "pop_2020": 0.0, "pop_2025": 0.0, "pop_2030": 0.0, "pop_2035": 0.0, "pop_2040": 0.0, "stud_2020": 0.0, "stud_2025": 0.0, "stud_2030": 0.0, "stud_2035": 0.0, "stud_2040": 0.0, "emp_2020": 1870.0, "emp_2025": 2133.042756, "emp_2030": 2394.137577, "emp_2035": 2656.206366, "emp_2040": 2918.275154, "yesh_2020": 0.0, "yesh_2025": 0.0, "yesh_2030": 0.0, "yesh_2035": 0.0, "yesh_2040": 0.0, "uni_2020": 0.0, "uni_2025": 0.0, "uni_2030": 0.0, "uni_2035": 0.0, "uni_2040": 0.0 }, "geometry": { "type": "Point", "coordinates": [ 35.205859263899228, 31.778935521646922 ] } },
{ "type": "Feature", "properties": { "Taz_num": "0604", "Taz_num_sh": 604.0, "name": "מוזיאון ישראל", "in_jeru": 1, "in_metro": 1, "sector": "Jewish", "apts_2020": 0.0, "apt_add_25": 0.0, "apt_add_30": 0.0, "apt_add_35": 0.0, "apt_add_40": 0.0, "apt_addAll": 0.0, "apts_2040": 0.0, "hh_2020": 0.0, "hh_2025": 0.0, "hh_2030": 0.0, "hh_2035": 0.0, "hh_2040": 0.0, "pop_2020": 0.0, "pop_2025": 0.0, "pop_2030": 0.0, "pop_2035": 0.0, "pop_2040": 0.0, "stud_2020": 0.0, "stud_2025": 0.0, "stud_2030": 0.0, "stud_2035": 0.0, "stud_2040": 0.0, "emp_2020": 1320.0, "emp_2025": 1505.677239, "emp_2030": 1689.979466, "emp_2035": 1874.969199, "emp_2040": 2059.958932, "yesh_2020": 0.0, "yesh_2025": 0.0, "yesh_2030": 0.0, "yesh_2035": 0.0, "yesh_2040": 0.0, "uni_2020": 0.0, "uni_2025": 0.0, "uni_2030": 0.0, "uni_2035": 0.0, "uni_2040": 0.0 }, "geometry": { "type": "Point", "coordinates": [ 35.205633854594595, 31.772779236430132 ] } },
{ "type": "Feature", "properties": { "Taz_num": "0601", "Taz_num_sh": 601.0, "name": "מוזיאון המדע", "in_jeru": 1, "in_metro": 1, "sector": "Jewish", "apts_2020": 0.0, "apt_add_25": 0.0, "apt_add_30": 0.0, "apt_add_35": 0.0, "apt_add_40": 0.0, "apt_addAll": 0.0, "apts_2040": 0.0, "hh_2020": 0.0, "hh_2025": 0.0, "hh_2030": 0.0, "hh_2035": 0.0, "hh_2040": 0.0, "pop_2020": 0.0, "pop_2025": 0.0, "pop_2030": 0.0, "pop_2035": 0.0, "pop_2040": 0.0, "stud_2020": 0.0, "stud_2025": 0.0, "stud_2030": 0.0, "stud_2035": 0.0, "stud_2040": 0.0, "emp_2020": 137.5, "emp_2025": 156.8413791, "emp_2030": 176.0395277, "emp_2035": 195.3092916, "emp_2040": 214.5790554, "yesh_2020": 0.0, "yesh_2025": 0.0, "yesh_2030": 0.0, "yesh_2035": 0.0, "yesh_2040": 0.0, "uni_2020": 0.0, "uni_2025": 0.0, "uni_2030": 0.0, "uni_2035": 0.0, "uni_2040": 0.0 }, "geometry": { "type": "Point", "coordinates": [ 35.201353206465413, 31.777298577888871 ] } },
{ "type": "Feature", "properties": { "Taz_num": "0707", "Taz_num_sh": 707.0, "name": "תחנה מרכזית", "in_jeru": 1, "in_metro": 1, "sector": "U. Orthodox", "apts_2020": 95.0, "apt_add_25": 67.5, "apt_add_30": 0.0, "apt_add_35": 0.0, "apt_add_40": 0.0, "apt_addAll": 67.5, "apts_2040": 162.5, "hh_2020": 2.5, "hh_2025": 2.5, "hh_2030": 2.5, "hh_2035": 2.5, "hh_2040": 2.5, "pop_2020": 237.5, "pop_2025": 406.25, "pop_2030": 406.25, "pop_2035": 406.25, "pop_2040": 406.25, "stud_2020": 301.0, "stud_2025": 301.0, "stud_2030": 301.0, "stud_2035": 301.0, "stud_2040": 301.0, "emp_2020": 3471.642868, "emp_2025": 3514.430944, "emp_2030": 3556.902157, "emp_2035": 3599.531802, "emp_2040": 3642.161447, "yesh_2020": 10.52030876, "yesh_2025": 34.74030428, "yesh_2030": 25.62215429, "yesh_2035": 27.61359343, "yesh_2040": 31.03283658, "uni_2020": 0.0, "uni_2025": 0.0, "uni_2030": 0.0, "uni_2035": 0.0, "uni_2040": 0.0 }, "geometry": { "type": "Point", "coordinates": [ 35.202261159250568, 31.789462762490693 ] } },
{ "type": "Feature", "properties": { "Taz_num": "5708", "Taz_num_sh": 5708.0, "name": "רמות ג'", "in_jeru": 1, "in_metro": 1, "sector": "U. Orthodox", "apts_2020": 680.6428479, "apt_add_25": 6.0, "apt_add_30": 6.0, "apt_add_35": 6.0, "apt_add_40": 6.0, "apt_addAll": 24.0, "apts_2040": 704.6428479, "hh_2020": 7.105982098, "hh_2025": 7.319161561, "hh_2030": 7.538736408, "hh_2035": 7.7648985, "hh_2040": 7.997845456, "pop_2020": 4836.635893, "pop_2025": 5025.649939, "pop_2030": 5221.651855, "pop_2035": 5424.890802, "pop_2040": 5635.624599, "stud_2020": 1627.853927, "stud_2025": 1815.557212, "stud_2030": 1826.661442, "stud_2035": 1827.489502, "stud_2040": 1873.298798, "emp_2020": 322.868386, "emp_2025": 351.6410689, "emp_2030": 358.1355719, "emp_2035": 363.1708117, "emp_2040": 373.7595394, "yesh_2020": 599.4140259, "yesh_2025": 573.6595996, "yesh_2030": 548.8718309, "yesh_2035": 597.021373, "yesh_2040": 612.1759697, "uni_2020": 0.0, "uni_2025": 0.0, "uni_2030": 0.0, "uni_2035": 0.0, "uni_2040": 0.0 }, "geometry": { "type": "Point", "coordinates": [ 35.190654208122133, 31.819090918282313 ] } },
{ "type": "Feature", "properties": { "Taz_num": "5601", "Taz_num_sh": 5601.0, "name": "מצפה נפתוח", "in_jeru": 1, "in_metro": 1, "sector": "Jewish", "apts_2020": 0.0, "apt_add_25": 0.0, "apt_add_30": 0.0, "apt_add_35": 0.0, "apt_add_40": 0.0, "apt_addAll": 0.0, "apts_2040": 0.0, "hh_2020": 0.0, "hh_2025": 0.0, "hh_2030": 0.0, "hh_2035": 0.0, "hh_2040": 0.0, "pop_2020": 0.0, "pop_2025": 0.0, "pop_2030": 0.0, "pop_2035": 0.0, "pop_2040": 0.0, "stud_2020": 0.0, "stud_2025": 0.0, "stud_2030": 0.0, "stud_2035": 0.0, "stud_2040": 0.0, "emp_2020": 11.68100314, "emp_2025": 11.8660312, "emp_2030": 12.06550729, "emp_2035": 12.24820502, "emp_2040": 12.41505652, "yesh_2020": 0.0, "yesh_2025": 0.0, "yesh_2030": 0.0, "yesh_2035": 0.0, "yesh_2040": 0.0, "uni_2020": 0.0, "uni_2025": 0.0, "uni_2030": 0.0, "uni_2035": 0.0, "uni_2040": 0.0 }, "geometry": { "type": "Point", "coordinates": [ 35.19283052783527, 31.804921961057939 ] } },
{ "type": "Feature", "properties": { "Taz_num": "5603", "Taz_num_sh": 5603.0, "name": "עמק הארזים", "in_jeru": 1, "in_metro": 1, "sector": "Jewish", "apts_2020": 0.0, "apt_add_25": 0.0, "apt_add_30": 0.0, "apt_add_35": 0.0, "apt_add_40": 0.0, "apt_addAll": 0.0, "apts_2040": 0.0, "hh_2020": 0.0, "hh_2025": 0.0, "hh_2030": 0.0, "hh_2035": 0.0, "hh_2040": 0.0, "pop_2020": 0.0, "pop_2025": 0.0, "pop_2030": 0.0, "pop_2035": 0.0, "pop_2040": 0.0, "stud_2020": 0.0, "stud_2025": 0.0, "stud_2030": 0.0, "stud_2035": 0.0, "stud_2040": 0.0, "emp_2020": 0.0, "emp_2025": 0.0, "emp_2030": 0.0, "emp_2035": 0.0, "emp_2040": 0.0, "yesh_2020": 0.0, "yesh_2025": 0.0, "yesh_2030": 0.0, "yesh_2035": 0.0, "yesh_2040": 0.0, "uni_2020": 0.0, "uni_2025": 0.0, "uni_2030": 0.0, "uni_2035": 0.0, "uni_2040": 0.0 }, "geometry": { "type": "Point", "coordinates": [ 35.179453141257603, 31.805547330821224 ] } },
{ "type": "Feature", "properties": { "Taz_num": "5605", "Taz_num_sh": 5605.0, "name": "רמת מוצא", "in_jeru": 1, "in_metro": 1, "sector": "Jewish", "apts_2020": 207.875, "apt_add_25": 135.0, "apt_add_30": 14.1, "apt_add_35": 0.0, "apt_add_40": 0.0, "apt_addAll": 149.1, "apts_2040": 356.975, "hh_2020": 3.281983375, "hh_2025": 3.063300518, "hh_2030": 3.104775639, "hh_2035": 3.128760642, "hh_2040": 3.116945949, "pop_2020": 682.242294, "pop_2025": 1050.329165, "pop_2030": 1108.327284, "pop_2035": 1116.88933, "pop_2040": 1112.67178, "stud_2020": 0.0, "stud_2025": 0.0, "stud_2030": 0.0, "stud_2035": 0.0, "stud_2040": 0.0, "emp_2020": 47.61209075, "emp_2025": 62.03375878, "emp_2030": 63.98715786, "emp_2035": 64.32510681, "emp_2040": 64.51035158000001, "yesh_2020": 0.0, "yesh_2025": 0.0, "yesh_2030": 0.0, "yesh_2035": 0.0, "yesh_2040": 0.0, "uni_2020": 0.0, "uni_2025": 0.0, "uni_2030": 0.0, "uni_2035": 0.0, "uni_2040": 0.0 }, "geometry": { "type": "Point", "coordinates": [ 35.169276520211042, 31.792741717650109 ] } },
{ "type": "Feature", "properties": { "Taz_num": "5406", "Taz_num_sh": 5406.0, "name": "הר המנוחות", "in_jeru": 1, "in_metro": 1, "sector": "Jewish", "apts_2020": 0.0, "apt_add_25": 0.0, "apt_add_30": 0.0, "apt_add_35": 0.0, "apt_add_40": 0.0, "apt_addAll": 0.0, "apts_2040": 0.0, "hh_2020": 0.0, "hh_2025": 0.0, "hh_2030": 0.0, "hh_2035": 0.0, "hh_2040": 0.0, "pop_2020": 0.0, "pop_2025": 0.0, "pop_2030": 0.0, "pop_2035": 0.0, "pop_2040": 0.0, "stud_2020": 0.0, "stud_2025": 0.0, "stud_2030": 0.0, "stud_2035": 0.0, "stud_2040": 0.0, "emp_2020": 235.8367369, "emp_2025": 239.5724104, "emp_2030": 243.5997863, "emp_2035": 247.288411, "emp_2040": 250.657104, "yesh_2020": 0.0, "yesh_2025": 0.0, "yesh_2030": 0.0, "yesh_2035": 0.0, "yesh_2040": 0.0, "uni_2020": 0.0, "uni_2025": 0.0, "uni_2030": 0.0, "uni_2035": 0.0, "uni_2040": 0.0 }, "geometry": { "type": "Point", "coordinates": [ 35.178785713688377, 31.796847865924271 ] } },
{ "type": "Feature", "properties": { "Taz_num": "5408", "Taz_num_sh": 5408.0, "name": "השוק הסיטונאי", "in_jeru": 1, "in_metro": 1, "sector": "Jewish", "apts_2020": 0.0, "apt_add_25": 0.0, "apt_add_30": 322.8, "apt_add_35": 0.0, "apt_add_40": 0.0, "apt_addAll": 322.8, "apts_2040": 322.8, "hh_2020": 0.0, "hh_2025": 0.0, "hh_2030": 3.448438306, "hh_2035": 3.561062187, "hh_2040": 3.716775248, "pop_2020": 0.0, "pop_2025": 0.0, "pop_2030": 1113.155885, "pop_2035": 1149.510874, "pop_2040": 1199.77505, "stud_2020": 1202.0, "stud_2025": 1202.0, "stud_2030": 1558.255422, "stud_2035": 1558.255422, "stud_2040": 1558.255422, "emp_2020": 1252.640954, "emp_2025": 1265.457213, "emp_2030": 1360.867408, "emp_2035": 1374.308718, "emp_2040": 2060.024157, "yesh_2020": 983.0, "yesh_2025": 983.0, "yesh_2030": 983.0, "yesh_2035": 983.0, "yesh_2040": 983.0, "uni_2020": 0.0, "uni_2025": 0.0, "uni_2030": 0.0, "uni_2035": 0.0, "uni_2040": 0.0 }, "geometry": { "type": "Point", "coordinates": [ 35.188887882994017, 31.793576593547094 ] } },
{ "type": "Feature", "properties": { "Taz_num": "5407", "Taz_num_sh": 5407.0, "name": "חניון תפעולי - עיריית ירושלים", "in_jeru": 1, "in_metro": 1, "sector": "Jewish", "apts_2020": 0.0, "apt_add_25": 0.0, "apt_add_30": 0.0, "apt_add_35": 0.0, "apt_add_40": 0.0, "apt_addAll": 0.0, "apts_2040": 0.0, "hh_2020": 0.0, "hh_2025": 0.0, "hh_2030": 0.0, "hh_2035": 0.0, "hh_2040": 0.0, "pop_2020": 0.0, "pop_2025": 0.0, "pop_2030": 0.0, "pop_2035": 0.0, "pop_2040": 0.0, "stud_2020": 0.0, "stud_2025": 0.0, "stud_2030": 0.0, "stud_2035": 0.0, "stud_2040": 0.0, "emp_2020": 468.1094096, "emp_2025": 475.5243015, "emp_2030": 483.51819, "emp_2035": 490.8396953, "emp_2040": 980.7761721000001, "yesh_2020": 0.0, "yesh_2025": 0.0, "yesh_2030": 0.0, "yesh_2035": 0.0, "yesh_2040": 0.0, "uni_2020": 0.0, "uni_2025": 0.0, "uni_2030": 0.0, "uni_2035": 0.0, "uni_2040": 0.0 }, "geometry": { "type": "Point", "coordinates": [ 35.186401692461544, 31.796688753098216 ] } },
{ "type": "Feature", "properties": { "Taz_num": "5409", "Taz_num_sh": 5409.0, "name": "מעלה רומאים", "in_jeru": 1, "in_metro": 1, "sector": "Jewish", "apts_2020": 0.0, "apt_add_25": 0.0, "apt_add_30": 5.7, "apt_add_35": 0.0, "apt_add_40": 0.0, "apt_addAll": 5.7, "apts_2040": 5.7, "hh_2020": 0.0, "hh_2025": 0.0, "hh_2030": 3.448438306, "hh_2035": 3.561062187, "hh_2040": 3.716775248, "pop_2020": 0.0, "pop_2025": 0.0, "pop_2030": 19.65609834, "pop_2035": 20.29805447, "pop_2040": 21.18561891, "stud_2020": 0.0, "stud_2025": 0.0, "stud_2030": 0.0, "stud_2035": 0.0, "stud_2040": 0.0, "emp_2020": 96.99035724, "emp_2025": 98.43561632, "emp_2030": 100.9873551, "emp_2035": 102.4325289, "emp_2040": 103.7608588, "yesh_2020": 0.0, "yesh_2025": 0.0, "yesh_2030": 0.0, "yesh_2035": 0.0, "yesh_2040": 0.0, "uni_2020": 0.0, "uni_2025": 0.0, "uni_2030": 0.0, "uni_2035": 0.0, "uni_2040": 0.0 }, "geometry": { "type": "Point", "coordinates": [ 35.186256252160568, 31.792056833850602 ] } },
{ "type": "Feature", "properties": { "Taz_num": "5303", "Taz_num_sh": 5303.0, "name": "קרית משה", "in_jeru": 1, "in_metro": 1, "sector": "Jewish", "apts_2020": 1612.785714, "apt_add_25": 244.0, "apt_add_30": 30.0, "apt_add_35": 98.6, "apt_add_40": 30.0, "apt_addAll": 402.6, "apts_2040": 2015.385714, "hh_2020": 3.181034876, "hh_2025": 3.219226804, "hh_2030": 3.291958727, "hh_2035": 3.357976934, "hh_2040": 3.389867084, "pop_2020": 5130.327604, "pop_2025": 5977.41434, "pop_2030": 6211.220697, "pop_2035": 6666.879433, "pop_2040": 6831.889695, "stud_2020": 1254.416264, "stud_2025": 1469.188413, "stud_2030": 1699.443521, "stud_2035": 2005.563087, "stud_2040": 2256.461345, "emp_2020": 610.5428463, "emp_2025": 646.0324271, "emp_2030": 669.580352, "emp_2035": 704.8909393, "emp_2040": 730.024248, "yesh_2020": 369.0, "yesh_2025": 369.0, "yesh_2030": 369.0, "yesh_2035": 369.0, "yesh_2040": 369.0, "uni_2020": 0.0, "uni_2025": 0.0, "uni_2030": 0.0, "uni_2035": 0.0, "uni_2040": 0.0 }, "geometry": { "type": "Point", "coordinates": [ 35.194754462440358, 31.785488639038807 ] } },
{ "type": "Feature", "properties": { "Taz_num": "4802", "Taz_num_sh": 4802.0, "name": "עין כרם - בהס חקלאי", "in_jeru": 1, "in_metro": 1, "sector": "Jewish", "apts_2020": 0.0, "apt_add_25": 0.0, "apt_add_30": 0.0, "apt_add_35": 0.0, "apt_add_40": 0.0, "apt_addAll": 0.0, "apts_2040": 0.0, "hh_2020": 0.0, "hh_2025": 0.0, "hh_2030": 0.0, "hh_2035": 0.0, "hh_2040": 0.0, "pop_2020": 0.0, "pop_2025": 0.0, "pop_2030": 0.0, "pop_2035": 0.0, "pop_2040": 0.0, "stud_2020": 1238.0, "stud_2025": 1238.0, "stud_2030": 1238.0, "stud_2035": 1238.0, "stud_2040": 1238.0, "emp_2020": 156.1064519, "emp_2025": 158.4157742, "emp_2030": 160.9054214, "emp_2035": 163.185659, "emp_2040": 157.5205483, "yesh_2020": 0.0, "yesh_2025": 0.0, "yesh_2030": 0.0, "yesh_2035": 0.0, "yesh_2040": 0.0, "uni_2020": 0.0, "uni_2025": 0.0, "uni_2030": 0.0, "uni_2035": 0.0, "uni_2040": 0.0 }, "geometry": { "type": "Point", "coordinates": [ 35.152352622512034, 31.77534137183255 ] } },
{ "type": "Feature", "properties": { "Taz_num": "4706", "Taz_num_sh": 4706.0, "name": "רכס לבן מערב", "in_jeru": 1, "in_metro": 1, "sector": "Jewish", "apts_2020": 0.0, "apt_add_25": 0.0, "apt_add_30": 0.0, "apt_add_35": 0.0, "apt_add_40": 0.0, "apt_addAll": 0.0, "apts_2040": 0.0, "hh_2020": 0.0, "hh_2025": 0.0, "hh_2030": 0.0, "hh_2035": 0.0, "hh_2040": 0.0, "pop_2020": 0.0, "pop_2025": 0.0, "pop_2030": 0.0, "pop_2035": 0.0, "pop_2040": 0.0, "stud_2020": 0.0, "stud_2025": 0.0, "stud_2030": 0.0, "stud_2035": 0.0, "stud_2040": 0.0, "emp_2020": 0.0, "emp_2025": 0.0, "emp_2030": 0.0, "emp_2035": 0.0, "emp_2040": 0.0, "yesh_2020": 0.0, "yesh_2025": 0.0, "yesh_2030": 0.0, "yesh_2035": 0.0, "yesh_2040": 0.0, "uni_2020": 0.0, "uni_2025": 0.0, "uni_2030": 0.0, "uni_2035": 0.0, "uni_2040": 0.0 }, "geometry": { "type": "Point", "coordinates": [ 35.140207254165453, 31.738388425696357 ] } },
{ "type": "Feature", "properties": { "Taz_num": "4705", "Taz_num_sh": 4705.0, "name": "רכס לבן מרכז", "in_jeru": 1, "in_metro": 1, "sector": "Jewish", "apts_2020": 0.0, "apt_add_25": 0.0, "apt_add_30": 0.0, "apt_add_35": 597.975, "apt_add_40": 597.975, "apt_addAll": 1195.95, "apts_2040": 1195.95, "hh_2020": 0.0, "hh_2025": 0.0, "hh_2030": 3.5, "hh_2035": 3.5, "hh_2040": 3.5, "pop_2020": 0.0, "pop_2025": 0.0, "pop_2030": 0.0, "pop_2035": 2092.9125, "pop_2040": 4185.825, "stud_2020": 0.0, "stud_2025": 0.0, "stud_2030": 0.0, "stud_2035": 947.2896477, "stud_2040": 1894.579295, "emp_2020": 0.0, "emp_2025": 0.0, "emp_2030": 0.0, "emp_2035": 160.6765094, "emp_2040": 321.3530188, "yesh_2020": 0.0, "yesh_2025": 0.0, "yesh_2030": 0.0, "yesh_2035": 0.0, "yesh_2040": 0.0, "uni_2020": 0.0, "uni_2025": 0.0, "uni_2030": 0.0, "uni_2035": 0.0, "uni_2040": 0.0 }, "geometry": { "type": "Point", "coordinates": [ 35.150588762601771, 31.742891278871941 ] } },
{ "type": "Feature", "properties": { "Taz_num": "4506", "Taz_num_sh": 4506.0, "name": "קרית יובל-רח' ברזיל", "in_jeru": 1, "in_metro": 1, "sector": "Jewish", "apts_2020": 1200.0, "apt_add_25": 0.0, "apt_add_30": 133.3, "apt_add_35": 424.2056851, "apt_add_40": 286.7635277, "apt_addAll": 844.2692128, "apts_2040": 2044.269213, "hh_2020": 3.1, "hh_2025": 3.133703039, "hh_2030": 3.167406079, "hh_2035": 3.201109118, "hh_2040": 3.234812158, "pop_2020": 3720.0, "pop_2025": 3760.443647, "pop_2030": 4223.102525, "pop_2035": 5625.967474, "pop_2040": 6612.826903, "stud_2020": 911.6, "stud_2025": 919.6887295, "stud_2030": 1012.220505, "stud_2035": 1222.650247, "stud_2040": 1370.679162, "emp_2020": 293.2055549, "emp_2025": 293.9470218, "emp_2030": 316.4728012, "emp_2035": 388.0673708, "emp_2040": 444.2419879, "yesh_2020": 385.0, "yesh_2025": 385.0, "yesh_2030": 385.0, "yesh_2035": 385.0, "yesh_2040": 385.0, "uni_2020": 0.0, "uni_2025": 0.0, "uni_2030": 0.0, "uni_2035": 0.0, "uni_2040": 0.0 }, "geometry": { "type": "Point", "coordinates": [ 35.170670304988199, 31.763389569172773 ] } },
{ "type": "Feature", "properties": { "Taz_num": "4105", "Taz_num_sh": 4105.0, "name": "בה_ח שערי צדק", "in_jeru": 1, "in_metro": 1, "sector": "Jewish", "apts_2020": 0.0, "apt_add_25": 0.0, "apt_add_30": 0.0, "apt_add_35": 0.0, "apt_add_40": 0.0, "apt_addAll": 0.0, "apts_2040": 0.0, "hh_2020": 0.0, "hh_2025": 0.0, "hh_2030": 0.0, "hh_2035": 0.0, "hh_2040": 0.0, "pop_2020": 0.0, "pop_2025": 0.0, "pop_2030": 0.0, "pop_2035": 0.0, "pop_2040": 0.0, "stud_2020": 62.0, "stud_2025": 62.0, "stud_2030": 62.0, "stud_2035": 62.0, "stud_2040": 62.0, "emp_2020": 4269.44253, "emp_2025": 4564.47869, "emp_2030": 4863.026199, "emp_2035": 5157.490029, "emp_2040": 5198.097271, "yesh_2020": 54.0, "yesh_2025": 54.0, "yesh_2030": 54.0, "yesh_2035": 54.0, "yesh_2040": 54.0, "uni_2020": 0.0, "uni_2025": 0.0, "uni_2030": 0.0, "uni_2035": 0.0, "uni_2040": 0.0 }, "geometry": { "type": "Point", "coordinates": [ 35.185353972475468, 31.773336003756032 ] } },
{ "type": "Feature", "properties": { "Taz_num": "4010", "Taz_num_sh": 4010.0, "name": "בית וגן - רח' עוזיאל צפון", "in_jeru": 1, "in_metro": 1, "sector": "U. Orthodox", "apts_2020": 1064.666157, "apt_add_25": 17.45, "apt_add_30": 12.85, "apt_add_35": 12.85, "apt_add_40": 12.85, "apt_addAll": 56.0, "apts_2040": 1120.666157, "hh_2020": 3.804008706, "hh_2025": 3.911871148, "hh_2030": 3.942184529, "hh_2035": 3.959984776, "hh_2040": 3.969228573, "pop_2020": 4049.999329, "pop_2025": 4233.098973, "pop_2030": 4316.558643, "pop_2035": 4386.935115, "pop_2040": 4448.18013, "stud_2020": 179.6581092, "stud_2025": 181.2952667, "stud_2030": 182.1439517, "stud_2035": 182.9806549, "stud_2040": 183.8056282, "emp_2020": 364.9193877, "emp_2025": 374.9171011, "emp_2030": 382.746134, "emp_2035": 389.8027219, "emp_2040": 396.2151486, "yesh_2020": 281.9261168, "yesh_2025": 340.8545294, "yesh_2030": 355.5506589, "yesh_2035": 350.9151585, "yesh_2040": 336.6494201, "uni_2020": 0.0, "uni_2025": 0.0, "uni_2030": 0.0, "uni_2035": 0.0, "uni_2040": 0.0 }, "geometry": { "type": "Point", "coordinates": [ 35.184836202704069, 31.770470342616179 ] } },
{ "type": "Feature", "properties": { "Taz_num": "3607", "Taz_num_sh": 3607.0, "name": "יער גילה", "in_jeru": 1, "in_metro": 1, "sector": "Arab", "apts_2020": 4.0, "apt_add_25": 0.0, "apt_add_30": 0.0, "apt_add_35": 0.0, "apt_add_40": 400.0, "apt_addAll": 400.0, "apts_2040": 404.0, "hh_2020": 4.519603524, "hh_2025": 4.519603524, "hh_2030": 4.519603524, "hh_2035": 4.519603524, "hh_2040": 4.519603524, "pop_2020": 18.0784141, "pop_2025": 18.0784141, "pop_2030": 18.0784141, "pop_2035": 18.0784141, "pop_2040": 1825.919824, "stud_2020": 0.0, "stud_2025": 0.0, "stud_2030": 0.0, "stud_2035": 0.0, "stud_2040": 0.0, "emp_2020": 38.03117301, "emp_2025": 38.03117301, "emp_2030": 38.03117301, "emp_2035": 38.03117301, "emp_2040": 40.42111426, "yesh_2020": 0.0, "yesh_2025": 0.0, "yesh_2030": 0.0, "yesh_2035": 0.0, "yesh_2040": 0.0, "uni_2020": 0.0, "uni_2025": 0.0, "uni_2030": 0.0, "uni_2035": 0.0, "uni_2040": 0.0 }, "geometry": { "type": "Point", "coordinates": [ 35.176449462261218, 31.740185266916491 ] } },
{ "type": "Feature", "properties": { "Taz_num": "3405", "Taz_num_sh": 3405.0, "name": "גילה א - שבתאי הנגבי", "in_jeru": 1, "in_metro": 1, "sector": "Jewish", "apts_2020": 1758.59, "apt_add_25": 12.525, "apt_add_30": 350.0, "apt_add_35": 350.0, "apt_add_40": 12.525, "apt_addAll": 725.05, "apts_2040": 2483.64, "hh_2020": 3.532901445, "hh_2025": 3.504698014, "hh_2030": 3.405046316, "hh_2035": 3.311505872, "hh_2040": 3.262929476, "pop_2020": 6212.925153, "pop_2025": 6207.223224, "pop_2030": 7222.494819, "pop_2035": 8183.111834, "pop_2040": 8103.942166, "stud_2020": 1480.005848, "stud_2025": 1527.283757, "stud_2030": 1529.778758, "stud_2035": 1609.829224, "stud_2040": 1544.381704, "emp_2020": 405.9324207, "emp_2025": 409.6244055, "emp_2030": 433.5665043, "emp_2035": 463.8792832, "emp_2040": 459.0137447, "yesh_2020": 0.0, "yesh_2025": 0.0, "yesh_2030": 0.0, "yesh_2035": 0.0, "yesh_2040": 0.0, "uni_2020": 0.0, "uni_2025": 0.0, "uni_2030": 0.0, "uni_2035": 0.0, "uni_2040": 0.0 }, "geometry": { "type": "Point", "coordinates": [ 35.196930348175719, 31.736768976954956 ] } },
{ "type": "Feature", "properties": { "Taz_num": "3404", "Taz_num_sh": 3404.0, "name": "גילה - רחוב שמיר", "in_jeru": 1, "in_metro": 1, "sector": "Jewish", "apts_2020": 85.18058435, "apt_add_25": 0.0, "apt_add_30": 0.0, "apt_add_35": 0.0, "apt_add_40": 0.0, "apt_addAll": 0.0, "apts_2040": 85.18058435, "hh_2020": 3.564790515, "hh_2025": 3.54066054, "hh_2030": 3.499064577, "hh_2035": 3.441101208, "hh_2040": 3.381430066, "pop_2020": 303.6509391, "pop_2025": 301.5955338, "pop_2030": 298.0523653, "pop_2035": 293.1150117, "pop_2040": 288.0321889, "stud_2020": 0.0, "stud_2025": 0.0, "stud_2030": 0.0, "stud_2035": 0.0, "stud_2040": 0.0, "emp_2020": 123.3696543, "emp_2025": 93.01626749, "emp_2030": 60.93441507, "emp_2035": 32.3691747, "emp_2040": 6.558904995, "yesh_2020": 0.0, "yesh_2025": 0.0, "yesh_2030": 0.0, "yesh_2035": 0.0, "yesh_2040": 0.0, "uni_2020": 0.0, "uni_2025": 0.0, "uni_2030": 0.0, "uni_2035": 0.0, "uni_2040": 0.0 }, "geometry": { "type": "Point", "coordinates": [ 35.192879727490315, 31.734455217549378 ] } },
{ "type": "Feature", "properties": { "Taz_num": "4305", "Taz_num_sh": 4305.0, "name": "גן החיות התנכי", "in_jeru": 1, "in_metro": 1, "sector": "Jewish", "apts_2020": 0.0, "apt_add_25": 0.0, "apt_add_30": 0.0, "apt_add_35": 0.0, "apt_add_40": 0.0, "apt_addAll": 0.0, "apts_2040": 0.0, "hh_2020": 0.0, "hh_2025": 0.0, "hh_2030": 0.0, "hh_2035": 0.0, "hh_2040": 0.0, "pop_2020": 0.0, "pop_2025": 0.0, "pop_2030": 0.0, "pop_2035": 0.0, "pop_2040": 0.0, "stud_2020": 0.0, "stud_2025": 0.0, "stud_2030": 0.0, "stud_2035": 0.0, "stud_2040": 0.0, "emp_2020": 540.3857205, "emp_2025": 567.0446652000001, "emp_2030": 594.2235778, "emp_2035": 620.7986567, "emp_2040": 646.8034482, "yesh_2020": 0.0, "yesh_2025": 0.0, "yesh_2030": 0.0, "yesh_2035": 0.0, "yesh_2040": 0.0, "uni_2020": 0.0, "uni_2025": 0.0, "uni_2030": 0.0, "uni_2035": 0.0, "uni_2040": 0.0 }, "geometry": { "type": "Point", "coordinates": [ 35.175782531431921, 31.746654402676 ] } },
{ "type": "Feature", "properties": { "Taz_num": "4101", "Taz_num_sh": 4101.0, "name": "גבעת מרדכי", "in_jeru": 1, "in_metro": 1, "sector": "Jewish", "apts_2020": 1596.0, "apt_add_25": 40.0, "apt_add_30": 23.0, "apt_add_35": 335.6, "apt_add_40": 23.0, "apt_addAll": 421.6, "apts_2040": 2017.6, "hh_2020": 3.783431315, "hh_2025": 4.105124012, "hh_2030": 4.394273558, "hh_2035": 4.560963933, "hh_2040": 4.729391206, "pop_2020": 6038.356378, "pop_2025": 6715.982884, "pop_2030": 7290.099833, "pop_2035": 9097.298661000001, "pop_2040": 9542.019696, "stud_2020": 2428.504283, "stud_2025": 2934.342628, "stud_2030": 2695.235189, "stud_2035": 3162.211196, "stud_2040": 3127.573736, "emp_2020": 1248.471734, "emp_2025": 1364.106882, "emp_2030": 1374.04588, "emp_2035": 1489.694512, "emp_2040": 1521.45706, "yesh_2020": 935.0, "yesh_2025": 935.0, "yesh_2030": 935.0, "yesh_2035": 935.0, "yesh_2040": 935.0, "uni_2020": 0.0, "uni_2025": 0.0, "uni_2030": 0.0, "uni_2035": 0.0, "uni_2040": 0.0 }, "geometry": { "type": "Point", "coordinates": [ 35.197914265453356, 31.763905609496376 ] } },
{ "type": "Feature", "properties": { "Taz_num": "4102", "Taz_num_sh": 4102.0, "name": "עמק הצבאים", "in_jeru": 1, "in_metro": 1, "sector": "Jewish", "apts_2020": 0.0, "apt_add_25": 0.0, "apt_add_30": 0.0, "apt_add_35": 0.0, "apt_add_40": 0.0, "apt_addAll": 0.0, "apts_2040": 0.0, "hh_2020": 0.0, "hh_2025": 0.0, "hh_2030": 0.0, "hh_2035": 0.0, "hh_2040": 0.0, "pop_2020": 0.0, "pop_2025": 0.0, "pop_2030": 0.0, "pop_2035": 0.0, "pop_2040": 0.0, "stud_2020": 0.0, "stud_2025": 0.0, "stud_2030": 0.0, "stud_2035": 0.0, "stud_2040": 0.0, "emp_2020": 0.0, "emp_2025": 0.0, "emp_2030": 0.0, "emp_2035": 0.0, "emp_2040": 0.0, "yesh_2020": 0.0, "yesh_2025": 0.0, "yesh_2030": 0.0, "yesh_2035": 0.0, "yesh_2040": 0.0, "uni_2020": 0.0, "uni_2025": 0.0, "uni_2030": 0.0, "uni_2035": 0.0, "uni_2040": 0.0 }, "geometry": { "type": "Point", "coordinates": [ 35.194984891082008, 31.759725356091948 ] } },
{ "type": "Feature", "properties": { "Taz_num": "5804", "Taz_num_sh": 5804.0, "name": "רמות - מינהל קהילתי", "in_jeru": 1, "in_metro": 1, "sector": "Jewish", "apts_2020": 1176.083333, "apt_add_25": 224.1, "apt_add_30": 0.0, "apt_add_35": 0.0, "apt_add_40": 0.0, "apt_addAll": 224.1, "apts_2040": 1400.183333, "hh_2020": 4.357651685, "hh_2025": 4.400041921, "hh_2030": 4.69837667, "hh_2035": 4.93154651, "hh_2040": 5.112852964, "pop_2020": 5124.961519, "pop_2025": 6160.865364, "pop_2030": 6578.588707, "pop_2035": 6905.069232, "pop_2040": 7158.931505, "stud_2020": 1344.317341, "stud_2025": 1728.969884, "stud_2030": 1728.969884, "stud_2035": 1728.969884, "stud_2040": 1728.969884, "emp_2020": 368.1996688, "emp_2025": 523.8663535, "emp_2030": 529.6587096, "emp_2035": 541.7652846, "emp_2040": 549.1503472000001, "yesh_2020": 0.0, "yesh_2025": 0.0, "yesh_2030": 0.0, "yesh_2035": 0.0, "yesh_2040": 0.0, "uni_2020": 0.0, "uni_2025": 0.0, "uni_2030": 0.0, "uni_2035": 0.0, "uni_2040": 0.0 }, "geometry": { "type": "Point", "coordinates": [ 35.201759077317291, 31.814130138966735 ] } },
{ "type": "Feature", "properties": { "Taz_num": "5803", "Taz_num_sh": 5803.0, "name": "יער רמות - מערב", "in_jeru": 1, "in_metro": 1, "sector": "Jewish", "apts_2020": 732.6, "apt_add_25": 175.0, "apt_add_30": 0.0, "apt_add_35": 0.0, "apt_add_40": 0.0, "apt_addAll": 175.0, "apts_2040": 907.6, "hh_2020": 3.5, "hh_2025": 3.675, "hh_2030": 3.85875, "hh_2035": 4.0516875, "hh_2040": 4.254271875, "pop_2020": 2564.1, "pop_2025": 3335.43, "pop_2030": 3502.2015, "pop_2035": 3677.311575, "pop_2040": 3861.177154, "stud_2020": 622.0121126, "stud_2025": 838.3087638, "stud_2030": 789.0243635, "stud_2035": 704.9289092, "stud_2040": 659.941503, "emp_2020": 323.3245424, "emp_2025": 353.8786035, "emp_2030": 348.8522016, "emp_2035": 341.2480153, "emp_2040": 336.378785, "yesh_2020": 0.0, "yesh_2025": 0.0, "yesh_2030": 0.0, "yesh_2035": 0.0, "yesh_2040": 0.0, "uni_2020": 0.0, "uni_2025": 0.0, "uni_2030": 0.0, "uni_2035": 0.0, "uni_2040": 0.0 }, "geometry": { "type": "Point", "coordinates": [ 35.208027982300393, 31.81274891981306 ] } },
{ "type": "Feature", "properties": { "Taz_num": "5702", "Taz_num_sh": 5702.0, "name": "רמות - מוסדות", "in_jeru": 1, "in_metro": 1, "sector": "Jewish", "apts_2020": 130.407767, "apt_add_25": 0.0, "apt_add_30": 0.0, "apt_add_35": 0.0, "apt_add_40": 0.0, "apt_addAll": 0.0, "apts_2040": 130.407767, "hh_2020": 6.469978187, "hh_2025": 6.468575767, "hh_2030": 6.516046433, "hh_2035": 6.594777205, "hh_2040": 6.610401157, "pop_2020": 843.7354079, "pop_2025": 843.5525214, "pop_2030": 849.7430649, "pop_2035": 860.0101691, "pop_2040": 862.0476539, "stud_2020": 520.0, "stud_2025": 520.0, "stud_2030": 520.0, "stud_2035": 520.0, "stud_2040": 520.0, "emp_2020": 824.4052666, "emp_2025": 837.3758408, "emp_2030": 851.5508619, "emp_2035": 864.6715094, "emp_2040": 876.4339684, "yesh_2020": 0.0, "yesh_2025": 0.0, "yesh_2030": 0.0, "yesh_2035": 0.0, "yesh_2040": 0.0, "uni_2020": 0.0, "uni_2025": 0.0, "uni_2030": 0.0, "uni_2035": 0.0, "uni_2040": 0.0 }, "geometry": { "type": "Point", "coordinates": [ 35.194577444024866, 31.815153538022756 ] } },
{ "type": "Feature", "properties": { "Taz_num": "0905", "Taz_num_sh": 905.0, "name": "מחנה שנלר", "in_jeru": 1, "in_metro": 1, "sector": "U. Orthodox", "apts_2020": 800.0, "apt_add_25": 50.0, "apt_add_30": 0.0, "apt_add_35": 0.0, "apt_add_40": 0.0, "apt_addAll": 50.0, "apts_2040": 850.0, "hh_2020": 4.5, "hh_2025": 4.5, "hh_2030": 4.5, "hh_2035": 4.5, "hh_2040": 4.5, "pop_2020": 3600.0, "pop_2025": 3825.0, "pop_2030": 3825.0, "pop_2035": 3825.0, "pop_2040": 3825.0, "stud_2020": 3992.0, "stud_2025": 3992.0, "stud_2030": 3992.0, "stud_2035": 3992.0, "stud_2040": 3992.0, "emp_2020": 786.8519914, "emp_2025": 790.7019914, "emp_2030": 790.7019914, "emp_2035": 790.7019914, "emp_2040": 1191.571877, "yesh_2020": 541.1688692, "yesh_2025": 459.1622468, "yesh_2030": 477.0984869, "yesh_2035": 510.1431561, "yesh_2040": 532.395337, "uni_2020": 0.0, "uni_2025": 0.0, "uni_2030": 0.0, "uni_2035": 0.0, "uni_2040": 0.0 }, "geometry": { "type": "Point", "coordinates": [ 35.213040442754838, 31.791492272819831 ] } },
{ "type": "Feature", "properties": { "Taz_num": "0901", "Taz_num_sh": 901.0, "name": "מקור ברוך צפון", "in_jeru": 1, "in_metro": 1, "sector": "U. Orthodox", "apts_2020": 1085.969918, "apt_add_25": 27.14924795, "apt_add_30": 27.14924795, "apt_add_35": 27.14924795, "apt_add_40": 27.14924795, "apt_addAll": 108.5969918, "apts_2040": 1194.56691, "hh_2020": 4.0, "hh_2025": 4.0, "hh_2030": 3.948536359, "hh_2035": 3.948536359, "hh_2040": 3.941870388, "pop_2020": 4343.879671, "pop_2025": 4452.476663, "pop_2030": 4502.391291, "pop_2035": 4609.591083, "pop_2040": 4708.827928, "stud_2020": 2935.532007, "stud_2025": 3045.215362, "stud_2030": 3062.606195, "stud_2035": 3070.447673, "stud_2040": 3086.882436, "emp_2020": 864.9998505, "emp_2025": 877.1446501, "emp_2030": 880.8293019, "emp_2035": 883.6385961, "emp_2040": 988.8604671000001, "yesh_2020": 2116.450774, "yesh_2025": 2132.735427, "yesh_2030": 2157.643063, "yesh_2035": 2192.832578, "yesh_2040": 2190.30587, "uni_2020": 0.0, "uni_2025": 0.0, "uni_2030": 0.0, "uni_2035": 0.0, "uni_2040": 0.0 }, "geometry": { "type": "Point", "coordinates": [ 35.21210659649725, 31.789002721175393 ] } },
{ "type": "Feature", "properties": { "Taz_num": "0706", "Taz_num_sh": 706.0, "name": "תחנת רכבת", "in_jeru": 1, "in_metro": 1, "sector": "Jewish", "apts_2020": 25.0, "apt_add_25": 0.0, "apt_add_30": 0.0, "apt_add_35": 0.0, "apt_add_40": 42.0, "apt_addAll": 42.0, "apts_2040": 67.0, "hh_2020": 1.5, "hh_2025": 1.5, "hh_2030": 1.5, "hh_2035": 1.5, "hh_2040": 1.5, "pop_2020": 37.5, "pop_2025": 37.5, "pop_2030": 37.5, "pop_2035": 37.5, "pop_2040": 100.5, "stud_2020": 0.0, "stud_2025": 0.0, "stud_2030": 0.0, "stud_2035": 0.0, "stud_2040": 0.0, "emp_2020": 234.0547048, "emp_2025": 1535.359363, "emp_2030": 2827.027352, "emp_2035": 4123.513676, "emp_2040": 5420.0, "yesh_2020": 0.0, "yesh_2025": 0.0, "yesh_2030": 0.0, "yesh_2035": 0.0, "yesh_2040": 0.0, "uni_2020": 0.0, "uni_2025": 0.0, "uni_2030": 0.0, "uni_2035": 0.0, "uni_2040": 0.0 }, "geometry": { "type": "Point", "coordinates": [ 35.202164673524912, 31.788465069386433 ] } },
{ "type": "Feature", "properties": { "Taz_num": "0810", "Taz_num_sh": 810.0, "name": "שוק מחנה יהודה", "in_jeru": 1, "in_metro": 1, "sector": "Jewish", "apts_2020": 381.9124424, "apt_add_25": 200.0, "apt_add_30": 0.0, "apt_add_35": 250.0, "apt_add_40": 0.0, "apt_addAll": 450.0, "apts_2040": 831.9124424, "hh_2020": 1.4, "hh_2025": 1.4, "hh_2030": 1.5, "hh_2035": 1.5, "hh_2040": 1.7, "pop_2020": 534.6774194, "pop_2025": 814.6774194, "pop_2030": 872.8686636, "pop_2035": 1247.868664, "pop_2040": 1414.251152, "stud_2020": 0.0, "stud_2025": 0.0, "stud_2030": 0.0, "stud_2035": 0.0, "stud_2040": 0.0, "emp_2020": 3006.943003, "emp_2025": 3098.0118, "emp_2030": 3181.855074, "emp_2035": 3274.261109, "emp_2040": 3358.417144, "yesh_2020": 0.0, "yesh_2025": 0.0, "yesh_2030": 0.0, "yesh_2035": 0.0, "yesh_2040": 0.0, "uni_2020": 0.0, "uni_2025": 0.0, "uni_2030": 0.0, "uni_2035": 0.0, "uni_2040": 0.0 }, "geometry": { "type": "Point", "coordinates": [ 35.212803056437551, 31.784889821092488 ] } },
{ "type": "Feature", "properties": { "Taz_num": "0008", "Taz_num_sh": 8.0, "name": "מרכז כלל", "in_jeru": 1, "in_metro": 1, "sector": "Jewish", "apts_2020": 246.7741935, "apt_add_25": 73.6, "apt_add_30": 47.8, "apt_add_35": 16.0, "apt_add_40": 8.0, "apt_addAll": 145.4, "apts_2040": 392.1741935, "hh_2020": 1.818697596, "hh_2025": 1.898916495, "hh_2030": 2.008423649, "hh_2035": 1.97736782, "hh_2040": 1.979278585, "pop_2020": 448.8076326, "pop_2025": 608.3638409, "pop_2030": 739.4497573, "pop_2035": 759.6536875, "pop_2040": 776.2219829, "stud_2020": 201.464229, "stud_2025": 233.3754706, "stud_2030": 259.5926539, "stud_2035": 263.63344, "stud_2040": 266.947099, "emp_2020": 2737.677593, "emp_2025": 2786.43028, "emp_2030": 2845.89468, "emp_2035": 2886.507925, "emp_2040": 2923.821869, "yesh_2020": 50.0, "yesh_2025": 50.0, "yesh_2030": 50.0, "yesh_2035": 50.0, "yesh_2040": 50.0, "uni_2020": 0.0, "uni_2025": 0.0, "uni_2030": 0.0, "uni_2035": 0.0, "uni_2040": 0.0 }, "geometry": { "type": "Point", "coordinates": [ 35.215475492579287, 31.783881143634424 ] } },
{ "type": "Feature", "properties": { "Taz_num": "5602", "Taz_num_sh": 5602.0, "name": "עמק ליפתא", "in_jeru": 1, "in_metro": 1, "sector": "Jewish", "apts_2020": 0.0, "apt_add_25": 0.0, "apt_add_30": 0.0, "apt_add_35": 0.0, "apt_add_40": 0.0, "apt_addAll": 0.0, "apts_2040": 0.0, "hh_2020": 0.0, "hh_2025": 0.0, "hh_2030": 0.0, "hh_2035": 0.0, "hh_2040": 0.0, "pop_2020": 0.0, "pop_2025": 0.0, "pop_2030": 0.0, "pop_2035": 0.0, "pop_2040": 0.0, "stud_2020": 0.0, "stud_2025": 0.0, "stud_2030": 0.0, "stud_2035": 0.0, "stud_2040": 0.0, "emp_2020": 93.45889117, "emp_2025": 94.93928776, "emp_2030": 96.53528207, "emp_2035": 97.99703387, "emp_2040": 99.33200108, "yesh_2020": 0.0, "yesh_2025": 0.0, "yesh_2030": 0.0, "yesh_2035": 0.0, "yesh_2040": 0.0, "uni_2020": 0.0, "uni_2025": 0.0, "uni_2030": 0.0, "uni_2035": 0.0, "uni_2040": 0.0 }, "geometry": { "type": "Point", "coordinates": [ 35.195095912422801, 31.801440393127418 ] } },
{ "type": "Feature", "properties": { "Taz_num": "0301", "Taz_num_sh": 301.0, "name": "הרובע המוסלמי", "in_jeru": 1, "in_metro": 1, "sector": "Arab", "apts_2020": 4735.570909, "apt_add_25": 25.0, "apt_add_30": 25.0, "apt_add_35": 25.0, "apt_add_40": 25.0, "apt_addAll": 100.0, "apts_2040": 4835.570909, "hh_2020": 5.5, "hh_2025": 5.5, "hh_2030": 5.5, "hh_2035": 5.5, "hh_2040": 5.5, "pop_2020": 26045.64, "pop_2025": 26183.14, "pop_2030": 26320.64, "pop_2035": 26458.14, "pop_2040": 26595.64, "stud_2020": 3950.0, "stud_2025": 3991.25, "stud_2030": 4032.5, "stud_2035": 4073.75, "stud_2040": 4115.0, "emp_2020": 4000.87619, "emp_2025": 4046.532735, "emp_2030": 4089.667895, "emp_2035": 4139.453006, "emp_2040": 4183.206171, "yesh_2020": 268.0, "yesh_2025": 268.0, "yesh_2030": 268.0, "yesh_2035": 268.0, "yesh_2040": 268.0, "uni_2020": 0.0, "uni_2025": 0.0, "uni_2030": 0.0, "uni_2035": 0.0, "uni_2040": 0.0 }, "geometry": { "type": "Point", "coordinates": [ 35.23430858134369, 31.779917729542564 ] } },
{ "type": "Feature", "properties": { "Taz_num": "0406", "Taz_num_sh": 406.0, "name": "ימק_א", "in_jeru": 1, "in_metro": 1, "sector": "Jewish", "apts_2020": 397.9727273, "apt_add_25": 3.35, "apt_add_30": 3.35, "apt_add_35": 3.35, "apt_add_40": 3.35, "apt_addAll": 13.4, "apts_2040": 411.3727273, "hh_2020": 1.596091793, "hh_2025": 1.596091793, "hh_2030": 1.596091793, "hh_2035": 1.596091793, "hh_2040": 1.596091793, "pop_2020": 635.2010038, "pop_2025": 640.5479113, "pop_2030": 645.8948188000001, "pop_2035": 651.2417263, "pop_2040": 656.5886339, "stud_2020": 0.0, "stud_2025": 0.0, "stud_2030": 0.0, "stud_2035": 0.0, "stud_2040": 0.0, "emp_2020": 996.846683, "emp_2025": 1012.594556, "emp_2030": 1029.625783, "emp_2035": 1044.981297, "emp_2040": 1059.026401, "yesh_2020": 110.0, "yesh_2025": 110.0, "yesh_2030": 110.0, "yesh_2035": 110.0, "yesh_2040": 110.0, "uni_2020": 0.0, "uni_2025": 0.0, "uni_2030": 0.0, "uni_2035": 0.0, "uni_2040": 0.0 }, "geometry": { "type": "Point", "coordinates": [ 35.221430465884424, 31.773928257395841 ] } },
{ "type": "Feature", "properties": { "Taz_num": "4507", "Taz_num_sh": 4507.0, "name": "עין כרם", "in_jeru": 1, "in_metro": 1, "sector": "Jewish", "apts_2020": 699.0, "apt_add_25": 0.0, "apt_add_30": 0.0, "apt_add_35": 24.3, "apt_add_40": 30.0, "apt_addAll": 54.3, "apts_2040": 753.3, "hh_2020": 2.7, "hh_2025": 2.7, "hh_2030": 2.7, "hh_2035": 2.2, "hh_2040": 1.962469433, "pop_2020": 1866.0, "pop_2025": 1887.3, "pop_2030": 1887.3, "pop_2035": 1591.26, "pop_2040": 1478.328224, "stud_2020": 439.5, "stud_2025": 439.5, "stud_2030": 439.5, "stud_2035": 439.5, "stud_2040": 439.5, "emp_2020": 608.4279647, "emp_2025": 615.1932529, "emp_2030": 622.7564434, "emp_2035": 633.3774616, "emp_2040": 644.2222268, "yesh_2020": 0.0, "yesh_2025": 0.0, "yesh_2030": 0.0, "yesh_2035": 0.0, "yesh_2040": 0.0, "uni_2020": 0.0, "uni_2025": 0.0, "uni_2030": 0.0, "uni_2035": 0.0, "uni_2040": 0.0 }, "geometry": { "type": "Point", "coordinates": [ 35.161488112789165, 31.767729517377468 ] } },
{ "type": "Feature", "properties": { "Taz_num": "4003", "Taz_num_sh": 4003.0, "name": "רמת שרת - חרדים", "in_jeru": 1, "in_metro": 1, "sector": "U. Orthodox", "apts_2020": 569.6818182, "apt_add_25": 84.7, "apt_add_30": 18.0, "apt_add_35": 0.0, "apt_add_40": 0.0, "apt_addAll": 102.7, "apts_2040": 672.3818182, "hh_2020": 3.566246246, "hh_2025": 3.738859995, "hh_2030": 3.932005771, "hh_2035": 4.071596461, "hh_2040": 4.122515579, "pop_2020": 2031.625645, "pop_2025": 2446.642002, "pop_2030": 2643.80919, "pop_2035": 2737.667431, "pop_2040": 2771.90452, "stud_2020": 708.9319934, "stud_2025": 1003.102946, "stud_2030": 1020.038756, "stud_2035": 1005.92207, "stud_2040": 963.7389619, "emp_2020": 225.0117897, "emp_2025": 273.2469565, "emp_2030": 280.3724425, "emp_2035": 280.9654831, "emp_2040": 277.3338372, "yesh_2020": 169.296152, "yesh_2025": 158.0759423, "yesh_2030": 167.7915473, "yesh_2035": 192.0751523, "yesh_2040": 214.0109853, "uni_2020": 0.0, "uni_2025": 0.0, "uni_2030": 0.0, "uni_2035": 0.0, "uni_2040": 0.0 }, "geometry": { "type": "Point", "coordinates": [ 35.187674265820412, 31.761156990869669 ] } },
{ "type": "Feature", "properties": { "Taz_num": "4606", "Taz_num_sh": 4606.0, "name": "הכפר השוודי", "in_jeru": 1, "in_metro": 1, "sector": "Jewish", "apts_2020": 0.0, "apt_add_25": 0.0, "apt_add_30": 0.0, "apt_add_35": 0.0, "apt_add_40": 0.0, "apt_addAll": 0.0, "apts_2040": 0.0, "hh_2020": 0.0, "hh_2025": 0.0, "hh_2030": 0.0, "hh_2035": 0.0, "hh_2040": 0.0, "pop_2020": 0.0, "pop_2025": 0.0, "pop_2030": 0.0, "pop_2035": 0.0, "pop_2040": 0.0, "stud_2020": 200.0, "stud_2025": 200.0, "stud_2030": 200.0, "stud_2035": 200.0, "stud_2040": 200.0, "emp_2020": 238.3333333, "emp_2025": 238.3333333, "emp_2030": 238.3333333, "emp_2035": 437.8, "emp_2040": 437.8, "yesh_2020": 0.0, "yesh_2025": 0.0, "yesh_2030": 0.0, "yesh_2035": 0.0, "yesh_2040": 0.0, "uni_2020": 0.0, "uni_2025": 0.0, "uni_2030": 0.0, "uni_2035": 0.0, "uni_2040": 0.0 }, "geometry": { "type": "Point", "coordinates": [ 35.163613077415469, 31.761430685105616 ] } },
{ "type": "Feature", "properties": { "Taz_num": "6008", "Taz_num_sh": 6008.0, "name": "נוה יעקב - צפון", "in_jeru": 1, "in_metro": 1, "sector": "Jewish", "apts_2020": 583.3995943, "apt_add_25": 10.0, "apt_add_30": 19.6, "apt_add_35": 10.0, "apt_add_40": 10.0, "apt_addAll": 49.6, "apts_2040": 632.9995943, "hh_2020": 5.56565351, "hh_2025": 5.871254435, "hh_2030": 6.086464061, "hh_2035": 6.426970477, "hh_2040": 6.808851125, "pop_2020": 3247.0, "pop_2025": 3484.0, "pop_2030": 3731.0, "pop_2035": 4004.0, "pop_2040": 4310.0, "stud_2020": 1902.0, "stud_2025": 1902.0, "stud_2030": 1902.0, "stud_2035": 1902.0, "stud_2040": 1902.0, "emp_2020": 241.7647048, "emp_2025": 242.5347048, "emp_2030": 244.0439048, "emp_2035": 244.8139048, "emp_2040": 288.3630861, "yesh_2020": 50.0, "yesh_2025": 50.0, "yesh_2030": 50.0, "yesh_2035": 50.0, "yesh_2040": 50.0, "uni_2020": 0.0, "uni_2025": 0.0, "uni_2030": 0.0, "uni_2035": 0.0, "uni_2040": 0.0 }, "geometry": { "type": "Point", "coordinates": [ 35.244781485083976, 31.84380994825479 ] } },
{ "type": "Feature", "properties": { "Taz_num": "6202", "Taz_num_sh": 6202.0, "name": "מחסום חיזמא", "in_jeru": 1, "in_metro": 1, "sector": "Jewish", "apts_2020": 0.0, "apt_add_25": 0.0, "apt_add_30": 0.0, "apt_add_35": 0.0, "apt_add_40": 0.0, "apt_addAll": 0.0, "apts_2040": 0.0, "hh_2020": 0.0, "hh_2025": 0.0, "hh_2030": 0.0, "hh_2035": 0.0, "hh_2040": 0.0, "pop_2020": 0.0, "pop_2025": 0.0, "pop_2030": 0.0, "pop_2035": 0.0, "pop_2040": 0.0, "stud_2020": 0.0, "stud_2025": 0.0, "stud_2030": 0.0, "stud_2035": 0.0, "stud_2040": 0.0, "emp_2020": 338.0273524, "emp_2025": 338.0273524, "emp_2030": 338.0273524, "emp_2035": 338.0273524, "emp_2040": 345.381543, "yesh_2020": 0.0, "yesh_2025": 0.0, "yesh_2030": 0.0, "yesh_2035": 0.0, "yesh_2040": 0.0, "uni_2020": 0.0, "uni_2025": 0.0, "uni_2030": 0.0, "uni_2035": 0.0, "uni_2040": 0.0 }, "geometry": { "type": "Point", "coordinates": [ 35.252806383497315, 31.831349303625476 ] } },
{ "type": "Feature", "properties": { "Taz_num": "6203", "Taz_num_sh": 6203.0, "name": "פסגת זאב מרכז - דרום", "in_jeru": 1, "in_metro": 1, "sector": "Jewish", "apts_2020": 206.6284197, "apt_add_25": 0.0, "apt_add_30": 0.0, "apt_add_35": 173.6, "apt_add_40": 0.0, "apt_addAll": 173.6, "apts_2040": 380.2284197, "hh_2020": 1.686307739, "hh_2025": 1.688548621, "hh_2030": 2.870869771, "hh_2035": 2.886333598, "hh_2040": 2.871352638, "pop_2020": 348.4391032, "pop_2025": 348.9021332, "pop_2030": 593.2032839, "pop_2035": 1097.466063, "pop_2040": 1091.769876, "stud_2020": 0.0, "stud_2025": 0.0, "stud_2030": 0.0, "stud_2035": 0.0, "stud_2040": 0.0, "emp_2020": 23.46898541, "emp_2025": 23.46898541, "emp_2030": 23.46898541, "emp_2035": 36.83618541, "emp_2040": 32.28574218, "yesh_2020": 0.0, "yesh_2025": 0.0, "yesh_2030": 0.0, "yesh_2035": 0.0, "yesh_2040": 0.0, "uni_2020": 0.0, "uni_2025": 0.0, "uni_2030": 0.0, "uni_2035": 0.0, "uni_2040": 0.0 }, "geometry": { "type": "Point", "coordinates": [ 35.247491089283933, 31.825808014781309 ] } },
{ "type": "Feature", "properties": { "Taz_num": "6504", "Taz_num_sh": 6504.0, "name": "אל ג'יזה", "in_jeru": 1, "in_metro": 1, "sector": "Arab", "apts_2020": 43.0, "apt_add_25": 3.0, "apt_add_30": 156.0, "apt_add_35": 3.0, "apt_add_40": 3.0, "apt_addAll": 165.0, "apts_2040": 208.0, "hh_2020": 4.2, "hh_2025": 4.2, "hh_2030": 4.2, "hh_2035": 4.2, "hh_2040": 4.2, "pop_2020": 180.6, "pop_2025": 193.2, "pop_2030": 848.4, "pop_2035": 861.0, "pop_2040": 873.6, "stud_2020": 5.418, "stud_2025": 5.796, "stud_2030": 673.452, "stud_2035": 673.83, "stud_2040": 674.208, "emp_2020": 2.86165, "emp_2025": 3.0613, "emp_2030": 829.31365, "emp_2035": 1241.98855, "emp_2040": 1242.1882, "yesh_2020": 0.0, "yesh_2025": 0.0, "yesh_2030": 0.0, "yesh_2035": 0.0, "yesh_2040": 0.0, "uni_2020": 0.0, "uni_2025": 0.0, "uni_2030": 0.0, "uni_2035": 0.0, "uni_2040": 0.0 }, "geometry": { "type": "Point", "coordinates": [ 35.231868211840791, 31.807236362688617 ] } },
{ "type": "Feature", "properties": { "Taz_num": "1303", "Taz_num_sh": 1303.0, "name": "ואדי ג'וז - משרד הפנים", "in_jeru": 1, "in_metro": 1, "sector": "Arab", "apts_2020": 207.3298429, "apt_add_25": 5.92, "apt_add_30": 8.32, "apt_add_35": 5.92, "apt_add_40": 5.92, "apt_addAll": 26.08, "apts_2040": 233.4098429, "hh_2020": 3.269364086, "hh_2025": 3.269364086, "hh_2030": 3.269364086, "hh_2035": 3.269364086, "hh_2040": 3.269364086, "pop_2020": 1307.591623, "pop_2025": 697.1913779, "pop_2030": 724.3924871, "pop_2035": 743.7471224, "pop_2040": 763.1017578, "stud_2020": 261.5183246, "stud_2025": 139.4382756, "stud_2030": 144.8784974, "stud_2035": 148.7494245, "stud_2040": 152.6203516, "emp_2020": 740.3599461, "emp_2025": 747.9656839, "emp_2030": 775.3805822, "emp_2035": 801.6361065, "emp_2040": 827.2847534, "yesh_2020": 0.0, "yesh_2025": 0.0, "yesh_2030": 0.0, "yesh_2035": 0.0, "yesh_2040": 0.0, "uni_2020": 0.0, "uni_2025": 0.0, "uni_2030": 0.0, "uni_2035": 0.0, "uni_2040": 0.0 }, "geometry": { "type": "Point", "coordinates": [ 35.235491781522647, 31.791763958741402 ] } },
{ "type": "Feature", "properties": { "Taz_num": "1405", "Taz_num_sh": 1405.0, "name": "שיח ג'ראח - קרית הממשלה", "in_jeru": 1, "in_metro": 1, "sector": "Jewish", "apts_2020": 0.0, "apt_add_25": 9.6, "apt_add_30": 0.0, "apt_add_35": 0.0, "apt_add_40": 0.0, "apt_addAll": 9.6, "apts_2040": 9.6, "hh_2020": 0.0, "hh_2025": 2.680657646, "hh_2030": 2.725364341, "hh_2035": 2.731628432, "hh_2040": 2.69408431, "pop_2020": 0.0, "pop_2025": 25.7343134, "pop_2030": 26.16349768, "pop_2035": 26.22363295, "pop_2040": 25.86320937, "stud_2020": 0.0, "stud_2025": 0.0, "stud_2030": 0.0, "stud_2035": 0.0, "stud_2040": 0.0, "emp_2020": 2492.462257, "emp_2025": 2521.459742, "emp_2030": 2551.105534, "emp_2035": 3923.626486, "emp_2040": 3948.402095, "yesh_2020": 0.0, "yesh_2025": 0.0, "yesh_2030": 0.0, "yesh_2035": 0.0, "yesh_2040": 0.0, "uni_2020": 0.0, "uni_2025": 0.0, "uni_2030": 0.0, "uni_2035": 0.0, "uni_2040": 0.0 }, "geometry": { "type": "Point", "coordinates": [ 35.233284415155069, 31.797502817711258 ] } },
{ "type": "Feature", "properties": { "Taz_num": "5801", "Taz_num_sh": 5801.0, "name": "רמות - סולם יעקב", "in_jeru": 1, "in_metro": 1, "sector": "U. Orthodox", "apts_2020": 830.0, "apt_add_25": 0.0, "apt_add_30": 130.4, "apt_add_35": 45.0, "apt_add_40": 105.0, "apt_addAll": 280.4, "apts_2040": 1110.4, "hh_2020": 6.416018147, "hh_2025": 6.699598172, "hh_2030": 6.42268645, "hh_2035": 6.396537071, "hh_2040": 6.19471492, "pop_2020": 5325.295062, "pop_2025": 5560.666483, "pop_2030": 6168.348067, "pop_2035": 6431.078372, "pop_2040": 6878.611447, "stud_2020": 1166.833507, "stud_2025": 1328.667014, "stud_2030": 1505.866506, "stud_2035": 1668.598465, "stud_2040": 1830.321307, "emp_2020": 409.1259156, "emp_2025": 426.2136163, "emp_2030": 454.9547664, "emp_2035": 475.6155053, "emp_2040": 501.3020896, "yesh_2020": 357.8045258, "yesh_2025": 442.2010981, "yesh_2030": 465.4028457, "yesh_2035": 450.0231955, "yesh_2040": 489.0748019, "uni_2020": 0.0, "uni_2025": 0.0, "uni_2030": 0.0, "uni_2035": 0.0, "uni_2040": 0.0 }, "geometry": { "type": "Point", "coordinates": [ 35.202718357696412, 31.820687321980717 ] } },
{ "type": "Feature", "properties": { "Taz_num": "5805", "Taz_num_sh": 5805.0, "name": "רמות - מרכז מסחרי", "in_jeru": 1, "in_metro": 1, "sector": "U. Orthodox", "apts_2020": 446.1633057, "apt_add_25": 200.0, "apt_add_30": 0.0, "apt_add_35": 0.0, "apt_add_40": 0.0, "apt_addAll": 200.0, "apts_2040": 646.1633057, "hh_2020": 6.096860708, "hh_2025": 5.480630177, "hh_2030": 5.639287315, "hh_2035": 5.778660828, "hh_2040": 5.848613441, "pop_2020": 2720.195528, "pop_2025": 3541.382112, "pop_2030": 3643.900534, "pop_2035": 3733.958583, "pop_2040": 3779.159395, "stud_2020": 2941.0, "stud_2025": 2941.0, "stud_2030": 2941.0, "stud_2035": 2941.0, "stud_2040": 2941.0, "emp_2020": 672.1128314, "emp_2025": 875.2273078, "emp_2030": 888.4042232, "emp_2035": 900.3644881, "emp_2040": 910.2417273, "yesh_2020": 460.239136, "yesh_2025": 564.94487, "yesh_2030": 542.4579037, "yesh_2035": 537.2508604, "yesh_2040": 547.0213528, "uni_2020": 0.0, "uni_2025": 0.0, "uni_2030": 0.0, "uni_2035": 0.0, "uni_2040": 0.0 }, "geometry": { "type": "Point", "coordinates": [ 35.197804867428431, 31.816863680535562 ] } },
{ "type": "Feature", "properties": { "Taz_num": "5604", "Taz_num_sh": 5604.0, "name": "סיבוב מוצא", "in_jeru": 1, "in_metro": 1, "sector": "Jewish", "apts_2020": 0.0, "apt_add_25": 0.0, "apt_add_30": 0.0, "apt_add_35": 0.0, "apt_add_40": 0.0, "apt_addAll": 0.0, "apts_2040": 0.0, "hh_2020": 0.0, "hh_2025": 0.0, "hh_2030": 0.0, "hh_2035": 0.0, "hh_2040": 0.0, "pop_2020": 0.0, "pop_2025": 0.0, "pop_2030": 0.0, "pop_2035": 0.0, "pop_2040": 0.0, "stud_2020": 0.0, "stud_2025": 0.0, "stud_2030": 0.0, "stud_2035": 0.0, "stud_2040": 0.0, "emp_2020": 11.68100314, "emp_2025": 11.8660312, "emp_2030": 12.06550729, "emp_2035": 12.24820502, "emp_2040": 12.41505652, "yesh_2020": 0.0, "yesh_2025": 0.0, "yesh_2030": 0.0, "yesh_2035": 0.0, "yesh_2040": 0.0, "uni_2020": 0.0, "uni_2025": 0.0, "uni_2030": 0.0, "uni_2035": 0.0, "uni_2040": 0.0 }, "geometry": { "type": "Point", "coordinates": [ 35.168777214002397, 31.798046834633897 ] } },
{ "type": "Feature", "properties": { "Taz_num": "5307", "Taz_num_sh": 5307.0, "name": "ליפתא", "in_jeru": 1, "in_metro": 1, "sector": "Jewish", "apts_2020": 0.0, "apt_add_25": 192.0, "apt_add_30": 0.0, "apt_add_35": 0.0, "apt_add_40": 0.0, "apt_addAll": 192.0, "apts_2040": 192.0, "hh_2020": 0.0, "hh_2025": 3.459091168, "hh_2030": 3.60828607, "hh_2035": 3.807339464, "hh_2040": 3.908812239, "pop_2020": 0.0, "pop_2025": 664.1455042, "pop_2030": 692.7909255, "pop_2035": 731.0091772, "pop_2040": 750.4919498, "stud_2020": 0.0, "stud_2025": 0.0, "stud_2030": 0.0, "stud_2035": 0.0, "stud_2040": 0.0, "emp_2020": 14.74522908, "emp_2025": 96.77602773, "emp_2030": 97.70821727000001, "emp_2035": 98.86356619, "emp_2040": 99.53060194, "yesh_2020": 0.0, "yesh_2025": 0.0, "yesh_2030": 0.0, "yesh_2035": 0.0, "yesh_2040": 0.0, "uni_2020": 0.0, "uni_2025": 0.0, "uni_2030": 0.0, "uni_2035": 0.0, "uni_2040": 0.0 }, "geometry": { "type": "Point", "coordinates": [ 35.195719081463714, 31.796013832519048 ] } },
{ "type": "Feature", "properties": { "Taz_num": "5212", "Taz_num_sh": 5212.0, "name": "מחניים", "in_jeru": 1, "in_metro": 1, "sector": "U. Orthodox", "apts_2020": 638.0545807, "apt_add_25": 25.29, "apt_add_30": 36.59, "apt_add_35": 7.59, "apt_add_40": 7.59, "apt_addAll": 77.06, "apts_2040": 715.1145807, "hh_2020": 6.895961777, "hh_2025": 6.786075356, "hh_2030": 6.717735273, "hh_2035": 6.622007279, "hh_2040": 6.532793569, "pop_2020": 4400.0, "pop_2025": 4501.506312, "pop_2030": 4701.975221, "pop_2035": 4685.232924, "pop_2040": 4671.695934, "stud_2020": 4143.0, "stud_2025": 4190.952955, "stud_2030": 4234.844205, "stud_2035": 4129.982979, "stud_2040": 4032.257553, "emp_2020": 1174.835649, "emp_2025": 1196.015585, "emp_2030": 1221.914593, "emp_2035": 1229.150461, "emp_2040": 1235.906255, "yesh_2020": 2045.770671, "yesh_2025": 2038.026958, "yesh_2030": 2048.740682, "yesh_2035": 2077.686764, "yesh_2040": 2087.056141, "uni_2020": 0.0, "uni_2025": 0.0, "uni_2030": 0.0, "uni_2035": 0.0, "uni_2040": 0.0 }, "geometry": { "type": "Point", "coordinates": [ 35.216905397867698, 31.796124921497906 ] } },
{ "type": "Feature", "properties": { "Taz_num": "0804", "Taz_num_sh": 804.0, "name": "בצלאל - ארכיטקטורה", "in_jeru": 1, "in_metro": 1, "sector": "Jewish", "apts_2020": 172.0, "apt_add_25": 6.45, "apt_add_30": 6.45, "apt_add_35": 6.45, "apt_add_40": 6.45, "apt_addAll": 25.8, "apts_2040": 197.8, "hh_2020": 1.844283994, "hh_2025": 1.760195608, "hh_2030": 1.702128675, "hh_2035": 1.631889357, "hh_2040": 1.595629979, "pop_2020": 317.2168469, "pop_2025": 314.1069062, "pop_2030": 314.723592, "pop_2035": 312.2620285, "pop_2040": 315.6156098, "stud_2020": 0.0, "stud_2025": 0.0, "stud_2030": 0.0, "stud_2035": 0.0, "stud_2040": 0.0, "emp_2020": 178.244, "emp_2025": 178.74065, "emp_2030": 179.2373, "emp_2035": 179.73395, "emp_2040": 180.2306, "yesh_2020": 0.0, "yesh_2025": 0.0, "yesh_2030": 0.0, "yesh_2035": 0.0, "yesh_2040": 0.0, "uni_2020": 387.0, "uni_2025": 416.025, "uni_2030": 447.226875, "uni_2035": 480.7688906, "uni_2040": 516.8265574 }, "geometry": { "type": "Point", "coordinates": [ 35.213555004144091, 31.779892984282856 ] } },
{ "type": "Feature", "properties": { "Taz_num": "4104", "Taz_num_sh": 4104.0, "name": "מורדות בית וגן", "in_jeru": 1, "in_metro": 1, "sector": "Jewish", "apts_2020": 556.7270397, "apt_add_25": 0.0, "apt_add_30": 12.0, "apt_add_35": 0.0, "apt_add_40": 0.0, "apt_addAll": 12.0, "apts_2040": 568.7270397, "hh_2020": 4.4, "hh_2025": 4.4, "hh_2030": 4.4, "hh_2035": 4.0, "hh_2040": 4.0, "pop_2020": 2449.598975, "pop_2025": 2449.598975, "pop_2030": 2502.398975, "pop_2035": 2274.908159, "pop_2040": 2274.908159, "stud_2020": 786.0681929, "stud_2025": 852.3939866, "stud_2030": 825.795021, "stud_2035": 833.4372703, "stud_2040": 840.4703075, "emp_2020": 368.1172327, "emp_2025": 502.5918529, "emp_2030": 503.6053999, "emp_2035": 674.9846239, "emp_2040": 845.511213, "yesh_2020": 14.0, "yesh_2025": 14.0, "yesh_2030": 14.0, "yesh_2035": 14.0, "yesh_2040": 14.0, "uni_2020": 0.0, "uni_2025": 0.0, "uni_2030": 0.0, "uni_2035": 0.0, "uni_2040": 0.0 }, "geometry": { "type": "Point", "coordinates": [ 35.188592252137994, 31.76810490711738 ] } },
{ "type": "Feature", "properties": { "Taz_num": "4002", "Taz_num_sh": 4002.0, "name": "בית וגן - רח' עוזיאל דרום", "in_jeru": 1, "in_metro": 1, "sector": "U. Orthodox", "apts_2020": 1138.045688, "apt_add_25": 44.95, "apt_add_30": 32.45, "apt_add_35": 24.05, "apt_add_40": 24.05, "apt_addAll": 125.5, "apts_2040": 1263.545688, "hh_2020": 4.4, "hh_2025": 4.4, "hh_2030": 4.4, "hh_2035": 4.0, "hh_2040": 4.0, "pop_2020": 5007.401025, "pop_2025": 5205.181025, "pop_2030": 5347.961025, "pop_2035": 4957.98275, "pop_2040": 5054.18275, "stud_2020": 873.9488071, "stud_2025": 1012.886554, "stud_2030": 1151.389701, "stud_2035": 1283.604972, "stud_2040": 1417.670868, "emp_2020": 214.9357488, "emp_2025": 218.4714977, "emp_2030": 233.1679947, "emp_2035": 239.5323259, "emp_2040": 247.6891563, "yesh_2020": 1299.965351, "yesh_2025": 1301.95167, "yesh_2030": 1304.351702, "yesh_2035": 1312.547664, "yesh_2040": 1312.54359, "uni_2020": 0.0, "uni_2025": 0.0, "uni_2030": 0.0, "uni_2035": 0.0, "uni_2040": 0.0 }, "geometry": { "type": "Point", "coordinates": [ 35.187954939033702, 31.764148257499048 ] } },
{ "type": "Feature", "properties": { "Taz_num": "4805", "Taz_num_sh": 4805.0, "name": "הר חרת מערב", "in_jeru": 1, "in_metro": 1, "sector": "Jewish", "apts_2020": 0.0, "apt_add_25": 0.0, "apt_add_30": 0.0, "apt_add_35": 0.0, "apt_add_40": 0.0, "apt_addAll": 0.0, "apts_2040": 0.0, "hh_2020": 0.0, "hh_2025": 0.0, "hh_2030": 0.0, "hh_2035": 0.0, "hh_2040": 0.0, "pop_2020": 0.0, "pop_2025": 0.0, "pop_2030": 0.0, "pop_2035": 0.0, "pop_2040": 0.0, "stud_2020": 0.0, "stud_2025": 0.0, "stud_2030": 0.0, "stud_2035": 0.0, "stud_2040": 0.0, "emp_2020": 0.0, "emp_2025": 0.0, "emp_2030": 0.0, "emp_2035": 0.0, "emp_2040": 0.0, "yesh_2020": 0.0, "yesh_2025": 0.0, "yesh_2030": 0.0, "yesh_2035": 0.0, "yesh_2040": 0.0, "uni_2020": 0.0, "uni_2025": 0.0, "uni_2030": 0.0, "uni_2035": 0.0, "uni_2040": 0.0 }, "geometry": { "type": "Point", "coordinates": [ 35.148579106685744, 31.785192782319307 ] } },
{ "type": "Feature", "properties": { "Taz_num": "5606", "Taz_num_sh": 5606.0, "name": "בית זית", "in_jeru": 1, "in_metro": 1, "sector": "Jewish", "apts_2020": 531.7058824, "apt_add_25": 10.0, "apt_add_30": 10.0, "apt_add_35": 10.0, "apt_add_40": 10.0, "apt_addAll": 40.0, "apts_2040": 571.7058824, "hh_2020": 3.4, "hh_2025": 3.2, "hh_2030": 3.2, "hh_2035": 3.3, "hh_2040": 3.3, "pop_2020": 1807.8, "pop_2025": 1745.2, "pop_2030": 1777.2, "pop_2035": 1859.5, "pop_2040": 1892.5, "stud_2020": 198.813843, "stud_2025": 182.2025136, "stud_2030": 162.9351981, "stud_2035": 152.5145177, "stud_2040": 144.0371275, "emp_2020": 313.0335284, "emp_2025": 335.3365378, "emp_2030": 365.9926316, "emp_2035": 402.2154484, "emp_2040": 440.0609566, "yesh_2020": 0.0, "yesh_2025": 0.0, "yesh_2030": 0.0, "yesh_2035": 0.0, "yesh_2040": 0.0, "uni_2020": 0.0, "uni_2025": 0.0, "uni_2030": 0.0, "uni_2035": 0.0, "uni_2040": 0.0 }, "geometry": { "type": "Point", "coordinates": [ 35.16220976595838, 31.784505558357854 ] } },
{ "type": "Feature", "properties": { "Taz_num": "3905", "Taz_num_sh": 3905.0, "name": "בקעה מזרח", "in_jeru": 1, "in_metro": 1, "sector": "Jewish", "apts_2020": 535.8812074, "apt_add_25": 45.0, "apt_add_30": 49.2, "apt_add_35": 45.0, "apt_add_40": 55.0, "apt_addAll": 194.2, "apts_2040": 730.0812074, "hh_2020": 2.568096707, "hh_2025": 2.460876176, "hh_2030": 2.322949942, "hh_2035": 2.20533671, "hh_2040": 2.078890462, "pop_2020": 1376.194764, "pop_2025": 1429.476725, "pop_2030": 1463.647104, "pop_2035": 1488.781369, "pop_2040": 1517.758859, "stud_2020": 344.048691, "stud_2025": 360.0332792, "stud_2030": 370.284393, "stud_2035": 377.8246725, "stud_2040": 386.5179195, "emp_2020": 334.651118, "emp_2025": 353.8416359, "emp_2030": 379.59518, "emp_2035": 404.2906159, "emp_2040": 429.7663699, "yesh_2020": 60.0, "yesh_2025": 60.0, "yesh_2030": 60.0, "yesh_2035": 60.0, "yesh_2040": 60.0, "uni_2020": 0.0, "uni_2025": 0.0, "uni_2030": 0.0, "uni_2035": 0.0, "uni_2040": 0.0 }, "geometry": { "type": "Point", "coordinates": [ 35.222587195067014, 31.759018108299241 ] } },
{ "type": "Feature", "properties": { "Taz_num": "3909", "Taz_num_sh": 3909.0, "name": "בקעה", "in_jeru": 1, "in_metro": 1, "sector": "Jewish", "apts_2020": 578.2649464, "apt_add_25": 43.9, "apt_add_30": 36.7, "apt_add_35": 89.2, "apt_add_40": 49.2, "apt_addAll": 219.0, "apts_2040": 797.2649464, "hh_2020": 2.562658052, "hh_2025": 2.429605607, "hh_2030": 2.303707409, "hh_2035": 2.181472252, "hh_2040": 2.047360557, "pop_2020": 1481.895321, "pop_2025": 1511.615443, "pop_2030": 1517.832059, "pop_2035": 1631.882923, "pop_2040": 1632.288805, "stud_2020": 370.4738302, "stud_2025": 379.3898667, "stud_2030": 381.2548515, "stud_2035": 415.4701109, "stud_2040": 415.5918753, "emp_2020": 316.5453449, "emp_2025": 321.556599, "emp_2030": 325.4220577, "emp_2035": 336.8809413, "emp_2040": 341.3971159, "yesh_2020": 0.0, "yesh_2025": 0.0, "yesh_2030": 0.0, "yesh_2035": 0.0, "yesh_2040": 0.0, "uni_2020": 0.0, "uni_2025": 0.0, "uni_2030": 0.0, "uni_2035": 0.0, "uni_2040": 0.0 }, "geometry": { "type": "Point", "coordinates": [ 35.218089780369958, 31.758455691487391 ] } },
{ "type": "Feature", "properties": { "Taz_num": "6503", "Taz_num_sh": 6503.0, "name": "ג'ולאני", "in_jeru": 1, "in_metro": 1, "sector": "Arab", "apts_2020": 768.9329827, "apt_add_25": 14.78717274, "apt_add_30": 62.38717274, "apt_add_35": 48.38717274, "apt_add_40": 35.78717274, "apt_addAll": 161.348691, "apts_2040": 930.2816736, "hh_2020": 4.2, "hh_2025": 4.2, "hh_2030": 4.2, "hh_2035": 4.2, "hh_2040": 4.2, "pop_2020": 3229.518527, "pop_2025": 3291.624653, "pop_2030": 3553.650778, "pop_2035": 3756.876904, "pop_2040": 3907.183029, "stud_2020": 871.1170207, "stud_2025": 968.2340414, "stud_2030": 1065.351062, "stud_2035": 1162.468083, "stud_2040": 1259.585104, "emp_2020": 319.5166951, "emp_2025": 329.557701, "emp_2030": 343.2639069, "emp_2035": 355.8921128, "emp_2040": 384.7691112, "yesh_2020": 0.0, "yesh_2025": 0.0, "yesh_2030": 0.0, "yesh_2035": 0.0, "yesh_2040": 0.0, "uni_2020": 0.0, "uni_2025": 0.0, "uni_2030": 0.0, "uni_2035": 0.0, "uni_2040": 0.0 }, "geometry": { "type": "Point", "coordinates": [ 35.234728677501103, 31.810595330268267 ] } },
{ "type": "Feature", "properties": { "Taz_num": "6505", "Taz_num_sh": 6505.0, "name": "א סהל", "in_jeru": 1, "in_metro": 1, "sector": "Arab", "apts_2020": 1203.291207, "apt_add_25": 151.5671386, "apt_add_30": 232.0671386, "apt_add_35": 200.7671386, "apt_add_40": 125.7671386, "apt_addAll": 710.1685544, "apts_2040": 1913.459761, "hh_2020": 4.2, "hh_2025": 4.2, "hh_2030": 4.2, "hh_2035": 4.2, "hh_2040": 4.2, "pop_2020": 5053.823068, "pop_2025": 5690.40505, "pop_2030": 6665.087032, "pop_2035": 7508.309014, "pop_2040": 8036.530996, "stud_2020": 543.6949231, "stud_2025": 796.3898461, "stud_2030": 1049.084769, "stud_2035": 1301.779692, "stud_2040": 1554.474615, "emp_2020": 240.1140889, "emp_2025": 274.9484598, "emp_2030": 315.9813308, "emp_2035": 354.6041017, "emp_2040": 370.0377226, "yesh_2020": 0.0, "yesh_2025": 0.0, "yesh_2030": 0.0, "yesh_2035": 0.0, "yesh_2040": 0.0, "uni_2020": 0.0, "uni_2025": 0.0, "uni_2030": 0.0, "uni_2035": 0.0, "uni_2040": 0.0 }, "geometry": { "type": "Point", "coordinates": [ 35.227430596834594, 31.811092740733876 ] } },
{ "type": "Feature", "properties": { "Taz_num": "5705", "Taz_num_sh": 5705.0, "name": "רמות - משעולים מערב", "in_jeru": 1, "in_metro": 1, "sector": "Jewish", "apts_2020": 287.8787879, "apt_add_25": 0.0, "apt_add_30": 0.0, "apt_add_35": 0.0, "apt_add_40": 0.0, "apt_addAll": 0.0, "apts_2040": 287.8787879, "hh_2020": 3.464252279, "hh_2025": 3.465913009, "hh_2030": 3.42543829, "hh_2035": 3.357360071, "hh_2040": 3.286336567, "pop_2020": 997.2847469, "pop_2025": 997.7628361, "pop_2030": 986.1110228, "pop_2035": 966.5127478000001, "pop_2040": 946.0665874, "stud_2020": 176.0, "stud_2025": 176.0, "stud_2030": 176.0, "stud_2035": 176.0, "stud_2040": 176.0, "emp_2020": 251.0139162, "emp_2025": 254.9446575, "emp_2030": 258.8173161, "emp_2035": 262.0964415, "emp_2040": 265.0147209, "yesh_2020": 25.0, "yesh_2025": 25.0, "yesh_2030": 25.0, "yesh_2035": 25.0, "yesh_2040": 25.0, "uni_2020": 0.0, "uni_2025": 0.0, "uni_2030": 0.0, "uni_2035": 0.0, "uni_2040": 0.0 }, "geometry": { "type": "Point", "coordinates": [ 35.19069096323701, 31.811079944557697 ] } },
{ "type": "Feature", "properties": { "Taz_num": "5704", "Taz_num_sh": 5704.0, "name": "רמות - משעולים מזרח", "in_jeru": 1, "in_metro": 1, "sector": "Jewish", "apts_2020": 351.5151515, "apt_add_25": 0.0, "apt_add_30": 0.0, "apt_add_35": 0.0, "apt_add_40": 0.0, "apt_addAll": 0.0, "apts_2040": 351.5151515, "hh_2020": 3.461405788, "hh_2025": 3.463509731, "hh_2030": 3.423487304, "hh_2035": 3.355842664, "hh_2040": 3.285080328, "pop_2020": 1216.73658, "pop_2025": 1217.476148, "pop_2030": 1203.407658, "pop_2035": 1179.629542, "pop_2040": 1154.755509, "stud_2020": 304.184145, "stud_2025": 304.4060154, "stud_2030": 300.1854685, "stud_2035": 293.0520337, "stud_2040": 285.5898238, "emp_2020": 277.9440897, "emp_2025": 281.9030134, "emp_2030": 285.3162884, "emp_2035": 287.8161203, "emp_2040": 289.9175276, "yesh_2020": 0.0, "yesh_2025": 0.0, "yesh_2030": 0.0, "yesh_2035": 0.0, "yesh_2040": 0.0, "uni_2020": 0.0, "uni_2025": 0.0, "uni_2030": 0.0, "uni_2035": 0.0, "uni_2040": 0.0 }, "geometry": { "type": "Point", "coordinates": [ 35.200195750306158, 31.808632383490856 ] } },
{ "type": "Feature", "properties": { "Taz_num": "0104", "Taz_num_sh": 104.0, "name": "מוסררה צפון", "in_jeru": 1, "in_metro": 1, "sector": "U. Orthodox", "apts_2020": 378.0, "apt_add_25": 18.0, "apt_add_30": 36.0, "apt_add_35": 18.0, "apt_add_40": 24.0, "apt_addAll": 96.0, "apts_2040": 474.0, "hh_2020": 4.768017959, "hh_2025": 4.965319958, "hh_2030": 5.116955944, "hh_2035": 5.244074983, "hh_2040": 5.250884022, "pop_2020": 1802.310789, "pop_2025": 1966.266703, "pop_2030": 2210.524968, "pop_2035": 2359.833742, "pop_2040": 2488.919027, "stud_2020": 683.2910923, "stud_2025": 819.9770054000001, "stud_2030": 868.6973184, "stud_2035": 893.7204388, "stud_2040": 885.6242429, "emp_2020": 388.0474192, "emp_2025": 413.0321047, "emp_2030": 427.9641591, "emp_2035": 438.3011988, "emp_2040": 444.3745998, "yesh_2020": 235.7100276, "yesh_2025": 234.4560229, "yesh_2030": 225.4331925, "yesh_2035": 241.7414577, "yesh_2040": 270.442791, "uni_2020": 0.0, "uni_2025": 0.0, "uni_2030": 0.0, "uni_2035": 0.0, "uni_2040": 0.0 }, "geometry": { "type": "Point", "coordinates": [ 35.226306547058343, 31.785094579852927 ] } },
{ "type": "Feature", "properties": { "Taz_num": "0013", "Taz_num_sh": 13.0, "name": "מוסררה", "in_jeru": 1, "in_metro": 1, "sector": "Jewish", "apts_2020": 507.0, "apt_add_25": 165.0, "apt_add_30": 9.0, "apt_add_35": 9.0, "apt_add_40": 9.0, "apt_addAll": 192.0, "apts_2040": 699.0, "hh_2020": 3.573964319, "hh_2025": 3.535882514, "hh_2030": 3.741335822, "hh_2035": 3.896343551, "hh_2040": 4.008548232, "pop_2020": 1811.99991, "pop_2025": 2376.113049, "pop_2030": 2547.849694, "pop_2035": 2688.47705, "pop_2040": 2801.975214, "stud_2020": 436.4574884, "stud_2025": 692.7156119, "stud_2030": 646.274704, "stud_2035": 657.0138711, "stud_2040": 648.8385857, "emp_2020": 1076.486247, "emp_2025": 1150.903084, "emp_2030": 1215.786565, "emp_2035": 1233.108066, "emp_2040": 1245.998003, "yesh_2020": 17.0, "yesh_2025": 17.0, "yesh_2030": 17.0, "yesh_2035": 17.0, "yesh_2040": 17.0, "uni_2020": 0.0, "uni_2025": 0.0, "uni_2030": 0.0, "uni_2035": 0.0, "uni_2040": 0.0 }, "geometry": { "type": "Point", "coordinates": [ 35.226068506544827, 31.781778013193605 ] } },
{ "type": "Feature", "properties": { "Taz_num": "0108", "Taz_num_sh": 108.0, "name": "זכרון משה דרום", "in_jeru": 1, "in_metro": 1, "sector": "U. Orthodox", "apts_2020": 403.4494294, "apt_add_25": 81.8, "apt_add_30": 49.8, "apt_add_35": 12.0, "apt_add_40": 12.0, "apt_addAll": 155.6, "apts_2040": 559.0494294, "hh_2020": 3.7, "hh_2025": 3.7, "hh_2030": 3.7, "hh_2035": 3.0, "hh_2040": 2.850392012, "pop_2020": 1492.762889, "pop_2025": 1795.422889, "pop_2030": 1979.682889, "pop_2035": 1641.148288, "pop_2040": 1593.510028, "stud_2020": 1161.0, "stud_2025": 1199.756435, "stud_2030": 1259.853673, "stud_2035": 1286.098011, "stud_2040": 1312.342349, "emp_2020": 989.1540783, "emp_2025": 1014.867663, "emp_2030": 1037.28386, "emp_2035": 1050.86243, "emp_2040": 1063.425687, "yesh_2020": 78.68070179, "yesh_2025": 102.6644881, "yesh_2030": 114.2077403, "yesh_2035": 113.2740136, "yesh_2040": 105.8065573, "uni_2020": 0.0, "uni_2025": 0.0, "uni_2030": 0.0, "uni_2035": 0.0, "uni_2040": 0.0 }, "geometry": { "type": "Point", "coordinates": [ 35.215529402289675, 31.78578225786287 ] } },
{ "type": "Feature", "properties": { "Taz_num": "0109", "Taz_num_sh": 109.0, "name": "זכרון משה מרכז", "in_jeru": 1, "in_metro": 1, "sector": "U. Orthodox", "apts_2020": 710.0640841, "apt_add_25": 54.0, "apt_add_30": 32.0, "apt_add_35": 32.0, "apt_add_40": 57.5, "apt_addAll": 175.5, "apts_2040": 885.5640841, "hh_2020": 3.7, "hh_2025": 3.7, "hh_2030": 3.7, "hh_2035": 3.0, "hh_2040": 2.771244311, "pop_2020": 2627.237111, "pop_2025": 2827.037111, "pop_2030": 2945.437111, "pop_2035": 2484.192252, "pop_2040": 2454.11443, "stud_2020": 2298.856596, "stud_2025": 2400.599003, "stud_2030": 2436.469226, "stud_2035": 2470.779365, "stud_2040": 2496.439732, "emp_2020": 553.4140772, "emp_2025": 570.9856827, "emp_2030": 580.5203735, "emp_2035": 589.5672544, "emp_2040": 600.6160329000001, "yesh_2020": 1128.188725, "yesh_2025": 1134.367566, "yesh_2030": 1160.760539, "yesh_2035": 1167.600639, "yesh_2040": 1163.02534, "uni_2020": 0.0, "uni_2025": 0.0, "uni_2030": 0.0, "uni_2035": 0.0, "uni_2040": 0.0 }, "geometry": { "type": "Point", "coordinates": [ 35.215842286279354, 31.787046770466375 ] } },
{ "type": "Feature", "properties": { "Taz_num": "0107", "Taz_num_sh": 107.0, "name": "שטראוס מרפאות", "in_jeru": 1, "in_metro": 1, "sector": "U. Orthodox", "apts_2020": 320.6332665, "apt_add_25": 23.8, "apt_add_30": 13.3, "apt_add_35": 0.0, "apt_add_40": 0.0, "apt_addAll": 37.1, "apts_2040": 357.7332665, "hh_2020": 3.346997337, "hh_2025": 3.478767656, "hh_2030": 3.563373965, "hh_2035": 3.616484956, "hh_2040": 3.632352783, "pop_2020": 1073.158689, "pop_2025": 1198.203307, "pop_2030": 1274.737408, "pop_2035": 1293.736977, "pop_2040": 1299.413426, "stud_2020": 750.0, "stud_2025": 750.0, "stud_2030": 750.0, "stud_2035": 750.0, "stud_2040": 750.0, "emp_2020": 995.3735624, "emp_2025": 1016.044848, "emp_2030": 1035.560752, "emp_2035": 1050.888373, "emp_2040": 1064.549579, "yesh_2020": 860.1872349, "yesh_2025": 876.2953664, "yesh_2030": 884.6875423, "yesh_2035": 888.0552529, "yesh_2040": 887.3009061, "uni_2020": 0.0, "uni_2025": 0.0, "uni_2030": 0.0, "uni_2035": 0.0, "uni_2040": 0.0 }, "geometry": { "type": "Point", "coordinates": [ 35.218886574343401, 31.785240153372214 ] } },
{ "type": "Feature", "properties": { "Taz_num": "0009", "Taz_num_sh": 9.0, "name": "בי''ח ביקור חולים", "in_jeru": 1, "in_metro": 1, "sector": "Jewish", "apts_2020": 233.6272545, "apt_add_25": 187.8, "apt_add_30": 92.4, "apt_add_35": 70.0, "apt_add_40": 0.0, "apt_addAll": 350.2, "apts_2040": 583.8272545, "hh_2020": 1.395328263, "hh_2025": 1.820419857, "hh_2030": 1.886015437, "hh_2035": 1.921705082, "hh_2040": 1.871687462, "pop_2020": 325.9867113, "pop_2025": 767.1745425, "pop_2030": 969.0861339, "pop_2035": 1121.943802, "pop_2040": 1092.742152, "stud_2020": 0.0, "stud_2025": 0.0, "stud_2030": 0.0, "stud_2035": 0.0, "stud_2040": 0.0, "emp_2020": 1509.003405, "emp_2025": 1531.80138, "emp_2030": 1587.75735, "emp_2035": 1718.703002, "emp_2040": 1727.643876, "yesh_2020": 0.0, "yesh_2025": 0.0, "yesh_2030": 0.0, "yesh_2035": 0.0, "yesh_2040": 0.0, "uni_2020": 0.0, "uni_2025": 0.0, "uni_2030": 0.0, "uni_2035": 0.0, "uni_2040": 0.0 }, "geometry": { "type": "Point", "coordinates": [ 35.216934914991953, 31.784388355910771 ] } },
{ "type": "Feature", "properties": { "Taz_num": "0015", "Taz_num_sh": 15.0, "name": "כורש", "in_jeru": 1, "in_metro": 1, "sector": "Jewish", "apts_2020": 240.0, "apt_add_25": 3.75, "apt_add_30": 39.75, "apt_add_35": 3.75, "apt_add_40": 3.75, "apt_addAll": 51.0, "apts_2040": 291.0, "hh_2020": 1.435413192, "hh_2025": 1.381096278, "hh_2030": 1.33920853, "hh_2035": 1.30138925, "hh_2040": 1.270936665, "pop_2020": 344.4991661, "pop_2025": 336.6422178, "pop_2030": 379.6656183, "pop_2035": 373.824062, "pop_2040": 369.8425696, "stud_2020": 0.0, "stud_2025": 0.0, "stud_2030": 0.0, "stud_2035": 0.0, "stud_2040": 0.0, "emp_2020": 2071.603302, "emp_2025": 2091.112169, "emp_2030": 2115.050089, "emp_2035": 2134.469805, "emp_2040": 2152.280016, "yesh_2020": 0.0, "yesh_2025": 0.0, "yesh_2030": 0.0, "yesh_2035": 0.0, "yesh_2040": 0.0, "uni_2020": 0.0, "uni_2025": 0.0, "uni_2030": 0.0, "uni_2035": 0.0, "uni_2040": 0.0 }, "geometry": { "type": "Point", "coordinates": [ 35.223073911042491, 31.779440040663172 ] } },
{ "type": "Feature", "properties": { "Taz_num": "0003", "Taz_num_sh": 3.0, "name": "בית אגרון", "in_jeru": 1, "in_metro": 1, "sector": "Jewish", "apts_2020": 300.0, "apt_add_25": 0.0, "apt_add_30": 10.8, "apt_add_35": 0.0, "apt_add_40": 0.0, "apt_addAll": 10.8, "apts_2040": 310.8, "hh_2020": 1.818697596, "hh_2025": 1.898916495, "hh_2030": 2.008423649, "hh_2035": 1.97736782, "hh_2040": 1.979278585, "pop_2020": 545.6092788, "pop_2025": 569.6749486, "pop_2030": 624.2180701, "pop_2035": 614.5659183, "pop_2040": 615.1597842, "stud_2020": 0.0, "stud_2025": 0.0, "stud_2030": 0.0, "stud_2035": 0.0, "stud_2040": 0.0, "emp_2020": 2683.846981, "emp_2025": 2740.514973, "emp_2030": 2770.196765, "emp_2035": 2796.495706, "emp_2040": 2820.135341, "yesh_2020": 25.0, "yesh_2025": 25.0, "yesh_2030": 25.0, "yesh_2035": 25.0, "yesh_2040": 25.0, "uni_2020": 0.0, "uni_2025": 0.0, "uni_2030": 0.0, "uni_2035": 0.0, "uni_2040": 0.0 }, "geometry": { "type": "Point", "coordinates": [ 35.220946714863778, 31.778910454970507 ] } },
{ "type": "Feature", "properties": { "Taz_num": "0509", "Taz_num_sh": 509.0, "name": "גימנסיה רחביה", "in_jeru": 1, "in_metro": 1, "sector": "Jewish", "apts_2020": 292.0, "apt_add_25": 5.0, "apt_add_30": 5.0, "apt_add_35": 5.0, "apt_add_40": 5.0, "apt_addAll": 20.0, "apts_2040": 312.0, "hh_2020": 1.844283994, "hh_2025": 1.760195608, "hh_2030": 1.702128675, "hh_2035": 1.631889357, "hh_2040": 1.595629979, "pop_2020": 538.5309262, "pop_2025": 522.7780954, "pop_2030": 514.0428599000001, "pop_2035": 500.9900326, "pop_2040": 497.8365534, "stud_2020": 1896.0, "stud_2025": 1891.274151, "stud_2030": 1888.65358, "stud_2035": 1884.737732, "stud_2040": 1883.791688, "emp_2020": 498.784, "emp_2025": 498.7357972, "emp_2030": 498.8805782, "emp_2035": 498.9066254, "emp_2040": 499.2049048, "yesh_2020": 0.0, "yesh_2025": 0.0, "yesh_2030": 0.0, "yesh_2035": 0.0, "yesh_2040": 0.0, "uni_2020": 0.0, "uni_2025": 0.0, "uni_2030": 0.0, "uni_2035": 0.0, "uni_2040": 0.0 }, "geometry": { "type": "Point", "coordinates": [ 35.214026011639589, 31.777957418982421 ] } },
{ "type": "Feature", "properties": { "Taz_num": "5201", "Taz_num_sh": 5201.0, "name": "קרית בעלז", "in_jeru": 1, "in_metro": 1, "sector": "U. Orthodox", "apts_2020": 688.9070872, "apt_add_25": 60.29166667, "apt_add_30": 37.79166667, "apt_add_35": 37.79166667, "apt_add_40": 37.79166667, "apt_addAll": 173.6666667, "apts_2040": 862.5737539, "hh_2020": 5.987420132, "hh_2025": 6.10273621, "hh_2030": 6.219810296, "hh_2035": 6.30389591, "hh_2040": 6.273820561, "pop_2020": 4124.776163, "pop_2025": 4572.162364, "pop_2030": 4894.93112, "pop_2035": 5199.340426, "pop_2040": 5411.632953, "stud_2020": 663.2921068000001, "stud_2025": 842.2942585, "stud_2030": 1003.97457, "stud_2035": 1179.975014, "stud_2040": 1365.343822, "emp_2020": 663.2115195, "emp_2025": 731.9447141000001, "emp_2030": 776.8988085, "emp_2035": 822.2655628, "emp_2040": 866.5124751, "yesh_2020": 661.7923739, "yesh_2025": 625.9918585, "yesh_2030": 612.6848376, "yesh_2035": 663.9768978, "yesh_2040": 679.6314531, "uni_2020": 0.0, "uni_2025": 0.0, "uni_2030": 0.0, "uni_2035": 0.0, "uni_2040": 0.0 }, "geometry": { "type": "Point", "coordinates": [ 35.207603394815308, 31.79717469365837 ] } },
{ "type": "Feature", "properties": { "Taz_num": "5214", "Taz_num_sh": 5214.0, "name": "רב שפע", "in_jeru": 1, "in_metro": 1, "sector": "U. Orthodox", "apts_2020": 265.9090909, "apt_add_25": 31.5, "apt_add_30": 31.5, "apt_add_35": 31.5, "apt_add_40": 31.5, "apt_addAll": 126.0, "apts_2040": 391.9090909, "hh_2020": 5.935427801, "hh_2025": 6.149026612, "hh_2030": 6.426792095, "hh_2035": 6.654413433, "hh_2040": 6.656813647, "pop_2020": 1578.284211, "pop_2025": 1828.776415, "pop_2030": 2113.830345, "pop_2035": 2398.311096, "pop_2040": 2608.865785, "stud_2020": 2927.0, "stud_2025": 3273.736923, "stud_2030": 3620.473846, "stud_2035": 3967.210769, "stud_2040": 4313.947692, "emp_2020": 948.4248121000001, "emp_2025": 967.066073, "emp_2030": 984.1294766, "emp_2035": 1002.839348, "emp_2040": 1024.460759, "yesh_2020": 2066.806695, "yesh_2025": 2054.922604, "yesh_2030": 2052.829617, "yesh_2035": 2074.484892, "yesh_2040": 2078.530803, "uni_2020": 0.0, "uni_2025": 0.0, "uni_2030": 0.0, "uni_2035": 0.0, "uni_2040": 0.0 }, "geometry": { "type": "Point", "coordinates": [ 35.210176044969671, 31.794473183375736 ] } },
{ "type": "Feature", "properties": { "Taz_num": "0705", "Taz_num_sh": 705.0, "name": "מלונות שדרות הרצל", "in_jeru": 1, "in_metro": 1, "sector": "Jewish", "apts_2020": 0.0, "apt_add_25": 0.0, "apt_add_30": 0.0, "apt_add_35": 50.0, "apt_add_40": 0.0, "apt_addAll": 50.0, "apts_2040": 50.0, "hh_2020": 1.8, "hh_2025": 1.8, "hh_2030": 1.8, "hh_2035": 1.8, "hh_2040": 1.8, "pop_2020": 0.0, "pop_2025": 0.0, "pop_2030": 0.0, "pop_2035": 90.0, "pop_2040": 90.0, "stud_2020": 0.0, "stud_2025": 0.0, "stud_2030": 0.0, "stud_2035": 0.0, "stud_2040": 0.0, "emp_2020": 923.3945331, "emp_2025": 997.0000425, "emp_2030": 1070.060474, "emp_2035": 1143.393445, "emp_2040": 1216.726416, "yesh_2020": 0.0, "yesh_2025": 0.0, "yesh_2030": 0.0, "yesh_2035": 0.0, "yesh_2040": 0.0, "uni_2020": 0.0, "uni_2025": 0.0, "uni_2030": 0.0, "uni_2035": 0.0, "uni_2040": 0.0 }, "geometry": { "type": "Point", "coordinates": [ 35.197126182287988, 31.784026474916399 ] } },
{ "type": "Feature", "properties": { "Taz_num": "4907", "Taz_num_sh": 4907.0, "name": "בית הכרם צפון", "in_jeru": 1, "in_metro": 1, "sector": "Jewish", "apts_2020": 270.3650124, "apt_add_25": 206.6, "apt_add_30": 21.1, "apt_add_35": 21.1, "apt_add_40": 21.1, "apt_addAll": 269.9, "apts_2040": 540.2650124, "hh_2020": 2.471000371, "hh_2025": 2.52825287, "hh_2030": 2.500181005, "hh_2035": 2.467478969, "hh_2040": 2.41914381, "pop_2020": 668.0720461, "pop_2025": 1205.888161, "pop_2030": 1245.252683, "pop_2035": 1281.028749, "pop_2040": 1306.978761, "stud_2020": 0.0, "stud_2025": 0.0, "stud_2030": 0.0, "stud_2035": 0.0, "stud_2040": 0.0, "emp_2020": 175.1259084, "emp_2025": 203.8857714, "emp_2030": 206.9173122, "emp_2035": 209.7988108, "emp_2040": 212.4636657, "yesh_2020": 0.0, "yesh_2025": 0.0, "yesh_2030": 0.0, "yesh_2035": 0.0, "yesh_2040": 0.0, "uni_2020": 0.0, "uni_2025": 0.0, "uni_2030": 0.0, "uni_2035": 0.0, "uni_2040": 0.0 }, "geometry": { "type": "Point", "coordinates": [ 35.194627036051024, 31.782403570339227 ] } },
{ "type": "Feature", "properties": { "Taz_num": "0607", "Taz_num_sh": 607.0, "name": "גבעת רם - מטע_מ", "in_jeru": 1, "in_metro": 1, "sector": "Jewish", "apts_2020": 0.0, "apt_add_25": 0.0, "apt_add_30": 0.0, "apt_add_35": 0.0, "apt_add_40": 400.0, "apt_addAll": 400.0, "apts_2040": 400.0, "hh_2020": 1.5, "hh_2025": 1.5, "hh_2030": 2.0, "hh_2035": 2.0, "hh_2040": 2.0, "pop_2020": 0.0, "pop_2025": 0.0, "pop_2030": 0.0, "pop_2035": 0.0, "pop_2040": 800.0, "stud_2020": 0.0, "stud_2025": 0.0, "stud_2030": 0.0, "stud_2035": 0.0, "stud_2040": 240.0, "emp_2020": 0.0, "emp_2025": 0.0, "emp_2030": 0.0, "emp_2035": 0.0, "emp_2040": 30.8, "yesh_2020": 0.0, "yesh_2025": 0.0, "yesh_2030": 0.0, "yesh_2035": 0.0, "yesh_2040": 0.0, "uni_2020": 0.0, "uni_2025": 0.0, "uni_2030": 0.0, "uni_2035": 0.0, "uni_2040": 0.0 }, "geometry": { "type": "Point", "coordinates": [ 35.195522091876924, 31.768594259540389 ] } },
{ "type": "Feature", "properties": { "Taz_num": "0606", "Taz_num_sh": 606.0, "name": "גבעת רם - מעונות", "in_jeru": 1, "in_metro": 1, "sector": "Jewish", "apts_2020": 400.0, "apt_add_25": 0.0, "apt_add_30": 0.0, "apt_add_35": 0.0, "apt_add_40": 0.0, "apt_addAll": 0.0, "apts_2040": 400.0, "hh_2020": 1.5, "hh_2025": 1.5, "hh_2030": 1.5, "hh_2035": 1.5, "hh_2040": 1.5, "pop_2020": 600.0, "pop_2025": 600.0, "pop_2030": 600.0, "pop_2035": 600.0, "pop_2040": 600.0, "stud_2020": 0.0, "stud_2025": 0.0, "stud_2030": 0.0, "stud_2035": 0.0, "stud_2040": 0.0, "emp_2020": 558.8, "emp_2025": 636.1655164, "emp_2030": 712.9581109, "emp_2035": 790.0371663, "emp_2040": 867.1162218, "yesh_2020": 0.0, "yesh_2025": 0.0, "yesh_2030": 0.0, "yesh_2035": 0.0, "yesh_2040": 0.0, "uni_2020": 0.0, "uni_2025": 0.0, "uni_2030": 0.0, "uni_2035": 0.0, "uni_2040": 0.0 }, "geometry": { "type": "Point", "coordinates": [ 35.199076343815328, 31.768655171667596 ] } },
{ "type": "Feature", "properties": { "Taz_num": "4103", "Taz_num_sh": 4103.0, "name": "מכללות - מורדות בית וגן", "in_jeru": 1, "in_metro": 1, "sector": "Jewish", "apts_2020": 51.0, "apt_add_25": 0.0, "apt_add_30": 0.0, "apt_add_35": 0.0, "apt_add_40": 0.0, "apt_addAll": 0.0, "apts_2040": 51.0, "hh_2020": 4.5, "hh_2025": 4.5, "hh_2030": 4.5, "hh_2035": 4.5, "hh_2040": 4.5, "pop_2020": 229.5, "pop_2025": 229.5, "pop_2030": 229.5, "pop_2035": 229.5, "pop_2040": 229.5, "stud_2020": 985.0, "stud_2025": 985.0, "stud_2030": 985.0, "stud_2035": 985.0, "stud_2040": 985.0, "emp_2020": 1115.882727, "emp_2025": 1308.060359, "emp_2030": 1501.188888, "emp_2035": 2043.213149, "emp_2040": 2404.194489, "yesh_2020": 80.0, "yesh_2025": 80.0, "yesh_2030": 80.0, "yesh_2035": 80.0, "yesh_2040": 80.0, "uni_2020": 5592.26, "uni_2025": 6031.5353, "uni_2030": 6505.344712, "uni_2035": 7016.40537, "uni_2040": 7567.648362 }, "geometry": { "type": "Point", "coordinates": [ 35.19183517812349, 31.764621594735722 ] } },
{ "type": "Feature", "properties": { "Taz_num": "3107", "Taz_num_sh": 3107.0, "name": "תלפיות - גשר", "in_jeru": 1, "in_metro": 1, "sector": "Jewish", "apts_2020": 256.7642045, "apt_add_25": 0.0, "apt_add_30": 21.9, "apt_add_35": 137.95, "apt_add_40": 49.12397965, "apt_addAll": 208.9739797, "apts_2040": 465.7381842, "hh_2020": 2.741874024, "hh_2025": 2.741874024, "hh_2030": 2.741874024, "hh_2035": 2.741874024, "hh_2040": 2.741874024, "pop_2020": 704.0151028, "pop_2025": 704.0151028, "pop_2030": 764.0621439, "pop_2035": 1142.303666, "pop_2040": 1276.995429, "stud_2020": 106.0707751, "stud_2025": 117.478844, "stud_2030": 127.4988804, "stud_2035": 190.6159592, "stud_2040": 213.0919439, "emp_2020": 45.39789568, "emp_2025": 46.06854527, "emp_2030": 48.10620273, "emp_2035": 63.93305953, "emp_2040": 69.29556115, "yesh_2020": 0.0, "yesh_2025": 0.0, "yesh_2030": 0.0, "yesh_2035": 0.0, "yesh_2040": 0.0, "uni_2020": 0.0, "uni_2025": 0.0, "uni_2030": 0.0, "uni_2035": 0.0, "uni_2040": 0.0 }, "geometry": { "type": "Point", "coordinates": [ 35.219247692452484, 31.749172541956238 ] } },
{ "type": "Feature", "properties": { "Taz_num": "5503", "Taz_num_sh": 5503.0, "name": "פי גלילות", "in_jeru": 1, "in_metro": 1, "sector": "U. Orthodox", "apts_2020": 0.0, "apt_add_25": 0.0, "apt_add_30": 0.0, "apt_add_35": 768.0, "apt_add_40": 0.0, "apt_addAll": 768.0, "apts_2040": 768.0, "hh_2020": 0.0, "hh_2025": 0.0, "hh_2030": 0.0, "hh_2035": 5.0, "hh_2040": 5.0, "pop_2020": 0.0, "pop_2025": 0.0, "pop_2030": 0.0, "pop_2035": 3840.0, "pop_2040": 3840.0, "stud_2020": 0.0, "stud_2025": 0.0, "stud_2030": 0.0, "stud_2035": 1572.351231, "stud_2040": 1878.647689, "emp_2020": 0.0, "emp_2025": 0.0, "emp_2030": 0.0, "emp_2035": 574.2843759, "emp_2040": 614.0313974, "yesh_2020": 0.0, "yesh_2025": 0.0, "yesh_2030": 0.0, "yesh_2035": 343.7954479, "yesh_2040": 199.1732574, "uni_2020": 0.0, "uni_2025": 0.0, "uni_2030": 0.0, "uni_2035": 0.0, "uni_2040": 0.0 }, "geometry": { "type": "Point", "coordinates": [ 35.182004345892423, 31.782849976057246 ] } },
{ "type": "Feature", "properties": { "Taz_num": "4403", "Taz_num_sh": 4403.0, "name": "רמת שרת", "in_jeru": 1, "in_metro": 1, "sector": "Jewish", "apts_2020": 870.3194732, "apt_add_25": 14.98333333, "apt_add_30": 14.98333333, "apt_add_35": 14.98333333, "apt_add_40": 14.98333333, "apt_addAll": 59.93333333, "apts_2040": 930.2528065, "hh_2020": 3.413447132, "hh_2025": 3.367020837, "hh_2030": 3.293521715, "hh_2035": 3.209955929, "hh_2040": 3.13127519, "pop_2020": 2970.78951, "pop_2025": 2980.832997, "pop_2030": 2965.111951, "pop_2035": 2937.974672, "pop_2040": 2912.877534, "stud_2020": 60.0, "stud_2025": 119.2333199, "stud_2030": 118.6044781, "stud_2035": 117.5189869, "stud_2040": 116.5151014, "emp_2020": 316.205648, "emp_2025": 326.6686212, "emp_2030": 331.3431544, "emp_2035": 335.3850212, "emp_2040": 339.1681006, "yesh_2020": 142.0, "yesh_2025": 142.0, "yesh_2030": 142.0, "yesh_2035": 142.0, "yesh_2040": 142.0, "uni_2020": 0.0, "uni_2025": 0.0, "uni_2030": 0.0, "uni_2035": 0.0, "uni_2040": 0.0 }, "geometry": { "type": "Point", "coordinates": [ 35.186802596717051, 31.757926706511231 ] } },
{ "type": "Feature", "properties": { "Taz_num": "6701", "Taz_num_sh": 6701.0, "name": "עטרות מזרח", "in_jeru": 1, "in_metro": 1, "sector": "Arab", "apts_2020": 0.0, "apt_add_25": 0.0, "apt_add_30": 0.0, "apt_add_35": 0.0, "apt_add_40": 0.0, "apt_addAll": 0.0, "apts_2040": 0.0, "hh_2020": 0.0, "hh_2025": 0.0, "hh_2030": 0.0, "hh_2035": 0.0, "hh_2040": 0.0, "pop_2020": 0.0, "pop_2025": 0.0, "pop_2030": 0.0, "pop_2035": 0.0, "pop_2040": 0.0, "stud_2020": 0.0, "stud_2025": 0.0, "stud_2030": 0.0, "stud_2035": 0.0, "stud_2040": 0.0, "emp_2020": 27.16512358, "emp_2025": 27.16512358, "emp_2030": 27.16512358, "emp_2035": 27.16512358, "emp_2040": 3571.0, "yesh_2020": 0.0, "yesh_2025": 0.0, "yesh_2030": 0.0, "yesh_2035": 0.0, "yesh_2040": 0.0, "uni_2020": 0.0, "uni_2025": 0.0, "uni_2030": 0.0, "uni_2035": 0.0, "uni_2040": 0.0 }, "geometry": { "type": "Point", "coordinates": [ 35.224306504644744, 31.859165848530058 ] } },
{ "type": "Feature", "properties": { "Taz_num": "6703", "Taz_num_sh": 6703.0, "name": "א_ת עטרות", "in_jeru": 1, "in_metro": 1, "sector": "Arab", "apts_2020": 0.0, "apt_add_25": 0.0, "apt_add_30": 0.0, "apt_add_35": 0.0, "apt_add_40": 0.0, "apt_addAll": 0.0, "apts_2040": 0.0, "hh_2020": 0.0, "hh_2025": 0.0, "hh_2030": 0.0, "hh_2035": 0.0, "hh_2040": 0.0, "pop_2020": 0.0, "pop_2025": 0.0, "pop_2030": 0.0, "pop_2035": 0.0, "pop_2040": 0.0, "stud_2020": 644.0, "stud_2025": 644.0, "stud_2030": 644.0, "stud_2035": 644.0, "stud_2040": 644.0, "emp_2020": 5856.057087, "emp_2025": 5856.057087, "emp_2030": 5856.057087, "emp_2035": 5856.057087, "emp_2040": 9032.3355, "yesh_2020": 0.0, "yesh_2025": 0.0, "yesh_2030": 0.0, "yesh_2035": 0.0, "yesh_2040": 0.0, "uni_2020": 0.0, "uni_2025": 0.0, "uni_2030": 0.0, "uni_2035": 0.0, "uni_2040": 0.0 }, "geometry": { "type": "Point", "coordinates": [ 35.218025535033711, 31.856174828337785 ] } },
{ "type": "Feature", "properties": { "Taz_num": "6702", "Taz_num_sh": 6702.0, "name": "עטרות דרום", "in_jeru": 1, "in_metro": 1, "sector": "Arab", "apts_2020": 0.0, "apt_add_25": 0.0, "apt_add_30": 0.0, "apt_add_35": 0.0, "apt_add_40": 0.0, "apt_addAll": 0.0, "apts_2040": 0.0, "hh_2020": 0.0, "hh_2025": 0.0, "hh_2030": 0.0, "hh_2035": 0.0, "hh_2040": 0.0, "pop_2020": 0.0, "pop_2025": 0.0, "pop_2030": 0.0, "pop_2035": 0.0, "pop_2040": 0.0, "stud_2020": 0.0, "stud_2025": 0.0, "stud_2030": 0.0, "stud_2035": 0.0, "stud_2040": 0.0, "emp_2020": 1474.100197, "emp_2025": 1474.100197, "emp_2030": 1474.100197, "emp_2035": 1474.100197, "emp_2040": 1538.62255, "yesh_2020": 0.0, "yesh_2025": 0.0, "yesh_2030": 0.0, "yesh_2035": 0.0, "yesh_2040": 0.0, "uni_2020": 0.0, "uni_2025": 0.0, "uni_2030": 0.0, "uni_2035": 0.0, "uni_2040": 0.0 }, "geometry": { "type": "Point", "coordinates": [ 35.220826862880656, 31.850907805397767 ] } },
{ "type": "Feature", "properties": { "Taz_num": "6610", "Taz_num_sh": 6610.0, "name": "בית חנינא החדשה", "in_jeru": 1, "in_metro": 1, "sector": "Arab", "apts_2020": 258.0303946, "apt_add_25": 39.16212297, "apt_add_30": 4.962122974, "apt_add_35": 4.962122974, "apt_add_40": 4.962122974, "apt_addAll": 54.0484919, "apts_2040": 312.0788865, "hh_2020": 4.0, "hh_2025": 4.0, "hh_2030": 4.0, "hh_2035": 4.0, "hh_2040": 4.0, "pop_2020": 1032.121579, "pop_2025": 1188.77007, "pop_2030": 1208.618562, "pop_2035": 1228.467054, "pop_2040": 1248.315546, "stud_2020": 3744.0, "stud_2025": 3744.0, "stud_2030": 3744.0, "stud_2035": 3744.0, "stud_2040": 3744.0, "emp_2020": 115.2844286, "emp_2025": 118.299912, "emp_2030": 118.6819955, "emp_2035": 119.064079, "emp_2040": 147.4100713, "yesh_2020": 0.0, "yesh_2025": 0.0, "yesh_2030": 0.0, "yesh_2035": 0.0, "yesh_2040": 0.0, "uni_2020": 0.0, "uni_2025": 0.0, "uni_2030": 0.0, "uni_2035": 0.0, "uni_2040": 0.0 }, "geometry": { "type": "Point", "coordinates": [ 35.231811285156418, 31.84038656653869 ] } },
{ "type": "Feature", "properties": { "Taz_num": "6001", "Taz_num_sh": 6001.0, "name": "נוה יעקב - מוסדות חינוך", "in_jeru": 1, "in_metro": 1, "sector": "U. Orthodox", "apts_2020": 0.0, "apt_add_25": 0.0, "apt_add_30": 0.0, "apt_add_35": 0.0, "apt_add_40": 0.0, "apt_addAll": 0.0, "apts_2040": 0.0, "hh_2020": 0.0, "hh_2025": 0.0, "hh_2030": 0.0, "hh_2035": 0.0, "hh_2040": 0.0, "pop_2020": 0.0, "pop_2025": 0.0, "pop_2030": 0.0, "pop_2035": 0.0, "pop_2040": 0.0, "stud_2020": 969.0, "stud_2025": 969.0, "stud_2030": 969.0, "stud_2035": 969.0, "stud_2040": 969.0, "emp_2020": 242.1297048, "emp_2025": 245.8371507, "emp_2030": 249.834095, "emp_2035": 253.4948476, "emp_2040": 256.8380861, "yesh_2020": 0.0, "yesh_2025": 0.0, "yesh_2030": 0.0, "yesh_2035": 0.0, "yesh_2040": 0.0, "uni_2020": 0.0, "uni_2025": 0.0, "uni_2030": 0.0, "uni_2035": 0.0, "uni_2040": 0.0 }, "geometry": { "type": "Point", "coordinates": [ 35.239913625284224, 31.837851887085026 ] } },
{ "type": "Feature", "properties": { "Taz_num": "6210", "Taz_num_sh": 6210.0, "name": "פסגת זאב צפון - דרום מזרח", "in_jeru": 1, "in_metro": 1, "sector": "Jewish", "apts_2020": 271.0602529, "apt_add_25": 0.0, "apt_add_30": 0.0, "apt_add_35": 0.0, "apt_add_40": 0.0, "apt_addAll": 0.0, "apts_2040": 271.0602529, "hh_2020": 3.605382291, "hh_2025": 3.596812393, "hh_2030": 3.584717656, "hh_2035": 3.547426446, "hh_2040": 3.505729727, "pop_2020": 977.2758358, "pop_2025": 974.9528771, "pop_2030": 971.6744747, "pop_2035": 961.5663097, "pop_2040": 950.2639865, "stud_2020": 0.0, "stud_2025": 0.0, "stud_2030": 0.0, "stud_2035": 0.0, "stud_2040": 0.0, "emp_2020": 73.58045968, "emp_2025": 73.58045968, "emp_2030": 73.58045968, "emp_2035": 73.58045968, "emp_2040": 77.38200797, "yesh_2020": 0.0, "yesh_2025": 0.0, "yesh_2030": 0.0, "yesh_2035": 0.0, "yesh_2040": 0.0, "uni_2020": 0.0, "uni_2025": 0.0, "uni_2030": 0.0, "uni_2035": 0.0, "uni_2040": 0.0 }, "geometry": { "type": "Point", "coordinates": [ 35.237164930075984, 31.830885098037474 ] } },
{ "type": "Feature", "properties": { "Taz_num": "6209", "Taz_num_sh": 6209.0, "name": "פסגת זאב צפון - צפון מזרח", "in_jeru": 1, "in_metro": 1, "sector": "Jewish", "apts_2020": 627.1978116, "apt_add_25": 121.5, "apt_add_30": 36.8, "apt_add_35": 15.0, "apt_add_40": 0.0, "apt_addAll": 173.3, "apts_2040": 800.4978116, "hh_2020": 3.605382291, "hh_2025": 3.461588833, "hh_2030": 3.316121731, "hh_2035": 3.233769498, "hh_2040": 3.202197615, "pop_2020": 2261.287883, "pop_2025": 2591.683984, "pop_2030": 2604.806363, "pop_2035": 2588.625406, "pop_2040": 2563.352183, "stud_2020": 85.0, "stud_2025": 85.0, "stud_2030": 85.0, "stud_2035": 85.0, "stud_2040": 85.0, "emp_2020": 94.06420524000001, "emp_2025": 103.4197052, "emp_2030": 106.2533052, "emp_2035": 107.4083052, "emp_2040": 109.0094868, "yesh_2020": 0.0, "yesh_2025": 0.0, "yesh_2030": 0.0, "yesh_2035": 0.0, "yesh_2040": 0.0, "uni_2020": 0.0, "uni_2025": 0.0, "uni_2030": 0.0, "uni_2035": 0.0, "uni_2040": 0.0 }, "geometry": { "type": "Point", "coordinates": [ 35.236156797885094, 31.834241687510278 ] } },
{ "type": "Feature", "properties": { "Taz_num": "6207", "Taz_num_sh": 6207.0, "name": "פסגת זאב צפון - צפון מערב", "in_jeru": 1, "in_metro": 1, "sector": "Jewish", "apts_2020": 955.520331, "apt_add_25": 0.0, "apt_add_30": 0.0, "apt_add_35": 0.0, "apt_add_40": 0.0, "apt_addAll": 0.0, "apts_2040": 955.520331, "hh_2020": 3.324321077, "hh_2025": 3.322887243, "hh_2030": 3.292958416, "hh_2035": 3.267058419, "hh_2040": 3.241147352, "pop_2020": 3176.456376, "pop_2025": 3175.086319, "pop_2030": 3146.488715, "pop_2035": 3121.740742, "pop_2040": 3096.982191, "stud_2020": 379.1905239, "stud_2025": 454.3810478, "stud_2030": 529.5715717, "stud_2035": 604.7620956, "stud_2040": 679.9526195, "emp_2020": 114.9644475, "emp_2025": 121.8569122, "emp_2030": 128.7493769, "emp_2035": 135.6418416, "emp_2040": 113.23918, "yesh_2020": 0.0, "yesh_2025": 0.0, "yesh_2030": 0.0, "yesh_2035": 0.0, "yesh_2040": 0.0, "uni_2020": 0.0, "uni_2025": 0.0, "uni_2030": 0.0, "uni_2035": 0.0, "uni_2040": 0.0 }, "geometry": { "type": "Point", "coordinates": [ 35.232738230356411, 31.835480716956418 ] } },
{ "type": "Feature", "properties": { "Taz_num": "6206", "Taz_num_sh": 6206.0, "name": "פסגת זאב צפון - דרום", "in_jeru": 1, "in_metro": 1, "sector": "Jewish", "apts_2020": 631.5070536, "apt_add_25": 337.8, "apt_add_30": 94.4, "apt_add_35": 16.0, "apt_add_40": 0.0, "apt_addAll": 448.2, "apts_2040": 1079.707054, "hh_2020": 3.043907336, "hh_2025": 2.982151737, "hh_2030": 3.03581523, "hh_2035": 3.057937048, "hh_2040": 3.052633584, "pop_2020": 1922.248953, "pop_2025": 2890.620713, "pop_2030": 3229.218073, "pop_2035": 3301.6762, "pop_2040": 3295.950013, "stud_2020": 480.5622383, "stud_2025": 771.0737664, "stud_2030": 872.6529743, "stud_2035": 894.3904124, "stud_2040": 892.6725563, "emp_2020": 92.67758164, "emp_2025": 145.318405, "emp_2030": 161.8986324, "emp_2035": 165.1232309, "emp_2040": 88.69713935, "yesh_2020": 0.0, "yesh_2025": 0.0, "yesh_2030": 0.0, "yesh_2035": 0.0, "yesh_2040": 0.0, "uni_2020": 0.0, "uni_2025": 0.0, "uni_2030": 0.0, "uni_2035": 0.0, "uni_2040": 0.0 }, "geometry": { "type": "Point", "coordinates": [ 35.237520049521628, 31.828563950577973 ] } },
{ "type": "Feature", "properties": { "Taz_num": "6602", "Taz_num_sh": 6602.0, "name": "אל קינדי", "in_jeru": 1, "in_metro": 1, "sector": "Arab", "apts_2020": 820.8029428, "apt_add_25": 35.36928736, "apt_add_30": 25.76928736, "apt_add_35": 15.56928736, "apt_add_40": 15.56928736, "apt_addAll": 92.27714945, "apts_2040": 913.0800922, "hh_2020": 4.0, "hh_2025": 4.0, "hh_2030": 4.0, "hh_2035": 4.0, "hh_2040": 4.0, "pop_2020": 3283.211771, "pop_2025": 3424.688921, "pop_2030": 3527.76607, "pop_2035": 3590.04322, "pop_2040": 3652.320369, "stud_2020": 1989.0, "stud_2025": 1989.0, "stud_2030": 1989.0, "stud_2035": 1989.0, "stud_2040": 1989.0, "emp_2020": 172.4177902, "emp_2025": 175.1412254, "emp_2030": 177.1254605, "emp_2035": 178.3242956, "emp_2040": 194.0067897, "yesh_2020": 0.0, "yesh_2025": 0.0, "yesh_2030": 0.0, "yesh_2035": 0.0, "yesh_2040": 0.0, "uni_2020": 0.0, "uni_2025": 0.0, "uni_2030": 0.0, "uni_2035": 0.0, "uni_2040": 0.0 }, "geometry": { "type": "Point", "coordinates": [ 35.230168902679779, 31.833863517260127 ] } },
{ "type": "Feature", "properties": { "Taz_num": "6603", "Taz_num_sh": 6603.0, "name": "אל הילאל", "in_jeru": 1, "in_metro": 1, "sector": "Arab", "apts_2020": 1201.35237, "apt_add_25": 37.04908403, "apt_add_30": 35.64908403, "apt_add_35": 22.64908403, "apt_add_40": 22.64908403, "apt_addAll": 117.9963361, "apts_2040": 1319.348706, "hh_2020": 4.0, "hh_2025": 4.0, "hh_2030": 4.0, "hh_2035": 4.0, "hh_2040": 4.0, "pop_2020": 4805.409478, "pop_2025": 4953.605814, "pop_2030": 5096.20215, "pop_2035": 5186.798486, "pop_2040": 5277.394822, "stud_2020": 622.7923561, "stud_2025": 722.5847122, "stud_2030": 822.3770684, "stud_2035": 922.1694245, "stud_2040": 1021.961781, "emp_2020": 251.6862561, "emp_2025": 263.6866682, "emp_2030": 275.5792804, "emp_2035": 286.4708925, "emp_2040": 277.4301432, "yesh_2020": 0.0, "yesh_2025": 0.0, "yesh_2030": 0.0, "yesh_2035": 0.0, "yesh_2040": 0.0, "uni_2020": 0.0, "uni_2025": 0.0, "uni_2030": 0.0, "uni_2035": 0.0, "uni_2040": 0.0 }, "geometry": { "type": "Point", "coordinates": [ 35.23218834558871, 31.829458166237877 ] } },
{ "type": "Feature", "properties": { "Taz_num": "6604", "Taz_num_sh": 6604.0, "name": "טאה חוסיין", "in_jeru": 1, "in_metro": 1, "sector": "Arab", "apts_2020": 453.1175886, "apt_add_25": 87.0291844, "apt_add_30": 188.6291844, "apt_add_35": 158.8291844, "apt_add_40": 164.8291844, "apt_addAll": 599.3167376, "apts_2040": 1052.434326, "hh_2020": 4.0, "hh_2025": 4.0, "hh_2030": 4.0, "hh_2035": 4.0, "hh_2040": 4.0, "pop_2020": 1812.470354, "pop_2025": 2160.587092, "pop_2030": 2915.10383, "pop_2035": 3550.420567, "pop_2040": 4209.737305, "stud_2020": 853.0, "stud_2025": 853.0, "stud_2030": 792.6631149, "stud_2035": 948.2542966, "stud_2040": 1086.948081, "emp_2020": 168.5953009, "emp_2025": 175.296548, "emp_2030": 184.2901141, "emp_2035": 210.7824863, "emp_2040": 769.2868902, "yesh_2020": 0.0, "yesh_2025": 0.0, "yesh_2030": 0.0, "yesh_2035": 0.0, "yesh_2040": 0.0, "uni_2020": 0.0, "uni_2025": 0.0, "uni_2030": 0.0, "uni_2035": 0.0, "uni_2040": 0.0 }, "geometry": { "type": "Point", "coordinates": [ 35.227071620557233, 31.832294994979275 ] } },
{ "type": "Feature", "properties": { "Taz_num": "6605", "Taz_num_sh": 6605.0, "name": "בית חנינא דרום", "in_jeru": 1, "in_metro": 1, "sector": "Arab", "apts_2020": 259.1307201, "apt_add_25": 39.56789846, "apt_add_30": 4.767898464, "apt_add_35": 4.767898464, "apt_add_40": 4.767898464, "apt_addAll": 53.87159385, "apts_2040": 313.002314, "hh_2020": 4.0, "hh_2025": 4.0, "hh_2030": 4.0, "hh_2035": 4.0, "hh_2040": 4.0, "pop_2020": 1036.52288, "pop_2025": 1194.794474, "pop_2030": 1213.866068, "pop_2035": 1232.937662, "pop_2040": 1252.009256, "stud_2020": 2545.2, "stud_2025": 2672.46, "stud_2030": 2806.083, "stud_2035": 2946.38715, "stud_2040": 3093.706508, "emp_2020": 199.1637904, "emp_2025": 213.8760185, "emp_2030": 226.4919217, "emp_2035": 239.7202637, "emp_2040": 324.1277921, "yesh_2020": 0.0, "yesh_2025": 0.0, "yesh_2030": 0.0, "yesh_2035": 0.0, "yesh_2040": 0.0, "uni_2020": 3150.0, "uni_2025": 3307.5, "uni_2030": 3472.875, "uni_2035": 3646.51875, "uni_2040": 3828.844688 }, "geometry": { "type": "Point", "coordinates": [ 35.220999896946644, 31.83054406439372 ] } },
{ "type": "Feature", "properties": { "Taz_num": "6606", "Taz_num_sh": 6606.0, "name": "בית חנינא צפון", "in_jeru": 1, "in_metro": 1, "sector": "Arab", "apts_2020": 859.5536291, "apt_add_25": 173.9971852, "apt_add_30": 170.6971852, "apt_add_35": 168.5971852, "apt_add_40": 154.1971852, "apt_addAll": 667.4887407, "apts_2040": 1527.04237, "hh_2020": 4.0, "hh_2025": 4.0, "hh_2030": 4.0, "hh_2035": 4.0, "hh_2040": 4.0, "pop_2020": 3438.214517, "pop_2025": 4134.203257, "pop_2030": 4816.991998, "pop_2035": 5491.380739, "pop_2040": 6108.169479, "stud_2020": 1050.0, "stud_2025": 1262.548744, "stud_2030": 1471.066326, "stud_2035": 1677.018623, "stud_2040": 1865.380395, "emp_2020": 285.3517984, "emp_2025": 343.114814, "emp_2030": 399.7823065, "emp_2035": 455.7526478, "emp_2040": 506.9425242, "yesh_2020": 0.0, "yesh_2025": 0.0, "yesh_2030": 0.0, "yesh_2035": 0.0, "yesh_2040": 0.0, "uni_2020": 0.0, "uni_2025": 0.0, "uni_2030": 0.0, "uni_2035": 0.0, "uni_2040": 0.0 }, "geometry": { "type": "Point", "coordinates": [ 35.219893575438036, 31.834885944567439 ] } },
{ "type": "Feature", "properties": { "Taz_num": "6507", "Taz_num_sh": 6507.0, "name": "אל פאראבי", "in_jeru": 1, "in_metro": 1, "sector": "Arab", "apts_2020": 883.9794959, "apt_add_25": 293.2361442, "apt_add_30": 448.6361442, "apt_add_35": 419.4361442, "apt_add_40": 433.8361442, "apt_addAll": 1595.144577, "apts_2040": 2479.124072, "hh_2020": 4.0, "hh_2025": 4.0, "hh_2030": 4.0, "hh_2035": 4.0, "hh_2040": 4.0, "pop_2020": 3535.917984, "pop_2025": 4708.86256, "pop_2030": 6503.407137, "pop_2035": 8181.151713, "pop_2040": 9916.49629, "stud_2020": 384.4127392, "stud_2025": 505.7532385, "stud_2030": 663.1424548, "stud_2035": 819.3901381, "stud_2040": 960.1593728, "emp_2020": 372.1943645, "emp_2025": 405.8964267, "emp_2030": 454.8687546, "emp_2035": 501.488042, "emp_2040": 976.6504466, "yesh_2020": 0.0, "yesh_2025": 0.0, "yesh_2030": 0.0, "yesh_2035": 0.0, "yesh_2040": 0.0, "uni_2020": 0.0, "uni_2025": 0.0, "uni_2030": 0.0, "uni_2035": 0.0, "uni_2040": 0.0 }, "geometry": { "type": "Point", "coordinates": [ 35.221485232531791, 31.822231500322541 ] } },
{ "type": "Feature", "properties": { "Taz_num": "6508", "Taz_num_sh": 6508.0, "name": "אל מאמון", "in_jeru": 1, "in_metro": 1, "sector": "Arab", "apts_2020": 1232.23229, "apt_add_25": 89.6813902, "apt_add_30": 83.4813902, "apt_add_35": 71.0813902, "apt_add_40": 63.0813902, "apt_addAll": 307.3255608, "apts_2040": 1539.557851, "hh_2020": 4.0, "hh_2025": 4.0, "hh_2030": 4.0, "hh_2035": 4.0, "hh_2040": 4.0, "pop_2020": 4928.929161, "pop_2025": 5287.654722, "pop_2030": 5621.580283, "pop_2035": 5905.905843, "pop_2040": 6158.231404, "stud_2020": 1342.31161, "stud_2025": 1503.623219, "stud_2030": 1664.934829, "stud_2035": 1826.246438, "stud_2040": 1987.558048, "emp_2020": 456.1932709, "emp_2025": 477.8856355, "emp_2030": 499.1006001, "emp_2035": 519.3607647, "emp_2040": 532.0401902, "yesh_2020": 0.0, "yesh_2025": 0.0, "yesh_2030": 0.0, "yesh_2035": 0.0, "yesh_2040": 0.0, "uni_2020": 0.0, "uni_2025": 0.0, "uni_2030": 0.0, "uni_2035": 0.0, "uni_2040": 0.0 }, "geometry": { "type": "Point", "coordinates": [ 35.221635885280072, 31.827067704016496 ] } },
{ "type": "Feature", "properties": { "Taz_num": "6510", "Taz_num_sh": 6510.0, "name": "ארמון המלך", "in_jeru": 1, "in_metro": 1, "sector": "Arab", "apts_2020": 252.6791282, "apt_add_25": 24.55536785, "apt_add_30": 78.95536785, "apt_add_35": 34.75536785, "apt_add_40": 34.75536785, "apt_addAll": 173.0214714, "apts_2040": 425.7005996, "hh_2020": 4.0, "hh_2025": 4.0, "hh_2030": 4.0, "hh_2035": 4.0, "hh_2040": 4.0, "pop_2020": 1010.716513, "pop_2025": 1108.937984, "pop_2030": 1424.759456, "pop_2035": 1563.780927, "pop_2040": 1702.802398, "stud_2020": 1357.4, "stud_2025": 1493.14, "stud_2030": 1642.454, "stud_2035": 1806.6994, "stud_2040": 1987.36934, "emp_2020": 171.2996594, "emp_2025": 185.6332561, "emp_2030": 205.3999361, "emp_2035": 223.1319277, "emp_2040": 202.7145456, "yesh_2020": 0.0, "yesh_2025": 0.0, "yesh_2030": 0.0, "yesh_2035": 0.0, "yesh_2040": 0.0, "uni_2020": 0.0, "uni_2025": 0.0, "uni_2030": 0.0, "uni_2035": 0.0, "uni_2040": 0.0 }, "geometry": { "type": "Point", "coordinates": [ 35.23075645722551, 31.821897157139723 ] } },
{ "type": "Feature", "properties": { "Taz_num": "6509", "Taz_num_sh": 6509.0, "name": "בדר", "in_jeru": 1, "in_metro": 1, "sector": "Arab", "apts_2020": 1289.734823, "apt_add_25": 138.0949004, "apt_add_30": 174.9949004, "apt_add_35": 193.2949004, "apt_add_40": 41.49490044, "apt_addAll": 547.8796018, "apts_2040": 1837.614425, "hh_2020": 4.0, "hh_2025": 4.0, "hh_2030": 4.0, "hh_2035": 3.98663786, "hh_2040": 3.986939589, "pop_2020": 5158.939293, "pop_2025": 5711.318894, "pop_2030": 6411.298496, "pop_2035": 7160.478098, "pop_2040": 7326.4577, "stud_2020": 2083.0, "stud_2025": 2044.738682, "stud_2030": 2179.167593, "stud_2035": 2390.545709, "stud_2040": 2364.600972, "emp_2020": 238.7259994, "emp_2025": 245.8520192, "emp_2030": 271.6492767, "emp_2035": 305.9093114, "emp_2040": 336.6597451, "yesh_2020": 0.0, "yesh_2025": 0.0, "yesh_2030": 0.0, "yesh_2035": 0.0, "yesh_2040": 0.0, "uni_2020": 0.0, "uni_2025": 0.0, "uni_2030": 0.0, "uni_2035": 0.0, "uni_2040": 0.0 }, "geometry": { "type": "Point", "coordinates": [ 35.231401395710755, 31.825799839804048 ] } },
{ "type": "Feature", "properties": { "Taz_num": "6307", "Taz_num_sh": 6307.0, "name": "פסגת זאב - קניון", "in_jeru": 1, "in_metro": 1, "sector": "Jewish", "apts_2020": 468.3563923, "apt_add_25": 0.0, "apt_add_30": 0.0, "apt_add_35": 185.5, "apt_add_40": 0.0, "apt_addAll": 185.5, "apts_2040": 653.8563923, "hh_2020": 3.341520002, "hh_2025": 3.345133565, "hh_2030": 3.336463893, "hh_2035": 3.28585945, "hh_2040": 3.231717178, "pop_2020": 1565.022253, "pop_2025": 1566.714688, "pop_2030": 1562.654192, "pop_2035": 2148.480206, "pop_2040": 2113.078935, "stud_2020": 53.0, "stud_2025": 53.0, "stud_2030": 53.0, "stud_2035": 72.36906377, "stud_2040": 72.36906377, "emp_2020": 424.4105321, "emp_2025": 424.4105321, "emp_2030": 424.4105321, "emp_2035": 440.4695296, "emp_2040": 615.197788, "yesh_2020": 0.0, "yesh_2025": 0.0, "yesh_2030": 0.0, "yesh_2035": 0.0, "yesh_2040": 0.0, "uni_2020": 0.0, "uni_2025": 0.0, "uni_2030": 0.0, "uni_2035": 0.0, "uni_2040": 0.0 }, "geometry": { "type": "Point", "coordinates": [ 35.236707325157688, 31.824478482482871 ] } },
{ "type": "Feature", "properties": { "Taz_num": "6306", "Taz_num_sh": 6306.0, "name": "פסגת זאב מערב", "in_jeru": 1, "in_metro": 1, "sector": "Jewish", "apts_2020": 829.4240955, "apt_add_25": 0.0, "apt_add_30": 0.0, "apt_add_35": 12.6, "apt_add_40": 0.0, "apt_addAll": 12.6, "apts_2040": 842.0240955, "hh_2020": 3.341520002, "hh_2025": 3.345133565, "hh_2030": 3.336463893, "hh_2035": 3.289725006, "hh_2040": 3.234981334, "pop_2020": 2771.537206, "pop_2025": 2774.534382, "pop_2030": 2767.343547, "pop_2035": 2770.027723, "pop_2040": 2723.932232, "stud_2020": 692.8843014, "stud_2025": 693.7834543, "stud_2030": 691.6262037, "stud_2035": 692.4314566, "stud_2040": 678.6028092, "emp_2020": 404.344096, "emp_2025": 410.1529657, "emp_2030": 684.998761, "emp_2035": 691.6888692, "emp_2040": 694.1256329, "yesh_2020": 0.0, "yesh_2025": 0.0, "yesh_2030": 0.0, "yesh_2035": 0.0, "yesh_2040": 0.0, "uni_2020": 0.0, "uni_2025": 0.0, "uni_2030": 0.0, "uni_2035": 0.0, "uni_2040": 0.0 }, "geometry": { "type": "Point", "coordinates": [ 35.236752754911059, 31.82040629693709 ] } },
{ "type": "Feature", "properties": { "Taz_num": "6403", "Taz_num_sh": 6403.0, "name": "מחנה פליטים שועפאת - מערב", "in_jeru": 1, "in_metro": 1, "sector": "arabs behined seperation wall", "apts_2020": 1128.950391, "apt_add_25": 206.7096035, "apt_add_30": 148.7371549, "apt_add_35": 149.1757754, "apt_add_40": 147.8987611, "apt_addAll": 652.5212949, "apts_2040": 1781.471686, "hh_2020": 5.5, "hh_2025": 5.2, "hh_2030": 5.2, "hh_2035": 5.2, "hh_2040": 5.2, "pop_2020": 6209.227153, "pop_2025": 6945.431974, "pop_2030": 7718.865179, "pop_2035": 8494.579211, "pop_2040": 9263.652769, "stud_2020": 3103.915979, "stud_2025": 3447.831959, "stud_2030": 3791.747938, "stud_2035": 4135.663917, "stud_2040": 4479.579896, "emp_2020": 222.7457573, "emp_2025": 270.1880282, "emp_2030": 313.1664205, "emp_2035": 356.1785867, "emp_2040": 397.4054821, "yesh_2020": 0.0, "yesh_2025": 0.0, "yesh_2030": 0.0, "yesh_2035": 0.0, "yesh_2040": 0.0, "uni_2020": 0.0, "uni_2025": 0.0, "uni_2030": 0.0, "uni_2035": 0.0, "uni_2040": 0.0 }, "geometry": { "type": "Point", "coordinates": [ 35.243333514291884, 31.813100136464012 ] } },
{ "type": "Feature", "properties": { "Taz_num": "6511", "Taz_num_sh": 6511.0, "name": "חברת חשמל מזרח", "in_jeru": 1, "in_metro": 1, "sector": "Arab", "apts_2020": 72.32263001, "apt_add_25": 58.00620442, "apt_add_30": 53.00620442, "apt_add_35": 1.206204423, "apt_add_40": 1.206204423, "apt_addAll": 113.4248177, "apts_2040": 185.7474477, "hh_2020": 4.2, "hh_2025": 4.2, "hh_2030": 4.2, "hh_2035": 4.2, "hh_2040": 4.2, "pop_2020": 303.755046, "pop_2025": 547.3811046, "pop_2030": 770.0071632, "pop_2035": 775.0732218000001, "pop_2040": 780.1392803, "stud_2020": 0.0, "stud_2025": 0.0, "stud_2030": 0.0, "stud_2035": 0.0, "stud_2040": 0.0, "emp_2020": 427.4627013, "emp_2025": 431.929179, "emp_2030": 436.0106568, "emp_2035": 436.1035345, "emp_2040": 4185.728713, "yesh_2020": 0.0, "yesh_2025": 0.0, "yesh_2030": 0.0, "yesh_2035": 0.0, "yesh_2040": 0.0, "uni_2020": 0.0, "uni_2025": 0.0, "uni_2030": 0.0, "uni_2035": 0.0, "uni_2040": 0.0 }, "geometry": { "type": "Point", "coordinates": [ 35.238716696071435, 31.813136736719215 ] } },
{ "type": "Feature", "properties": { "Taz_num": "1401", "Taz_num_sh": 1401.0, "name": "צמרת הבירה", "in_jeru": 1, "in_metro": 1, "sector": "Jewish", "apts_2020": 617.6410073, "apt_add_25": 0.0, "apt_add_30": 0.0, "apt_add_35": 200.0, "apt_add_40": 200.0, "apt_addAll": 400.0, "apts_2040": 1017.641007, "hh_2020": 2.3, "hh_2025": 2.3, "hh_2030": 3.0, "hh_2035": 3.2, "hh_2040": 3.2, "pop_2020": 1420.574317, "pop_2025": 1420.574317, "pop_2030": 1852.923022, "pop_2035": 2616.451223, "pop_2040": 3256.451223, "stud_2020": 778.0287158, "stud_2025": 778.0287158, "stud_2030": 808.2931252, "stud_2035": 861.7400993, "stud_2040": 906.5400993, "emp_2020": 118.8776565, "emp_2025": 118.8776565, "emp_2030": 121.651894, "emp_2035": 141.9512, "emp_2040": 161.4578667, "yesh_2020": 0.0, "yesh_2025": 0.0, "yesh_2030": 0.0, "yesh_2035": 0.0, "yesh_2040": 0.0, "uni_2020": 0.0, "uni_2025": 0.0, "uni_2030": 0.0, "uni_2035": 0.0, "uni_2040": 0.0 }, "geometry": { "type": "Point", "coordinates": [ 35.241838001224949, 31.804147121143295 ] } },
{ "type": "Feature", "properties": { "Taz_num": "1402", "Taz_num_sh": 1402.0, "name": "הגבעה הצרפתית", "in_jeru": 1, "in_metro": 1, "sector": "Jewish", "apts_2020": 1296.683317, "apt_add_25": 0.0, "apt_add_30": 264.5, "apt_add_35": 323.5, "apt_add_40": 161.0, "apt_addAll": 749.0, "apts_2040": 2045.683317, "hh_2020": 2.3, "hh_2025": 2.3, "hh_2030": 3.0, "hh_2035": 3.2, "hh_2040": 3.2, "pop_2020": 2982.371629, "pop_2025": 2982.371629, "pop_2030": 4683.549951, "pop_2035": 6030.986614, "pop_2040": 6546.186614, "stud_2020": 371.1185815, "stud_2025": 371.1185815, "stud_2030": 490.201064, "stud_2035": 584.5216304, "stud_2040": 620.5856304, "emp_2020": 133.8638187, "emp_2025": 133.8638187, "emp_2030": 267.4846201, "emp_2035": 320.752172, "emp_2040": 755.3350386, "yesh_2020": 0.0, "yesh_2025": 0.0, "yesh_2030": 0.0, "yesh_2035": 0.0, "yesh_2040": 0.0, "uni_2020": 0.0, "uni_2025": 0.0, "uni_2030": 0.0, "uni_2035": 0.0, "uni_2040": 0.0 }, "geometry": { "type": "Point", "coordinates": [ 35.237692241204357, 31.80557981050519 ] } },
{ "type": "Feature", "properties": { "Taz_num": "5112", "Taz_num_sh": 5112.0, "name": "חנה וסע נחל צופים", "in_jeru": 1, "in_metro": 1, "sector": "Jewish", "apts_2020": 0.0, "apt_add_25": 0.0, "apt_add_30": 0.0, "apt_add_35": 0.0, "apt_add_40": 0.0, "apt_addAll": 0.0, "apts_2040": 0.0, "hh_2020": 0.0, "hh_2025": 0.0, "hh_2030": 0.0, "hh_2035": 0.0, "hh_2040": 0.0, "pop_2020": 0.0, "pop_2025": 0.0, "pop_2030": 0.0, "pop_2035": 0.0, "pop_2040": 0.0, "stud_2020": 0.0, "stud_2025": 0.0, "stud_2030": 0.0, "stud_2035": 0.0, "stud_2040": 0.0, "emp_2020": 0.0, "emp_2025": 0.0, "emp_2030": 0.0, "emp_2035": 0.0, "emp_2040": 0.0, "yesh_2020": 0.0, "yesh_2025": 0.0, "yesh_2030": 0.0, "yesh_2035": 0.0, "yesh_2040": 0.0, "uni_2020": 0.0, "uni_2025": 0.0, "uni_2030": 0.0, "uni_2035": 0.0, "uni_2040": 0.0 }, "geometry": { "type": "Point", "coordinates": [ 35.233340538453405, 31.805579352919946 ] } },
{ "type": "Feature", "properties": { "Taz_num": "5108", "Taz_num_sh": 5108.0, "name": "גבעת המיבתר", "in_jeru": 1, "in_metro": 1, "sector": "Jewish", "apts_2020": 487.0916667, "apt_add_25": 8.0, "apt_add_30": 8.0, "apt_add_35": 8.0, "apt_add_40": 8.0, "apt_addAll": 32.0, "apts_2040": 519.0916667, "hh_2020": 3.813909819, "hh_2025": 4.070944328, "hh_2030": 4.303465507, "hh_2035": 4.50013572, "hh_2040": 4.658368565, "pop_2020": 1857.72369, "pop_2025": 2015.490612, "pop_2030": 2165.037634, "pop_2035": 2299.981865, "pop_2040": 2418.120302, "stud_2020": 85.68754096000001, "stud_2025": 86.36353531, "stud_2030": 87.02827149, "stud_2035": 87.68202842, "stud_2040": 88.3250759, "emp_2020": 231.7079716, "emp_2025": 239.4801509, "emp_2030": 247.2311538, "emp_2035": 254.2532008, "emp_2040": 260.515114, "yesh_2020": 0.0, "yesh_2025": 0.0, "yesh_2030": 0.0, "yesh_2035": 0.0, "yesh_2040": 0.0, "uni_2020": 0.0, "uni_2025": 0.0, "uni_2030": 0.0, "uni_2035": 0.0, "uni_2040": 0.0 }, "geometry": { "type": "Point", "coordinates": [ 35.231265109721484, 31.803394969088185 ] } },
{ "type": "Feature", "properties": { "Taz_num": "1003", "Taz_num_sh": 1003.0, "name": "מעונות / מרכז ספורט", "in_jeru": 1, "in_metro": 1, "sector": "Jewish", "apts_2020": 592.8571429, "apt_add_25": 0.0, "apt_add_30": 220.7875, "apt_add_35": 662.3625, "apt_add_40": 0.0, "apt_addAll": 883.15, "apts_2040": 1476.007143, "hh_2020": 1.706928794, "hh_2025": 1.682066406, "hh_2030": 3.0, "hh_2035": 3.0, "hh_2040": 3.5, "pop_2020": 1011.964928, "pop_2025": 997.2250838, "pop_2030": 2440.933929, "pop_2035": 4428.021429, "pop_2040": 5166.025, "stud_2020": 0.0, "stud_2025": 0.0, "stud_2030": 366.1400893, "stud_2035": 962.2663393, "stud_2040": 1183.667411, "emp_2020": 197.6071429, "emp_2025": 197.6071429, "emp_2030": 289.8856469, "emp_2035": 520.6775406, "emp_2040": 540.9726388, "yesh_2020": 0.0, "yesh_2025": 0.0, "yesh_2030": 0.0, "yesh_2035": 0.0, "yesh_2040": 0.0, "uni_2020": 0.0, "uni_2025": 0.0, "uni_2030": 0.0, "uni_2035": 0.0, "uni_2040": 0.0 }, "geometry": { "type": "Point", "coordinates": [ 35.239080826653229, 31.796123703710848 ] } },
{ "type": "Feature", "properties": { "Taz_num": "1001", "Taz_num_sh": 1001.0, "name": "הדסה הר הצופים", "in_jeru": 1, "in_metro": 1, "sector": "Jewish", "apts_2020": 0.0, "apt_add_25": 0.0, "apt_add_30": 0.0, "apt_add_35": 216.5, "apt_add_40": 0.0, "apt_addAll": 216.5, "apts_2040": 216.5, "hh_2020": 3.2, "hh_2025": 3.2, "hh_2030": 3.2, "hh_2035": 3.2, "hh_2040": 3.2, "pop_2020": 0.0, "pop_2025": 0.0, "pop_2030": 0.0, "pop_2035": 692.8, "pop_2040": 692.8, "stud_2020": 0.0, "stud_2025": 0.0, "stud_2030": 0.0, "stud_2035": 48.496, "stud_2040": 48.496, "emp_2020": 2146.723735, "emp_2025": 3064.706449, "emp_2030": 3507.753443, "emp_2035": 5219.248361, "emp_2040": 5517.592743, "yesh_2020": 0.0, "yesh_2025": 0.0, "yesh_2030": 0.0, "yesh_2035": 0.0, "yesh_2040": 0.0, "uni_2020": 0.0, "uni_2025": 0.0, "uni_2030": 0.0, "uni_2035": 0.0, "uni_2040": 0.0 }, "geometry": { "type": "Point", "coordinates": [ 35.241331232717869, 31.798397427442204 ] } },
{ "type": "Feature", "properties": { "Taz_num": "1004", "Taz_num_sh": 1004.0, "name": "כפר הסטודנטים", "in_jeru": 1, "in_metro": 1, "sector": "Jewish", "apts_2020": 500.0, "apt_add_25": 0.0, "apt_add_30": 0.0, "apt_add_35": 178.5, "apt_add_40": 178.5, "apt_addAll": 357.0, "apts_2040": 857.0, "hh_2020": 1.706928794, "hh_2025": 2.096504812, "hh_2030": 3.0, "hh_2035": 3.2, "hh_2040": 3.2, "pop_2020": 853.4643972, "pop_2025": 1048.252406, "pop_2030": 1500.0, "pop_2035": 2171.2, "pop_2040": 2742.4, "stud_2020": 0.0, "stud_2025": 0.0, "stud_2030": 90.0, "stud_2035": 130.272, "stud_2040": 164.544, "emp_2020": 27.5, "emp_2025": 27.5, "emp_2030": 35.75, "emp_2035": 91.8577, "emp_2040": 147.4154, "yesh_2020": 0.0, "yesh_2025": 0.0, "yesh_2030": 0.0, "yesh_2035": 0.0, "yesh_2040": 0.0, "uni_2020": 0.0, "uni_2025": 0.0, "uni_2030": 0.0, "uni_2035": 0.0, "uni_2040": 0.0 }, "geometry": { "type": "Point", "coordinates": [ 35.237782675067145, 31.799832034028785 ] } },
{ "type": "Feature", "properties": { "Taz_num": "1404", "Taz_num_sh": 1404.0, "name": "מלון היאט", "in_jeru": 1, "in_metro": 1, "sector": "Jewish", "apts_2020": 121.0, "apt_add_25": 7.2, "apt_add_30": 7.2, "apt_add_35": 7.2, "apt_add_40": 7.2, "apt_addAll": 28.8, "apts_2040": 149.8, "hh_2020": 4.2, "hh_2025": 4.2, "hh_2030": 4.2, "hh_2035": 4.2, "hh_2040": 4.2, "pop_2020": 508.2, "pop_2025": 538.44, "pop_2030": 568.68, "pop_2035": 598.92, "pop_2040": 629.16, "stud_2020": 25.41, "stud_2025": 26.922, "stud_2030": 28.434, "stud_2035": 29.946, "stud_2040": 31.458, "emp_2020": 286.29425, "emp_2025": 287.62085, "emp_2030": 288.94745, "emp_2035": 290.27405, "emp_2040": 291.60065, "yesh_2020": 0.0, "yesh_2025": 0.0, "yesh_2030": 0.0, "yesh_2035": 0.0, "yesh_2040": 0.0, "uni_2020": 0.0, "uni_2025": 0.0, "uni_2030": 0.0, "uni_2035": 0.0, "uni_2040": 0.0 }, "geometry": { "type": "Point", "coordinates": [ 35.235261029915208, 31.799209773703307 ] } },
{ "type": "Feature", "properties": { "Taz_num": "1207", "Taz_num_sh": 1207.0, "name": "אוגוסטה ויקטוריה", "in_jeru": 1, "in_metro": 1, "sector": "Arab", "apts_2020": 0.0, "apt_add_25": 0.0, "apt_add_30": 0.0, "apt_add_35": 0.0, "apt_add_40": 0.0, "apt_addAll": 0.0, "apts_2040": 0.0, "hh_2020": 0.0, "hh_2025": 0.0, "hh_2030": 0.0, "hh_2035": 0.0, "hh_2040": 0.0, "pop_2020": 0.0, "pop_2025": 0.0, "pop_2030": 0.0, "pop_2035": 0.0, "pop_2040": 0.0, "stud_2020": 0.0, "stud_2025": 0.0, "stud_2030": 0.0, "stud_2035": 0.0, "stud_2040": 0.0, "emp_2020": 469.4133355, "emp_2025": 476.8488817, "emp_2030": 484.8650373, "emp_2035": 492.2069368, "emp_2040": 498.9120389, "yesh_2020": 0.0, "yesh_2025": 0.0, "yesh_2030": 0.0, "yesh_2035": 0.0, "yesh_2040": 0.0, "uni_2020": 0.0, "uni_2025": 0.0, "uni_2030": 0.0, "uni_2035": 0.0, "uni_2040": 0.0 }, "geometry": { "type": "Point", "coordinates": [ 35.248212235064976, 31.787717829357259 ] } },
{ "type": "Feature", "properties": { "Taz_num": "1002", "Taz_num_sh": 1002.0, "name": "קמפוס הר הצופים", "in_jeru": 1, "in_metro": 1, "sector": "Jewish", "apts_2020": 0.0, "apt_add_25": 0.0, "apt_add_30": 0.0, "apt_add_35": 0.0, "apt_add_40": 0.0, "apt_addAll": 0.0, "apts_2040": 0.0, "hh_2020": 0.0, "hh_2025": 0.0, "hh_2030": 0.0, "hh_2035": 0.0, "hh_2040": 0.0, "pop_2020": 0.0, "pop_2025": 0.0, "pop_2030": 0.0, "pop_2035": 0.0, "pop_2040": 0.0, "stud_2020": 0.0, "stud_2025": 0.0, "stud_2030": 0.0, "stud_2035": 0.0, "stud_2040": 0.0, "emp_2020": 5754.375, "emp_2025": 5754.375, "emp_2030": 5754.375, "emp_2035": 5754.375, "emp_2040": 6228.720561, "yesh_2020": 0.0, "yesh_2025": 0.0, "yesh_2030": 0.0, "yesh_2035": 0.0, "yesh_2040": 0.0, "uni_2020": 11625.0, "uni_2025": 11857.5, "uni_2030": 12094.65, "uni_2035": 12336.543, "uni_2040": 12583.27386 }, "geometry": { "type": "Point", "coordinates": [ 35.245430041980931, 31.792689828595954 ] } },
{ "type": "Feature", "properties": { "Taz_num": "6308", "Taz_num_sh": 6308.0, "name": "פסגת זאב מזרח - בני עקיבא", "in_jeru": 1, "in_metro": 1, "sector": "Jewish", "apts_2020": 771.9626453, "apt_add_25": 0.0, "apt_add_30": 0.0, "apt_add_35": 0.0, "apt_add_40": 0.0, "apt_addAll": 0.0, "apts_2040": 771.9626453, "hh_2020": 3.693971838, "hh_2025": 3.655796426, "hh_2030": 3.631612792, "hh_2035": 3.587949053, "hh_2040": 3.532328124, "pop_2020": 2851.608272, "pop_2025": 2822.13828, "pop_2030": 2803.469417, "pop_2035": 2769.762642, "pop_2040": 2726.825363, "stud_2020": 643.1022425, "stud_2025": 672.0508828, "stud_2030": 626.558902, "stud_2035": 611.3218142, "stud_2040": 581.5952008, "emp_2020": 185.6495682, "emp_2025": 188.3031936, "emp_2030": 184.1330953, "emp_2035": 182.7363623, "emp_2040": 188.8368975, "yesh_2020": 0.0, "yesh_2025": 0.0, "yesh_2030": 0.0, "yesh_2035": 0.0, "yesh_2040": 0.0, "uni_2020": 0.0, "uni_2025": 0.0, "uni_2030": 0.0, "uni_2035": 0.0, "uni_2040": 0.0 }, "geometry": { "type": "Point", "coordinates": [ 35.243596821762196, 31.822683407634546 ] } },
{ "type": "Feature", "properties": { "Taz_num": "6305", "Taz_num_sh": 6305.0, "name": "פסגת זאב מזרח - פארק", "in_jeru": 1, "in_metro": 1, "sector": "Jewish", "apts_2020": 551.7262436, "apt_add_25": 0.0, "apt_add_30": 0.0, "apt_add_35": 147.0, "apt_add_40": 0.0, "apt_addAll": 147.0, "apts_2040": 698.7262436, "hh_2020": 3.693971838, "hh_2025": 3.655796426, "hh_2030": 3.631612792, "hh_2035": 3.587949053, "hh_2040": 3.532328124, "pop_2020": 2038.061206, "pop_2025": 2016.998829, "pop_2030": 2003.656084, "pop_2035": 2506.994164, "pop_2040": 2468.130361, "stud_2020": 459.6289557, "stud_2025": 480.3187192, "stud_2030": 447.8053329, "stud_2035": 553.3254716, "stud_2040": 526.4190339, "emp_2020": 303.2948444, "emp_2025": 305.1914061, "emp_2030": 302.2110124, "emp_2035": 323.2026917, "emp_2040": 399.9151795, "yesh_2020": 0.0, "yesh_2025": 0.0, "yesh_2030": 0.0, "yesh_2035": 0.0, "yesh_2040": 0.0, "uni_2020": 0.0, "uni_2025": 0.0, "uni_2030": 0.0, "uni_2035": 0.0, "uni_2040": 0.0 }, "geometry": { "type": "Point", "coordinates": [ 35.242599673559305, 31.820555370812745 ] } },
{ "type": "Feature", "properties": { "Taz_num": "5102", "Taz_num_sh": 5102.0, "name": "מעלות דפנה מערב", "in_jeru": 1, "in_metro": 1, "sector": "U. Orthodox", "apts_2020": 430.0, "apt_add_25": 16.65, "apt_add_30": 39.55, "apt_add_35": 13.15, "apt_add_40": 13.15, "apt_addAll": 82.5, "apts_2040": 512.5, "hh_2020": 4.336797639, "hh_2025": 4.418363527, "hh_2030": 4.398353877, "hh_2035": 4.414372896, "hh_2040": 4.414895637, "pop_2020": 1864.822985, "pop_2025": 1973.462069, "pop_2030": 2138.479655, "pop_2035": 2204.317106, "pop_2040": 2262.634014, "stud_2020": 830.0700918, "stud_2025": 920.2676536, "stud_2030": 928.6777183, "stud_2035": 956.7908635, "stud_2040": 970.8136852, "emp_2020": 188.4636798, "emp_2025": 201.8027315, "emp_2030": 208.4770716, "emp_2035": 214.1845052, "emp_2040": 218.092441, "yesh_2020": 128.7339197, "yesh_2025": 141.6344803, "yesh_2030": 153.3737417, "yesh_2035": 154.5248886, "yesh_2040": 158.2137494, "uni_2020": 0.0, "uni_2025": 0.0, "uni_2030": 0.0, "uni_2035": 0.0, "uni_2040": 0.0 }, "geometry": { "type": "Point", "coordinates": [ 35.224523493207371, 31.797208954319057 ] } },
{ "type": "Feature", "properties": { "Taz_num": "5111", "Taz_num_sh": 5111.0, "name": "מעלות דפנה מזרח", "in_jeru": 1, "in_metro": 1, "sector": "U. Orthodox", "apts_2020": 312.7778626, "apt_add_25": 16.9, "apt_add_30": 10.4, "apt_add_35": 10.4, "apt_add_40": 10.4, "apt_addAll": 48.1, "apts_2040": 360.8778626, "hh_2020": 4.262920118, "hh_2025": 4.350948253, "hh_2030": 4.392462435, "hh_2035": 4.408939017, "hh_2040": 4.405702369, "pop_2020": 1333.347043, "pop_2025": 1434.41132, "pop_2030": 1493.779236, "pop_2035": 1545.235523, "pop_2040": 1589.920454, "stud_2020": 333.3367607, "stud_2025": 363.656044, "stud_2030": 381.4664188, "stud_2035": 396.9033048, "stud_2040": 410.3087841, "emp_2020": 120.941109, "emp_2025": 126.7688, "emp_2030": 130.7479074, "emp_2035": 134.2847679, "emp_2040": 137.4418932, "yesh_2020": 230.1693302, "yesh_2025": 237.1812898, "yesh_2030": 238.3251222, "yesh_2035": 241.3016225, "yesh_2040": 243.4264796, "uni_2020": 0.0, "uni_2025": 0.0, "uni_2030": 0.0, "uni_2035": 0.0, "uni_2040": 0.0 }, "geometry": { "type": "Point", "coordinates": [ 35.226735669795694, 31.795396003228671 ] } },
{ "type": "Feature", "properties": { "Taz_num": "5109", "Taz_num_sh": 5109.0, "name": "חנה וסע גבעת התחמושת", "in_jeru": 1, "in_metro": 1, "sector": "Jewish", "apts_2020": 0.0, "apt_add_25": 0.0, "apt_add_30": 0.0, "apt_add_35": 0.0, "apt_add_40": 0.0, "apt_addAll": 0.0, "apts_2040": 0.0, "hh_2020": 0.0, "hh_2025": 0.0, "hh_2030": 0.0, "hh_2035": 0.0, "hh_2040": 0.0, "pop_2020": 0.0, "pop_2025": 0.0, "pop_2030": 0.0, "pop_2035": 0.0, "pop_2040": 0.0, "stud_2020": 0.0, "stud_2025": 0.0, "stud_2030": 0.0, "stud_2035": 0.0, "stud_2040": 0.0, "emp_2020": 0.0, "emp_2025": 0.0, "emp_2030": 0.0, "emp_2035": 0.0, "emp_2040": 0.0, "yesh_2020": 0.0, "yesh_2025": 0.0, "yesh_2030": 0.0, "yesh_2035": 0.0, "yesh_2040": 0.0, "uni_2020": 0.0, "uni_2025": 0.0, "uni_2030": 0.0, "uni_2035": 0.0, "uni_2040": 0.0 }, "geometry": { "type": "Point", "coordinates": [ 35.231266198218826, 31.799147696590882 ] } },
{ "type": "Feature", "properties": { "Taz_num": "5110", "Taz_num_sh": 5110.0, "name": "גבעת התחמושת", "in_jeru": 1, "in_metro": 1, "sector": "Jewish", "apts_2020": 0.0, "apt_add_25": 0.0, "apt_add_30": 0.0, "apt_add_35": 0.0, "apt_add_40": 0.0, "apt_addAll": 0.0, "apts_2040": 0.0, "hh_2020": 0.0, "hh_2025": 0.0, "hh_2030": 0.0, "hh_2035": 0.0, "hh_2040": 0.0, "pop_2020": 0.0, "pop_2025": 0.0, "pop_2030": 0.0, "pop_2035": 0.0, "pop_2040": 0.0, "stud_2020": 1486.0, "stud_2025": 1486.0, "stud_2030": 1486.0, "stud_2035": 1486.0, "stud_2040": 1486.0, "emp_2020": 714.5527512, "emp_2025": 725.6785242, "emp_2030": 737.6707458, "emp_2035": 748.6535832, "emp_2040": 758.6833898, "yesh_2020": 0.0, "yesh_2025": 0.0, "yesh_2030": 0.0, "yesh_2035": 0.0, "yesh_2040": 0.0, "uni_2020": 0.0, "uni_2025": 0.0, "uni_2030": 0.0, "uni_2035": 0.0, "uni_2040": 0.0 }, "geometry": { "type": "Point", "coordinates": [ 35.227798241685967, 31.79844954728966 ] } },
{ "type": "Feature", "properties": { "Taz_num": "1305", "Taz_num_sh": 1305.0, "name": "שיח ג'ראח - מרכזי בריאות", "in_jeru": 1, "in_metro": 1, "sector": "Arab", "apts_2020": 0.0, "apt_add_25": 0.0, "apt_add_30": 0.0, "apt_add_35": 0.0, "apt_add_40": 0.0, "apt_addAll": 0.0, "apts_2040": 0.0, "hh_2020": 3.436867602, "hh_2025": 3.436867602, "hh_2030": 3.436867602, "hh_2035": 3.436867602, "hh_2040": 3.436867602, "pop_2020": 0.0, "pop_2025": 0.0, "pop_2030": 0.0, "pop_2035": 0.0, "pop_2040": 0.0, "stud_2020": 0.0, "stud_2025": 0.0, "stud_2030": 0.0, "stud_2035": 0.0, "stud_2040": 0.0, "emp_2020": 1286.505745, "emp_2025": 1341.609207, "emp_2030": 1488.288841, "emp_2035": 1568.544871, "emp_2040": 1647.607898, "yesh_2020": 0.0, "yesh_2025": 0.0, "yesh_2030": 0.0, "yesh_2035": 0.0, "yesh_2040": 0.0, "uni_2020": 0.0, "uni_2025": 0.0, "uni_2030": 0.0, "uni_2035": 0.0, "uni_2040": 0.0 }, "geometry": { "type": "Point", "coordinates": [ 35.232384385918202, 31.795662123647688 ] } },
{ "type": "Feature", "properties": { "Taz_num": "1301", "Taz_num_sh": 1301.0, "name": "ואדי ג'וז צפון", "in_jeru": 1, "in_metro": 1, "sector": "Arab", "apts_2020": 526.3874346, "apt_add_25": 35.0, "apt_add_30": 35.0, "apt_add_35": 35.0, "apt_add_40": 35.0, "apt_addAll": 140.0, "apts_2040": 666.3874346, "hh_2020": 4.50257732, "hh_2025": 4.50257732, "hh_2030": 4.50257732, "hh_2035": 4.50257732, "hh_2040": 4.50257732, "pop_2020": 3319.829843, "pop_2025": 2527.69033, "pop_2030": 2685.280537, "pop_2035": 2842.870743, "pop_2040": 3000.460949, "stud_2020": 663.9659686, "stud_2025": 505.5380661, "stud_2030": 537.0561073, "stud_2035": 568.5741485, "stud_2040": 600.0921898, "emp_2020": 735.5255031, "emp_2025": 766.1985181, "emp_2030": 807.6655128, "emp_2035": 842.9270745, "emp_2040": 875.7333609, "yesh_2020": 0.0, "yesh_2025": 0.0, "yesh_2030": 0.0, "yesh_2035": 0.0, "yesh_2040": 0.0, "uni_2020": 0.0, "uni_2025": 0.0, "uni_2030": 0.0, "uni_2035": 0.0, "uni_2040": 0.0 }, "geometry": { "type": "Point", "coordinates": [ 35.2388409709218, 31.79135118902208 ] } },
{ "type": "Feature", "properties": { "Taz_num": "1302", "Taz_num_sh": 1302.0, "name": "ואדי ג'וז דרום", "in_jeru": 1, "in_metro": 1, "sector": "Arab", "apts_2020": 778.6387435, "apt_add_25": 19.58130927, "apt_add_30": 19.58130927, "apt_add_35": 19.58130927, "apt_add_40": 19.58130927, "apt_addAll": 78.32523707, "apts_2040": 856.9639805, "hh_2020": 4.50257732, "hh_2025": 4.50257732, "hh_2030": 4.50257732, "hh_2035": 4.50257732, "hh_2040": 4.50257732, "pop_2020": 4910.732984, "pop_2025": 3594.047505, "pop_2030": 3682.213864, "pop_2035": 3770.380223, "pop_2040": 3858.546582, "stud_2020": 982.1465969, "stud_2025": 718.8095011, "stud_2030": 736.4427729, "stud_2035": 754.0760447, "stud_2040": 771.7093165, "emp_2020": 572.4417146, "emp_2025": 572.9818903, "emp_2030": 605.3278263, "emp_2035": 637.721047, "emp_2040": 941.935971, "yesh_2020": 0.0, "yesh_2025": 0.0, "yesh_2030": 0.0, "yesh_2035": 0.0, "yesh_2040": 0.0, "uni_2020": 0.0, "uni_2025": 0.0, "uni_2030": 0.0, "uni_2035": 0.0, "uni_2040": 0.0 }, "geometry": { "type": "Point", "coordinates": [ 35.238610231256693, 31.787687470416355 ] } },
{ "type": "Feature", "properties": { "Taz_num": "0906", "Taz_num_sh": 906.0, "name": "כרם אברהם צפון", "in_jeru": 1, "in_metro": 1, "sector": "U. Orthodox", "apts_2020": 671.0, "apt_add_25": 24.0, "apt_add_30": 24.0, "apt_add_35": 24.0, "apt_add_40": 36.0, "apt_addAll": 108.0, "apts_2040": 779.0, "hh_2020": 4.3, "hh_2025": 4.3, "hh_2030": 4.3, "hh_2035": 4.3, "hh_2040": 4.3, "pop_2020": 2885.3, "pop_2025": 2988.5, "pop_2030": 3091.7, "pop_2035": 3194.9, "pop_2040": 3349.7, "stud_2020": 1237.549729, "stud_2025": 1416.199074, "stud_2030": 1395.914948, "stud_2035": 1419.370551, "stud_2040": 1469.562496, "emp_2020": 358.1109813, "emp_2025": 376.3351712, "emp_2030": 376.323793, "emp_2035": 380.32189, "emp_2040": 401.2305055, "yesh_2020": 227.9673684, "yesh_2025": 234.1350632, "yesh_2030": 253.5048831, "yesh_2035": 279.0286763, "yesh_2040": 287.0483139, "uni_2020": 0.0, "uni_2025": 0.0, "uni_2030": 0.0, "uni_2035": 0.0, "uni_2040": 0.0 }, "geometry": { "type": "Point", "coordinates": [ 35.21600576255576, 31.792200685327803 ] } },
{ "type": "Feature", "properties": { "Taz_num": "0908", "Taz_num_sh": 908.0, "name": "כרם אברהם", "in_jeru": 1, "in_metro": 1, "sector": "U. Orthodox", "apts_2020": 789.0, "apt_add_25": 48.48333333, "apt_add_30": 23.48333333, "apt_add_35": 26.48333333, "apt_add_40": 23.48333333, "apt_addAll": 121.9333333, "apts_2040": 910.9333333, "hh_2020": 4.3, "hh_2025": 4.3, "hh_2030": 4.3, "hh_2035": 4.3, "hh_2040": 4.3, "pop_2020": 3392.7, "pop_2025": 3601.178333, "pop_2030": 3702.156667, "pop_2035": 3816.035, "pop_2040": 3917.013333, "stud_2020": 409.1431433, "stud_2025": 485.7316991, "stud_2030": 479.8176284, "stud_2035": 488.1690711, "stud_2040": 501.0883634, "emp_2020": 772.5873742, "emp_2025": 783.3412084, "emp_2030": 784.607302, "emp_2035": 787.4120675, "emp_2040": 1080.248421, "yesh_2020": 589.0197673, "yesh_2025": 591.4050662, "yesh_2030": 607.5997839, "yesh_2035": 630.3382268, "yesh_2040": 626.7586519, "uni_2020": 0.0, "uni_2025": 0.0, "uni_2030": 0.0, "uni_2035": 0.0, "uni_2040": 0.0 }, "geometry": { "type": "Point", "coordinates": [ 35.216864849605244, 31.790206204544088 ] } },
{ "type": "Feature", "properties": { "Taz_num": "5208", "Taz_num_sh": 5208.0, "name": "רוממה עלית", "in_jeru": 1, "in_metro": 1, "sector": "U. Orthodox", "apts_2020": 1078.193873, "apt_add_25": 56.4, "apt_add_30": 124.2, "apt_add_35": 10.0, "apt_add_40": 10.0, "apt_addAll": 200.6, "apts_2040": 1278.793873, "hh_2020": 5.416805652, "hh_2025": 5.631892718, "hh_2030": 5.698790949, "hh_2035": 6.029476275, "hh_2040": 6.146896631, "pop_2020": 5840.366667, "pop_2025": 6389.910973, "pop_2030": 7173.603132, "pop_2035": 7650.162556, "pop_2040": 7860.613752, "stud_2020": 2736.845954, "stud_2025": 3253.786094, "stud_2030": 3367.186483, "stud_2035": 3531.435802, "stud_2040": 3519.027512, "emp_2020": 976.9973134000001, "emp_2025": 1053.93348, "emp_2030": 1093.663363, "emp_2035": 1125.292889, "emp_2040": 1131.474476, "yesh_2020": 680.0707039, "yesh_2025": 690.1859683, "yesh_2030": 726.9985185, "yesh_2035": 761.0623909, "yesh_2040": 789.9688078, "uni_2020": 0.0, "uni_2025": 0.0, "uni_2030": 0.0, "uni_2035": 0.0, "uni_2040": 0.0 }, "geometry": { "type": "Point", "coordinates": [ 35.199817078204752, 31.793224376384703 ] } },
{ "type": "Feature", "properties": { "Taz_num": "5202", "Taz_num_sh": 5202.0, "name": "רוממה - רח' פתח תקווה", "in_jeru": 1, "in_metro": 1, "sector": "U. Orthodox", "apts_2020": 750.0, "apt_add_25": 16.5, "apt_add_30": 41.95, "apt_add_35": 13.45, "apt_add_40": 6.25, "apt_addAll": 78.15, "apts_2040": 828.15, "hh_2020": 4.439503659, "hh_2025": 4.834911476, "hh_2030": 5.131773476, "hh_2035": 5.432888218, "hh_2040": 5.463096855, "pop_2020": 3329.627744, "pop_2025": 3705.959646, "pop_2030": 4148.782267, "pop_2035": 4465.290826, "pop_2040": 4524.263661, "stud_2020": 1642.730828, "stud_2025": 1679.44834, "stud_2030": 1726.187013, "stud_2035": 1805.333379, "stud_2040": 1808.917627, "emp_2020": 852.4387587, "emp_2025": 870.2832015, "emp_2030": 896.0632291, "emp_2035": 920.4089948, "emp_2040": 928.0144853, "yesh_2020": 550.8517136, "yesh_2025": 571.0305514, "yesh_2030": 610.2061817, "yesh_2035": 639.4563339, "yesh_2040": 630.6353475, "uni_2020": 0.0, "uni_2025": 0.0, "uni_2030": 0.0, "uni_2035": 0.0, "uni_2040": 0.0 }, "geometry": { "type": "Point", "coordinates": [ 35.205555060589823, 31.793957484424627 ] } },
{ "type": "Feature", "properties": { "Taz_num": "5203", "Taz_num_sh": 5203.0, "name": "תנובה", "in_jeru": 1, "in_metro": 1, "sector": "U. Orthodox", "apts_2020": 1024.885867, "apt_add_25": 27.7, "apt_add_30": 40.0, "apt_add_35": 40.0, "apt_add_40": 30.0, "apt_addAll": 137.7, "apts_2040": 1162.585867, "hh_2020": 4.772238701, "hh_2025": 4.772238701, "hh_2030": 4.9, "hh_2035": 5.0, "hh_2040": 5.0, "pop_2020": 4891.0, "pop_2025": 5023.191012, "pop_2030": 5353.67075, "pop_2035": 5662.929336, "pop_2040": 5812.929336, "stud_2020": 458.002312, "stud_2025": 535.2006562, "stud_2030": 514.3948058, "stud_2035": 495.2754913, "stud_2040": 493.4199136, "emp_2020": 1031.917725, "emp_2025": 1063.863747, "emp_2030": 1080.450039, "emp_2035": 1092.78143, "emp_2040": 1108.337143, "yesh_2020": 1434.260958, "yesh_2025": 1401.875354, "yesh_2030": 1431.598638, "yesh_2035": 1468.700694, "yesh_2040": 1489.952287, "uni_2020": 0.0, "uni_2025": 0.0, "uni_2030": 0.0, "uni_2035": 0.0, "uni_2040": 0.0 }, "geometry": { "type": "Point", "coordinates": [ 35.208160193555294, 31.793130954482091 ] } },
{ "type": "Feature", "properties": { "Taz_num": "5207", "Taz_num_sh": 5207.0, "name": "רוממה צפון", "in_jeru": 1, "in_metro": 1, "sector": "U. Orthodox", "apts_2020": 400.0, "apt_add_25": 100.0, "apt_add_30": 200.0, "apt_add_35": 50.0, "apt_add_40": 0.0, "apt_addAll": 350.0, "apts_2040": 750.0, "hh_2020": 3.834256965, "hh_2025": 4.138897925, "hh_2030": 4.328086598, "hh_2035": 4.497076907, "hh_2040": 4.607699216, "pop_2020": 1533.702786, "pop_2025": 2069.448963, "pop_2030": 3029.660618, "pop_2035": 3372.80768, "pop_2040": 3455.774412, "stud_2020": 685.5991222, "stud_2025": 1050.710308, "stud_2030": 1599.56295, "stud_2035": 1892.070441, "stud_2040": 1913.459981, "emp_2020": 1667.622108, "emp_2025": 1722.547781, "emp_2030": 1815.048631, "emp_2035": 1861.217703, "emp_2040": 1867.64572, "yesh_2020": 239.5902679, "yesh_2025": 222.7851227, "yesh_2030": 292.1003684, "yesh_2035": 337.434208, "yesh_2040": 342.2216781, "uni_2020": 0.0, "uni_2025": 0.0, "uni_2030": 0.0, "uni_2035": 0.0, "uni_2040": 0.0 }, "geometry": { "type": "Point", "coordinates": [ 35.202457500970255, 31.792011855267994 ] } },
{ "type": "Feature", "properties": { "Taz_num": "5206", "Taz_num_sh": 5206.0, "name": "רוממה - משרד הבריאות", "in_jeru": 1, "in_metro": 1, "sector": "U. Orthodox", "apts_2020": 115.0, "apt_add_25": 0.0, "apt_add_30": 22.2, "apt_add_35": 0.0, "apt_add_40": 0.0, "apt_addAll": 22.2, "apts_2040": 137.2, "hh_2020": 2.5, "hh_2025": 2.5, "hh_2030": 2.5, "hh_2035": 2.5, "hh_2040": 2.5, "pop_2020": 287.5, "pop_2025": 287.5, "pop_2030": 343.0, "pop_2035": 343.0, "pop_2040": 343.0, "stud_2020": 0.0, "stud_2025": 0.0, "stud_2030": 0.0, "stud_2035": 0.0, "stud_2040": 0.0, "emp_2020": 1750.358934, "emp_2025": 1769.236052, "emp_2030": 1791.563293, "emp_2035": 1810.784867, "emp_2040": 1828.703817, "yesh_2020": 104.799907, "yesh_2025": 104.9504062, "yesh_2030": 107.6923785, "yesh_2035": 107.8566716, "yesh_2040": 108.6033424, "uni_2020": 0.0, "uni_2025": 0.0, "uni_2030": 0.0, "uni_2035": 0.0, "uni_2040": 0.0 }, "geometry": { "type": "Point", "coordinates": [ 35.20283018897198, 31.790403292769593 ] } },
{ "type": "Feature", "properties": { "Taz_num": "5204", "Taz_num_sh": 5204.0, "name": "ישיבת רוז'ין", "in_jeru": 1, "in_metro": 1, "sector": "U. Orthodox", "apts_2020": 320.0, "apt_add_25": 0.0, "apt_add_30": 0.0, "apt_add_35": 0.0, "apt_add_40": 39.3, "apt_addAll": 39.3, "apts_2040": 359.3, "hh_2020": 4.772238701, "hh_2025": 4.772238701, "hh_2030": 4.9, "hh_2035": 5.0, "hh_2040": 5.0, "pop_2020": 1527.116384, "pop_2025": 1527.116384, "pop_2030": 1568.0, "pop_2035": 1600.0, "pop_2040": 1796.5, "stud_2020": 381.7790961, "stud_2025": 381.7790961, "stud_2030": 394.0441808, "stud_2035": 403.6441808, "stud_2040": 462.5941808, "emp_2020": 682.1024631, "emp_2025": 692.5416872, "emp_2030": 707.6342309, "emp_2035": 721.3601818, "emp_2040": 739.6554936, "yesh_2020": 391.238893, "yesh_2025": 357.9909193, "yesh_2030": 381.1967601, "yesh_2035": 411.4448545, "yesh_2040": 436.7306158, "uni_2020": 0.0, "uni_2025": 0.0, "uni_2030": 0.0, "uni_2035": 0.0, "uni_2040": 0.0 }, "geometry": { "type": "Point", "coordinates": [ 35.208737958123756, 31.791690771481786 ] } },
{ "type": "Feature", "properties": { "Taz_num": "0904", "Taz_num_sh": 904.0, "name": "הטלוויזיה הישראלית", "in_jeru": 1, "in_metro": 1, "sector": "U. Orthodox", "apts_2020": 220.0, "apt_add_25": 5.0, "apt_add_30": 525.0, "apt_add_35": 50.0, "apt_add_40": 5.0, "apt_addAll": 585.0, "apts_2040": 805.0, "hh_2020": 4.625810094, "hh_2025": 4.625810094, "hh_2030": 4.625810094, "hh_2035": 4.625810094, "hh_2040": 4.625810094, "pop_2020": 1017.678221, "pop_2025": 1040.807271, "pop_2030": 3469.35757, "pop_2035": 3700.648075, "pop_2040": 3723.777126, "stud_2020": 140.0381917, "stud_2025": 446.7821086, "stud_2030": 495.9835759, "stud_2035": 510.0283169, "stud_2040": 495.0185662, "emp_2020": 2460.032396, "emp_2025": 2488.535588, "emp_2030": 2533.470723, "emp_2035": 2538.608157, "emp_2040": 2957.070732, "yesh_2020": 322.3620254, "yesh_2025": 507.1989427, "yesh_2030": 459.9042455, "yesh_2035": 477.4959206, "yesh_2040": 501.0657014, "uni_2020": 0.0, "uni_2025": 0.0, "uni_2030": 0.0, "uni_2035": 0.0, "uni_2040": 0.0 }, "geometry": { "type": "Point", "coordinates": [ 35.206030284889913, 31.790136288197537 ] } },
{ "type": "Feature", "properties": { "Taz_num": "5205", "Taz_num_sh": 5205.0, "name": "רוממה דרום", "in_jeru": 1, "in_metro": 1, "sector": "U. Orthodox", "apts_2020": 110.0138512, "apt_add_25": 127.3, "apt_add_30": 115.8, "apt_add_35": 0.0, "apt_add_40": 0.0, "apt_addAll": 243.1, "apts_2040": 353.1138512, "hh_2020": 3.524364152, "hh_2025": 3.534151895, "hh_2030": 4.315888472, "hh_2035": 4.300637832, "hh_2040": 4.459920714, "pop_2020": 387.7288736, "pop_2025": 838.7031972, "pop_2030": 1524.0, "pop_2035": 1518.614788, "pop_2040": 1574.85978, "stud_2020": 720.0, "stud_2025": 720.0, "stud_2030": 719.8821285, "stud_2035": 1240.318891, "stud_2040": 1342.807145, "emp_2020": 936.7643332, "emp_2025": 958.0938915, "emp_2030": 982.1298625, "emp_2035": 1066.868906, "emp_2040": 1085.586064, "yesh_2020": 60.2941287, "yesh_2025": 91.65837979, "yesh_2030": 133.8962782, "yesh_2035": 232.8632957, "yesh_2040": 206.0422654, "uni_2020": 0.0, "uni_2025": 0.0, "uni_2030": 0.0, "uni_2035": 0.0, "uni_2040": 0.0 }, "geometry": { "type": "Point", "coordinates": [ 35.205055031856801, 31.791402430737669 ] } },
{ "type": "Feature", "properties": { "Taz_num": "5701", "Taz_num_sh": 5701.0, "name": "רמות - קויפמן", "in_jeru": 1, "in_metro": 1, "sector": "Jewish", "apts_2020": 390.5518846, "apt_add_25": 6.0, "apt_add_30": 6.0, "apt_add_35": 6.0, "apt_add_40": 6.0, "apt_addAll": 24.0, "apts_2040": 414.5518846, "hh_2020": 4.606524023, "hh_2025": 4.828314789, "hh_2030": 5.016495764, "hh_2035": 5.164304097, "hh_2040": 5.298573131, "pop_2020": 1799.086638, "pop_2025": 1914.677329, "pop_2030": 2019.399824, "pop_2035": 2109.886171, "pop_2040": 2196.533477, "stud_2020": 294.9951142, "stud_2025": 350.3051092, "stud_2030": 336.5654309, "stud_2035": 338.818998, "stud_2040": 338.1349561, "emp_2020": 221.0372587, "emp_2025": 233.5606401, "emp_2030": 236.2097127, "emp_2035": 240.5360411, "emp_2040": 244.1226155, "yesh_2020": 0.0, "yesh_2025": 0.0, "yesh_2030": 0.0, "yesh_2035": 0.0, "yesh_2040": 0.0, "uni_2020": 0.0, "uni_2025": 0.0, "uni_2030": 0.0, "uni_2035": 0.0, "uni_2040": 0.0 }, "geometry": { "type": "Point", "coordinates": [ 35.192371602094227, 31.816555582703334 ] } },
{ "type": "Feature", "properties": { "Taz_num": "5707", "Taz_num_sh": 5707.0, "name": "רמות - בנה ביתך", "in_jeru": 1, "in_metro": 1, "sector": "Jewish", "apts_2020": 770.0, "apt_add_25": 0.0, "apt_add_30": 0.0, "apt_add_35": 0.0, "apt_add_40": 200.0, "apt_addAll": 200.0, "apts_2040": 970.0, "hh_2020": 4.6406619, "hh_2025": 4.861701912, "hh_2030": 5.049306447, "hh_2035": 5.196122139, "hh_2040": 5.329848823, "pop_2020": 3573.309663, "pop_2025": 3743.510473, "pop_2030": 3887.965964, "pop_2035": 4001.014047, "pop_2040": 5169.953358, "stud_2020": 582.6654832, "stud_2025": 633.725726, "stud_2030": 677.0623735, "stud_2035": 710.9767982, "stud_2040": 1061.658592, "emp_2020": 112.7010026, "emp_2025": 117.3815249, "emp_2030": 121.3540509, "emp_2035": 124.4628732, "emp_2040": 172.0087042, "yesh_2020": 267.9982247, "yesh_2025": 280.7632854, "yesh_2030": 291.5974473, "yesh_2035": 300.0760535, "yesh_2040": 387.7465019, "uni_2020": 0.0, "uni_2025": 0.0, "uni_2030": 0.0, "uni_2035": 0.0, "uni_2040": 0.0 }, "geometry": { "type": "Point", "coordinates": [ 35.186896987149332, 31.81963472684313 ] } },
{ "type": "Feature", "properties": { "Taz_num": "6208", "Taz_num_sh": 6208.0, "name": "שיכוני 700", "in_jeru": 1, "in_metro": 1, "sector": "U. Orthodox", "apts_2020": 293.1976472, "apt_add_25": 24.0, "apt_add_30": 149.8, "apt_add_35": 0.0, "apt_add_40": 0.0, "apt_addAll": 173.8, "apts_2040": 466.9976472, "hh_2020": 5.0, "hh_2025": 5.0, "hh_2030": 5.0, "hh_2035": 4.8, "hh_2040": 4.6, "pop_2020": 1465.988236, "pop_2025": 1585.988236, "pop_2030": 2334.988236, "pop_2035": 2241.588707, "pop_2040": 2148.189177, "stud_2020": 102.0, "stud_2025": 102.0, "stud_2030": 152.195795, "stud_2035": 152.195795, "stud_2040": 152.195795, "emp_2020": 31.92621884, "emp_2025": 33.77421884, "emp_2030": 49.91010005, "emp_2035": 49.91010005, "emp_2040": 38.17843059, "yesh_2020": 0.0, "yesh_2025": 0.0, "yesh_2030": 0.0, "yesh_2035": 0.0, "yesh_2040": 0.0, "uni_2020": 0.0, "uni_2025": 0.0, "uni_2030": 0.0, "uni_2035": 0.0, "uni_2040": 0.0 }, "geometry": { "type": "Point", "coordinates": [ 35.231027538678418, 31.838370841928207 ] } },
{ "type": "Feature", "properties": { "Taz_num": "6003", "Taz_num_sh": 6003.0, "name": "נוה יעקב - דרום מערב", "in_jeru": 1, "in_metro": 1, "sector": "U. Orthodox", "apts_2020": 805.1433251, "apt_add_25": 40.5, "apt_add_30": 0.0, "apt_add_35": 0.0, "apt_add_40": 0.0, "apt_addAll": 40.5, "apts_2040": 845.6433251, "hh_2020": 5.0, "hh_2025": 5.0, "hh_2030": 5.0, "hh_2035": 4.8, "hh_2040": 4.6, "pop_2020": 4025.716626, "pop_2025": 4228.216626, "pop_2030": 4228.216626, "pop_2035": 4059.087961, "pop_2040": 3889.959296, "stud_2020": 642.6433819, "stud_2025": 767.2867637000001, "stud_2030": 891.9301456, "stud_2035": 1016.573527, "stud_2040": 1141.216909, "emp_2020": 120.9050127, "emp_2025": 135.449156, "emp_2030": 146.8747994, "emp_2035": 158.3004427, "emp_2040": 134.8547985, "yesh_2020": 0.0, "yesh_2025": 0.0, "yesh_2030": 0.0, "yesh_2035": 0.0, "yesh_2040": 0.0, "uni_2020": 0.0, "uni_2025": 0.0, "uni_2030": 0.0, "uni_2035": 0.0, "uni_2040": 0.0 }, "geometry": { "type": "Point", "coordinates": [ 35.237347951027104, 31.836806139309829 ] } },
{ "type": "Feature", "properties": { "Taz_num": "0208", "Taz_num_sh": 208.0, "name": "בה''ס סנט ג'ורג'", "in_jeru": 1, "in_metro": 1, "sector": "Arab", "apts_2020": 30.83511777, "apt_add_25": 1.413276231, "apt_add_30": 2.826552463, "apt_add_35": 4.239828694, "apt_add_40": 5.653104925, "apt_addAll": 14.13276231, "apts_2040": 44.96788009, "hh_2020": 5.5, "hh_2025": 5.4, "hh_2030": 5.4, "hh_2035": 5.2, "hh_2040": 5.2, "pop_2020": 147.2031403, "pop_2025": 174.1413276, "pop_2030": 189.4047109, "pop_2035": 204.4368308, "pop_2040": 233.8329764, "stud_2020": 728.0, "stud_2025": 736.0814562, "stud_2030": 740.6604712, "stud_2035": 745.1701072, "stud_2040": 753.9889508, "emp_2020": 809.4182112, "emp_2025": 897.7650279, "emp_2030": 985.1890141, "emp_2035": 1072.977484, "emp_2040": 1161.207604, "yesh_2020": 0.0, "yesh_2025": 0.0, "yesh_2030": 0.0, "yesh_2035": 0.0, "yesh_2040": 0.0, "uni_2020": 0.0, "uni_2025": 0.0, "uni_2030": 0.0, "uni_2035": 0.0, "uni_2040": 0.0 }, "geometry": { "type": "Point", "coordinates": [ 35.227956613310333, 31.78709154623213 ] } },
{ "type": "Feature", "properties": { "Taz_num": "0207", "Taz_num_sh": 207.0, "name": "משולש שער שכם", "in_jeru": 1, "in_metro": 1, "sector": "Arab", "apts_2020": 119.4860814, "apt_add_25": 5.476445396, "apt_add_30": 10.95289079, "apt_add_35": 16.42933619, "apt_add_40": 21.90578158, "apt_addAll": 54.76445396, "apts_2040": 174.2505353, "hh_2020": 5.5, "hh_2025": 5.4, "hh_2030": 5.4, "hh_2035": 5.2, "hh_2040": 5.2, "pop_2020": 657.1734475, "pop_2025": 674.7976445, "pop_2030": 733.9432548, "pop_2035": 792.1927195, "pop_2040": 906.1027837, "stud_2020": 0.0, "stud_2025": 5.287259101, "stud_2030": 23.03094218, "stud_2035": 40.50578158, "stud_2040": 74.67880086, "emp_2020": 875.9904672, "emp_2025": 1304.354036, "emp_2030": 1730.872894, "emp_2035": 2159.131467, "emp_2040": 2589.101428, "yesh_2020": 0.0, "yesh_2025": 0.0, "yesh_2030": 0.0, "yesh_2035": 0.0, "yesh_2040": 0.0, "uni_2020": 0.0, "uni_2025": 0.0, "uni_2030": 0.0, "uni_2035": 0.0, "uni_2040": 0.0 }, "geometry": { "type": "Point", "coordinates": [ 35.228457454348963, 31.783353654059688 ] } },
{ "type": "Feature", "properties": { "Taz_num": "0106", "Taz_num_sh": 106.0, "name": "מאה שערים מערב", "in_jeru": 1, "in_metro": 1, "sector": "U. Orthodox", "apts_2020": 692.7980543, "apt_add_25": 120.5, "apt_add_30": 92.0, "apt_add_35": 29.0, "apt_add_40": 35.0, "apt_addAll": 276.5, "apts_2040": 969.2980543, "hh_2020": 5.0, "hh_2025": 5.0, "hh_2030": 5.0, "hh_2035": 5.5, "hh_2040": 5.5, "pop_2020": 3463.990272, "pop_2025": 4066.490272, "pop_2030": 4526.490272, "pop_2035": 5138.639299, "pop_2040": 5331.139299, "stud_2020": 852.4855815, "stud_2025": 1083.09261, "stud_2030": 1306.800513, "stud_2035": 1540.005307, "stud_2040": 1776.550225, "emp_2020": 746.0841331, "emp_2025": 823.3594756, "emp_2030": 888.4276537, "emp_2035": 943.6549267, "emp_2040": 995.8497978, "yesh_2020": 672.3197083, "yesh_2025": 721.586119, "yesh_2030": 744.7367277, "yesh_2035": 762.7807873, "yesh_2040": 786.1147958, "uni_2020": 0.0, "uni_2025": 0.0, "uni_2030": 0.0, "uni_2035": 0.0, "uni_2040": 0.0 }, "geometry": { "type": "Point", "coordinates": [ 35.220159771461717, 31.787085654597085 ] } },
{ "type": "Feature", "properties": { "Taz_num": "0103", "Taz_num_sh": 103.0, "name": "מאה שערים מזרח", "in_jeru": 1, "in_metro": 1, "sector": "U. Orthodox", "apts_2020": 1129.0, "apt_add_25": 14.0, "apt_add_30": 73.0, "apt_add_35": 14.0, "apt_add_40": 17.0, "apt_addAll": 118.0, "apts_2040": 1247.0, "hh_2020": 5.2, "hh_2025": 5.3, "hh_2030": 5.3, "hh_2035": 5.5, "hh_2040": 5.5, "pop_2020": 5148.009728, "pop_2025": 6057.9, "pop_2030": 6444.8, "pop_2035": 6765.0, "pop_2040": 6858.5, "stud_2020": 3978.0, "stud_2025": 4002.677419, "stud_2030": 4023.514874, "stud_2035": 4045.576444, "stud_2040": 4066.893855, "emp_2020": 794.8709697, "emp_2025": 838.2581302, "emp_2030": 904.7855541, "emp_2035": 956.9718147, "emp_2040": 1005.701579, "yesh_2020": 1199.195616, "yesh_2025": 1218.731161, "yesh_2030": 1252.480912, "yesh_2035": 1276.148474, "yesh_2040": 1297.918715, "uni_2020": 0.0, "uni_2025": 0.0, "uni_2030": 0.0, "uni_2035": 0.0, "uni_2040": 0.0 }, "geometry": { "type": "Point", "coordinates": [ 35.223562571843807, 31.78623776715057 ] } },
{ "type": "Feature", "properties": { "Taz_num": "0010", "Taz_num_sh": 10.0, "name": "גוש 50", "in_jeru": 1, "in_metro": 1, "sector": "Jewish", "apts_2020": 331.0, "apt_add_25": 0.0, "apt_add_30": 108.0, "apt_add_35": 0.0, "apt_add_40": 0.0, "apt_addAll": 108.0, "apts_2040": 439.0, "hh_2020": 3.514285714, "hh_2025": 3.69, "hh_2030": 3.8745, "hh_2035": 4.068225, "hh_2040": 4.271428571, "pop_2020": 1163.228571, "pop_2025": 1221.39, "pop_2030": 1700.9055, "pop_2035": 1785.950775, "pop_2040": 1875.157143, "stud_2020": 0.0, "stud_2025": 0.0, "stud_2030": 0.0, "stud_2035": 0.0, "stud_2040": 0.0, "emp_2020": 1465.505469, "emp_2025": 1480.588667, "emp_2030": 1505.138025, "emp_2035": 1520.144448, "emp_2040": 1533.996385, "yesh_2020": 0.0, "yesh_2025": 0.0, "yesh_2030": 0.0, "yesh_2035": 0.0, "yesh_2040": 0.0, "uni_2020": 0.0, "uni_2025": 0.0, "uni_2030": 0.0, "uni_2035": 0.0, "uni_2040": 0.0 }, "geometry": { "type": "Point", "coordinates": [ 35.219320477912085, 31.783478872600057 ] } },
{ "type": "Feature", "properties": { "Taz_num": "0011", "Taz_num_sh": 11.0, "name": "מכללת הדסה", "in_jeru": 1, "in_metro": 1, "sector": "Jewish", "apts_2020": 254.2833667, "apt_add_25": 0.0, "apt_add_30": 25.0, "apt_add_35": 29.8, "apt_add_40": 75.0, "apt_addAll": 129.8, "apts_2040": 384.0833667, "hh_2020": 1.545462047, "hh_2025": 1.491715362, "hh_2030": 1.53529162, "hh_2035": 1.590963513, "hh_2040": 1.748021302, "pop_2020": 392.9852925, "pop_2025": 379.3184045, "pop_2030": 428.7814126, "pop_2035": 491.7403588, "pop_2040": 671.3859066, "stud_2020": 0.0, "stud_2025": 0.0, "stud_2030": 0.0, "stud_2035": 0.0, "stud_2040": 0.0, "emp_2020": 2420.025363, "emp_2025": 2478.450539, "emp_2030": 2781.109276, "emp_2035": 3163.181534, "emp_2040": 3221.437111, "yesh_2020": 0.0, "yesh_2025": 0.0, "yesh_2030": 0.0, "yesh_2035": 0.0, "yesh_2040": 0.0, "uni_2020": 3933.0, "uni_2025": 4129.65, "uni_2030": 4336.1325, "uni_2035": 4552.939125, "uni_2040": 4780.586081 }, "geometry": { "type": "Point", "coordinates": [ 35.220965653748976, 31.782682642810045 ] } },
{ "type": "Feature", "properties": { "Taz_num": "0701", "Taz_num_sh": 701.0, "name": "רשות השידור", "in_jeru": 1, "in_metro": 1, "sector": "Jewish", "apts_2020": 0.0, "apt_add_25": 200.0, "apt_add_30": 300.0, "apt_add_35": 500.0, "apt_add_40": 0.0, "apt_addAll": 1000.0, "apts_2040": 1000.0, "hh_2020": 2.214468164, "hh_2025": 2.155087651, "hh_2030": 2.607797098, "hh_2035": 2.587479517, "hh_2040": 2.531679304, "pop_2020": 0.0, "pop_2025": 431.0175302, "pop_2030": 1303.898549, "pop_2035": 2587.479517, "pop_2040": 2531.679304, "stud_2020": 0.0, "stud_2025": 43.10175302, "stud_2030": 130.3898549, "stud_2035": 258.7479517, "stud_2040": 253.1679304, "emp_2020": 0.0, "emp_2025": 1140.350441, "emp_2030": 2278.568399, "emp_2035": 3429.142555, "emp_2040": 4556.439051, "yesh_2020": 0.0, "yesh_2025": 0.0, "yesh_2030": 0.0, "yesh_2035": 0.0, "yesh_2040": 0.0, "uni_2020": 0.0, "uni_2025": 0.0, "uni_2030": 0.0, "uni_2035": 0.0, "uni_2040": 0.0 }, "geometry": { "type": "Point", "coordinates": [ 35.206959375709758, 31.787356605617219 ] } },
{ "type": "Feature", "properties": { "Taz_num": "0809", "Taz_num_sh": 809.0, "name": "שוקניון", "in_jeru": 1, "in_metro": 1, "sector": "Jewish", "apts_2020": 646.3133641, "apt_add_25": 24.825, "apt_add_30": 24.825, "apt_add_35": 24.825, "apt_add_40": 24.825, "apt_addAll": 99.3, "apts_2040": 745.6133641, "hh_2020": 1.5, "hh_2025": 1.5, "hh_2030": 1.7, "hh_2035": 1.7, "hh_2040": 2.0, "pop_2020": 969.4700461, "pop_2025": 1006.707546, "pop_2030": 1183.137719, "pop_2035": 1225.340219, "pop_2040": 1491.226728, "stud_2020": 0.0, "stud_2025": 0.0, "stud_2030": 0.0, "stud_2035": 0.0, "stud_2040": 0.0, "emp_2020": 797.9167081000001, "emp_2025": 787.7192907, "emp_2030": 777.6034558, "emp_2035": 767.4468296, "emp_2040": 757.2902035, "yesh_2020": 24.0, "yesh_2025": 24.0, "yesh_2030": 24.0, "yesh_2035": 24.0, "yesh_2040": 24.0, "uni_2020": 0.0, "uni_2025": 0.0, "uni_2030": 0.0, "uni_2035": 0.0, "uni_2040": 0.0 }, "geometry": { "type": "Point", "coordinates": [ 35.210209264358305, 31.785897281591502 ] } },
{ "type": "Feature", "properties": { "Taz_num": "0610", "Taz_num_sh": 610.0, "name": "משרד ראש הממשלה החדש", "in_jeru": 1, "in_metro": 1, "sector": "Jewish", "apts_2020": 0.0, "apt_add_25": 0.0, "apt_add_30": 0.0, "apt_add_35": 0.0, "apt_add_40": 0.0, "apt_addAll": 0.0, "apts_2040": 0.0, "hh_2020": 0.0, "hh_2025": 0.0, "hh_2030": 0.0, "hh_2035": 0.0, "hh_2040": 0.0, "pop_2020": 0.0, "pop_2025": 0.0, "pop_2030": 0.0, "pop_2035": 0.0, "pop_2040": 0.0, "stud_2020": 0.0, "stud_2025": 0.0, "stud_2030": 0.0, "stud_2035": 0.0, "stud_2040": 0.0, "emp_2020": 0.0, "emp_2025": 664.9621522, "emp_2030": 1325.0, "emp_2035": 1987.5, "emp_2040": 2650.0, "yesh_2020": 0.0, "yesh_2025": 0.0, "yesh_2030": 0.0, "yesh_2035": 0.0, "yesh_2040": 0.0, "uni_2020": 0.0, "uni_2025": 0.0, "uni_2030": 0.0, "uni_2035": 0.0, "uni_2040": 0.0 }, "geometry": { "type": "Point", "coordinates": [ 35.202031524279761, 31.784223998503045 ] } },
{ "type": "Feature", "properties": { "Taz_num": "0703", "Taz_num_sh": 703.0, "name": "בנייני האומה", "in_jeru": 1, "in_metro": 1, "sector": "Jewish", "apts_2020": 0.0, "apt_add_25": 0.0, "apt_add_30": 0.0, "apt_add_35": 200.0, "apt_add_40": 0.0, "apt_addAll": 200.0, "apts_2040": 200.0, "hh_2020": 1.8, "hh_2025": 1.8, "hh_2030": 1.8, "hh_2035": 1.8, "hh_2040": 1.8, "pop_2020": 0.0, "pop_2025": 0.0, "pop_2030": 0.0, "pop_2035": 360.0, "pop_2040": 360.0, "stud_2020": 0.0, "stud_2025": 0.0, "stud_2030": 0.0, "stud_2035": 0.0, "stud_2040": 0.0, "emp_2020": 873.5909277, "emp_2025": 1977.67903, "emp_2030": 3073.590928, "emp_2035": 4173.590928, "emp_2040": 5273.590928, "yesh_2020": 0.0, "yesh_2025": 0.0, "yesh_2030": 0.0, "yesh_2035": 0.0, "yesh_2040": 0.0, "uni_2020": 0.0, "uni_2025": 0.0, "uni_2030": 0.0, "uni_2035": 0.0, "uni_2040": 0.0 }, "geometry": { "type": "Point", "coordinates": [ 35.202839128184785, 31.78628360130433 ] } },
{ "type": "Feature", "properties": { "Taz_num": "0602", "Taz_num_sh": 602.0, "name": "קרית בן גוריון", "in_jeru": 1, "in_metro": 1, "sector": "Jewish", "apts_2020": 0.0, "apt_add_25": 0.0, "apt_add_30": 0.0, "apt_add_35": 0.0, "apt_add_40": 0.0, "apt_addAll": 0.0, "apts_2040": 0.0, "hh_2020": 0.0, "hh_2025": 0.0, "hh_2030": 0.0, "hh_2035": 0.0, "hh_2040": 0.0, "pop_2020": 0.0, "pop_2025": 0.0, "pop_2030": 0.0, "pop_2035": 0.0, "pop_2040": 0.0, "stud_2020": 0.0, "stud_2025": 0.0, "stud_2030": 0.0, "stud_2035": 0.0, "stud_2040": 0.0, "emp_2020": 2750.0, "emp_2025": 3136.827582, "emp_2030": 3520.790554, "emp_2035": 3906.185832, "emp_2040": 4291.581109, "yesh_2020": 0.0, "yesh_2025": 0.0, "yesh_2030": 0.0, "yesh_2035": 0.0, "yesh_2040": 0.0, "uni_2020": 0.0, "uni_2025": 0.0, "uni_2030": 0.0, "uni_2035": 0.0, "uni_2040": 0.0 }, "geometry": { "type": "Point", "coordinates": [ 35.201847728914984, 31.778550836425318 ] } },
{ "type": "Feature", "properties": { "Taz_num": "0609", "Taz_num_sh": 609.0, "name": "קרית הממשלה משרד החוץ", "in_jeru": 1, "in_metro": 1, "sector": "Jewish", "apts_2020": 0.0, "apt_add_25": 0.0, "apt_add_30": 0.0, "apt_add_35": 0.0, "apt_add_40": 0.0, "apt_addAll": 0.0, "apts_2040": 0.0, "hh_2020": 0.0, "hh_2025": 0.0, "hh_2030": 0.0, "hh_2035": 0.0, "hh_2040": 2.669157167, "pop_2020": 0.0, "pop_2025": 0.0, "pop_2030": 0.0, "pop_2035": 0.0, "pop_2040": 0.0, "stud_2020": 0.0, "stud_2025": 0.0, "stud_2030": 0.0, "stud_2035": 0.0, "stud_2040": 0.0, "emp_2020": 4620.0, "emp_2025": 5269.870338, "emp_2030": 5914.928131, "emp_2035": 6562.392197, "emp_2040": 7209.856263, "yesh_2020": 0.0, "yesh_2025": 0.0, "yesh_2030": 0.0, "yesh_2035": 0.0, "yesh_2040": 0.0, "uni_2020": 0.0, "uni_2025": 0.0, "uni_2030": 0.0, "uni_2035": 0.0, "uni_2040": 0.0 }, "geometry": { "type": "Point", "coordinates": [ 35.199859982954493, 31.782560365355785 ] } },
{ "type": "Feature", "properties": { "Taz_num": "0408", "Taz_num_sh": 408.0, "name": "מלון פאלאס", "in_jeru": 1, "in_metro": 1, "sector": "Jewish", "apts_2020": 219.0, "apt_add_25": 0.0, "apt_add_30": 0.0, "apt_add_35": 6.6, "apt_add_40": 0.0, "apt_addAll": 6.6, "apts_2040": 225.6, "hh_2020": 1.596091793, "hh_2025": 1.596091793, "hh_2030": 1.596091793, "hh_2035": 1.596091793, "hh_2040": 1.596091793, "pop_2020": 349.5441027, "pop_2025": 349.5441027, "pop_2030": 349.5441027, "pop_2035": 360.0783085, "pop_2040": 360.0783085, "stud_2020": 0.0, "stud_2025": 0.0, "stud_2030": 0.0, "stud_2035": 0.0, "stud_2040": 0.0, "emp_2020": 1064.262892, "emp_2025": 1080.824797, "emp_2030": 1098.710425, "emp_2035": 1347.51995, "emp_2040": 1362.416726, "yesh_2020": 0.0, "yesh_2025": 0.0, "yesh_2030": 0.0, "yesh_2035": 0.0, "yesh_2040": 0.0, "uni_2020": 0.0, "uni_2025": 0.0, "uni_2030": 0.0, "uni_2035": 0.0, "uni_2040": 0.0 }, "geometry": { "type": "Point", "coordinates": [ 35.221283157934359, 31.776708988052214 ] } },
{ "type": "Feature", "properties": { "Taz_num": "0407", "Taz_num_sh": 407.0, "name": "מנזר סנט רוזרי", "in_jeru": 1, "in_metro": 1, "sector": "Jewish", "apts_2020": 350.0, "apt_add_25": 5.3, "apt_add_30": 5.3, "apt_add_35": 5.3, "apt_add_40": 5.3, "apt_addAll": 21.2, "apts_2040": 371.2, "hh_2020": 1.596091793, "hh_2025": 1.596091793, "hh_2030": 1.596091793, "hh_2035": 1.596091793, "hh_2040": 1.596091793, "pop_2020": 558.6321275, "pop_2025": 567.091414, "pop_2030": 575.5507005, "pop_2035": 584.009987, "pop_2040": 592.4692736, "stud_2020": 0.0, "stud_2025": 0.0, "stud_2030": 0.0, "stud_2035": 0.0, "stud_2040": 0.0, "emp_2020": 571.7910999, "emp_2025": 580.9042335, "emp_2030": 590.7414268, "emp_2035": 599.619179, "emp_2040": 607.7472562, "yesh_2020": 0.0, "yesh_2025": 0.0, "yesh_2030": 0.0, "yesh_2035": 0.0, "yesh_2040": 0.0, "uni_2020": 0.0, "uni_2025": 0.0, "uni_2030": 0.0, "uni_2035": 0.0, "uni_2040": 0.0 }, "geometry": { "type": "Point", "coordinates": [ 35.219325366409862, 31.775043784280996 ] } },
{ "type": "Feature", "properties": { "Taz_num": "3912", "Taz_num_sh": 3912.0, "name": "המושבה הגרמנית דרום", "in_jeru": 1, "in_metro": 1, "sector": "Jewish", "apts_2020": 411.6970706, "apt_add_25": 29.5, "apt_add_30": 29.5, "apt_add_35": 29.5, "apt_add_40": 29.5, "apt_addAll": 118.0, "apts_2040": 529.6970706, "hh_2020": 2.530332675, "hh_2025": 2.402654871, "hh_2030": 2.276700077, "hh_2035": 2.167149185, "hh_2040": 2.07234656, "pop_2020": 1041.73055, "pop_2025": 1060.044291, "pop_2030": 1071.636057, "pop_2035": 1084.001674, "pop_2040": 1097.715902, "stud_2020": 936.0, "stud_2025": 956.597777, "stud_2030": 975.3715195, "stud_2035": 992.553245, "stud_2040": 1008.337222, "emp_2020": 577.9529408, "emp_2025": 587.3531606, "emp_2030": 596.9248066, "emp_2035": 605.9159557, "emp_2040": 614.3742406, "yesh_2020": 0.0, "yesh_2025": 0.0, "yesh_2030": 0.0, "yesh_2035": 0.0, "yesh_2040": 0.0, "uni_2020": 0.0, "uni_2025": 0.0, "uni_2030": 0.0, "uni_2035": 0.0, "uni_2040": 0.0 }, "geometry": { "type": "Point", "coordinates": [ 35.217997554835222, 31.764558539578331 ] } },
{ "type": "Feature", "properties": { "Taz_num": "3913", "Taz_num_sh": 3913.0, "name": "המושבה הגרמנית צפון", "in_jeru": 1, "in_metro": 1, "sector": "Jewish", "apts_2020": 238.068427, "apt_add_25": 39.5, "apt_add_30": 39.5, "apt_add_35": 39.5, "apt_add_40": 39.5, "apt_addAll": 158.0, "apts_2040": 396.068427, "hh_2020": 2.464721735, "hh_2025": 2.326744016, "hh_2030": 2.226995184, "hh_2035": 2.131836155, "hh_2040": 2.052409006, "pop_2020": 586.7724264, "pop_2025": 645.8306766, "pop_2030": 706.1098599, "pop_2035": 760.1454644, "pop_2040": 812.8944064, "stud_2020": 1300.0, "stud_2025": 1346.070327, "stud_2030": 1382.866878, "stud_2035": 1412.933757, "stud_2040": 1437.962457, "emp_2020": 561.7315305, "emp_2025": 744.8698273, "emp_2030": 760.7883552, "emp_2035": 775.2606714, "emp_2040": 788.6000045, "yesh_2020": 0.0, "yesh_2025": 0.0, "yesh_2030": 0.0, "yesh_2035": 0.0, "yesh_2040": 0.0, "uni_2020": 0.0, "uni_2025": 0.0, "uni_2030": 0.0, "uni_2035": 0.0, "uni_2040": 0.0 }, "geometry": { "type": "Point", "coordinates": [ 35.219492519946407, 31.766851857659088 ] } },
{ "type": "Feature", "properties": { "Taz_num": "3803", "Taz_num_sh": 3803.0, "name": "קטמון מזרח", "in_jeru": 1, "in_metro": 1, "sector": "Jewish", "apts_2020": 487.9257479, "apt_add_25": 16.0, "apt_add_30": 16.0, "apt_add_35": 16.0, "apt_add_40": 25.0, "apt_addAll": 73.0, "apts_2040": 560.9257479, "hh_2020": 2.227432093, "hh_2025": 2.201259221, "hh_2030": 2.168010984, "hh_2035": 2.124663343, "hh_2040": 2.085741657, "pop_2020": 1086.82147, "pop_2025": 1109.271199, "pop_2030": 1127.204732, "pop_2035": 1138.661791, "pop_2040": 1169.946199, "stud_2020": 1122.807106, "stud_2025": 1136.052863, "stud_2030": 1148.770823, "stud_2035": 1160.991915, "stud_2040": 1171.66413, "emp_2020": 483.7581215, "emp_2025": 486.2043159, "emp_2030": 488.6021289, "emp_2035": 490.9543957, "emp_2040": 515.1425686, "yesh_2020": 0.0, "yesh_2025": 0.0, "yesh_2030": 0.0, "yesh_2035": 0.0, "yesh_2040": 0.0, "uni_2020": 0.0, "uni_2025": 0.0, "uni_2030": 0.0, "uni_2035": 0.0, "uni_2040": 0.0 }, "geometry": { "type": "Point", "coordinates": [ 35.213644341808795, 31.764767263354702 ] } },
{ "type": "Feature", "properties": { "Taz_num": "3802", "Taz_num_sh": 3802.0, "name": "קטמון צפון", "in_jeru": 1, "in_metro": 1, "sector": "Jewish", "apts_2020": 1175.1625, "apt_add_25": 22.5, "apt_add_30": 14.5, "apt_add_35": 14.5, "apt_add_40": 14.5, "apt_addAll": 66.0, "apts_2040": 1241.1625, "hh_2020": 2.167962655, "hh_2025": 2.140525549, "hh_2030": 2.104314287, "hh_2035": 2.056853967, "hh_2040": 2.002752989, "pop_2020": 2547.708413, "pop_2025": 2563.627181, "pop_2030": 2550.770867, "pop_2035": 2523.065629, "pop_2040": 2485.741907, "stud_2020": 617.4650344, "stud_2025": 623.9774856, "stud_2030": 626.2478615, "stud_2035": 628.4805599, "stud_2040": 630.676511, "emp_2020": 409.9313879, "emp_2025": 412.2608625, "emp_2030": 413.5854803, "emp_2035": 414.9066444, "emp_2040": 519.2702246, "yesh_2020": 0.0, "yesh_2025": 0.0, "yesh_2030": 0.0, "yesh_2035": 0.0, "yesh_2040": 0.0, "uni_2020": 0.0, "uni_2025": 0.0, "uni_2030": 0.0, "uni_2035": 0.0, "uni_2040": 0.0 }, "geometry": { "type": "Point", "coordinates": [ 35.212766686773818, 31.766779300490214 ] } },
{ "type": "Feature", "properties": { "Taz_num": "3801", "Taz_num_sh": 3801.0, "name": "הפלמח - מרכז מסחרי", "in_jeru": 1, "in_metro": 1, "sector": "Jewish", "apts_2020": 911.2103831, "apt_add_25": 35.0, "apt_add_30": 28.4, "apt_add_35": 17.0, "apt_add_40": 17.0, "apt_addAll": 97.4, "apts_2040": 1008.610383, "hh_2020": 1.768877479, "hh_2025": 1.715772399, "hh_2030": 1.676602962, "hh_2035": 1.624672693, "hh_2040": 1.572804215, "pop_2020": 1611.819525, "pop_2025": 1623.481659, "pop_2030": 1634.034655, "pop_2035": 1611.042312, "pop_2040": 1586.346661, "stud_2020": 402.9548813, "stud_2025": 406.4535214, "stud_2030": 409.6194202, "stud_2035": 402.7217173, "stud_2040": 395.3130222, "emp_2020": 301.734911, "emp_2025": 304.7506197, "emp_2030": 307.2276271, "emp_2035": 307.9043376, "emp_2040": 349.8312517, "yesh_2020": 0.0, "yesh_2025": 0.0, "yesh_2030": 0.0, "yesh_2035": 0.0, "yesh_2040": 0.0, "uni_2020": 0.0, "uni_2025": 0.0, "uni_2030": 0.0, "uni_2035": 0.0, "uni_2040": 0.0 }, "geometry": { "type": "Point", "coordinates": [ 35.208691614751842, 31.766927133901639 ] } },
{ "type": "Feature", "properties": { "Taz_num": "3809", "Taz_num_sh": 3809.0, "name": "שיכון רסקו צפון", "in_jeru": 1, "in_metro": 1, "sector": "Jewish", "apts_2020": 968.3333333, "apt_add_25": 36.66666667, "apt_add_30": 24.66666667, "apt_add_35": 24.66666667, "apt_add_40": 24.66666667, "apt_addAll": 110.6666667, "apts_2040": 1079.0, "hh_2020": 1.88676378, "hh_2025": 1.84469162, "hh_2030": 1.804006942, "hh_2035": 1.762956341, "hh_2040": 1.721320499, "pop_2020": 1827.01626, "pop_2025": 1853.915078, "pop_2030": 1857.525815, "pop_2035": 1858.743636, "pop_2040": 1857.304818, "stud_2020": 0.0, "stud_2025": 0.0, "stud_2030": 0.0, "stud_2035": 0.0, "stud_2040": 0.0, "emp_2020": 161.7697866, "emp_2025": 164.5931199, "emp_2030": 166.4924533, "emp_2035": 168.3917866, "emp_2040": 170.0285165, "yesh_2020": 0.0, "yesh_2025": 0.0, "yesh_2030": 0.0, "yesh_2035": 0.0, "yesh_2040": 0.0, "uni_2020": 0.0, "uni_2025": 0.0, "uni_2030": 0.0, "uni_2035": 0.0, "uni_2040": 0.0 }, "geometry": { "type": "Point", "coordinates": [ 35.20646249310569, 31.767068089412128 ] } },
{ "type": "Feature", "properties": { "Taz_num": "3808", "Taz_num_sh": 3808.0, "name": "שיכון רסקו דרום", "in_jeru": 1, "in_metro": 1, "sector": "Jewish", "apts_2020": 1092.633333, "apt_add_25": 36.71666667, "apt_add_30": 36.71666667, "apt_add_35": 58.96666667, "apt_add_40": 36.71666667, "apt_addAll": 169.1166667, "apts_2040": 1261.75, "hh_2020": 2.20178326, "hh_2025": 2.15891706, "hh_2030": 2.117391824, "hh_2035": 2.070535388, "hh_2040": 2.020635445, "pop_2020": 2405.741783, "pop_2025": 2438.172982, "pop_2030": 2469.020026, "pop_2035": 2536.474868, "pop_2040": 2549.536772, "stud_2020": 128.0, "stud_2025": 130.3546598, "stud_2030": 132.6410332, "stud_2035": 137.356829, "stud_2040": 139.4800933, "emp_2020": 354.7466727, "emp_2025": 357.7896998, "emp_2030": 360.8264674, "emp_2035": 365.799182, "emp_2040": 375.0490448, "yesh_2020": 0.0, "yesh_2025": 0.0, "yesh_2030": 0.0, "yesh_2035": 0.0, "yesh_2040": 0.0, "uni_2020": 0.0, "uni_2025": 0.0, "uni_2030": 0.0, "uni_2035": 0.0, "uni_2040": 0.0 }, "geometry": { "type": "Point", "coordinates": [ 35.202235113115968, 31.763312044521953 ] } },
{ "type": "Feature", "properties": { "Taz_num": "3807", "Taz_num_sh": 3807.0, "name": "גבעת הורדים", "in_jeru": 1, "in_metro": 1, "sector": "Jewish", "apts_2020": 560.2763081000001, "apt_add_25": 17.93333333, "apt_add_30": 17.93333333, "apt_add_35": 17.93333333, "apt_add_40": 17.93333333, "apt_addAll": 71.73333333, "apts_2040": 632.0096414, "hh_2020": 2.280645972, "hh_2025": 2.231282391, "hh_2030": 2.18267034, "hh_2035": 2.12816829, "hh_2040": 2.07065179, "pop_2020": 1277.791905, "pop_2025": 1290.148991, "pop_2030": 1301.183589, "pop_2035": 1306.857726, "pop_2040": 1308.671895, "stud_2020": 664.0, "stud_2025": 679.9940591, "stud_2030": 695.744482, "stud_2035": 711.2567933, "stud_2040": 726.5363523, "emp_2020": 855.7815345, "emp_2025": 858.6285233, "emp_2030": 861.4531787, "emp_2035": 864.2560073, "emp_2040": 907.124535, "yesh_2020": 0.0, "yesh_2025": 0.0, "yesh_2030": 0.0, "yesh_2035": 0.0, "yesh_2040": 0.0, "uni_2020": 0.0, "uni_2025": 0.0, "uni_2030": 0.0, "uni_2035": 0.0, "uni_2040": 0.0 }, "geometry": { "type": "Point", "coordinates": [ 35.203648874425973, 31.761411523185345 ] } },
{ "type": "Feature", "properties": { "Taz_num": "3805", "Taz_num_sh": 3805.0, "name": "גבעת אורנים", "in_jeru": 1, "in_metro": 1, "sector": "Jewish", "apts_2020": 468.4777778, "apt_add_25": 29.51666667, "apt_add_30": 17.51666667, "apt_add_35": 17.51666667, "apt_add_40": 17.51666667, "apt_addAll": 82.06666667, "apts_2040": 550.5444444, "hh_2020": 2.287000993, "hh_2025": 2.244403772, "hh_2030": 2.201895495, "hh_2035": 2.153043234, "hh_2040": 2.099911798, "pop_2020": 1071.409143, "pop_2025": 1117.70061, "pop_2030": 1135.101593, "pop_2035": 1147.63185, "pop_2040": 1156.094774, "stud_2020": 257.0352658, "stud_2025": 269.3924616, "stud_2030": 275.0058093, "stud_2035": 280.4657893, "stud_2040": 285.7786024, "emp_2020": 354.6689683, "emp_2025": 358.0744946, "emp_2030": 359.9378348, "emp_2035": 361.7871163, "emp_2040": 376.0272371, "yesh_2020": 0.0, "yesh_2025": 0.0, "yesh_2030": 0.0, "yesh_2035": 0.0, "yesh_2040": 0.0, "uni_2020": 0.0, "uni_2025": 0.0, "uni_2030": 0.0, "uni_2035": 0.0, "uni_2040": 0.0 }, "geometry": { "type": "Point", "coordinates": [ 35.205664306576416, 31.761660375417097 ] } },
{ "type": "Feature", "properties": { "Taz_num": "3806", "Taz_num_sh": 3806.0, "name": "גוננים - סן סימון", "in_jeru": 1, "in_metro": 1, "sector": "Jewish", "apts_2020": 398.1402636, "apt_add_25": 6.0, "apt_add_30": 208.0, "apt_add_35": 6.0, "apt_add_40": 6.0, "apt_addAll": 226.0, "apts_2040": 624.1402636, "hh_2020": 3.454063164, "hh_2025": 3.509312769, "hh_2030": 3.544269103, "hh_2035": 3.530505665, "hh_2040": 3.484578684, "pop_2020": 1375.201619, "pop_2025": 1418.254588, "pop_2030": 2169.589823, "pop_2035": 2182.347702, "pop_2040": 2174.865859, "stud_2020": 378.6213235, "stud_2025": 399.3327745, "stud_2030": 541.1669325, "stud_2035": 530.0169576, "stud_2040": 500.3039079, "emp_2020": 159.9990317, "emp_2025": 162.3595814, "emp_2030": 191.3770459, "emp_2035": 190.8169649, "emp_2040": 249.8908597, "yesh_2020": 0.0, "yesh_2025": 0.0, "yesh_2030": 0.0, "yesh_2035": 0.0, "yesh_2040": 0.0, "uni_2020": 0.0, "uni_2025": 0.0, "uni_2030": 0.0, "uni_2035": 0.0, "uni_2040": 0.0 }, "geometry": { "type": "Point", "coordinates": [ 35.205367461441391, 31.75755290419875 ] } },
{ "type": "Feature", "properties": { "Taz_num": "3708", "Taz_num_sh": 3708.0, "name": "גוננים - הורקניה", "in_jeru": 1, "in_metro": 1, "sector": "Jewish", "apts_2020": 503.521726, "apt_add_25": 34.8, "apt_add_30": 30.0, "apt_add_35": 30.0, "apt_add_40": 30.0, "apt_addAll": 124.8, "apts_2040": 628.321726, "hh_2020": 3.411812373, "hh_2025": 3.396220418, "hh_2030": 3.336467739, "hh_2035": 3.240212568, "hh_2040": 3.123245353, "pop_2020": 1717.921655, "pop_2025": 1828.259237, "pop_2030": 1896.187104, "pop_2035": 1938.689577, "pop_2040": 1962.402911, "stud_2020": 734.0, "stud_2025": 734.0, "stud_2030": 734.0, "stud_2035": 734.0, "stud_2040": 734.0, "emp_2020": 235.2083914, "emp_2025": 237.8879914, "emp_2030": 240.1979914, "emp_2035": 242.5079914, "emp_2040": 257.1774636, "yesh_2020": 0.0, "yesh_2025": 0.0, "yesh_2030": 0.0, "yesh_2035": 0.0, "yesh_2040": 0.0, "uni_2020": 0.0, "uni_2025": 0.0, "uni_2030": 0.0, "uni_2035": 0.0, "uni_2040": 0.0 }, "geometry": { "type": "Point", "coordinates": [ 35.202835564688229, 31.756939709562175 ] } },
{ "type": "Feature", "properties": { "Taz_num": "3707", "Taz_num_sh": 3707.0, "name": "גונן ה", "in_jeru": 1, "in_metro": 1, "sector": "Jewish", "apts_2020": 551.9039638, "apt_add_25": 53.4, "apt_add_30": 62.8, "apt_add_35": 44.6, "apt_add_40": 89.6, "apt_addAll": 250.4, "apts_2040": 802.3039638, "hh_2020": 3.446686363, "hh_2025": 3.476500832, "hh_2030": 3.47024473, "hh_2035": 3.447113269, "hh_2040": 3.351695985, "pop_2020": 1902.239866, "pop_2025": 2104.339734, "pop_2030": 2318.48426, "pop_2035": 2456.771291, "pop_2040": 2689.078974, "stud_2020": 314.6621341, "stud_2025": 361.1013234, "stud_2030": 356.6232465, "stud_2035": 370.7747574, "stud_2040": 391.2739935, "emp_2020": 234.9130325, "emp_2025": 243.2817582, "emp_2030": 247.7068678, "emp_2035": 252.4382897, "emp_2040": 268.5060191, "yesh_2020": 95.0, "yesh_2025": 95.0, "yesh_2030": 95.0, "yesh_2035": 95.0, "yesh_2040": 95.0, "uni_2020": 0.0, "uni_2025": 0.0, "uni_2030": 0.0, "uni_2035": 0.0, "uni_2040": 0.0 }, "geometry": { "type": "Point", "coordinates": [ 35.20023428184323, 31.758153413203569 ] } },
{ "type": "Feature", "properties": { "Taz_num": "3907", "Taz_num_sh": 3907.0, "name": "בקעה דרום מערב", "in_jeru": 1, "in_metro": 1, "sector": "Jewish", "apts_2020": 615.9142857000001, "apt_add_25": 12.6, "apt_add_30": 77.8, "apt_add_35": 140.4, "apt_add_40": 107.8, "apt_addAll": 338.6, "apts_2040": 954.5142857, "hh_2020": 3.092850085, "hh_2025": 3.181320688, "hh_2030": 3.267385265, "hh_2035": 3.272683407, "hh_2040": 3.15445237, "pop_2020": 1904.930551, "pop_2025": 1999.5055, "pop_2030": 2307.80089, "pop_2035": 2771.027793, "pop_2040": 3010.969851, "stud_2020": 1132.130216, "stud_2025": 1155.290647, "stud_2030": 1161.780901, "stud_2035": 1161.387388, "stud_2040": 1163.504978, "emp_2020": 423.6334156, "emp_2025": 430.2403241, "emp_2030": 443.9075589, "emp_2035": 463.8403505, "emp_2040": 478.0646834, "yesh_2020": 0.0, "yesh_2025": 0.0, "yesh_2030": 0.0, "yesh_2035": 0.0, "yesh_2040": 0.0, "uni_2020": 0.0, "uni_2025": 0.0, "uni_2030": 0.0, "uni_2035": 0.0, "uni_2040": 0.0 }, "geometry": { "type": "Point", "coordinates": [ 35.216390692700955, 31.756527649671344 ] } },
{ "type": "Feature", "properties": { "Taz_num": "3906", "Taz_num_sh": 3906.0, "name": "בקעה דרום מזרח", "in_jeru": 1, "in_metro": 1, "sector": "Jewish", "apts_2020": 657.0, "apt_add_25": 31.7, "apt_add_30": 51.7, "apt_add_35": 51.7, "apt_add_40": 87.9, "apt_addAll": 223.0, "apts_2040": 880.0, "hh_2020": 2.993675496, "hh_2025": 2.960355136, "hh_2030": 2.884314392, "hh_2035": 2.80650312, "hh_2040": 2.727764648, "pop_2020": 1966.844801, "pop_2025": 2038.796582, "pop_2030": 2135.546376, "pop_2035": 2223.031121, "pop_2040": 2400.43289, "stud_2020": 485.8189965, "stud_2025": 514.2788777, "stud_2030": 519.8446053, "stud_2035": 524.6544137, "stud_2040": 524.9424855, "emp_2020": 521.6914017, "emp_2025": 536.3195431, "emp_2030": 547.590312, "emp_2035": 558.2090524, "emp_2040": 572.4678507, "yesh_2020": 0.0, "yesh_2025": 0.0, "yesh_2030": 0.0, "yesh_2035": 0.0, "yesh_2040": 0.0, "uni_2020": 1213.675, "uni_2025": 1304.700625, "uni_2030": 1402.553172, "uni_2035": 1507.74466, "uni_2040": 1620.825509 }, "geometry": { "type": "Point", "coordinates": [ 35.219683080237623, 31.755742151631182 ] } },
{ "type": "Feature", "properties": { "Taz_num": "3001", "Taz_num_sh": 3001.0, "name": "את תלפיות-קניון האחים ישראל", "in_jeru": 1, "in_metro": 1, "sector": "Jewish", "apts_2020": 304.8, "apt_add_25": 0.0, "apt_add_30": 0.0, "apt_add_35": 178.9898773, "apt_add_40": 316.484816, "apt_addAll": 495.4746933, "apts_2040": 800.2746933, "hh_2020": 3.2, "hh_2025": 3.7, "hh_2030": 3.7, "hh_2035": 3.7, "hh_2040": 3.7, "pop_2020": 975.36, "pop_2025": 1127.76, "pop_2030": 1127.76, "pop_2035": 1790.022546, "pop_2040": 2961.016365, "stud_2020": 270.9333333, "stud_2025": 270.9333333, "stud_2030": 270.9333333, "stud_2035": 403.0828416, "stud_2040": 666.77087, "emp_2020": 3519.250752, "emp_2025": 3519.250752, "emp_2030": 3519.250752, "emp_2035": 3545.146678, "emp_2040": 3582.206865, "yesh_2020": 0.0, "yesh_2025": 0.0, "yesh_2030": 0.0, "yesh_2035": 0.0, "yesh_2040": 0.0, "uni_2020": 0.0, "uni_2025": 0.0, "uni_2030": 0.0, "uni_2035": 0.0, "uni_2040": 0.0 }, "geometry": { "type": "Point", "coordinates": [ 35.217070234873205, 31.752793664393653 ] } },
{ "type": "Feature", "properties": { "Taz_num": "3006", "Taz_num_sh": 3006.0, "name": "את תלפיות-קניון הדר", "in_jeru": 1, "in_metro": 1, "sector": "Jewish", "apts_2020": 0.0, "apt_add_25": 0.0, "apt_add_30": 0.0, "apt_add_35": 241.1716667, "apt_add_40": 204.2575001, "apt_addAll": 445.4291668, "apts_2040": 445.4291668, "hh_2020": 3.7, "hh_2025": 3.7, "hh_2030": 3.7, "hh_2035": 3.7, "hh_2040": 3.7, "pop_2020": 0.0, "pop_2025": 0.0, "pop_2030": 0.0, "pop_2035": 892.3351668, "pop_2040": 1648.087917, "stud_2020": 0.0, "stud_2025": 0.0, "stud_2030": 0.0, "stud_2035": 200.9388069, "stud_2040": 371.1215606, "emp_2020": 3656.879718, "emp_2025": 3656.879718, "emp_2030": 3656.879718, "emp_2035": 3693.869327, "emp_2040": 7186.697598, "yesh_2020": 34.0, "yesh_2025": 34.0, "yesh_2030": 34.0, "yesh_2035": 34.0, "yesh_2040": 34.0, "uni_2020": 0.0, "uni_2025": 0.0, "uni_2030": 0.0, "uni_2035": 0.0, "uni_2040": 0.0 }, "geometry": { "type": "Point", "coordinates": [ 35.213772196134919, 31.753106546385201 ] } },
{ "type": "Feature", "properties": { "Taz_num": "3706", "Taz_num_sh": 3706.0, "name": "גונן ג", "in_jeru": 1, "in_metro": 1, "sector": "Jewish", "apts_2020": 533.3333333, "apt_add_25": 140.5, "apt_add_30": 89.6, "apt_add_35": 105.0, "apt_add_40": 144.6, "apt_addAll": 479.7, "apts_2040": 1013.033333, "hh_2020": 2.76950507, "hh_2025": 2.63358092, "hh_2030": 2.5678459, "hh_2035": 2.51195972, "hh_2040": 2.524758301, "pop_2020": 1477.069371, "pop_2025": 1774.59461, "pop_2030": 1960.379155, "pop_2035": 2181.469553, "pop_2040": 2557.664317, "stud_2020": 234.9244242, "stud_2025": 294.7818909, "stud_2030": 301.0750473, "stud_2035": 326.5979461, "stud_2040": 377.9933255, "emp_2020": 203.7349008, "emp_2025": 220.0403353, "emp_2030": 227.5164079, "emp_2035": 237.941007, "emp_2040": 248.7427002, "yesh_2020": 0.0, "yesh_2025": 0.0, "yesh_2030": 0.0, "yesh_2035": 0.0, "yesh_2040": 0.0, "uni_2020": 0.0, "uni_2025": 0.0, "uni_2030": 0.0, "uni_2035": 0.0, "uni_2040": 0.0 }, "geometry": { "type": "Point", "coordinates": [ 35.20127294451197, 31.753795702903535 ] } },
{ "type": "Feature", "properties": { "Taz_num": "3704", "Taz_num_sh": 3704.0, "name": "גונן ב, ד", "in_jeru": 1, "in_metro": 1, "sector": "Jewish", "apts_2020": 413.8666667, "apt_add_25": 51.2, "apt_add_30": 123.4, "apt_add_35": 64.1, "apt_add_40": 70.1, "apt_addAll": 308.8, "apts_2040": 722.6666667, "hh_2020": 2.747245945, "hh_2025": 2.718245706, "hh_2030": 2.686490034, "hh_2035": 2.648309907, "hh_2040": 2.596391191, "pop_2020": 1136.993522, "pop_2025": 1264.16547, "pop_2030": 1580.909836, "pop_2035": 1728.198768, "pop_2040": 1876.325367, "stud_2020": 1475.312941, "stud_2025": 1549.248312, "stud_2030": 1560.367296, "stud_2035": 1583.359721, "stud_2040": 1600.977648, "emp_2020": 581.5929725, "emp_2025": 592.3127815, "emp_2030": 602.8338217, "emp_2035": 609.8771606, "emp_2040": 635.1011166, "yesh_2020": 62.0, "yesh_2025": 62.0, "yesh_2030": 62.0, "yesh_2035": 62.0, "yesh_2040": 62.0, "uni_2020": 0.0, "uni_2025": 0.0, "uni_2030": 0.0, "uni_2035": 0.0, "uni_2040": 0.0 }, "geometry": { "type": "Point", "coordinates": [ 35.204909760985764, 31.75331770689106 ] } },
{ "type": "Feature", "properties": { "Taz_num": "3002", "Taz_num_sh": 3002.0, "name": "את תלפיות-רח' החרושת", "in_jeru": 1, "in_metro": 1, "sector": "Jewish", "apts_2020": 400.0, "apt_add_25": 152.0, "apt_add_30": 0.0, "apt_add_35": 60.55008, "apt_add_40": 90.82512, "apt_addAll": 303.3752, "apts_2040": 703.3752, "hh_2020": 3.7, "hh_2025": 3.7, "hh_2030": 3.7, "hh_2035": 3.7, "hh_2040": 3.7, "pop_2020": 1480.0, "pop_2025": 2042.4, "pop_2030": 2042.4, "pop_2035": 2266.435296, "pop_2040": 2602.48824, "stud_2020": 0.0, "stud_2025": 459.9139812, "stud_2030": 459.9139812, "stud_2035": 510.3629456, "stud_2040": 586.0363922, "emp_2020": 2486.706576, "emp_2025": 2540.569358, "emp_2030": 2540.569358, "emp_2035": 2549.856203, "emp_2040": 4627.261478, "yesh_2020": 0.0, "yesh_2025": 0.0, "yesh_2030": 0.0, "yesh_2035": 0.0, "yesh_2040": 0.0, "uni_2020": 0.0, "uni_2025": 0.0, "uni_2030": 0.0, "uni_2035": 0.0, "uni_2040": 0.0 }, "geometry": { "type": "Point", "coordinates": [ 35.214786979167918, 31.747914275451276 ] } },
{ "type": "Feature", "properties": { "Taz_num": "3005", "Taz_num_sh": 3005.0, "name": "את תלפיות-רח' הסדנא", "in_jeru": 1, "in_metro": 1, "sector": "Jewish", "apts_2020": 0.0, "apt_add_25": 0.0, "apt_add_30": 0.0, "apt_add_35": 74.2285805, "apt_add_40": 111.3428708, "apt_addAll": 185.5714513, "apts_2040": 185.5714513, "hh_2020": 3.7, "hh_2025": 3.7, "hh_2030": 3.7, "hh_2035": 3.7, "hh_2040": 3.7, "pop_2020": 0.0, "pop_2025": 0.0, "pop_2030": 0.0, "pop_2035": 274.6457479, "pop_2040": 686.6143696, "stud_2020": 0.0, "stud_2025": 0.0, "stud_2030": 0.0, "stud_2035": 61.84558329, "stud_2040": 154.6139582, "emp_2020": 1895.078555, "emp_2025": 1895.078555, "emp_2030": 1895.078555, "emp_2035": 1906.463335, "emp_2040": 6271.218032, "yesh_2020": 0.0, "yesh_2025": 0.0, "yesh_2030": 0.0, "yesh_2035": 0.0, "yesh_2040": 0.0, "uni_2020": 0.0, "uni_2025": 0.0, "uni_2030": 0.0, "uni_2035": 0.0, "uni_2040": 0.0 }, "geometry": { "type": "Point", "coordinates": [ 35.212811632583545, 31.749778570272376 ] } },
{ "type": "Feature", "properties": { "Taz_num": "3106", "Taz_num_sh": 3106.0, "name": "תלפיות - שיכונים", "in_jeru": 1, "in_metro": 1, "sector": "Jewish", "apts_2020": 474.8475142, "apt_add_25": 0.0, "apt_add_30": 0.0, "apt_add_35": 123.05, "apt_add_40": 169.1397333, "apt_addAll": 292.1897333, "apts_2040": 767.0372475, "hh_2020": 2.693616306, "hh_2025": 2.693616306, "hh_2030": 2.693616306, "hh_2035": 2.693616306, "hh_2040": 2.693616306, "pop_2020": 1279.057007, "pop_2025": 1279.057007, "pop_2030": 1279.057007, "pop_2035": 1610.506494, "pop_2040": 2066.104037, "stud_2020": 94.27692864, "stud_2025": 235.5465393, "stud_2030": 235.5465393, "stud_2035": 296.5850849, "stud_2040": 380.4862903, "emp_2020": 60.17707818, "emp_2025": 70.9348378, "emp_2030": 70.68677958000001, "emp_2035": 85.08748653000001, "emp_2040": 105.1951855, "yesh_2020": 0.0, "yesh_2025": 0.0, "yesh_2030": 0.0, "yesh_2035": 0.0, "yesh_2040": 0.0, "uni_2020": 0.0, "uni_2025": 0.0, "uni_2030": 0.0, "uni_2035": 0.0, "uni_2040": 0.0 }, "geometry": { "type": "Point", "coordinates": [ 35.216365204927897, 31.746552737263421 ] } },
{ "type": "Feature", "properties": { "Taz_num": "3108", "Taz_num_sh": 3108.0, "name": "תלפיות - בתי ספר", "in_jeru": 1, "in_metro": 1, "sector": "Jewish", "apts_2020": 326.1507813, "apt_add_25": 0.0, "apt_add_30": 0.0, "apt_add_35": 306.1, "apt_add_40": 22.38982912, "apt_addAll": 328.4898291, "apts_2040": 654.6406104, "hh_2020": 2.692425057, "hh_2025": 2.692425057, "hh_2030": 2.692425057, "hh_2035": 2.692425057, "hh_2040": 2.692425057, "pop_2020": 878.1365359, "pop_2025": 878.1365359, "pop_2030": 878.1365359, "pop_2035": 1702.287846, "pop_2040": 1762.570783, "stud_2020": 829.5023906, "stud_2025": 829.5023906, "stud_2030": 829.5023906, "stud_2035": 853.8753928, "stud_2040": 884.1135906, "emp_2020": 437.6794101, "emp_2025": 444.3498913, "emp_2030": 451.3704146, "emp_2035": 490.8156475, "emp_2040": 506.7572581, "yesh_2020": 0.0, "yesh_2025": 0.0, "yesh_2030": 0.0, "yesh_2035": 0.0, "yesh_2040": 0.0, "uni_2020": 0.0, "uni_2025": 0.0, "uni_2030": 0.0, "uni_2035": 0.0, "uni_2040": 0.0 }, "geometry": { "type": "Point", "coordinates": [ 35.218482678448709, 31.750730061132082 ] } },
{ "type": "Feature", "properties": { "Taz_num": "5304", "Taz_num_sh": 5304.0, "name": "גבעת שאול - בית יתומים", "in_jeru": 1, "in_metro": 1, "sector": "U. Orthodox", "apts_2020": 444.8327586, "apt_add_25": 15.6, "apt_add_30": 13.65, "apt_add_35": 13.65, "apt_add_40": 13.65, "apt_addAll": 56.55, "apts_2040": 501.3827586, "hh_2020": 4.536059271, "hh_2025": 4.670160786, "hh_2030": 4.814893499, "hh_2035": 4.962208527, "hh_2040": 5.11713326, "pop_2020": 2017.787759, "pop_2025": 2150.295014, "pop_2030": 2282.657993, "pop_2035": 2420.231654, "pop_2040": 2565.64239, "stud_2020": 2780.688315, "stud_2025": 2817.301988, "stud_2030": 2840.713826, "stud_2035": 2863.175096, "stud_2040": 2884.742539, "emp_2020": 383.3136939, "emp_2025": 393.5344516, "emp_2030": 402.8244572, "emp_2035": 411.7755654, "emp_2040": 420.4598869, "yesh_2020": 455.7735701, "yesh_2025": 467.2360641, "yesh_2030": 478.5912783, "yesh_2035": 488.5901421, "yesh_2040": 495.3499665, "uni_2020": 0.0, "uni_2025": 0.0, "uni_2030": 0.0, "uni_2035": 0.0, "uni_2040": 0.0 }, "geometry": { "type": "Point", "coordinates": [ 35.194173044964785, 31.789309817758895 ] } },
{ "type": "Feature", "properties": { "Taz_num": "5501", "Taz_num_sh": 5501.0, "name": "כפר שאול", "in_jeru": 1, "in_metro": 1, "sector": "Jewish", "apts_2020": 0.0, "apt_add_25": 0.0, "apt_add_30": 0.0, "apt_add_35": 0.0, "apt_add_40": 0.0, "apt_addAll": 0.0, "apts_2040": 0.0, "hh_2020": 0.0, "hh_2025": 0.0, "hh_2030": 0.0, "hh_2035": 0.0, "hh_2040": 0.0, "pop_2020": 0.0, "pop_2025": 0.0, "pop_2030": 0.0, "pop_2035": 0.0, "pop_2040": 0.0, "stud_2020": 975.0, "stud_2025": 975.0, "stud_2030": 975.0, "stud_2035": 975.0, "stud_2040": 975.0, "emp_2020": 476.2344096, "emp_2025": 483.6493015, "emp_2030": 491.64319, "emp_2035": 498.9646953, "emp_2040": 505.6511721, "yesh_2020": 19.0, "yesh_2025": 19.0, "yesh_2030": 19.0, "yesh_2035": 19.0, "yesh_2040": 19.0, "uni_2020": 0.0, "uni_2025": 0.0, "uni_2030": 0.0, "uni_2035": 0.0, "uni_2040": 0.0 }, "geometry": { "type": "Point", "coordinates": [ 35.177460599406146, 31.786904675854089 ] } },
{ "type": "Feature", "properties": { "Taz_num": "5506", "Taz_num_sh": 5506.0, "name": "הר נוף", "in_jeru": 1, "in_metro": 1, "sector": "U. Orthodox", "apts_2020": 1276.442623, "apt_add_25": 107.1, "apt_add_30": 0.0, "apt_add_35": 0.0, "apt_add_40": 0.0, "apt_addAll": 107.1, "apts_2040": 1383.542623, "hh_2020": 4.775658813, "hh_2025": 4.552497947, "hh_2030": 4.503800828, "hh_2035": 4.478866335, "hh_2040": 4.452893484, "pop_2020": 6095.854461, "pop_2025": 6298.574951, "pop_2030": 6231.200411, "pop_2035": 6196.702477, "pop_2040": 6160.76793, "stud_2020": 2297.129441, "stud_2025": 2594.129201, "stud_2030": 2594.129201, "stud_2035": 2594.129201, "stud_2040": 2594.129201, "emp_2020": 855.9522451, "emp_2025": 909.5371588, "emp_2030": 914.8730662, "emp_2035": 916.3109113, "emp_2040": 920.2401659, "yesh_2020": 1721.17717, "yesh_2025": 1687.635793, "yesh_2030": 1615.419551, "yesh_2035": 1682.728681, "yesh_2040": 1682.211717, "uni_2020": 0.0, "uni_2025": 0.0, "uni_2030": 0.0, "uni_2035": 0.0, "uni_2040": 0.0 }, "geometry": { "type": "Point", "coordinates": [ 35.176259747299177, 31.787796771427445 ] } },
{ "type": "Feature", "properties": { "Taz_num": "5405", "Taz_num_sh": 5405.0, "name": "גבעת שאול - למס_", "in_jeru": 1, "in_metro": 1, "sector": "Jewish", "apts_2020": 0.0, "apt_add_25": 0.0, "apt_add_30": 0.0, "apt_add_35": 0.0, "apt_add_40": 0.0, "apt_addAll": 0.0, "apts_2040": 0.0, "hh_2020": 0.0, "hh_2025": 0.0, "hh_2030": 0.0, "hh_2035": 0.0, "hh_2040": 0.0, "pop_2020": 0.0, "pop_2025": 0.0, "pop_2030": 0.0, "pop_2035": 0.0, "pop_2040": 0.0, "stud_2020": 0.0, "stud_2025": 0.0, "stud_2030": 0.0, "stud_2035": 0.0, "stud_2040": 0.0, "emp_2020": 2970.209154, "emp_2025": 3403.479436, "emp_2030": 3470.808606, "emp_2035": 3503.166163, "emp_2040": 3532.717198, "yesh_2020": 56.0, "yesh_2025": 56.0, "yesh_2030": 56.0, "yesh_2035": 56.0, "yesh_2040": 56.0, "uni_2020": 0.0, "uni_2025": 0.0, "uni_2030": 0.0, "uni_2035": 0.0, "uni_2040": 0.0 }, "geometry": { "type": "Point", "coordinates": [ 35.181288025683386, 31.789784379368001 ] } },
{ "type": "Feature", "properties": { "Taz_num": "5401", "Taz_num_sh": 5401.0, "name": "גבעת שאול - משרד החינוך", "in_jeru": 1, "in_metro": 1, "sector": "Jewish", "apts_2020": 0.0, "apt_add_25": 0.0, "apt_add_30": 0.0, "apt_add_35": 13.8, "apt_add_40": 0.0, "apt_addAll": 13.8, "apts_2040": 13.8, "hh_2020": 0.0, "hh_2025": 0.0, "hh_2030": 0.0, "hh_2035": 3.437704253, "hh_2040": 3.493592233, "pop_2020": 0.0, "pop_2025": 0.0, "pop_2030": 0.0, "pop_2035": 47.4403187, "pop_2040": 48.21157282, "stud_2020": 0.0, "stud_2025": 0.0, "stud_2030": 0.0, "stud_2035": 0.0, "stud_2040": 0.0, "emp_2020": 3554.928356, "emp_2025": 3594.141993, "emp_2030": 5422.892295, "emp_2035": 7491.814969, "emp_2040": 8385.150897, "yesh_2020": 0.0, "yesh_2025": 0.0, "yesh_2030": 0.0, "yesh_2035": 0.0, "yesh_2040": 0.0, "uni_2020": 0.0, "uni_2025": 0.0, "uni_2030": 0.0, "uni_2035": 0.0, "uni_2040": 0.0 }, "geometry": { "type": "Point", "coordinates": [ 35.185391643883989, 31.789146969924879 ] } },
{ "type": "Feature", "properties": { "Taz_num": "5404", "Taz_num_sh": 5404.0, "name": "גבעת שאול - מרכז ספיר", "in_jeru": 1, "in_metro": 1, "sector": "Jewish", "apts_2020": 0.0, "apt_add_25": 54.0, "apt_add_30": 0.0, "apt_add_35": 24.0, "apt_add_40": 0.0, "apt_addAll": 78.0, "apts_2040": 78.0, "hh_2020": 0.0, "hh_2025": 3.459091168, "hh_2030": 3.60828607, "hh_2035": 3.71086251, "hh_2040": 3.803928994, "pop_2020": 0.0, "pop_2025": 186.7909231, "pop_2030": 194.8474478, "pop_2035": 289.4472758, "pop_2040": 296.7064615, "stud_2020": 211.0, "stud_2025": 211.0, "stud_2030": 211.0, "stud_2035": 211.0, "stud_2040": 211.0, "emp_2020": 2986.957237, "emp_2025": 3827.844944, "emp_2030": 4302.567373, "emp_2035": 4649.028892, "emp_2040": 5517.461919, "yesh_2020": 0.0, "yesh_2025": 0.0, "yesh_2030": 0.0, "yesh_2035": 0.0, "yesh_2040": 0.0, "uni_2020": 0.0, "uni_2025": 0.0, "uni_2030": 0.0, "uni_2035": 0.0, "uni_2040": 0.0 }, "geometry": { "type": "Point", "coordinates": [ 35.182766952652415, 31.785932508560279 ] } },
{ "type": "Feature", "properties": { "Taz_num": "5403", "Taz_num_sh": 5403.0, "name": "גבעת שאול - בית המשפט", "in_jeru": 1, "in_metro": 1, "sector": "Jewish", "apts_2020": 0.0, "apt_add_25": 0.0, "apt_add_30": 0.0, "apt_add_35": 0.0, "apt_add_40": 0.0, "apt_addAll": 0.0, "apts_2040": 0.0, "hh_2020": 0.0, "hh_2025": 0.0, "hh_2030": 0.0, "hh_2035": 0.0, "hh_2040": 0.0, "pop_2020": 0.0, "pop_2025": 0.0, "pop_2030": 0.0, "pop_2035": 0.0, "pop_2040": 0.0, "stud_2020": 140.0, "stud_2025": 140.0, "stud_2030": 140.0, "stud_2035": 140.0, "stud_2040": 140.0, "emp_2020": 4122.904393, "emp_2025": 4168.379475, "emp_2030": 4270.725509, "emp_2035": 6865.307857, "emp_2040": 7392.315613, "yesh_2020": 0.0, "yesh_2025": 0.0, "yesh_2030": 0.0, "yesh_2035": 0.0, "yesh_2040": 0.0, "uni_2020": 0.0, "uni_2025": 0.0, "uni_2030": 0.0, "uni_2035": 0.0, "uni_2040": 0.0 }, "geometry": { "type": "Point", "coordinates": [ 35.187241209483886, 31.785699712311814 ] } },
{ "type": "Feature", "properties": { "Taz_num": "5402", "Taz_num_sh": 5402.0, "name": "מאפיית אנג'ל", "in_jeru": 1, "in_metro": 1, "sector": "Jewish", "apts_2020": 0.0, "apt_add_25": 0.0, "apt_add_30": 0.0, "apt_add_35": 0.0, "apt_add_40": 66.0, "apt_addAll": 66.0, "apts_2040": 66.0, "hh_2020": 0.0, "hh_2025": 0.0, "hh_2030": 0.0, "hh_2035": 0.0, "hh_2040": 3.426900319, "pop_2020": 0.0, "pop_2025": 0.0, "pop_2030": 0.0, "pop_2035": 0.0, "pop_2040": 226.175421, "stud_2020": 144.0, "stud_2025": 144.0, "stud_2030": 144.0, "stud_2035": 144.0, "stud_2040": 144.0, "emp_2020": 1224.432786, "emp_2025": 1237.853425, "emp_2030": 1252.322023, "emp_2035": 1647.431873, "emp_2040": 2053.221767, "yesh_2020": 0.0, "yesh_2025": 0.0, "yesh_2030": 0.0, "yesh_2035": 0.0, "yesh_2040": 0.0, "uni_2020": 0.0, "uni_2025": 0.0, "uni_2030": 0.0, "uni_2035": 0.0, "uni_2040": 0.0 }, "geometry": { "type": "Point", "coordinates": [ 35.190885762472739, 31.785832098423107 ] } },
{ "type": "Feature", "properties": { "Taz_num": "4901", "Taz_num_sh": 4901.0, "name": "בית הכרם - רח' המייסדים", "in_jeru": 1, "in_metro": 1, "sector": "Jewish", "apts_2020": 1064.038244, "apt_add_25": 41.6, "apt_add_30": 34.2, "apt_add_35": 34.2, "apt_add_40": 34.2, "apt_addAll": 144.2, "apts_2040": 1208.238244, "hh_2020": 3.2, "hh_2025": 3.2, "hh_2030": 3.2, "hh_2035": 3.0, "hh_2040": 2.8, "pop_2020": 3404.922382, "pop_2025": 3538.042382, "pop_2030": 3647.482382, "pop_2035": 3522.114733, "pop_2040": 3383.067085, "stud_2020": 0.0, "stud_2025": 0.0, "stud_2030": 0.0, "stud_2035": 0.0, "stud_2040": 0.0, "emp_2020": 136.2000515, "emp_2025": 140.0049999, "emp_2030": 143.2540776, "emp_2035": 146.3561821, "emp_2040": 149.4442225, "yesh_2020": 0.0, "yesh_2025": 0.0, "yesh_2030": 0.0, "yesh_2035": 0.0, "yesh_2040": 0.0, "uni_2020": 0.0, "uni_2025": 0.0, "uni_2030": 0.0, "uni_2035": 0.0, "uni_2040": 0.0 }, "geometry": { "type": "Point", "coordinates": [ 35.188607640730261, 31.777901006387097 ] } },
{ "type": "Feature", "properties": { "Taz_num": "4902", "Taz_num_sh": 4902.0, "name": "בית הכרם - שכונת הפועלים", "in_jeru": 1, "in_metro": 1, "sector": "Jewish", "apts_2020": 624.2794571, "apt_add_25": 47.6, "apt_add_30": 40.2, "apt_add_35": 40.2, "apt_add_40": 40.0, "apt_addAll": 168.0, "apts_2040": 792.2794571, "hh_2020": 3.2, "hh_2025": 3.2, "hh_2030": 3.2, "hh_2035": 3.0, "hh_2040": 2.8, "pop_2020": 1997.694263, "pop_2025": 2150.014263, "pop_2030": 2278.654263, "pop_2035": 2256.838371, "pop_2040": 2218.38248, "stud_2020": 396.2304841, "stud_2025": 433.7798384, "stud_2030": 435.917042, "stud_2035": 454.9723225, "stud_2040": 524.385639, "emp_2020": 273.3042887, "emp_2025": 281.0676934, "emp_2030": 284.8718897, "emp_2035": 290.2563713, "emp_2040": 300.1276812, "yesh_2020": 0.0, "yesh_2025": 0.0, "yesh_2030": 0.0, "yesh_2035": 0.0, "yesh_2040": 0.0, "uni_2020": 0.0, "uni_2025": 0.0, "uni_2030": 0.0, "uni_2035": 0.0, "uni_2040": 0.0 }, "geometry": { "type": "Point", "coordinates": [ 35.191731425229733, 31.77553734235217 ] } },
{ "type": "Feature", "properties": { "Taz_num": "4903", "Taz_num_sh": 4903.0, "name": "רמת בית הכרם", "in_jeru": 1, "in_metro": 1, "sector": "Jewish", "apts_2020": 1304.608956, "apt_add_25": 0.0, "apt_add_30": 0.0, "apt_add_35": 0.0, "apt_add_40": 0.0, "apt_addAll": 0.0, "apts_2040": 1304.608956, "hh_2020": 2.963180301, "hh_2025": 2.938416801, "hh_2030": 2.904606719, "hh_2035": 2.866470232, "hh_2040": 2.832556097, "pop_2020": 3865.79156, "pop_2025": 3833.484876, "pop_2030": 3789.37594, "pop_2035": 3739.622738, "pop_2040": 3695.378054, "stud_2020": 186.9030466, "stud_2025": 260.8060932, "stud_2030": 334.7091398, "stud_2035": 408.6121864, "stud_2040": 569.0611393, "emp_2020": 330.7740886, "emp_2025": 328.0713106, "emp_2030": 330.8914021, "emp_2035": 331.6482741, "emp_2040": 343.8345235, "yesh_2020": 0.0, "yesh_2025": 0.0, "yesh_2030": 0.0, "yesh_2035": 0.0, "yesh_2040": 0.0, "uni_2020": 1727.0, "uni_2025": 1899.7, "uni_2030": 2089.67, "uni_2035": 2298.637, "uni_2040": 2528.5007 }, "geometry": { "type": "Point", "coordinates": [ 35.192098688484805, 31.770357201634841 ] } },
{ "type": "Feature", "properties": { "Taz_num": "4904", "Taz_num_sh": 4904.0, "name": "בית הכרם - בהס זיו_", "in_jeru": 1, "in_metro": 1, "sector": "Jewish", "apts_2020": 526.6616893, "apt_add_25": 0.0, "apt_add_30": 0.0, "apt_add_35": 0.0, "apt_add_40": 0.0, "apt_addAll": 0.0, "apts_2040": 526.6616893, "hh_2020": 2.625599608, "hh_2025": 2.603657293, "hh_2030": 2.573699029, "hh_2035": 2.539907246, "hh_2040": 2.509856783, "pop_2020": 1382.802725, "pop_2025": 1371.246548, "pop_2030": 1355.468678, "pop_2035": 1337.671841, "pop_2040": 1321.845414, "stud_2020": 1024.0, "stud_2025": 1024.0, "stud_2030": 1024.0, "stud_2035": 1024.0, "stud_2040": 1024.0, "emp_2020": 582.883399, "emp_2025": 591.578992, "emp_2030": 600.8540062, "emp_2035": 609.2484967, "emp_2040": 616.9276978, "yesh_2020": 0.0, "yesh_2025": 0.0, "yesh_2030": 0.0, "yesh_2035": 0.0, "yesh_2040": 0.0, "uni_2020": 0.0, "uni_2025": 0.0, "uni_2030": 0.0, "uni_2035": 0.0, "uni_2040": 0.0 }, "geometry": { "type": "Point", "coordinates": [ 35.187255897293412, 31.774918318426291 ] } },
{ "type": "Feature", "properties": { "Taz_num": "4001", "Taz_num_sh": 4001.0, "name": "בית וגן - רח' הפסגה", "in_jeru": 1, "in_metro": 1, "sector": "U. Orthodox", "apts_2020": 597.9204082, "apt_add_25": 63.9, "apt_add_30": 22.8, "apt_add_35": 47.4, "apt_add_40": 22.8, "apt_addAll": 156.9, "apts_2040": 754.8204082, "hh_2020": 4.2, "hh_2025": 4.2, "hh_2030": 4.2, "hh_2035": 4.2, "hh_2040": 4.2, "pop_2020": 2511.265714, "pop_2025": 2779.645714, "pop_2030": 2875.405714, "pop_2035": 3074.485714, "pop_2040": 3170.245714, "stud_2020": 514.7924936, "stud_2025": 530.6940086, "stud_2030": 536.3677886, "stud_2035": 548.1632786, "stud_2040": 553.8370586, "emp_2020": 300.0504757, "emp_2025": 309.844896, "emp_2030": 314.0313761, "emp_2035": 321.9972614, "emp_2040": 326.3654202, "yesh_2020": 1829.757148, "yesh_2025": 1839.784506, "yesh_2030": 1848.872437, "yesh_2035": 1860.518417, "yesh_2040": 1853.951593, "uni_2020": 0.0, "uni_2025": 0.0, "uni_2030": 0.0, "uni_2035": 0.0, "uni_2040": 0.0 }, "geometry": { "type": "Point", "coordinates": [ 35.185591794878235, 31.765005098636244 ] } },
{ "type": "Feature", "properties": { "Taz_num": "4011", "Taz_num_sh": 4011.0, "name": "בית וגן - מכונים", "in_jeru": 1, "in_metro": 1, "sector": "U. Orthodox", "apts_2020": 716.5591837, "apt_add_25": 36.0, "apt_add_30": 17.2, "apt_add_35": 13.2, "apt_add_40": 13.2, "apt_addAll": 79.6, "apts_2040": 796.1591837, "hh_2020": 4.5, "hh_2025": 4.5, "hh_2030": 4.2, "hh_2035": 4.2, "hh_2040": 4.2, "pop_2020": 3224.516327, "pop_2025": 3386.516327, "pop_2030": 3232.988571, "pop_2035": 3288.428571, "pop_2040": 3343.868571, "stud_2020": 1233.052592, "stud_2025": 1242.651092, "stud_2030": 1233.554573, "stud_2035": 1236.839393, "stud_2040": 1240.124213, "emp_2020": 1560.694961, "emp_2025": 1582.546742, "emp_2030": 1636.935322, "emp_2035": 1653.716322, "emp_2040": 1669.1561, "yesh_2020": 227.8279318, "yesh_2025": 230.9036645, "yesh_2030": 245.384152, "yesh_2035": 265.7292797, "yesh_2040": 263.2847048, "uni_2020": 0.0, "uni_2025": 0.0, "uni_2030": 0.0, "uni_2035": 0.0, "uni_2040": 0.0 }, "geometry": { "type": "Point", "coordinates": [ 35.18337545218435, 31.77000127644861 ] } },
{ "type": "Feature", "properties": { "Taz_num": "4401", "Taz_num_sh": 4401.0, "name": "רמת דניה", "in_jeru": 1, "in_metro": 1, "sector": "Jewish", "apts_2020": 667.8, "apt_add_25": 0.0, "apt_add_30": 0.0, "apt_add_35": 0.0, "apt_add_40": 0.0, "apt_addAll": 0.0, "apts_2040": 667.8, "hh_2020": 2.561646314, "hh_2025": 2.554794684, "hh_2030": 2.538907198, "hh_2035": 2.510823371, "hh_2040": 2.479056827, "pop_2020": 1710.667408, "pop_2025": 1706.09189, "pop_2030": 1695.482227, "pop_2035": 1676.727847, "pop_2040": 1655.514149, "stud_2020": 234.1018256, "stud_2025": 252.1014026, "stud_2030": 236.2285991, "stud_2035": 229.4513752, "stud_2040": 217.4254487, "emp_2020": 159.8410931, "emp_2025": 165.5459524, "emp_2030": 165.3687472, "emp_2035": 166.2198813, "emp_2040": 165.8345426, "yesh_2020": 0.0, "yesh_2025": 0.0, "yesh_2030": 0.0, "yesh_2035": 0.0, "yesh_2040": 0.0, "uni_2020": 0.0, "uni_2025": 0.0, "uni_2030": 0.0, "uni_2035": 0.0, "uni_2040": 0.0 }, "geometry": { "type": "Point", "coordinates": [ 35.180969977104837, 31.76229131412704 ] } },
{ "type": "Feature", "properties": { "Taz_num": "4407", "Taz_num_sh": 4407.0, "name": "מלחה מזרח", "in_jeru": 1, "in_metro": 1, "sector": "Jewish", "apts_2020": 271.7218038, "apt_add_25": 0.0, "apt_add_30": 0.0, "apt_add_35": 36.0, "apt_add_40": 0.0, "apt_addAll": 36.0, "apts_2040": 307.7218038, "hh_2020": 3.846625383, "hh_2025": 3.83680232, "hh_2030": 3.828261765, "hh_2035": 3.669041627, "hh_2040": 3.613997253, "pop_2020": 1045.211988, "pop_2025": 1042.542847, "pop_2030": 1040.222192, "pop_2035": 1129.044107, "pop_2040": 1112.105753, "stud_2020": 261.3029969, "stud_2025": 260.5022548, "stud_2030": 259.8060582, "stud_2035": 286.4526329, "stud_2040": 281.3711266, "emp_2020": 295.4243635, "emp_2025": 300.1899475, "emp_2030": 303.0620117, "emp_2035": 314.9637166, "emp_2040": 316.6943387, "yesh_2020": 0.0, "yesh_2025": 0.0, "yesh_2030": 0.0, "yesh_2035": 0.0, "yesh_2040": 0.0, "uni_2020": 0.0, "uni_2025": 0.0, "uni_2030": 0.0, "uni_2035": 0.0, "uni_2040": 0.0 }, "geometry": { "type": "Point", "coordinates": [ 35.184459600945779, 31.751673946559812 ] } },
{ "type": "Feature", "properties": { "Taz_num": "4406", "Taz_num_sh": 4406.0, "name": "מלחה מערב", "in_jeru": 1, "in_metro": 1, "sector": "Jewish", "apts_2020": 820.5781962, "apt_add_25": 200.0, "apt_add_30": 200.0, "apt_add_35": 4.5, "apt_add_40": 0.0, "apt_addAll": 404.5, "apts_2040": 1225.078196, "hh_2020": 3.635592615, "hh_2025": 3.513667536, "hh_2030": 3.531424153, "hh_2035": 3.521221547, "hh_2040": 3.478324295, "pop_2020": 2983.28803, "pop_2025": 3585.972476, "pop_2030": 4310.379322, "pop_2035": 4313.771741, "pop_2040": 4261.219254, "stud_2020": 867.9500767, "stud_2025": 1175.617298, "stud_2030": 1175.617298, "stud_2035": 1175.617298, "stud_2040": 1175.617298, "emp_2020": 344.7219012, "emp_2025": 376.4244438, "emp_2030": 391.5441835, "emp_2035": 391.6413333, "emp_2040": 392.2723147, "yesh_2020": 74.0, "yesh_2025": 74.0, "yesh_2030": 74.0, "yesh_2035": 74.0, "yesh_2040": 74.0, "uni_2020": 0.0, "uni_2025": 0.0, "uni_2030": 0.0, "uni_2035": 0.0, "uni_2040": 0.0 }, "geometry": { "type": "Point", "coordinates": [ 35.182749194028546, 31.751910378478698 ] } },
{ "type": "Feature", "properties": { "Taz_num": "3502", "Taz_num_sh": 3502.0, "name": "גילה - מרכז", "in_jeru": 1, "in_metro": 1, "sector": "Jewish", "apts_2020": 570.901715, "apt_add_25": 44.4, "apt_add_30": 0.0, "apt_add_35": 67.5, "apt_add_40": 0.0, "apt_addAll": 111.9, "apts_2040": 682.801715, "hh_2020": 3.331170464, "hh_2025": 3.278041674, "hh_2030": 3.249255674, "hh_2035": 3.174146456, "hh_2040": 3.090134739, "pop_2020": 1901.770931, "pop_2025": 2016.984664, "pop_2030": 1999.272589, "pop_2035": 2167.312644, "pop_2040": 2109.949299, "stud_2020": 461.9587232, "stud_2025": 505.9298761, "stud_2030": 505.9298761, "stud_2035": 546.2505538, "stud_2040": 546.2505538, "emp_2020": 637.1431211, "emp_2025": 644.5926101, "emp_2030": 644.5926101, "emp_2035": 653.4861723, "emp_2040": 674.7041804, "yesh_2020": 0.0, "yesh_2025": 0.0, "yesh_2030": 0.0, "yesh_2035": 0.0, "yesh_2040": 0.0, "uni_2020": 0.0, "uni_2025": 0.0, "uni_2030": 0.0, "uni_2035": 0.0, "uni_2040": 0.0 }, "geometry": { "type": "Point", "coordinates": [ 35.187262707174405, 31.730306771610611 ] } },
{ "type": "Feature", "properties": { "Taz_num": "3503", "Taz_num_sh": 3503.0, "name": "גילה - דרום", "in_jeru": 1, "in_metro": 1, "sector": "Jewish", "apts_2020": 716.5104857, "apt_add_25": 0.0, "apt_add_30": 400.0, "apt_add_35": 600.0, "apt_add_40": 790.0, "apt_addAll": 1790.0, "apts_2040": 2506.510486, "hh_2020": 2.791305975, "hh_2025": 2.826146404, "hh_2030": 2.878259105, "hh_2035": 2.911196724, "hh_2040": 2.944820868, "pop_2020": 2000.0, "pop_2025": 2024.963533, "pop_2030": 3213.606472, "pop_2035": 4997.099702, "pop_2040": 7381.224384, "stud_2020": 384.2214287, "stud_2025": 420.8150938, "stud_2030": 651.314537, "stud_2035": 1037.560031, "stud_2040": 1525.354657, "emp_2020": 137.6620112, "emp_2025": 141.0164305, "emp_2030": 192.9455461, "emp_2035": 274.5513831, "emp_2040": 410.3983999, "yesh_2020": 0.0, "yesh_2025": 0.0, "yesh_2030": 0.0, "yesh_2035": 0.0, "yesh_2040": 0.0, "uni_2020": 0.0, "uni_2025": 0.0, "uni_2030": 0.0, "uni_2035": 0.0, "uni_2040": 0.0 }, "geometry": { "type": "Point", "coordinates": [ 35.185626881771114, 31.726394545276051 ] } },
{ "type": "Feature", "properties": { "Taz_num": "3508", "Taz_num_sh": 3508.0, "name": "גילה ג", "in_jeru": 1, "in_metro": 1, "sector": "Jewish", "apts_2020": 1049.648204, "apt_add_25": 0.0, "apt_add_30": 0.0, "apt_add_35": 0.0, "apt_add_40": 75.0, "apt_addAll": 75.0, "apts_2040": 1124.648204, "hh_2020": 2.769843509, "hh_2025": 2.730053697, "hh_2030": 2.679038444, "hh_2035": 2.602652396, "hh_2040": 2.541852178, "pop_2020": 2907.361265, "pop_2025": 2865.595961, "pop_2030": 2812.047893, "pop_2035": 2731.869414, "pop_2040": 2858.689487, "stud_2020": 515.534017, "stud_2025": 515.0036043, "stud_2030": 475.7200174, "stud_2035": 456.2595854, "stud_2040": 483.2878705, "emp_2020": 243.860625, "emp_2025": 243.8120039, "emp_2030": 240.2110084, "emp_2035": 238.4271355, "emp_2040": 254.9591099, "yesh_2020": 82.0, "yesh_2025": 82.0, "yesh_2030": 82.0, "yesh_2035": 82.0, "yesh_2040": 82.0, "uni_2020": 0.0, "uni_2025": 0.0, "uni_2030": 0.0, "uni_2035": 0.0, "uni_2040": 0.0 }, "geometry": { "type": "Point", "coordinates": [ 35.188909437165108, 31.733361445652395 ] } },
{ "type": "Feature", "properties": { "Taz_num": "3507", "Taz_num_sh": 3507.0, "name": "גילה - גבעת קנדה", "in_jeru": 1, "in_metro": 1, "sector": "Jewish", "apts_2020": 549.1778825, "apt_add_25": 0.0, "apt_add_30": 202.2, "apt_add_35": 18.0, "apt_add_40": 0.0, "apt_addAll": 220.2, "apts_2040": 769.3778825000001, "hh_2020": 3.130745584, "hh_2025": 3.085771283, "hh_2030": 2.942626263, "hh_2035": 2.881359115, "hh_2040": 2.816646796, "pop_2020": 1719.336231, "pop_2025": 1694.637339, "pop_2030": 2211.024291, "pop_2035": 2216.853975, "pop_2040": 2167.065748, "stud_2020": 429.8340577, "stud_2025": 422.4243902, "stud_2030": 577.3404757, "stud_2035": 579.089381, "stud_2040": 564.1529127, "emp_2020": 239.2349551, "emp_2025": 239.5091643, "emp_2030": 276.8570038, "emp_2035": 279.709229, "emp_2040": 278.8679216, "yesh_2020": 0.0, "yesh_2025": 0.0, "yesh_2030": 0.0, "yesh_2035": 0.0, "yesh_2040": 0.0, "uni_2020": 0.0, "uni_2025": 0.0, "uni_2030": 0.0, "uni_2035": 0.0, "uni_2040": 0.0 }, "geometry": { "type": "Point", "coordinates": [ 35.188157735264909, 31.737205310361716 ] } },
{ "type": "Feature", "properties": { "Taz_num": "3102", "Taz_num_sh": 3102.0, "name": "רמת רחל צפון", "in_jeru": 1, "in_metro": 1, "sector": "Jewish", "apts_2020": 0.0, "apt_add_25": 0.0, "apt_add_30": 823.5, "apt_add_35": 823.5, "apt_add_40": 0.0, "apt_addAll": 1647.0, "apts_2040": 1647.0, "hh_2020": 3.8, "hh_2025": 3.8, "hh_2030": 3.8, "hh_2035": 3.8, "hh_2040": 3.8, "pop_2020": 0.0, "pop_2025": 0.0, "pop_2030": 3129.3, "pop_2035": 6258.6, "pop_2040": 6258.6, "stud_2020": 0.0, "stud_2025": 0.0, "stud_2030": 797.823026, "stud_2035": 1595.646052, "stud_2040": 1595.646052, "emp_2020": 0.0, "emp_2025": 0.0, "emp_2030": 136.5432774, "emp_2035": 273.0865548, "emp_2040": 273.0865548, "yesh_2020": 0.0, "yesh_2025": 0.0, "yesh_2030": 0.0, "yesh_2035": 0.0, "yesh_2040": 0.0, "uni_2020": 0.0, "uni_2025": 0.0, "uni_2030": 0.0, "uni_2035": 0.0, "uni_2040": 0.0 }, "geometry": { "type": "Point", "coordinates": [ 35.224089420099467, 31.743586607480498 ] } },
{ "type": "Feature", "properties": { "Taz_num": "2401", "Taz_num_sh": 2401.0, "name": "ג'בל מוכבר מזרח", "in_jeru": 1, "in_metro": 1, "sector": "Arab", "apts_2020": 1880.37259, "apt_add_25": 299.2026885, "apt_add_30": 340.1026885, "apt_add_35": 251.8026885, "apt_add_40": 180.9026885, "apt_addAll": 1072.010754, "apts_2040": 2952.383344, "hh_2020": 4.345990455, "hh_2025": 4.461811521, "hh_2030": 4.560061169, "hh_2035": 4.617267135, "hh_2040": 4.652342183, "pop_2020": 8172.081329, "pop_2025": 9724.854089, "pop_2030": 11489.88566, "pop_2035": 12796.66655, "pop_2040": 13735.49757, "stud_2020": 1352.832481, "stud_2025": 1748.664963, "stud_2030": 2144.497444, "stud_2035": 2540.329926, "stud_2040": 2936.162407, "emp_2020": 796.9237821, "emp_2025": 856.2470333, "emp_2030": 918.7195844, "emp_2035": 974.3930356, "emp_2040": 1293.324589, "yesh_2020": 0.0, "yesh_2025": 0.0, "yesh_2030": 0.0, "yesh_2035": 0.0, "yesh_2040": 0.0, "uni_2020": 0.0, "uni_2025": 0.0, "uni_2030": 0.0, "uni_2035": 0.0, "uni_2040": 0.0 }, "geometry": { "type": "Point", "coordinates": [ 35.247835979024224, 31.753312075314504 ] } },
{ "type": "Feature", "properties": { "Taz_num": "2001", "Taz_num_sh": 2001.0, "name": "נוף ציון", "in_jeru": 1, "in_metro": 1, "sector": "Jewish", "apts_2020": 0.0, "apt_add_25": 0.0, "apt_add_30": 0.0, "apt_add_35": 0.0, "apt_add_40": 0.0, "apt_addAll": 0.0, "apts_2040": 0.0, "hh_2020": 0.0, "hh_2025": 0.0, "hh_2030": 0.0, "hh_2035": 0.0, "hh_2040": 0.0, "pop_2020": 0.0, "pop_2025": 0.0, "pop_2030": 0.0, "pop_2035": 0.0, "pop_2040": 0.0, "stud_2020": 0.0, "stud_2025": 0.0, "stud_2030": 0.0, "stud_2035": 0.0, "stud_2040": 0.0, "emp_2020": 0.0, "emp_2025": 0.0, "emp_2030": 0.0, "emp_2035": 0.0, "emp_2040": 0.0, "yesh_2020": 0.0, "yesh_2025": 0.0, "yesh_2030": 0.0, "yesh_2035": 0.0, "yesh_2040": 0.0, "uni_2020": 0.0, "uni_2025": 0.0, "uni_2030": 0.0, "uni_2035": 0.0, "uni_2040": 0.0 }, "geometry": { "type": "Point", "coordinates": [ 35.243167621477376, 31.754157511707994 ] } },
{ "type": "Feature", "properties": { "Taz_num": "0203", "Taz_num_sh": 203.0, "name": "המושבה האמריקאית", "in_jeru": 1, "in_metro": 1, "sector": "Arab", "apts_2020": 255.6745182, "apt_add_25": 11.71841542, "apt_add_30": 23.43683084, "apt_add_35": 35.15524625, "apt_add_40": 46.87366167, "apt_addAll": 117.1841542, "apts_2040": 372.8586724, "hh_2020": 5.5, "hh_2025": 5.4, "hh_2030": 5.4, "hh_2035": 5.2, "hh_2040": 5.2, "pop_2020": 1406.20985, "pop_2025": 1443.921842, "pop_2030": 1570.480728, "pop_2035": 1695.122056, "pop_2040": 1938.865096, "stud_2020": 434.0, "stud_2025": 445.3135974, "stud_2030": 483.2812634, "stud_2035": 520.6736617, "stud_2040": 593.7965739, "emp_2020": 955.7193414, "emp_2025": 1108.027281, "emp_2030": 1262.047862, "emp_2035": 1416.961095, "emp_2040": 1575.536334, "yesh_2020": 0.0, "yesh_2025": 0.0, "yesh_2030": 0.0, "yesh_2035": 0.0, "yesh_2040": 0.0, "uni_2020": 0.0, "uni_2025": 0.0, "uni_2030": 0.0, "uni_2035": 0.0, "uni_2040": 0.0 }, "geometry": { "type": "Point", "coordinates": [ 35.231350808367658, 31.789327468056392 ] } },
{ "type": "Feature", "properties": { "Taz_num": "0204", "Taz_num_sh": 204.0, "name": "באב א זהרה", "in_jeru": 1, "in_metro": 1, "sector": "Arab", "apts_2020": 336.6167024, "apt_add_25": 15.42826552, "apt_add_30": 30.85653105, "apt_add_35": 46.28479657, "apt_add_40": 61.7130621, "apt_addAll": 154.2826552, "apts_2040": 490.8993576, "hh_2020": 5.5, "hh_2025": 5.4, "hh_2030": 5.4, "hh_2035": 5.2, "hh_2040": 5.2, "pop_2020": 1606.967615, "pop_2025": 1901.042827, "pop_2030": 2067.668094, "pop_2035": 2231.768737, "pop_2040": 2552.67666, "stud_2020": 1273.0, "stud_2025": 1361.222563, "stud_2030": 1411.210144, "stud_2035": 1460.440336, "stud_2040": 1556.712713, "emp_2020": 1399.209633, "emp_2025": 1558.622399, "emp_2030": 1713.922569, "emp_2035": 1870.220873, "emp_2040": 2031.340509, "yesh_2020": 0.0, "yesh_2025": 0.0, "yesh_2030": 0.0, "yesh_2035": 0.0, "yesh_2040": 0.0, "uni_2020": 0.0, "uni_2025": 0.0, "uni_2030": 0.0, "uni_2035": 0.0, "uni_2040": 0.0 }, "geometry": { "type": "Point", "coordinates": [ 35.235406129325007, 31.787047896619342 ] } },
{ "type": "Feature", "properties": { "Taz_num": "0803", "Taz_num_sh": 803.0, "name": "משכן המלאכה", "in_jeru": 1, "in_metro": 1, "sector": "Jewish", "apts_2020": 321.2401429, "apt_add_25": 4.7, "apt_add_30": 4.7, "apt_add_35": 4.7, "apt_add_40": 4.7, "apt_addAll": 18.8, "apts_2040": 340.0401429, "hh_2020": 3.1, "hh_2025": 3.1, "hh_2030": 3.1, "hh_2035": 3.0, "hh_2040": 3.0, "pop_2020": 995.8444429, "pop_2025": 1010.414443, "pop_2030": 1024.984443, "pop_2035": 1006.020429, "pop_2040": 1020.120429, "stud_2020": 83.0, "stud_2025": 87.371, "stud_2030": 91.742, "stud_2035": 86.05279571, "stud_2040": 90.28279571, "emp_2020": 268.5162076, "emp_2025": 281.6830882, "emp_2030": 294.7565787, "emp_2035": 306.9545789, "emp_2040": 320.0618395, "yesh_2020": 107.0, "yesh_2025": 107.0, "yesh_2030": 107.0, "yesh_2035": 107.0, "yesh_2040": 107.0, "uni_2020": 0.0, "uni_2025": 0.0, "uni_2030": 0.0, "uni_2035": 0.0, "uni_2040": 0.0 }, "geometry": { "type": "Point", "coordinates": [ 35.213401349738547, 31.781715381949653 ] } },
{ "type": "Feature", "properties": { "Taz_num": "0802", "Taz_num_sh": 802.0, "name": "אוהל משה", "in_jeru": 1, "in_metro": 1, "sector": "Jewish", "apts_2020": 543.0, "apt_add_25": 10.0, "apt_add_30": 10.0, "apt_add_35": 10.0, "apt_add_40": 10.0, "apt_addAll": 40.0, "apts_2040": 583.0, "hh_2020": 1.5, "hh_2025": 1.5, "hh_2030": 1.5, "hh_2035": 1.5, "hh_2040": 1.5, "pop_2020": 814.5, "pop_2025": 829.5, "pop_2030": 844.5, "pop_2035": 859.5, "pop_2040": 874.5, "stud_2020": 144.0, "stud_2025": 148.5, "stud_2030": 153.0, "stud_2035": 157.5, "stud_2040": 162.0, "emp_2020": 272.4573433, "emp_2025": 288.9817514, "emp_2030": 305.3892883, "emp_2035": 321.8552608, "emp_2040": 338.3212333, "yesh_2020": 18.0, "yesh_2025": 18.0, "yesh_2030": 18.0, "yesh_2035": 18.0, "yesh_2040": 18.0, "uni_2020": 0.0, "uni_2025": 0.0, "uni_2030": 0.0, "uni_2035": 0.0, "uni_2040": 0.0 }, "geometry": { "type": "Point", "coordinates": [ 35.213897831519986, 31.783010555005127 ] } },
{ "type": "Feature", "properties": { "Taz_num": "6609", "Taz_num_sh": 6609.0, "name": "ביסאן", "in_jeru": 1, "in_metro": 1, "sector": "Arab", "apts_2020": 1476.676142, "apt_add_25": 331.3880027, "apt_add_30": 418.5880027, "apt_add_35": 335.7880027, "apt_add_40": 300.7880027, "apt_addAll": 1386.552011, "apts_2040": 2863.228153, "hh_2020": 4.0, "hh_2025": 4.0, "hh_2030": 4.0, "hh_2035": 4.0, "hh_2040": 4.0, "pop_2020": 5906.704568, "pop_2025": 7232.256578, "pop_2030": 8906.608589, "pop_2035": 10249.7606, "pop_2040": 11452.91261, "stud_2020": 2030.0, "stud_2025": 2071.40593, "stud_2030": 2421.848593, "stud_2035": 2737.529074, "stud_2040": 2957.125465, "emp_2020": 581.6739869, "emp_2025": 610.9864067, "emp_2030": 675.3415937, "emp_2035": 730.1346474, "emp_2040": 1890.41132, "yesh_2020": 0.0, "yesh_2025": 0.0, "yesh_2030": 0.0, "yesh_2035": 0.0, "yesh_2040": 0.0, "uni_2020": 0.0, "uni_2025": 0.0, "uni_2030": 0.0, "uni_2035": 0.0, "uni_2040": 0.0 }, "geometry": { "type": "Point", "coordinates": [ 35.226442447433776, 31.844789141091585 ] } },
{ "type": "Feature", "properties": { "Taz_num": "6601", "Taz_num_sh": 6601.0, "name": "שיכוני נוסייבה", "in_jeru": 1, "in_metro": 1, "sector": "Arab", "apts_2020": 1309.921833, "apt_add_25": 262.8215737, "apt_add_30": 306.5215737, "apt_add_35": 141.6215737, "apt_add_40": 61.62157372, "apt_addAll": 772.5862949, "apts_2040": 2082.508128, "hh_2020": 4.0, "hh_2025": 4.0, "hh_2030": 4.0, "hh_2035": 4.0, "hh_2040": 4.0, "pop_2020": 5239.687333, "pop_2025": 6290.973628, "pop_2030": 7517.059923, "pop_2035": 8083.546218, "pop_2040": 8330.032512, "stud_2020": 1519.041689, "stud_2025": 1801.811086, "stud_2030": 2044.008201, "stud_2035": 2158.971673, "stud_2040": 2150.802342, "emp_2020": 328.6067979, "emp_2025": 374.764587, "emp_2030": 420.5681504, "emp_2035": 442.0113299, "emp_2040": 925.105492, "yesh_2020": 0.0, "yesh_2025": 0.0, "yesh_2030": 0.0, "yesh_2035": 0.0, "yesh_2040": 0.0, "uni_2020": 0.0, "uni_2025": 0.0, "uni_2030": 0.0, "uni_2035": 0.0, "uni_2040": 0.0 }, "geometry": { "type": "Point", "coordinates": [ 35.226050940613916, 31.838015316539227 ] } },
{ "type": "Feature", "properties": { "Taz_num": "5907", "Taz_num_sh": 5907.0, "name": "רמת שלמה - הרחבה", "in_jeru": 1, "in_metro": 1, "sector": "U. Orthodox", "apts_2020": 0.0, "apt_add_25": 0.0, "apt_add_30": 650.0, "apt_add_35": 0.0, "apt_add_40": 0.0, "apt_addAll": 650.0, "apts_2040": 650.0, "hh_2020": 0.0, "hh_2025": 0.0, "hh_2030": 5.0, "hh_2035": 6.0, "hh_2040": 6.5, "pop_2020": 0.0, "pop_2025": 0.0, "pop_2030": 3250.0, "pop_2035": 3900.0, "pop_2040": 4225.0, "stud_2020": 0.0, "stud_2025": 0.0, "stud_2030": 500.0, "stud_2035": 800.0, "stud_2040": 1050.0, "emp_2020": 0.0, "emp_2025": 0.0, "emp_2030": 347.013141, "emp_2035": 424.7391026, "emp_2040": 472.76875, "yesh_2020": 0.0, "yesh_2025": 0.0, "yesh_2030": 201.5, "yesh_2035": 241.8, "yesh_2040": 261.95, "uni_2020": 0.0, "uni_2025": 0.0, "uni_2030": 0.0, "uni_2035": 0.0, "uni_2040": 0.0 }, "geometry": { "type": "Point", "coordinates": [ 35.220268456615543, 31.816125508181916 ] } },
{ "type": "Feature", "properties": { "Taz_num": "6506", "Taz_num_sh": 6506.0, "name": "אחמד שאוקי", "in_jeru": 1, "in_metro": 1, "sector": "Arab", "apts_2020": 997.8461617, "apt_add_25": 142.5739646, "apt_add_30": 239.6739646, "apt_add_35": 219.1739646, "apt_add_40": 192.7739646, "apt_addAll": 794.1958586, "apts_2040": 1792.04202, "hh_2020": 4.154542091, "hh_2025": 4.160225185, "hh_2030": 4.167132676, "hh_2035": 4.171637025, "hh_2040": 4.174688094, "pop_2020": 4145.593879, "pop_2025": 4744.404531, "pop_2030": 5751.035182, "pop_2035": 6671.565834, "pop_2040": 7481.216485, "stud_2020": 1401.0, "stud_2025": 1360.480867, "stud_2030": 1564.987327, "stud_2035": 1783.982246, "stud_2040": 1929.416415, "emp_2020": 304.6885688, "emp_2025": 311.9525102, "emp_2030": 349.1538311, "emp_2035": 386.1047605, "emp_2040": 684.1134136, "yesh_2020": 0.0, "yesh_2025": 0.0, "yesh_2030": 0.0, "yesh_2035": 0.0, "yesh_2040": 0.0, "uni_2020": 0.0, "uni_2025": 0.0, "uni_2030": 0.0, "uni_2035": 0.0, "uni_2040": 0.0 }, "geometry": { "type": "Point", "coordinates": [ 35.224227042176935, 31.817249999376436 ] } },
{ "type": "Feature", "properties": { "Taz_num": "5904", "Taz_num_sh": 5904.0, "name": "יער רמות - דרום", "in_jeru": 1, "in_metro": 1, "sector": "Jewish", "apts_2020": 0.0, "apt_add_25": 0.0, "apt_add_30": 0.0, "apt_add_35": 0.0, "apt_add_40": 0.0, "apt_addAll": 0.0, "apts_2040": 0.0, "hh_2020": 0.0, "hh_2025": 0.0, "hh_2030": 0.0, "hh_2035": 0.0, "hh_2040": 0.0, "pop_2020": 0.0, "pop_2025": 0.0, "pop_2030": 0.0, "pop_2035": 0.0, "pop_2040": 0.0, "stud_2020": 0.0, "stud_2025": 1000.0, "stud_2030": 1760.0, "stud_2035": 1760.0, "stud_2040": 1760.0, "emp_2020": 0.0, "emp_2025": 91.66666667, "emp_2030": 161.3333333, "emp_2035": 161.3333333, "emp_2040": 161.3333333, "yesh_2020": 0.0, "yesh_2025": 0.0, "yesh_2030": 0.0, "yesh_2035": 0.0, "yesh_2040": 0.0, "uni_2020": 0.0, "uni_2025": 0.0, "uni_2030": 0.0, "uni_2035": 0.0, "uni_2040": 0.0 }, "geometry": { "type": "Point", "coordinates": [ 35.212227501675436, 31.808814075793073 ] } },
{ "type": "Feature", "properties": { "Taz_num": "5905", "Taz_num_sh": 5905.0, "name": "יער רמות - צפון", "in_jeru": 1, "in_metro": 1, "sector": "Jewish", "apts_2020": 0.0, "apt_add_25": 757.0, "apt_add_30": 0.0, "apt_add_35": 0.0, "apt_add_40": 0.0, "apt_addAll": 757.0, "apts_2040": 757.0, "hh_2020": 0.0, "hh_2025": 5.0, "hh_2030": 6.0, "hh_2035": 6.5, "hh_2040": 6.7, "pop_2020": 0.0, "pop_2025": 3785.0, "pop_2030": 4542.0, "pop_2035": 4920.5, "pop_2040": 5071.9, "stud_2020": 0.0, "stud_2025": 750.0, "stud_2030": 750.0, "stud_2035": 750.0, "stud_2040": 750.0, "emp_2020": 0.0, "emp_2025": 452.4711828, "emp_2030": 517.5576194, "emp_2035": 550.1008377000001, "emp_2040": 563.118125, "yesh_2020": 0.0, "yesh_2025": 234.67, "yesh_2030": 281.604, "yesh_2035": 305.071, "yesh_2040": 314.4578, "uni_2020": 0.0, "uni_2025": 0.0, "uni_2030": 0.0, "uni_2035": 0.0, "uni_2040": 0.0 }, "geometry": { "type": "Point", "coordinates": [ 35.213670952965607, 31.815550177960226 ] } },
{ "type": "Feature", "properties": { "Taz_num": "5003", "Taz_num_sh": 5003.0, "name": "מחלף 4/9", "in_jeru": 1, "in_metro": 1, "sector": "Jewish", "apts_2020": 0.0, "apt_add_25": 0.0, "apt_add_30": 0.0, "apt_add_35": 0.0, "apt_add_40": 0.0, "apt_addAll": 0.0, "apts_2040": 0.0, "hh_2020": 0.0, "hh_2025": 0.0, "hh_2030": 0.0, "hh_2035": 0.0, "hh_2040": 0.0, "pop_2020": 0.0, "pop_2025": 0.0, "pop_2030": 0.0, "pop_2035": 0.0, "pop_2040": 0.0, "stud_2020": 0.0, "stud_2025": 0.0, "stud_2030": 0.0, "stud_2035": 0.0, "stud_2040": 0.0, "emp_2020": 0.0, "emp_2025": 0.0, "emp_2030": 0.0, "emp_2035": 0.0, "emp_2040": 0.0, "yesh_2020": 0.0, "yesh_2025": 0.0, "yesh_2030": 0.0, "yesh_2035": 0.0, "yesh_2040": 0.0, "uni_2020": 0.0, "uni_2025": 0.0, "uni_2030": 0.0, "uni_2035": 0.0, "uni_2040": 0.0 }, "geometry": { "type": "Point", "coordinates": [ 35.206153520247078, 31.80681914852963 ] } },
{ "type": "Feature", "properties": { "Taz_num": "5004", "Taz_num_sh": 5004.0, "name": "הר חוצבים א", "in_jeru": 1, "in_metro": 1, "sector": "Jewish", "apts_2020": 0.0, "apt_add_25": 0.0, "apt_add_30": 0.0, "apt_add_35": 0.0, "apt_add_40": 0.0, "apt_addAll": 0.0, "apts_2040": 0.0, "hh_2020": 0.0, "hh_2025": 0.0, "hh_2030": 0.0, "hh_2035": 0.0, "hh_2040": 0.0, "pop_2020": 0.0, "pop_2025": 0.0, "pop_2030": 0.0, "pop_2035": 0.0, "pop_2040": 0.0, "stud_2020": 0.0, "stud_2025": 0.0, "stud_2030": 0.0, "stud_2035": 0.0, "stud_2040": 0.0, "emp_2020": 58.5136762, "emp_2025": 59.44053768, "emp_2030": 60.43977374, "emp_2035": 61.35496191, "emp_2040": 62.19077152, "yesh_2020": 0.0, "yesh_2025": 0.0, "yesh_2030": 0.0, "yesh_2035": 0.0, "yesh_2040": 0.0, "uni_2020": 0.0, "uni_2025": 0.0, "uni_2030": 0.0, "uni_2035": 0.0, "uni_2040": 0.0 }, "geometry": { "type": "Point", "coordinates": [ 35.211770595693281, 31.806581919691627 ] } },
{ "type": "Feature", "properties": { "Taz_num": "5002", "Taz_num_sh": 5002.0, "name": "הר חוצבים ד", "in_jeru": 1, "in_metro": 1, "sector": "Jewish", "apts_2020": 0.0, "apt_add_25": 0.0, "apt_add_30": 0.0, "apt_add_35": 0.0, "apt_add_40": 0.0, "apt_addAll": 0.0, "apts_2040": 0.0, "hh_2020": 0.0, "hh_2025": 0.0, "hh_2030": 0.0, "hh_2035": 0.0, "hh_2040": 0.0, "pop_2020": 0.0, "pop_2025": 0.0, "pop_2030": 0.0, "pop_2035": 0.0, "pop_2040": 0.0, "stud_2020": 0.0, "stud_2025": 0.0, "stud_2030": 0.0, "stud_2035": 0.0, "stud_2040": 0.0, "emp_2020": 4570.973845, "emp_2025": 5283.760182, "emp_2030": 6132.895746, "emp_2035": 6975.30306, "emp_2040": 7811.355916, "yesh_2020": 0.0, "yesh_2025": 0.0, "yesh_2030": 0.0, "yesh_2035": 0.0, "yesh_2040": 0.0, "uni_2020": 0.0, "uni_2025": 0.0, "uni_2030": 0.0, "uni_2035": 0.0, "uni_2040": 0.0 }, "geometry": { "type": "Point", "coordinates": [ 35.207930104735915, 31.801861055415014 ] } },
{ "type": "Feature", "properties": { "Taz_num": "5001", "Taz_num_sh": 5001.0, "name": "הר חוצבים", "in_jeru": 1, "in_metro": 1, "sector": "Jewish", "apts_2020": 0.0, "apt_add_25": 0.0, "apt_add_30": 0.0, "apt_add_35": 0.0, "apt_add_40": 0.0, "apt_addAll": 0.0, "apts_2040": 0.0, "hh_2020": 0.0, "hh_2025": 0.0, "hh_2030": 0.0, "hh_2035": 0.0, "hh_2040": 0.0, "pop_2020": 0.0, "pop_2025": 0.0, "pop_2030": 0.0, "pop_2035": 0.0, "pop_2040": 0.0, "stud_2020": 0.0, "stud_2025": 0.0, "stud_2030": 0.0, "stud_2035": 0.0, "stud_2040": 0.0, "emp_2020": 8302.773769, "emp_2025": 12131.2652, "emp_2030": 13412.60078, "emp_2035": 14102.89796, "emp_2040": 14188.64408, "yesh_2020": 0.0, "yesh_2025": 0.0, "yesh_2030": 0.0, "yesh_2035": 0.0, "yesh_2040": 0.0, "uni_2020": 0.0, "uni_2025": 0.0, "uni_2030": 0.0, "uni_2035": 0.0, "uni_2040": 0.0 }, "geometry": { "type": "Point", "coordinates": [ 35.210776132504968, 31.803498857914896 ] } },
{ "type": "Feature", "properties": { "Taz_num": "4602", "Taz_num_sh": 4614.0, "name": null, "in_jeru": 1, "in_metro": 1, "sector": null, "apts_2020": 0.0, "apt_add_25": 0.0, "apt_add_30": 0.0, "apt_add_35": 0.0, "apt_add_40": 0.0, "apt_addAll": 0.0, "apts_2040": 0.0, "hh_2020": 0.0, "hh_2025": 0.0, "hh_2030": 0.0, "hh_2035": 0.0, "hh_2040": 0.0, "pop_2020": 0.0, "pop_2025": 0.0, "pop_2030": 0.0, "pop_2035": 0.0, "pop_2040": 0.0, "stud_2020": 0.0, "stud_2025": 0.0, "stud_2030": 0.0, "stud_2035": 0.0, "stud_2040": 0.0, "emp_2020": 0.0, "emp_2025": 0.0, "emp_2030": 0.0, "emp_2035": 0.0, "emp_2040": 0.0, "yesh_2020": 0.0, "yesh_2025": 0.0, "yesh_2030": 0.0, "yesh_2035": 0.0, "yesh_2040": 0.0, "uni_2020": 0.0, "uni_2025": 0.0, "uni_2030": 0.0, "uni_2035": 0.0, "uni_2040": 0.0 }, "geometry": { "type": "Point", "coordinates": [ 35.170614652320261, 31.746758032062537 ] } },
{ "type": "Feature", "properties": { "Taz_num": "6801", "Taz_num_sh": 6801.0, "name": "כפר עקב מרכז", "in_jeru": 1, "in_metro": 1, "sector": "arabs behined seperation wall", "apts_2020": 5067.019933, "apt_add_25": 210.0, "apt_add_30": 284.5, "apt_add_35": 385.0, "apt_add_40": 560.0, "apt_addAll": 1439.5, "apts_2040": 6506.519933, "hh_2020": 5.127336671, "hh_2025": 5.561166511, "hh_2030": 5.937073991, "hh_2035": 6.200827916, "hh_2040": 6.25606258, "pop_2020": 25980.31712, "pop_2025": 29346.38653, "pop_2030": 33019.15534, "pop_2035": 36873.3468, "pop_2040": 40705.19588, "stud_2020": 4912.0, "stud_2025": 4912.0, "stud_2030": 4912.0, "stud_2035": 4912.0, "stud_2040": 4912.0, "emp_2020": 635.8972788, "emp_2025": 652.0672788000001, "emp_2030": 673.9737788, "emp_2035": 703.6187788, "emp_2040": 1111.78566, "yesh_2020": 0.0, "yesh_2025": 0.0, "yesh_2030": 0.0, "yesh_2035": 0.0, "yesh_2040": 0.0, "uni_2020": 0.0, "uni_2025": 0.0, "uni_2030": 0.0, "uni_2035": 0.0, "uni_2040": 0.0 }, "geometry": { "type": "Point", "coordinates": [ 35.222004849276438, 31.872201267332883 ] } },
{ "type": "Feature", "properties": { "Taz_num": "6608", "Taz_num_sh": 6608.0, "name": "תל עדסה מזרח", "in_jeru": 1, "in_metro": 1, "sector": "Arab", "apts_2020": 0.0, "apt_add_25": 0.0, "apt_add_30": 150.0, "apt_add_35": 175.0, "apt_add_40": 175.0, "apt_addAll": 500.0, "apts_2040": 500.0, "hh_2020": 4.2, "hh_2025": 4.2, "hh_2030": 4.2, "hh_2035": 4.2, "hh_2040": 4.2, "pop_2020": 0.0, "pop_2025": 0.0, "pop_2030": 630.0, "pop_2035": 1365.0, "pop_2040": 2100.0, "stud_2020": 100.0, "stud_2025": 100.0, "stud_2030": 289.0, "stud_2035": 509.5, "stud_2040": 730.0, "emp_2020": 9.166666667, "emp_2025": 9.166666667, "emp_2030": 51.24166667, "emp_2035": 100.3291667, "emp_2040": 369.4166667, "yesh_2020": 0.0, "yesh_2025": 0.0, "yesh_2030": 0.0, "yesh_2035": 0.0, "yesh_2040": 0.0, "uni_2020": 0.0, "uni_2025": 0.0, "uni_2030": 0.0, "uni_2035": 0.0, "uni_2040": 0.0 }, "geometry": { "type": "Point", "coordinates": [ 35.221180009286016, 31.847030517666834 ] } },
{ "type": "Feature", "properties": { "Taz_num": "6102", "Taz_num_sh": 6102.0, "name": "קרית קמיניץ - עליון", "in_jeru": 1, "in_metro": 1, "sector": "U. Orthodox", "apts_2020": 455.6, "apt_add_25": 7.8, "apt_add_30": 7.8, "apt_add_35": 7.8, "apt_add_40": 7.8, "apt_addAll": 31.2, "apts_2040": 486.8, "hh_2020": 6.595096735, "hh_2025": 6.518217684, "hh_2030": 6.609112139, "hh_2035": 6.703783121, "hh_2040": 6.689337748, "pop_2020": 3004.726073, "pop_2025": 3020.542075, "pop_2030": 3114.21364, "pop_2035": 3211.112115, "pop_2040": 3256.369616, "stud_2020": 1215.882914, "stud_2025": 1378.838089, "stud_2030": 1424.799431, "stud_2035": 1392.908186, "stud_2040": 1347.868221, "emp_2020": 186.8374079, "emp_2025": 202.3755657, "emp_2030": 207.1892887, "emp_2035": 204.8665245, "emp_2040": 214.2170207, "yesh_2020": 607.7262452, "yesh_2025": 557.0457572, "yesh_2030": 525.5418761, "yesh_2035": 561.599168, "yesh_2040": 590.1621475, "uni_2020": 0.0, "uni_2025": 0.0, "uni_2030": 0.0, "uni_2035": 0.0, "uni_2040": 0.0 }, "geometry": { "type": "Point", "coordinates": [ 35.247909472783618, 31.84303620808981 ] } },
{ "type": "Feature", "properties": { "Taz_num": "6101", "Taz_num_sh": 6101.0, "name": "קרית קמיניץ - תחתון", "in_jeru": 1, "in_metro": 1, "sector": "U. Orthodox", "apts_2020": 501.7741935, "apt_add_25": 5.0, "apt_add_30": 17.6, "apt_add_35": 5.0, "apt_add_40": 5.0, "apt_addAll": 32.6, "apts_2040": 534.3741935, "hh_2020": 6.805877488, "hh_2025": 6.786286401, "hh_2030": 6.658175242, "hh_2035": 6.61728655, "hh_2040": 6.530708003, "pop_2020": 3415.013688, "pop_2025": 3439.114818, "pop_2030": 3491.375273, "pop_2035": 3503.020731, "pop_2040": 3489.841822, "stud_2020": 674.1151395000001, "stud_2025": 791.230279, "stud_2030": 908.3454185000001, "stud_2035": 1025.460558, "stud_2040": 1142.575698, "emp_2020": 262.3647422, "emp_2025": 273.4852966, "emp_2030": 285.5760511, "emp_2035": 296.6966055, "emp_2040": 273.4086078, "yesh_2020": 406.0136688, "yesh_2025": 389.1468046, "yesh_2030": 357.7178607, "yesh_2035": 387.7278887, "yesh_2040": 389.6915852, "uni_2020": 0.0, "uni_2025": 0.0, "uni_2030": 0.0, "uni_2035": 0.0, "uni_2040": 0.0 }, "geometry": { "type": "Point", "coordinates": [ 35.250708541621528, 31.839883746358623 ] } },
{ "type": "Feature", "properties": { "Taz_num": "6310", "Taz_num_sh": 6310.0, "name": "פסגת זאב מזרח - צפון", "in_jeru": 1, "in_metro": 1, "sector": "Jewish", "apts_2020": 535.0, "apt_add_25": 0.0, "apt_add_30": 0.0, "apt_add_35": 0.0, "apt_add_40": 0.0, "apt_addAll": 0.0, "apts_2040": 535.0, "hh_2020": 3.5, "hh_2025": 3.5, "hh_2030": 3.5, "hh_2035": 3.5, "hh_2040": 3.5, "pop_2020": 1872.5, "pop_2025": 1872.5, "pop_2030": 1872.5, "pop_2035": 1872.5, "pop_2040": 1872.5, "stud_2020": 132.4982899, "stud_2025": 264.9965798, "stud_2030": 397.4948697, "stud_2035": 529.9931596, "stud_2040": 922.35, "emp_2020": 70.99567657, "emp_2025": 83.14135315, "emp_2030": 95.28702972000001, "emp_2035": 107.4327063, "emp_2040": 143.39875, "yesh_2020": 0.0, "yesh_2025": 0.0, "yesh_2030": 0.0, "yesh_2035": 0.0, "yesh_2040": 0.0, "uni_2020": 0.0, "uni_2025": 0.0, "uni_2030": 0.0, "uni_2035": 0.0, "uni_2040": 0.0 }, "geometry": { "type": "Point", "coordinates": [ 35.258854084365787, 31.824838318016646 ] } },
{ "type": "Feature", "properties": { "Taz_num": "6309", "Taz_num_sh": 6309.0, "name": "פסגת זאב מזרח - בה_ס תל_י", "in_jeru": 1, "in_metro": 1, "sector": "Jewish", "apts_2020": 714.5818916, "apt_add_25": 0.0, "apt_add_30": 0.0, "apt_add_35": 0.0, "apt_add_40": 0.0, "apt_addAll": 0.0, "apts_2040": 714.5818916, "hh_2020": 3.673617517, "hh_2025": 3.66500939, "hh_2030": 3.643900433, "hh_2035": 3.617231932, "hh_2040": 3.578823546, "pop_2020": 2625.100554, "pop_2025": 2618.949343, "pop_2030": 2603.865264, "pop_2035": 2584.808436, "pop_2040": 2557.362499, "stud_2020": 746.0, "stud_2025": 746.0, "stud_2030": 746.0, "stud_2035": 746.0, "stud_2040": 746.0, "emp_2020": 277.6117623, "emp_2025": 277.6117623, "emp_2030": 277.6117623, "emp_2035": 277.6117623, "emp_2040": 293.0173148, "yesh_2020": 20.0, "yesh_2025": 20.0, "yesh_2030": 20.0, "yesh_2035": 20.0, "yesh_2040": 20.0, "uni_2020": 0.0, "uni_2025": 0.0, "uni_2030": 0.0, "uni_2035": 0.0, "uni_2040": 0.0 }, "geometry": { "type": "Point", "coordinates": [ 35.25129739188894, 31.821692785083783 ] } },
{ "type": "Feature", "properties": { "Taz_num": "6302", "Taz_num_sh": 6302.0, "name": "פסגת זאב מזרח - מזרח", "in_jeru": 1, "in_metro": 1, "sector": "Jewish", "apts_2020": 320.0, "apt_add_25": 0.0, "apt_add_30": 0.0, "apt_add_35": 0.0, "apt_add_40": 0.0, "apt_addAll": 0.0, "apts_2040": 320.0, "hh_2020": 3.5, "hh_2025": 3.5, "hh_2030": 3.5, "hh_2035": 3.5, "hh_2040": 3.5, "pop_2020": 1120.0, "pop_2025": 1120.0, "pop_2030": 1120.0, "pop_2035": 1120.0, "pop_2040": 1120.0, "stud_2020": 120.3722089, "stud_2025": 210.7444177, "stud_2030": 301.1166266, "stud_2035": 391.4888354, "stud_2040": 481.8610443, "emp_2020": 46.23411915, "emp_2025": 54.51823829, "emp_2030": 62.80235744, "emp_2035": 71.08647658, "emp_2040": 79.37059573000001, "yesh_2020": 0.0, "yesh_2025": 0.0, "yesh_2030": 0.0, "yesh_2035": 0.0, "yesh_2040": 0.0, "uni_2020": 0.0, "uni_2025": 0.0, "uni_2030": 0.0, "uni_2035": 0.0, "uni_2040": 0.0 }, "geometry": { "type": "Point", "coordinates": [ 35.256397389776645, 31.819700667238873 ] } },
{ "type": "Feature", "properties": { "Taz_num": "6301", "Taz_num_sh": 6301.0, "name": "פסגת זאב מזרח", "in_jeru": 1, "in_metro": 1, "sector": "Jewish", "apts_2020": 594.0704562, "apt_add_25": 0.0, "apt_add_30": 7.2, "apt_add_35": 0.0, "apt_add_40": 0.0, "apt_addAll": 7.2, "apts_2040": 601.2704562, "hh_2020": 3.717487996, "hh_2025": 3.708777071, "hh_2030": 3.676197706, "hh_2035": 3.650350306, "hh_2040": 3.612184527, "pop_2020": 2208.44979, "pop_2025": 2203.274886, "pop_2030": 2210.389072, "pop_2035": 2194.847794, "pop_2040": 2171.899838, "stud_2020": 552.1124475, "stud_2025": 550.5599764, "stud_2030": 552.6942321, "stud_2035": 548.0318487, "stud_2040": 541.147462, "emp_2020": 283.3457178, "emp_2025": 286.6240814, "emp_2030": 291.4285962, "emp_2035": 294.0774438, "emp_2040": 296.0028769, "yesh_2020": 0.0, "yesh_2025": 0.0, "yesh_2030": 0.0, "yesh_2035": 0.0, "yesh_2040": 0.0, "uni_2020": 0.0, "uni_2025": 0.0, "uni_2030": 0.0, "uni_2035": 0.0, "uni_2040": 0.0 }, "geometry": { "type": "Point", "coordinates": [ 35.251054077137233, 31.820062310454894 ] } },
{ "type": "Feature", "properties": { "Taz_num": "5906", "Taz_num_sh": 5906.0, "name": "רמת שלמה - צפון", "in_jeru": 1, "in_metro": 1, "sector": "U. Orthodox", "apts_2020": 290.0, "apt_add_25": 0.0, "apt_add_30": 0.0, "apt_add_35": 0.0, "apt_add_40": 0.0, "apt_addAll": 0.0, "apts_2040": 290.0, "hh_2020": 6.575862069, "hh_2025": 7.062068966, "hh_2030": 6.71875, "hh_2035": 6.953125, "hh_2040": 6.71875, "pop_2020": 1907.0, "pop_2025": 2048.0, "pop_2030": 1948.4375, "pop_2035": 2016.40625, "pop_2040": 1948.4375, "stud_2020": 476.75, "stud_2025": 519.05, "stud_2030": 489.18125, "stud_2035": 509.571875, "stud_2040": 489.18125, "emp_2020": 253.1183333, "emp_2025": 258.1224154, "emp_2030": 256.5110286, "emp_2035": 259.5067513, "emp_2040": 258.7641927, "yesh_2020": 347.2961476, "yesh_2025": 347.2961476, "yesh_2030": 347.2961476, "yesh_2035": 347.2961476, "yesh_2040": 347.2961476, "uni_2020": 0.0, "uni_2025": 0.0, "uni_2030": 0.0, "uni_2035": 0.0, "uni_2040": 0.0 }, "geometry": { "type": "Point", "coordinates": [ 35.217419756020632, 31.814965155371357 ] } },
{ "type": "Feature", "properties": { "Taz_num": "5903", "Taz_num_sh": 5903.0, "name": "רמת שלמה - דרום מערב", "in_jeru": 1, "in_metro": 1, "sector": "U. Orthodox", "apts_2020": 550.0, "apt_add_25": 0.0, "apt_add_30": 0.0, "apt_add_35": 0.0, "apt_add_40": 0.0, "apt_addAll": 0.0, "apts_2040": 550.0, "hh_2020": 6.345454545, "hh_2025": 6.290909091, "hh_2030": 6.327272727, "hh_2035": 6.381818182, "hh_2040": 6.345454545, "pop_2020": 3490.0, "pop_2025": 3460.0, "pop_2030": 3480.0, "pop_2035": 3510.0, "pop_2040": 3490.0, "stud_2020": 1288.0, "stud_2025": 1288.0, "stud_2030": 1288.0, "stud_2035": 1288.0, "stud_2040": 1288.0, "emp_2020": 394.1208333, "emp_2025": 394.1208333, "emp_2030": 394.1208333, "emp_2035": 394.1208333, "emp_2040": 394.1208333, "yesh_2020": 580.0, "yesh_2025": 580.0, "yesh_2030": 580.0, "yesh_2035": 580.0, "yesh_2040": 580.0, "uni_2020": 0.0, "uni_2025": 0.0, "uni_2030": 0.0, "uni_2035": 0.0, "uni_2040": 0.0 }, "geometry": { "type": "Point", "coordinates": [ 35.215017530329661, 31.810352180667419 ] } },
{ "type": "Feature", "properties": { "Taz_num": "1101", "Taz_num_sh": 1101.0, "name": "עיסאוויה מזרח", "in_jeru": 1, "in_metro": 1, "sector": "Arab", "apts_2020": 1453.142279, "apt_add_25": 168.4, "apt_add_30": 174.7, "apt_add_35": 168.4, "apt_add_40": 168.4, "apt_addAll": 679.9, "apts_2040": 2133.042279, "hh_2020": 4.713243636, "hh_2025": 4.968842532, "hh_2030": 5.380850787, "hh_2035": 5.733759514, "hh_2040": 6.026840557, "pop_2020": 6849.0136, "pop_2025": 8057.188244, "pop_2030": 9665.311681, "pop_2035": 11264.78636, "pop_2040": 12855.50572, "stud_2020": 2866.0, "stud_2025": 2866.0, "stud_2030": 2866.0, "stud_2035": 3099.268635, "stud_2040": 3406.847487, "emp_2020": 523.0534641, "emp_2025": 562.0849512, "emp_2030": 608.8934409, "emp_2035": 685.7296696, "emp_2040": 772.0296134, "yesh_2020": 0.0, "yesh_2025": 0.0, "yesh_2030": 0.0, "yesh_2035": 0.0, "yesh_2040": 0.0, "uni_2020": 0.0, "uni_2025": 0.0, "uni_2030": 0.0, "uni_2035": 0.0, "uni_2040": 0.0 }, "geometry": { "type": "Point", "coordinates": [ 35.254319696315235, 31.800043847350672 ] } },
{ "type": "Feature", "properties": { "Taz_num": "1104", "Taz_num_sh": 1104.0, "name": "דהרה", "in_jeru": 1, "in_metro": 1, "sector": "Arab", "apts_2020": 1188.934592, "apt_add_25": 39.6, "apt_add_30": 439.6, "apt_add_35": 39.6, "apt_add_40": 39.6, "apt_addAll": 558.4, "apts_2040": 1747.334592, "hh_2020": 4.80192404, "hh_2025": 4.80192404, "hh_2030": 4.617669853, "hh_2035": 3.592371385, "hh_2040": 3.621800167, "pop_2020": 5709.1736, "pop_2025": 5899.329792, "pop_2030": 7702.894816, "pop_2035": 6134.816882, "pop_2040": 6328.496717, "stud_2020": 189.3012078, "stud_2025": 344.6024156, "stud_2030": 499.9036235, "stud_2035": 655.2048313, "stud_2040": 810.5060391, "emp_2020": 550.7800007, "emp_2025": 557.8121293, "emp_2030": 553.0675875, "emp_2035": 604.2406582, "emp_2040": 612.875985, "yesh_2020": 0.0, "yesh_2025": 0.0, "yesh_2030": 0.0, "yesh_2035": 0.0, "yesh_2040": 0.0, "uni_2020": 0.0, "uni_2025": 0.0, "uni_2030": 0.0, "uni_2035": 0.0, "uni_2040": 0.0 }, "geometry": { "type": "Point", "coordinates": [ 35.246647996618343, 31.800465014883763 ] } },
{ "type": "Feature", "properties": { "Taz_num": "1103", "Taz_num_sh": 1103.0, "name": "ח'רובה", "in_jeru": 1, "in_metro": 1, "sector": "Arab", "apts_2020": 888.698584, "apt_add_25": 29.6, "apt_add_30": 54.8, "apt_add_35": 29.6, "apt_add_40": 29.6, "apt_addAll": 143.6, "apts_2040": 1032.298584, "hh_2020": 4.713535135, "hh_2025": 4.713535135, "hh_2030": 4.713535135, "hh_2035": 4.713535135, "hh_2040": 4.713535135, "pop_2020": 4188.912, "pop_2025": 4328.43264, "pop_2030": 4586.734365, "pop_2035": 4726.255005, "pop_2040": 4865.775645, "stud_2020": 962.4872982000001, "stud_2025": 1037.974596, "stud_2030": 1113.461894, "stud_2035": 1188.949193, "stud_2040": 1264.436491, "emp_2020": 258.3556605, "emp_2025": 267.6093486, "emp_2030": 278.8124363, "emp_2035": 288.0621432, "emp_2040": 297.2964482, "yesh_2020": 0.0, "yesh_2025": 0.0, "yesh_2030": 0.0, "yesh_2035": 0.0, "yesh_2040": 0.0, "uni_2020": 0.0, "uni_2025": 0.0, "uni_2030": 0.0, "uni_2035": 0.0, "uni_2040": 0.0 }, "geometry": { "type": "Point", "coordinates": [ 35.245795188629323, 31.79666551906006 ] } },
{ "type": "Feature", "properties": { "Taz_num": "1102", "Taz_num_sh": 1102.0, "name": "עיסאוויה דרום", "in_jeru": 1, "in_metro": 1, "sector": "Arab", "apts_2020": 594.467296, "apt_add_25": 219.8, "apt_add_30": 306.4, "apt_add_35": 299.8, "apt_add_40": 299.8, "apt_addAll": 1125.8, "apts_2040": 1720.267296, "hh_2020": 4.783948283, "hh_2025": 4.772004242, "hh_2030": 4.760558069, "hh_2035": 4.630310157, "hh_2040": 4.577210311, "pop_2020": 2843.9008, "pop_2025": 3885.686991, "pop_2030": 5335.001739, "pop_2035": 6577.204149, "pop_2040": 7874.025205, "stud_2020": 509.0, "stud_2025": 872.6633897, "stud_2030": 1144.910629, "stud_2035": 1404.610859, "stud_2040": 1621.830838, "emp_2020": 314.712906, "emp_2025": 406.1607546, "emp_2030": 731.2274692, "emp_2035": 913.826888, "emp_2040": 1091.747839, "yesh_2020": 0.0, "yesh_2025": 0.0, "yesh_2030": 0.0, "yesh_2035": 0.0, "yesh_2040": 0.0, "uni_2020": 0.0, "uni_2025": 0.0, "uni_2030": 0.0, "uni_2035": 0.0, "uni_2040": 0.0 }, "geometry": { "type": "Point", "coordinates": [ 35.255933104629399, 31.792963867026259 ] } },
{ "type": "Feature", "properties": { "Taz_num": "0907", "Taz_num_sh": 907.0, "name": "שכונת הבוכרים צפון", "in_jeru": 1, "in_metro": 1, "sector": "U. Orthodox", "apts_2020": 1075.133118, "apt_add_25": 26.87832795, "apt_add_30": 101.878328, "apt_add_35": 26.87832795, "apt_add_40": 26.87832795, "apt_addAll": 182.5133118, "apts_2040": 1257.64643, "hh_2020": 5.358890701, "hh_2025": 5.358890701, "hh_2030": 5.3, "hh_2035": 5.3, "hh_2040": 5.196075536, "pop_2020": 5440.987746, "pop_2025": 5905.558892, "pop_2030": 6380.615803, "pop_2035": 6523.070941, "pop_2040": 6534.825848, "stud_2020": 2475.26684, "stud_2025": 2550.898006, "stud_2030": 2568.94368, "stud_2035": 2586.903479, "stud_2040": 2602.61722, "emp_2020": 1259.757954, "emp_2025": 1285.717683, "emp_2030": 1312.187702, "emp_2035": 1330.643071, "emp_2040": 1346.682289, "yesh_2020": 1434.657794, "yesh_2025": 1451.576978, "yesh_2030": 1471.726019, "yesh_2035": 1521.315398, "yesh_2040": 1534.16472, "uni_2020": 0.0, "uni_2025": 0.0, "uni_2030": 0.0, "uni_2035": 0.0, "uni_2040": 0.0 }, "geometry": { "type": "Point", "coordinates": [ 35.218276137400792, 31.79370263873075 ] } },
{ "type": "Feature", "properties": { "Taz_num": "0112", "Taz_num_sh": 112.0, "name": "שכונת הבוכרים", "in_jeru": 1, "in_metro": 1, "sector": "U. Orthodox", "apts_2020": 763.8668818, "apt_add_25": 19.09667205, "apt_add_30": 19.09667205, "apt_add_35": 19.09667205, "apt_add_40": 19.09667205, "apt_addAll": 76.38668818, "apts_2040": 840.25357, "hh_2020": 5.358890701, "hh_2025": 5.358890701, "hh_2030": 5.3, "hh_2035": 5.3, "hh_2040": 5.196075536, "pop_2020": 4005.012254, "pop_2025": 4195.816108, "pop_2030": 4250.919197, "pop_2035": 4352.131559, "pop_2040": 4366.021019, "stud_2020": 2461.970339, "stud_2025": 2623.621254, "stud_2030": 2672.179397, "stud_2035": 2693.939394, "stud_2040": 2717.119565, "emp_2020": 1265.830453, "emp_2025": 1296.238765, "emp_2030": 1326.815669, "emp_2035": 1341.693632, "emp_2040": 1354.526583, "yesh_2020": 954.5291078, "yesh_2025": 968.9283198000001, "yesh_2030": 989.9595054, "yesh_2035": 1016.540271, "yesh_2040": 1026.864466, "uni_2020": 0.0, "uni_2025": 0.0, "uni_2030": 0.0, "uni_2035": 0.0, "uni_2040": 0.0 }, "geometry": { "type": "Point", "coordinates": [ 35.220544470627658, 31.792289034600028 ] } },
{ "type": "Feature", "properties": { "Taz_num": "5101", "Taz_num_sh": 5101.0, "name": "רמת אשכול - מערב", "in_jeru": 1, "in_metro": 1, "sector": "U. Orthodox", "apts_2020": 679.3407953, "apt_add_25": 78.0, "apt_add_30": 23.0, "apt_add_35": 23.0, "apt_add_40": 23.0, "apt_addAll": 147.0, "apts_2040": 826.3407953, "hh_2020": 4.070371647, "hh_2025": 4.289917328, "hh_2030": 4.416469007, "hh_2035": 4.474113254, "hh_2040": 4.49725408, "pop_2020": 2765.169512, "pop_2025": 3248.929401, "pop_2030": 3446.350937, "pop_2035": 3594.2377, "pop_2040": 3716.264513, "stud_2020": 268.8026498, "stud_2025": 325.1684057, "stud_2030": 306.1089522, "stud_2035": 327.9462029, "stud_2040": 333.0235734, "emp_2020": 244.0022305, "emp_2025": 280.2403625, "emp_2030": 287.2059746, "emp_2035": 298.5866452, "emp_2040": 306.776124, "yesh_2020": 225.7190144, "yesh_2025": 288.4207434, "yesh_2030": 303.5491395, "yesh_2035": 289.1083097, "yesh_2040": 298.4077486, "uni_2020": 0.0, "uni_2025": 0.0, "uni_2030": 0.0, "uni_2035": 0.0, "uni_2040": 0.0 }, "geometry": { "type": "Point", "coordinates": [ 35.222644308298456, 31.799488715561896 ] } },
{ "type": "Feature", "properties": { "Taz_num": "5106", "Taz_num_sh": 5106.0, "name": "רמת אשכול - צפון", "in_jeru": 1, "in_metro": 1, "sector": "U. Orthodox", "apts_2020": 472.2227197, "apt_add_25": 61.0, "apt_add_30": 6.0, "apt_add_35": 6.0, "apt_add_40": 6.0, "apt_addAll": 79.0, "apts_2040": 551.2227197, "hh_2020": 4.201501582, "hh_2025": 4.445430936, "hh_2030": 4.261438788, "hh_2035": 4.3661705, "hh_2040": 4.450889052, "pop_2020": 1984.044504, "pop_2025": 2370.404774, "pop_2030": 2297.864613, "pop_2035": 2380.535354, "pop_2040": 2453.431168, "stud_2020": 193.5378273, "stud_2025": 236.4013629, "stud_2030": 199.7052799, "stud_2035": 222.3350773, "stud_2040": 226.2280851, "emp_2020": 145.0483093, "emp_2025": 158.6146041, "emp_2030": 177.677734, "emp_2035": 184.6872254, "emp_2040": 188.3962694, "yesh_2020": 208.5518303, "yesh_2025": 250.3213756, "yesh_2030": 324.8651091, "yesh_2035": 284.8017528, "yesh_2040": 291.1324427, "uni_2020": 0.0, "uni_2025": 0.0, "uni_2030": 0.0, "uni_2035": 0.0, "uni_2040": 0.0 }, "geometry": { "type": "Point", "coordinates": [ 35.223079971257327, 31.803877051511158 ] } },
{ "type": "Feature", "properties": { "Taz_num": "5301", "Taz_num_sh": 5301.0, "name": "גבעת שאול - ישיבת נזר התורה", "in_jeru": 1, "in_metro": 1, "sector": "U. Orthodox", "apts_2020": 325.2931034, "apt_add_25": 15.0, "apt_add_30": 13.7, "apt_add_35": 13.7, "apt_add_40": 73.7, "apt_addAll": 116.1, "apts_2040": 441.3931034, "hh_2020": 3.992081206, "hh_2025": 3.996935314, "hh_2030": 3.984419168, "hh_2035": 3.957026619, "hh_2040": 3.845938238, "pop_2020": 1298.596485, "pop_2025": 1360.129522, "pop_2030": 1410.456907, "pop_2035": 1454.971398, "pop_2040": 1697.570614, "stud_2020": 556.7893542, "stud_2025": 612.709531, "stud_2030": 593.7412701, "stud_2035": 606.578396, "stud_2040": 702.8632995, "emp_2020": 364.2382495, "emp_2025": 374.5094737, "emp_2030": 375.8686042, "emp_2035": 380.7674898, "emp_2040": 402.9567173, "yesh_2020": 107.0587781, "yesh_2025": 111.538013, "yesh_2030": 114.4805993, "yesh_2035": 115.893115, "yesh_2040": 136.3522616, "uni_2020": 0.0, "uni_2025": 0.0, "uni_2030": 0.0, "uni_2035": 0.0, "uni_2040": 0.0 }, "geometry": { "type": "Point", "coordinates": [ 35.194997090078537, 31.790866502460393 ] } },
{ "type": "Feature", "properties": { "Taz_num": "5306", "Taz_num_sh": 5306.0, "name": "גבעת שאול צפון", "in_jeru": 1, "in_metro": 1, "sector": "U. Orthodox", "apts_2020": 746.75, "apt_add_25": 34.2, "apt_add_30": 10.05, "apt_add_35": 43.65, "apt_add_40": 10.05, "apt_addAll": 97.95, "apts_2040": 844.7, "hh_2020": 4.684678646, "hh_2025": 4.874438828, "hh_2030": 5.119278148, "hh_2035": 5.296224194, "hh_2040": 5.534166705, "pop_2020": 3498.283779, "pop_2025": 3806.693003, "pop_2030": 4049.349015, "pop_2035": 4420.493524, "pop_2040": 4674.710616, "stud_2020": 313.1445822, "stud_2025": 357.7578863, "stud_2030": 355.4734707, "stud_2035": 383.8482469, "stud_2040": 399.8115474, "emp_2020": 413.9879054, "emp_2025": 434.1358017, "emp_2030": 444.7719715, "emp_2035": 464.8978961, "emp_2040": 477.4689224, "yesh_2020": 237.7713892, "yesh_2025": 277.2838537, "yesh_2030": 286.0539858, "yesh_2035": 315.1498898, "yesh_2040": 333.1918053, "uni_2020": 0.0, "uni_2025": 0.0, "uni_2030": 0.0, "uni_2035": 0.0, "uni_2040": 0.0 }, "geometry": { "type": "Point", "coordinates": [ 35.193077425026544, 31.793035572736606 ] } },
{ "type": "Feature", "properties": { "Taz_num": "1202", "Taz_num_sh": 1202.0, "name": "בית פאג'י", "in_jeru": 1, "in_metro": 1, "sector": "Arab", "apts_2020": 929.6414461000001, "apt_add_25": 29.40651944, "apt_add_30": 39.90651944, "apt_add_35": 17.40651944, "apt_add_40": 17.40651944, "apt_addAll": 104.1260777, "apts_2040": 1033.767524, "hh_2020": 4.073359073, "hh_2025": 4.073359073, "hh_2030": 4.073359073, "hh_2035": 4.073359073, "hh_2040": 4.073359073, "pop_2020": 3786.763419, "pop_2025": 3906.546732, "pop_2030": 4069.100315, "pop_2035": 4140.003319, "pop_2040": 4210.906323, "stud_2020": 390.0366322, "stud_2025": 402.3743134, "stud_2030": 419.1173325, "stud_2035": 426.4203419, "stud_2040": 433.7233513, "emp_2020": 365.5188422, "emp_2025": 375.610055, "emp_2030": 388.2152455, "emp_2035": 395.7325946, "emp_2040": 402.9155662, "yesh_2020": 0.0, "yesh_2025": 0.0, "yesh_2030": 0.0, "yesh_2035": 0.0, "yesh_2040": 0.0, "uni_2020": 0.0, "uni_2025": 0.0, "uni_2030": 0.0, "uni_2035": 0.0, "uni_2040": 0.0 }, "geometry": { "type": "Point", "coordinates": [ 35.253155052237638, 31.776686054493755 ] } },
{ "type": "Feature", "properties": { "Taz_num": "1203", "Taz_num_sh": 1203.0, "name": "ואדי עבדאללה", "in_jeru": 1, "in_metro": 1, "sector": "Arab", "apts_2020": 619.9335216, "apt_add_25": 31.39237098, "apt_add_30": 25.69237098, "apt_add_35": 21.79237098, "apt_add_40": 21.79237098, "apt_addAll": 100.6694839, "apts_2040": 720.6030055, "hh_2020": 4.073359073, "hh_2025": 4.073359073, "hh_2030": 4.073359073, "hh_2035": 4.073359073, "hh_2040": 4.073359073, "pop_2020": 2525.211835, "pop_2025": 2653.084234, "pop_2030": 2757.738487, "pop_2035": 2846.506639, "pop_2040": 2935.274791, "stud_2020": 252.2781991, "stud_2025": 378.5563982, "stud_2030": 504.8345973, "stud_2035": 631.1127964, "stud_2040": 757.3909956, "emp_2020": 373.419702, "emp_2025": 382.4159373, "emp_2030": 392.3027172, "emp_2035": 401.4968049, "emp_2040": 411.3053224, "yesh_2020": 0.0, "yesh_2025": 0.0, "yesh_2030": 0.0, "yesh_2035": 0.0, "yesh_2040": 0.0, "uni_2020": 0.0, "uni_2025": 0.0, "uni_2030": 0.0, "uni_2035": 0.0, "uni_2040": 0.0 }, "geometry": { "type": "Point", "coordinates": [ 35.250461339393041, 31.772954004971631 ] } },
{ "type": "Feature", "properties": { "Taz_num": "2202", "Taz_num_sh": 2202.0, "name": "סילוואן דרום", "in_jeru": 1, "in_metro": 1, "sector": "Arab", "apts_2020": 1695.123892, "apt_add_25": 205.9940724, "apt_add_30": 208.9940724, "apt_add_35": 235.9940724, "apt_add_40": 205.9940724, "apt_addAll": 856.9762897000001, "apts_2040": 2552.100182, "hh_2020": 4.759887006, "hh_2025": 4.759887006, "hh_2030": 4.759887006, "hh_2035": 4.759887006, "hh_2040": 4.759887006, "pop_2020": 8068.598188, "pop_2025": 9049.106697, "pop_2030": 10043.89487, "pop_2035": 11167.19999, "pop_2040": 12147.70849, "stud_2020": 1630.44061, "stud_2025": 2065.702803, "stud_2030": 2488.804228, "stud_2035": 2878.427746, "stud_2040": 3277.715329, "emp_2020": 445.4842696, "emp_2025": 501.2448475, "emp_2030": 556.1216884, "emp_2035": 610.0087211, "emp_2040": 903.6126166, "yesh_2020": 0.0, "yesh_2025": 0.0, "yesh_2030": 0.0, "yesh_2035": 0.0, "yesh_2040": 0.0, "uni_2020": 0.0, "uni_2025": 0.0, "uni_2030": 0.0, "uni_2035": 0.0, "uni_2040": 0.0 }, "geometry": { "type": "Point", "coordinates": [ 35.238036980576041, 31.766497954347074 ] } },
{ "type": "Feature", "properties": { "Taz_num": "2201", "Taz_num_sh": 2201.0, "name": "סילוואן מזרח", "in_jeru": 1, "in_metro": 1, "sector": "Arab", "apts_2020": 1760.28801, "apt_add_25": 90.62937763, "apt_add_30": 121.2293776, "apt_add_35": 156.8293776, "apt_add_40": 199.2293776, "apt_addAll": 567.9175105, "apts_2040": 2328.20552, "hh_2020": 4.759887006, "hh_2025": 4.759887006, "hh_2030": 4.759887006, "hh_2035": 4.759887006, "hh_2040": 4.759887006, "pop_2020": 8378.772023, "pop_2025": 8810.15762, "pop_2030": 9387.195759, "pop_2035": 10133.68588, "pop_2040": 11081.9952, "stud_2020": 2797.0, "stud_2025": 2797.0, "stud_2030": 2797.0, "stud_2035": 2843.208288, "stud_2040": 2990.162759, "emp_2020": 785.2665807, "emp_2025": 792.2450428, "emp_2030": 801.5797049, "emp_2035": 817.8913267, "emp_2040": 944.7476066, "yesh_2020": 0.0, "yesh_2025": 0.0, "yesh_2030": 0.0, "yesh_2035": 0.0, "yesh_2040": 0.0, "uni_2020": 0.0, "uni_2025": 0.0, "uni_2030": 0.0, "uni_2035": 0.0, "uni_2040": 0.0 }, "geometry": { "type": "Point", "coordinates": [ 35.23873143074929, 31.771530461306828 ] } },
{ "type": "Feature", "properties": { "Taz_num": "2302", "Taz_num_sh": 2302.0, "name": "ואדי קדום", "in_jeru": 1, "in_metro": 1, "sector": "Arab", "apts_2020": 594.3751553, "apt_add_25": 34.10495723, "apt_add_30": 47.10495723, "apt_add_35": 154.5049572, "apt_add_40": 34.50495723, "apt_addAll": 270.2198289, "apts_2040": 864.5949842, "hh_2020": 5.369863014, "hh_2025": 5.369863014, "hh_2030": 5.369863014, "hh_2035": 5.369863014, "hh_2040": 5.369863014, "pop_2020": 3191.713163, "pop_2025": 3374.852111, "pop_2030": 3627.799279, "pop_2035": 4457.469734, "pop_2040": 4642.756628, "stud_2020": 251.7932506, "stud_2025": 503.5865011, "stud_2030": 755.3797517, "stud_2035": 1007.173002, "stud_2040": 1258.966253, "emp_2020": 254.8202971, "emp_2025": 280.5274268, "emp_2030": 307.2355564, "emp_2035": 342.2134861, "emp_2040": 403.2117707, "yesh_2020": 0.0, "yesh_2025": 0.0, "yesh_2030": 0.0, "yesh_2035": 0.0, "yesh_2040": 0.0, "uni_2020": 0.0, "uni_2025": 0.0, "uni_2030": 0.0, "uni_2035": 0.0, "uni_2040": 0.0 }, "geometry": { "type": "Point", "coordinates": [ 35.250190732679762, 31.764451874613698 ] } },
{ "type": "Feature", "properties": { "Taz_num": "2301", "Taz_num_sh": 2301.0, "name": "ראס אל עמוד", "in_jeru": 1, "in_metro": 1, "sector": "Arab", "apts_2020": 2358.391939, "apt_add_25": 79.48279074, "apt_add_30": 122.0827907, "apt_add_35": 76.28279074, "apt_add_40": 65.68279074, "apt_addAll": 343.531163, "apts_2040": 2701.923102, "hh_2020": 5.369863014, "hh_2025": 5.369863014, "hh_2030": 5.369863014, "hh_2035": 5.369863014, "hh_2040": 5.369863014, "pop_2020": 12664.24165, "pop_2025": 13091.05335, "pop_2030": 13746.62121, "pop_2035": 14156.24934, "pop_2040": 14508.95693, "stud_2020": 1898.954361, "stud_2025": 2161.908722, "stud_2030": 2424.863083, "stud_2035": 2687.817445, "stud_2040": 2950.771806, "emp_2020": 587.2292199, "emp_2025": 617.4535446, "emp_2030": 650.9580692, "emp_2035": 680.9359939, "emp_2040": 747.1952781, "yesh_2020": 0.0, "yesh_2025": 0.0, "yesh_2030": 0.0, "yesh_2035": 0.0, "yesh_2040": 0.0, "uni_2020": 0.0, "uni_2025": 0.0, "uni_2030": 0.0, "uni_2035": 0.0, "uni_2040": 0.0 }, "geometry": { "type": "Point", "coordinates": [ 35.24765040809924, 31.769940381974834 ] } },
{ "type": "Feature", "properties": { "Taz_num": "2102", "Taz_num_sh": 2102.0, "name": "מורדות אבו תור", "in_jeru": 1, "in_metro": 1, "sector": "Arab", "apts_2020": 1572.8, "apt_add_25": 128.6, "apt_add_30": 150.9, "apt_add_35": 245.6, "apt_add_40": 152.0, "apt_addAll": 677.1, "apts_2040": 2249.9, "hh_2020": 5.067570457, "hh_2025": 5.067570457, "hh_2030": 5.067570457, "hh_2035": 5.067570457, "hh_2040": 5.067570457, "pop_2020": 7970.274815, "pop_2025": 8621.964376, "pop_2030": 9386.660758, "pop_2035": 10631.25606, "pop_2040": 11401.52677, "stud_2020": 1660.451988, "stud_2025": 2008.903977, "stud_2030": 2357.355965, "stud_2035": 2705.807953, "stud_2040": 3054.259942, "emp_2020": 437.9669554, "emp_2025": 479.8105876, "emp_2030": 523.3713199, "emp_2035": 574.2239522, "emp_2040": 599.9094233, "yesh_2020": 0.0, "yesh_2025": 0.0, "yesh_2030": 0.0, "yesh_2035": 0.0, "yesh_2040": 0.0, "uni_2020": 0.0, "uni_2025": 0.0, "uni_2030": 0.0, "uni_2035": 0.0, "uni_2040": 0.0 }, "geometry": { "type": "Point", "coordinates": [ 35.234262653377165, 31.76313078748408 ] } },
{ "type": "Feature", "properties": { "Taz_num": "2103", "Taz_num_sh": 2103.0, "name": "אבו תור", "in_jeru": 1, "in_metro": 1, "sector": "Arab", "apts_2020": 1248.0, "apt_add_25": 24.0, "apt_add_30": 62.3, "apt_add_35": 24.0, "apt_add_40": 24.0, "apt_addAll": 134.3, "apts_2040": 1382.3, "hh_2020": 4.837001133, "hh_2025": 4.837001133, "hh_2030": 4.837001133, "hh_2035": 4.837001133, "hh_2040": 4.837001133, "pop_2020": 6036.577414, "pop_2025": 6152.665441, "pop_2030": 6454.010612, "pop_2035": 6570.098639, "pop_2040": 6686.186666, "stud_2020": 1174.221359, "stud_2025": 1328.442719, "stud_2030": 1482.664078, "stud_2035": 1636.885438, "stud_2040": 1791.106797, "emp_2020": 588.1135795, "emp_2025": 604.0985374000001, "emp_2030": 623.0325954, "emp_2035": 639.0175533, "emp_2040": 634.5171668, "yesh_2020": 0.0, "yesh_2025": 0.0, "yesh_2030": 0.0, "yesh_2035": 0.0, "yesh_2040": 0.0, "uni_2020": 0.0, "uni_2025": 0.0, "uni_2030": 0.0, "uni_2035": 0.0, "uni_2040": 0.0 }, "geometry": { "type": "Point", "coordinates": [ 35.231481633657047, 31.766331656181272 ] } },
{ "type": "Feature", "properties": { "Taz_num": "4703", "Taz_num_sh": 4703.0, "name": "צומת אורה", "in_jeru": 1, "in_metro": 1, "sector": "Jewish", "apts_2020": 0.0, "apt_add_25": 0.0, "apt_add_30": 0.0, "apt_add_35": 692.75, "apt_add_40": 692.75, "apt_addAll": 1385.5, "apts_2040": 1385.5, "hh_2020": 0.0, "hh_2025": 0.0, "hh_2030": 3.2, "hh_2035": 3.2, "hh_2040": 3.2, "pop_2020": 0.0, "pop_2025": 0.0, "pop_2030": 0.0, "pop_2035": 2216.8, "pop_2040": 4433.6, "stud_2020": 0.0, "stud_2025": 0.0, "stud_2030": 0.0, "stud_2035": 1663.905136, "stud_2040": 3327.810273, "emp_2020": 110.0, "emp_2025": 110.0, "emp_2030": 110.0, "emp_2035": 1394.089688, "emp_2040": 2678.179375, "yesh_2020": 0.0, "yesh_2025": 0.0, "yesh_2030": 0.0, "yesh_2035": 0.0, "yesh_2040": 0.0, "uni_2020": 0.0, "uni_2025": 0.0, "uni_2030": 0.0, "uni_2035": 0.0, "uni_2040": 0.0 }, "geometry": { "type": "Point", "coordinates": [ 35.158693403618827, 31.755264267832626 ] } },
{ "type": "Feature", "properties": { "Taz_num": "4704", "Taz_num_sh": 4704.0, "name": "רכס לבן מזרח", "in_jeru": 1, "in_metro": 1, "sector": "Jewish", "apts_2020": 0.0, "apt_add_25": 0.0, "apt_add_30": 0.0, "apt_add_35": 940.1, "apt_add_40": 940.1, "apt_addAll": 1880.2, "apts_2040": 1880.2, "hh_2020": 0.0, "hh_2025": 0.0, "hh_2030": 3.5, "hh_2035": 3.5, "hh_2040": 3.5, "pop_2020": 0.0, "pop_2025": 0.0, "pop_2030": 0.0, "pop_2035": 3290.35, "pop_2040": 6580.7, "stud_2020": 0.0, "stud_2025": 0.0, "stud_2030": 0.0, "stud_2035": 1516.220727, "stud_2040": 3032.441455, "emp_2020": 0.0, "emp_2025": 0.0, "emp_2030": 0.0, "emp_2035": 252.4024, "emp_2040": 504.8048, "yesh_2020": 0.0, "yesh_2025": 0.0, "yesh_2030": 0.0, "yesh_2035": 0.0, "yesh_2040": 0.0, "uni_2020": 0.0, "uni_2025": 0.0, "uni_2030": 0.0, "uni_2035": 0.0, "uni_2040": 0.0 }, "geometry": { "type": "Point", "coordinates": [ 35.161601466034533, 31.749479158470631 ] } },
{ "type": "Feature", "properties": { "Taz_num": "3504", "Taz_num_sh": 3504.0, "name": "מורדות גילה דרום", "in_jeru": 1, "in_metro": 1, "sector": "Jewish", "apts_2020": 0.0, "apt_add_25": 0.0, "apt_add_30": 510.0, "apt_add_35": 510.0, "apt_add_40": 0.0, "apt_addAll": 1020.0, "apts_2040": 1020.0, "hh_2020": 0.0, "hh_2025": 0.0, "hh_2030": 3.626866233, "hh_2035": 3.650701518, "hh_2040": 3.656736023, "pop_2020": 0.0, "pop_2025": 0.0, "pop_2030": 1849.701779, "pop_2035": 3723.715549, "pop_2040": 3729.870743, "stud_2020": 0.0, "stud_2025": 0.0, "stud_2030": 620.0, "stud_2035": 1300.0, "stud_2040": 1300.0, "emp_2020": 0.0, "emp_2025": 0.0, "emp_2030": 96.10333333, "emp_2035": 197.7066667, "emp_2040": 180.0, "yesh_2020": 0.0, "yesh_2025": 0.0, "yesh_2030": 0.0, "yesh_2035": 0.0, "yesh_2040": 0.0, "uni_2020": 0.0, "uni_2025": 0.0, "uni_2030": 0.0, "uni_2035": 0.0, "uni_2040": 0.0 }, "geometry": { "type": "Point", "coordinates": [ 35.180361588514501, 31.729759081609007 ] } },
{ "type": "Feature", "properties": { "Taz_num": "3501", "Taz_num_sh": 3501.0, "name": "גילה ד", "in_jeru": 1, "in_metro": 1, "sector": "Jewish", "apts_2020": 1459.666667, "apt_add_25": 566.0, "apt_add_30": 0.0, "apt_add_35": 0.0, "apt_add_40": 0.0, "apt_addAll": 566.0, "apts_2040": 2025.666667, "hh_2020": 3.074342753, "hh_2025": 3.026003045, "hh_2030": 3.078768061, "hh_2035": 3.090113669, "hh_2040": 3.069623, "pop_2020": 4487.515638, "pop_2025": 6129.673501, "pop_2030": 6236.557835, "pop_2035": 6259.540256, "pop_2040": 6218.032991, "stud_2020": 720.5649043, "stud_2025": 1112.036969, "stud_2030": 1112.036969, "stud_2035": 1112.036969, "stud_2040": 1112.036969, "emp_2020": 145.4194849, "emp_2025": 224.8864241, "emp_2030": 224.8864241, "emp_2035": 224.8864241, "emp_2040": 211.4872426, "yesh_2020": 0.0, "yesh_2025": 0.0, "yesh_2030": 0.0, "yesh_2035": 0.0, "yesh_2040": 0.0, "uni_2020": 0.0, "uni_2025": 0.0, "uni_2030": 0.0, "uni_2035": 0.0, "uni_2040": 0.0 }, "geometry": { "type": "Point", "coordinates": [ 35.183070488162805, 31.731578327222472 ] } },
{ "type": "Feature", "properties": { "Taz_num": "4303", "Taz_num_sh": 4303.0, "name": "מלחה - הגן הטכנולוגי", "in_jeru": 1, "in_metro": 1, "sector": "Jewish", "apts_2020": 0.0, "apt_add_25": 0.0, "apt_add_30": 0.0, "apt_add_35": 0.0, "apt_add_40": 0.0, "apt_addAll": 0.0, "apts_2040": 0.0, "hh_2020": 0.0, "hh_2025": 0.0, "hh_2030": 0.0, "hh_2035": 0.0, "hh_2040": 0.0, "pop_2020": 0.0, "pop_2025": 0.0, "pop_2030": 0.0, "pop_2035": 0.0, "pop_2040": 0.0, "stud_2020": 0.0, "stud_2025": 0.0, "stud_2030": 0.0, "stud_2035": 0.0, "stud_2040": 0.0, "emp_2020": 2800.0, "emp_2025": 3680.0, "emp_2030": 4560.0, "emp_2035": 5440.0, "emp_2040": 5440.0, "yesh_2020": 0.0, "yesh_2025": 0.0, "yesh_2030": 0.0, "yesh_2035": 0.0, "yesh_2040": 0.0, "uni_2020": 1295.0, "uni_2025": 1397.625, "uni_2030": 1508.496875, "uni_2035": 1628.289141, "uni_2040": 1757.731326 }, "geometry": { "type": "Point", "coordinates": [ 35.186832050757943, 31.749868945946218 ] } },
{ "type": "Feature", "properties": { "Taz_num": "4302", "Taz_num_sh": 4302.0, "name": "קניון מלחה", "in_jeru": 1, "in_metro": 1, "sector": "Jewish", "apts_2020": 0.0, "apt_add_25": 0.0, "apt_add_30": 0.0, "apt_add_35": 0.0, "apt_add_40": 0.0, "apt_addAll": 0.0, "apts_2040": 0.0, "hh_2020": 0.0, "hh_2025": 0.0, "hh_2030": 1.5, "hh_2035": 1.5, "hh_2040": 1.5, "pop_2020": 0.0, "pop_2025": 0.0, "pop_2030": 0.0, "pop_2035": 0.0, "pop_2040": 0.0, "stud_2020": 0.0, "stud_2025": 0.0, "stud_2030": 0.0, "stud_2035": 0.0, "stud_2040": 0.0, "emp_2020": 3765.779841, "emp_2025": 3806.781697, "emp_2030": 5279.84, "emp_2035": 5279.84, "emp_2040": 5279.84, "yesh_2020": 0.0, "yesh_2025": 0.0, "yesh_2030": 0.0, "yesh_2035": 0.0, "yesh_2040": 0.0, "uni_2020": 0.0, "uni_2025": 0.0, "uni_2030": 0.0, "uni_2035": 0.0, "uni_2040": 0.0 }, "geometry": { "type": "Point", "coordinates": [ 35.187439535955164, 31.751763543013674 ] } },
{ "type": "Feature", "properties": { "Taz_num": "1204", "Taz_num_sh": 1204.0, "name": "א שייח'", "in_jeru": 1, "in_metro": 1, "sector": "Arab", "apts_2020": 1290.739858, "apt_add_25": 131.16, "apt_add_30": 127.76, "apt_add_35": 114.76, "apt_add_40": 114.76, "apt_addAll": 488.44, "apts_2040": 1779.179858, "hh_2020": 4.546417406, "hh_2025": 4.546417406, "hh_2030": 4.546417406, "hh_2035": 4.546417406, "hh_2040": 4.546417406, "pop_2020": 5868.242157, "pop_2025": 6464.550264, "pop_2030": 7045.400552, "pop_2035": 7567.147413, "pop_2040": 8088.894275, "stud_2020": 2604.0, "stud_2025": 2604.0, "stud_2030": 2604.0, "stud_2035": 2532.876915, "stud_2040": 2618.465342, "emp_2020": 489.8023394, "emp_2025": 515.4874239, "emp_2030": 540.9596139, "emp_2035": 554.4263488, "emp_2040": 588.4443499, "yesh_2020": 0.0, "yesh_2025": 0.0, "yesh_2030": 0.0, "yesh_2035": 0.0, "yesh_2040": 0.0, "uni_2020": 0.0, "uni_2025": 0.0, "uni_2030": 0.0, "uni_2035": 0.0, "uni_2040": 0.0 }, "geometry": { "type": "Point", "coordinates": [ 35.247545373560001, 31.776659727065944 ] } },
{ "type": "Feature", "properties": { "Taz_num": "1205", "Taz_num_sh": 1205.0, "name": "שבע הקשתות", "in_jeru": 1, "in_metro": 1, "sector": "Arab", "apts_2020": 24.40319166, "apt_add_25": 0.88, "apt_add_30": 0.88, "apt_add_35": 0.88, "apt_add_40": 0.88, "apt_addAll": 3.52, "apts_2040": 27.92319166, "hh_2020": 4.612780858, "hh_2025": 4.612780858, "hh_2030": 4.612780858, "hh_2035": 4.612780858, "hh_2040": 4.612780858, "pop_2020": 112.5665754, "pop_2025": 116.6258225, "pop_2030": 120.6850697, "pop_2035": 124.7443168, "pop_2040": 128.803564, "stud_2020": 0.0, "stud_2025": 0.0, "stud_2030": 0.0, "stud_2035": 0.0, "stud_2040": 0.0, "emp_2020": 246.0321178, "emp_2025": 250.0494545, "emp_2030": 254.3658346, "emp_2035": 258.3349386, "emp_2040": 261.9760595, "yesh_2020": 0.0, "yesh_2025": 0.0, "yesh_2030": 0.0, "yesh_2035": 0.0, "yesh_2040": 0.0, "uni_2020": 0.0, "uni_2025": 0.0, "uni_2030": 0.0, "uni_2035": 0.0, "uni_2040": 0.0 }, "geometry": { "type": "Point", "coordinates": [ 35.24305757456596, 31.77597806841597 ] } },
{ "type": "Feature", "properties": { "Taz_num": "4006", "Taz_num_sh": 4006.0, "name": "בה_ס בויאר", "in_jeru": 1, "in_metro": 1, "sector": "Jewish", "apts_2020": 2.526266559, "apt_add_25": 14.7, "apt_add_30": 7.8, "apt_add_35": 7.8, "apt_add_40": 7.8, "apt_addAll": 38.1, "apts_2040": 40.62626656, "hh_2020": 7.0, "hh_2025": 7.0, "hh_2030": 7.0, "hh_2035": 6.5, "hh_2040": 6.5, "pop_2020": 17.68386592, "pop_2025": 120.5838659, "pop_2030": 175.1838659, "pop_2035": 213.3707326, "pop_2040": 264.0707326, "stud_2020": 2928.0, "stud_2025": 2928.0, "stud_2030": 2928.0, "stud_2035": 2928.0, "stud_2040": 2928.0, "emp_2020": 773.6442914, "emp_2025": 785.9732729, "emp_2030": 798.6452857, "emp_2035": 810.3019461, "emp_2040": 820.9996624, "yesh_2020": 137.0, "yesh_2025": 137.0, "yesh_2030": 137.0, "yesh_2035": 137.0, "yesh_2040": 137.0, "uni_2020": 0.0, "uni_2025": 0.0, "uni_2030": 0.0, "uni_2035": 0.0, "uni_2040": 0.0 }, "geometry": { "type": "Point", "coordinates": [ 35.180235945424528, 31.766380417431645 ] } },
{ "type": "Feature", "properties": { "Taz_num": "4007", "Taz_num_sh": 4007.0, "name": "גבעת האנטנות", "in_jeru": 1, "in_metro": 1, "sector": "U. Orthodox", "apts_2020": 473.2539354, "apt_add_25": 9.8, "apt_add_30": 5.2, "apt_add_35": 5.2, "apt_add_40": 5.2, "apt_addAll": 25.4, "apts_2040": 498.6539354, "hh_2020": 7.0, "hh_2025": 7.0, "hh_2030": 7.0, "hh_2035": 6.5, "hh_2040": 6.5, "pop_2020": 3083.021876, "pop_2025": 3381.377548, "pop_2030": 3417.777548, "pop_2035": 3207.45058, "pop_2040": 3241.25058, "stud_2020": 1203.27234, "stud_2025": 1457.006736, "stud_2030": 1467.239631, "stud_2035": 1477.472525, "stud_2040": 1487.70542, "emp_2020": 826.9301903, "emp_2025": 929.182861, "emp_2030": 937.0960066, "emp_2035": 939.7499479000001, "emp_2040": 941.7001604, "yesh_2020": 327.0879998, "yesh_2025": 263.8872388, "yesh_2030": 279.5748676, "yesh_2035": 315.3672179, "yesh_2040": 334.4368239, "uni_2020": 0.0, "uni_2025": 0.0, "uni_2030": 0.0, "uni_2035": 0.0, "uni_2040": 0.0 }, "geometry": { "type": "Point", "coordinates": [ 35.181505842408711, 31.768908577390516 ] } },
{ "type": "Feature", "properties": { "Taz_num": "4402", "Taz_num_sh": 4402.0, "name": "רמת שרת מערב", "in_jeru": 1, "in_metro": 1, "sector": "Jewish", "apts_2020": 1126.023492, "apt_add_25": 7.0, "apt_add_30": 7.0, "apt_add_35": 7.0, "apt_add_40": 7.0, "apt_addAll": 28.0, "apts_2040": 1154.023492, "hh_2020": 2.614563681, "hh_2025": 2.608904361, "hh_2030": 2.583527938, "hh_2035": 2.538159123, "hh_2040": 2.474985442, "pop_2020": 2944.060126, "pop_2025": 2955.949929, "pop_2030": 2945.282542, "pop_2035": 2911.32814, "pop_2040": 2856.191342, "stud_2020": 622.872126, "stud_2025": 626.7442521, "stud_2030": 630.6163781, "stud_2035": 634.4885042, "stud_2040": 638.3606302, "emp_2020": 274.2131039, "emp_2025": 276.2453265, "emp_2030": 278.0714506, "emp_2035": 279.4805443, "emp_2040": 280.5122557, "yesh_2020": 0.0, "yesh_2025": 0.0, "yesh_2030": 0.0, "yesh_2035": 0.0, "yesh_2040": 0.0, "uni_2020": 0.0, "uni_2025": 0.0, "uni_2030": 0.0, "uni_2035": 0.0, "uni_2040": 0.0 }, "geometry": { "type": "Point", "coordinates": [ 35.183510185338392, 31.75861297374659 ] } },
{ "type": "Feature", "properties": { "Taz_num": "4005", "Taz_num_sh": 4005.0, "name": "מורדות בית וגן מערב", "in_jeru": 1, "in_metro": 1, "sector": "U. Orthodox", "apts_2020": 329.219798, "apt_add_25": 24.7, "apt_add_30": 17.8, "apt_add_35": 17.8, "apt_add_40": 17.8, "apt_addAll": 78.1, "apts_2040": 407.319798, "hh_2020": 7.0, "hh_2025": 7.0, "hh_2030": 7.0, "hh_2035": 6.5, "hh_2040": 6.5, "pop_2020": 2548.978124, "pop_2025": 2477.438586, "pop_2030": 2602.038586, "pop_2035": 2531.878687, "pop_2040": 2647.578687, "stud_2020": 2392.357746, "stud_2025": 2459.850109, "stud_2030": 2493.527874, "stud_2035": 2525.945108, "stud_2040": 2557.171284, "emp_2020": 479.0310745, "emp_2025": 427.4634909, "emp_2030": 364.3290042, "emp_2035": 312.4066509, "emp_2040": 265.7709921, "yesh_2020": 1112.705291, "yesh_2025": 1111.407823, "yesh_2030": 1120.534593, "yesh_2035": 1140.623099, "yesh_2040": 1142.145402, "uni_2020": 0.0, "uni_2025": 0.0, "uni_2030": 0.0, "uni_2035": 0.0, "uni_2040": 0.0 }, "geometry": { "type": "Point", "coordinates": [ 35.182959278677693, 31.765782516461456 ] } },
{ "type": "Feature", "properties": { "Taz_num": "4004", "Taz_num_sh": 4004.0, "name": "קרית נוער", "in_jeru": 1, "in_metro": 1, "sector": "U. Orthodox", "apts_2020": 0.0, "apt_add_25": 0.0, "apt_add_30": 0.0, "apt_add_35": 0.0, "apt_add_40": 0.0, "apt_addAll": 0.0, "apts_2040": 0.0, "hh_2020": 0.0, "hh_2025": 0.0, "hh_2030": 0.0, "hh_2035": 0.0, "hh_2040": 0.0, "pop_2020": 0.0, "pop_2025": 0.0, "pop_2030": 0.0, "pop_2035": 0.0, "pop_2040": 0.0, "stud_2020": 661.0, "stud_2025": 661.0, "stud_2030": 661.0, "stud_2035": 661.0, "stud_2040": 661.0, "emp_2020": 380.1697178, "emp_2025": 386.1043852, "emp_2030": 392.5024649, "emp_2035": 398.3623884, "emp_2040": 403.7140533, "yesh_2020": 326.0, "yesh_2025": 326.0, "yesh_2030": 326.0, "yesh_2035": 326.0, "yesh_2040": 326.0, "uni_2020": 0.0, "uni_2025": 0.0, "uni_2030": 0.0, "uni_2035": 0.0, "uni_2040": 0.0 }, "geometry": { "type": "Point", "coordinates": [ 35.184877266585133, 31.762147905699514 ] } },
{ "type": "Feature", "properties": { "Taz_num": "3403", "Taz_num_sh": 3403.0, "name": "גילה - בה_ס הרא_ה", "in_jeru": 1, "in_metro": 1, "sector": "Jewish", "apts_2020": 1117.014648, "apt_add_25": 0.0, "apt_add_30": 0.0, "apt_add_35": 0.0, "apt_add_40": 0.0, "apt_addAll": 0.0, "apts_2040": 1117.014648, "hh_2020": 3.507480998, "hh_2025": 3.568022865, "hh_2030": 3.586544897, "hh_2035": 3.576765191, "hh_2040": 3.533692473, "pop_2020": 3917.907652, "pop_2025": 3985.533804, "pop_2030": 4006.223185, "pop_2035": 3995.29911, "pop_2040": 3947.186254, "stud_2020": 549.562571, "stud_2025": 629.9057322, "stud_2030": 710.2488934, "stud_2035": 790.5920546, "stud_2040": 870.9352159, "emp_2020": 378.1175467, "emp_2025": 376.8899261, "emp_2030": 383.0787914, "emp_2035": 389.0135635, "emp_2040": 396.0222713, "yesh_2020": 95.0, "yesh_2025": 95.0, "yesh_2030": 95.0, "yesh_2035": 95.0, "yesh_2040": 95.0, "uni_2020": 0.0, "uni_2025": 0.0, "uni_2030": 0.0, "uni_2035": 0.0, "uni_2040": 0.0 }, "geometry": { "type": "Point", "coordinates": [ 35.19204140232727, 31.72871177862622 ] } },
{ "type": "Feature", "properties": { "Taz_num": "0611", "Taz_num_sh": 611.0, "name": "חניון הלאום", "in_jeru": 1, "in_metro": 1, "sector": "Jewish", "apts_2020": 0.0, "apt_add_25": 0.0, "apt_add_30": 0.0, "apt_add_35": 0.0, "apt_add_40": 0.0, "apt_addAll": 0.0, "apts_2040": 0.0, "hh_2020": 0.0, "hh_2025": 0.0, "hh_2030": 0.0, "hh_2035": 0.0, "hh_2040": 0.0, "pop_2020": 0.0, "pop_2025": 0.0, "pop_2030": 0.0, "pop_2035": 0.0, "pop_2040": 0.0, "stud_2020": 0.0, "stud_2025": 0.0, "stud_2030": 0.0, "stud_2035": 0.0, "stud_2040": 0.0, "emp_2020": 465.9151615, "emp_2025": 618.7522804, "emp_2030": 770.4575807, "emp_2035": 922.7287904, "emp_2040": 1075.0, "yesh_2020": 0.0, "yesh_2025": 0.0, "yesh_2030": 0.0, "yesh_2035": 0.0, "yesh_2040": 0.0, "uni_2020": 0.0, "uni_2025": 0.0, "uni_2030": 0.0, "uni_2035": 0.0, "uni_2040": 0.0 }, "geometry": { "type": "Point", "coordinates": [ 35.203894967296591, 31.782768800852409 ] } },
{ "type": "Feature", "properties": { "Taz_num": "0702", "Taz_num_sh": 702.0, "name": "מתחם משרד החוץ", "in_jeru": 1, "in_metro": 1, "sector": "Jewish", "apts_2020": 770.0, "apt_add_25": 200.0, "apt_add_30": 100.0, "apt_add_35": 0.0, "apt_add_40": 0.0, "apt_addAll": 300.0, "apts_2040": 1070.0, "hh_2020": 2.703442357, "hh_2025": 2.810053506, "hh_2030": 2.865072843, "hh_2035": 2.870000822, "hh_2040": 2.826250863, "pop_2020": 2081.650615, "pop_2025": 2725.751901, "pop_2030": 3065.627942, "pop_2035": 3070.900879, "pop_2040": 3024.088424, "stud_2020": 100.0, "stud_2025": 164.4101286, "stud_2030": 198.3977327, "stud_2035": 198.9250264, "stud_2040": 194.2437809, "emp_2020": 227.0766667, "emp_2025": 425.8957956, "emp_2030": 617.2464588, "emp_2035": 802.9197941, "emp_2040": 988.1156799, "yesh_2020": 0.0, "yesh_2025": 0.0, "yesh_2030": 0.0, "yesh_2035": 0.0, "yesh_2040": 0.0, "uni_2020": 0.0, "uni_2025": 0.0, "uni_2030": 0.0, "uni_2035": 0.0, "uni_2040": 0.0 }, "geometry": { "type": "Point", "coordinates": [ 35.205801119749346, 31.78497057582425 ] } },
{ "type": "Feature", "properties": { "Taz_num": "4008", "Taz_num_sh": 4008.0, "name": "חניון הר הרצל", "in_jeru": 1, "in_metro": 1, "sector": "Jewish", "apts_2020": 0.0, "apt_add_25": 0.0, "apt_add_30": 0.0, "apt_add_35": 0.0, "apt_add_40": 0.0, "apt_addAll": 0.0, "apts_2040": 0.0, "hh_2020": 0.0, "hh_2025": 0.0, "hh_2030": 0.0, "hh_2035": 0.0, "hh_2040": 0.0, "pop_2020": 0.0, "pop_2025": 0.0, "pop_2030": 0.0, "pop_2035": 0.0, "pop_2040": 0.0, "stud_2020": 0.0, "stud_2025": 0.0, "stud_2030": 0.0, "stud_2035": 0.0, "stud_2040": 0.0, "emp_2020": 0.0, "emp_2025": 0.0, "emp_2030": 0.0, "emp_2035": 0.0, "emp_2040": 0.0, "yesh_2020": 0.0, "yesh_2025": 0.0, "yesh_2030": 0.0, "yesh_2035": 0.0, "yesh_2040": 0.0, "uni_2020": 0.0, "uni_2025": 0.0, "uni_2030": 0.0, "uni_2035": 0.0, "uni_2040": 0.0 }, "geometry": { "type": "Point", "coordinates": [ 35.180925728919881, 31.770367054378781 ] } },
{ "type": "Feature", "properties": { "Taz_num": "4508", "Taz_num_sh": 4508.0, "name": "קרית יובל-רח' שמריהו לוין", "in_jeru": 1, "in_metro": 1, "sector": "Jewish", "apts_2020": 1290.0, "apt_add_25": 0.0, "apt_add_30": 255.0, "apt_add_35": 268.9391368, "apt_add_40": 467.5337053, "apt_addAll": 991.4728421, "apts_2040": 2281.472842, "hh_2020": 4.0, "hh_2025": 3.947535015, "hh_2030": 3.89507003, "hh_2035": 3.842605045, "hh_2040": 3.79014006, "pop_2020": 5160.0, "pop_2025": 5092.320169, "pop_2030": 6017.883196, "pop_2035": 6970.251678, "pop_2040": 8647.101614, "stud_2020": 961.8, "stud_2025": 948.2640339, "stud_2030": 1133.376639, "stud_2035": 1276.231912, "stud_2040": 1527.759402, "emp_2020": 515.8143919, "emp_2025": 514.573595, "emp_2030": 548.2787505, "emp_2035": 617.0079785, "emp_2040": 684.0630322, "yesh_2020": 47.0, "yesh_2025": 47.0, "yesh_2030": 47.0, "yesh_2035": 47.0, "yesh_2040": 47.0, "uni_2020": 0.0, "uni_2025": 0.0, "uni_2030": 0.0, "uni_2035": 0.0, "uni_2040": 0.0 }, "geometry": { "type": "Point", "coordinates": [ 35.173065540467171, 31.768645385446856 ] } },
{ "type": "Feature", "properties": { "Taz_num": "6501", "Taz_num_sh": 6501.0, "name": "חנה וסע שועפאת", "in_jeru": 1, "in_metro": 1, "sector": "Arab", "apts_2020": 0.0, "apt_add_25": 0.0, "apt_add_30": 0.0, "apt_add_35": 0.0, "apt_add_40": 0.0, "apt_addAll": 0.0, "apts_2040": 0.0, "hh_2020": 0.0, "hh_2025": 0.0, "hh_2030": 0.0, "hh_2035": 0.0, "hh_2040": 0.0, "pop_2020": 0.0, "pop_2025": 0.0, "pop_2030": 0.0, "pop_2035": 0.0, "pop_2040": 0.0, "stud_2020": 0.0, "stud_2025": 0.0, "stud_2030": 0.0, "stud_2035": 0.0, "stud_2040": 0.0, "emp_2020": 0.0, "emp_2025": 0.0, "emp_2030": 0.0, "emp_2035": 0.0, "emp_2040": 0.0, "yesh_2020": 0.0, "yesh_2025": 0.0, "yesh_2030": 0.0, "yesh_2035": 0.0, "yesh_2040": 0.0, "uni_2020": 0.0, "uni_2025": 0.0, "uni_2030": 0.0, "uni_2035": 0.0, "uni_2040": 0.0 }, "geometry": { "type": "Point", "coordinates": [ 35.229010841123198, 31.819433224061136 ] } },
{ "type": "Feature", "properties": { "Taz_num": "6502", "Taz_num_sh": 6502.0, "name": "א שאבי", "in_jeru": 1, "in_metro": 1, "sector": "Arab", "apts_2020": 1581.602664, "apt_add_25": 140.8000512, "apt_add_30": 163.0000512, "apt_add_35": 83.40005123, "apt_add_40": 43.40005123, "apt_addAll": 430.6002049, "apts_2040": 2012.202869, "hh_2020": 4.2, "hh_2025": 4.2, "hh_2030": 4.2, "hh_2035": 4.2, "hh_2040": 4.2, "pop_2020": 6642.731189, "pop_2025": 7234.091405, "pop_2030": 7918.69162, "pop_2035": 8268.971835, "pop_2040": 8451.25205, "stud_2020": 6892.0, "stud_2025": 6892.0, "stud_2030": 6892.0, "stud_2035": 6892.0, "stud_2040": 6892.0, "emp_2020": 426.7518617, "emp_2025": 437.5934656, "emp_2030": 450.1444696, "emp_2035": 456.5662735, "emp_2040": 747.2800026, "yesh_2020": 0.0, "yesh_2025": 0.0, "yesh_2030": 0.0, "yesh_2035": 0.0, "yesh_2040": 0.0, "uni_2020": 0.0, "uni_2025": 0.0, "uni_2030": 0.0, "uni_2035": 0.0, "uni_2040": 0.0 }, "geometry": { "type": "Point", "coordinates": [ 35.233072672941049, 31.815568755164097 ] } },
{ "type": "Feature", "properties": { "Taz_num": "6205", "Taz_num_sh": 6205.0, "name": "פסגת זאב מרכז", "in_jeru": 1, "in_metro": 1, "sector": "Jewish", "apts_2020": 773.44, "apt_add_25": 0.0, "apt_add_30": 0.0, "apt_add_35": 126.0, "apt_add_40": 0.0, "apt_addAll": 126.0, "apts_2040": 899.44, "hh_2020": 3.344690251, "hh_2025": 3.40864898, "hh_2030": 3.42878395, "hh_2035": 3.410079169, "hh_2040": 3.37135169, "pop_2020": 2586.917228, "pop_2025": 2636.385467, "pop_2030": 2651.958658, "pop_2035": 3067.161608, "pop_2040": 3032.328564, "stud_2020": 882.0, "stud_2025": 882.0, "stud_2030": 882.0, "stud_2035": 1025.685354, "stud_2040": 1025.685354, "emp_2020": 276.5534084, "emp_2025": 276.5534084, "emp_2030": 276.5534084, "emp_2035": 299.4265659, "emp_2040": 326.9323655, "yesh_2020": 0.0, "yesh_2025": 0.0, "yesh_2030": 0.0, "yesh_2035": 0.0, "yesh_2040": 0.0, "uni_2020": 0.0, "uni_2025": 0.0, "uni_2030": 0.0, "uni_2035": 0.0, "uni_2040": 0.0 }, "geometry": { "type": "Point", "coordinates": [ 35.241971414449914, 31.825981841811334 ] } },
{ "type": "Feature", "properties": { "Taz_num": "5901", "Taz_num_sh": 5901.0, "name": "רמת שלמה - פסגה", "in_jeru": 1, "in_metro": 1, "sector": "U. Orthodox", "apts_2020": 802.8681738, "apt_add_25": 0.0, "apt_add_30": 0.0, "apt_add_35": 0.0, "apt_add_40": 0.0, "apt_addAll": 0.0, "apts_2040": 802.8681738, "hh_2020": 7.1, "hh_2025": 6.5, "hh_2030": 6.3, "hh_2035": 6.5, "hh_2040": 6.5, "pop_2020": 5700.364034, "pop_2025": 5218.64313, "pop_2030": 5058.069495, "pop_2035": 5218.64313, "pop_2040": 5218.64313, "stud_2020": 1641.0, "stud_2025": 1868.582341, "stud_2030": 1989.788146, "stud_2035": 2065.680126, "stud_2040": 2091.531969, "emp_2020": 560.9536599, "emp_2025": 583.9051064, "emp_2030": 597.1053703, "emp_2035": 606.1518671, "emp_2040": 610.6113513, "yesh_2020": 367.0, "yesh_2025": 367.0, "yesh_2030": 367.0, "yesh_2035": 367.0, "yesh_2040": 367.0, "uni_2020": 0.0, "uni_2025": 0.0, "uni_2030": 0.0, "uni_2035": 0.0, "uni_2040": 0.0 }, "geometry": { "type": "Point", "coordinates": [ 35.217692271089085, 31.812082096160736 ] } },
{ "type": "Feature", "properties": { "Taz_num": "5908", "Taz_num_sh": 5908.0, "name": "רמת שלמה - דרום מזרח", "in_jeru": 1, "in_metro": 1, "sector": "U. Orthodox", "apts_2020": 601.0, "apt_add_25": 600.0, "apt_add_30": 0.0, "apt_add_35": 0.0, "apt_add_40": 0.0, "apt_addAll": 600.0, "apts_2040": 1201.0, "hh_2020": 6.964560617, "hh_2025": 6.88214884, "hh_2030": 6.963632402, "hh_2035": 7.054419085, "hh_2040": 7.031780699, "pop_2020": 4185.700931, "pop_2025": 8265.460757000001, "pop_2030": 8363.322515, "pop_2035": 8472.357321, "pop_2040": 8445.168619, "stud_2020": 938.1420559, "stud_2025": 1584.826103, "stud_2030": 1908.168126, "stud_2035": 2554.852173, "stud_2040": 2554.852173, "emp_2020": 185.1613551, "emp_2025": 343.4407261, "emp_2030": 373.0804116, "emp_2035": 432.3597825, "emp_2040": 432.3597825, "yesh_2020": 627.8551396, "yesh_2025": 1239.819114, "yesh_2030": 1254.498377, "yesh_2035": 1270.853598, "yesh_2040": 1266.775293, "uni_2020": 0.0, "uni_2025": 0.0, "uni_2030": 0.0, "uni_2035": 0.0, "uni_2040": 0.0 }, "geometry": { "type": "Point", "coordinates": [ 35.221832565758255, 31.807578632544978 ] } },
{ "type": "Feature", "properties": { "Taz_num": "3902", "Taz_num_sh": 3902.0, "name": "מתחם הרכבת צפון", "in_jeru": 1, "in_metro": 1, "sector": "Jewish", "apts_2020": 0.0, "apt_add_25": 0.0, "apt_add_30": 58.0, "apt_add_35": 0.0, "apt_add_40": 0.0, "apt_addAll": 58.0, "apts_2040": 58.0, "hh_2020": 2.5, "hh_2025": 2.5, "hh_2030": 2.5, "hh_2035": 2.5, "hh_2040": 2.5, "pop_2020": 0.0, "pop_2025": 0.0, "pop_2030": 145.0, "pop_2035": 145.0, "pop_2040": 145.0, "stud_2020": 0.0, "stud_2025": 0.0, "stud_2030": 104.16, "stud_2035": 104.16, "stud_2040": 104.16, "emp_2020": 599.3297632, "emp_2025": 607.7703664, "emp_2030": 677.8788378, "emp_2035": 687.0542079000001, "emp_2040": 696.2295781, "yesh_2020": 0.0, "yesh_2025": 0.0, "yesh_2030": 0.0, "yesh_2035": 0.0, "yesh_2040": 0.0, "uni_2020": 0.0, "uni_2025": 0.0, "uni_2030": 0.0, "uni_2035": 0.0, "uni_2040": 0.0 }, "geometry": { "type": "Point", "coordinates": [ 35.224694473314315, 31.76668099407782 ] } },
{ "type": "Feature", "properties": { "Taz_num": "0403", "Taz_num_sh": 403.0, "name": "גבעת התנך", "in_jeru": 1, "in_metro": 1, "sector": "Jewish", "apts_2020": 4.0, "apt_add_25": 0.0, "apt_add_30": 0.0, "apt_add_35": 0.0, "apt_add_40": 0.0, "apt_addAll": 0.0, "apts_2040": 4.0, "hh_2020": 2.444008232, "hh_2025": 2.446060164, "hh_2030": 2.436836984, "hh_2035": 2.419100828, "hh_2040": 2.39027285, "pop_2020": 9.77603293, "pop_2025": 9.784240658, "pop_2030": 9.747347938000001, "pop_2035": 9.676403313, "pop_2040": 9.561091401000001, "stud_2020": 0.0, "stud_2025": 0.0, "stud_2030": 0.0, "stud_2035": 0.0, "stud_2040": 0.0, "emp_2020": 403.3921728, "emp_2025": 409.6533911, "emp_2030": 416.4013743, "emp_2035": 422.5800267, "emp_2040": 428.2204049, "yesh_2020": 0.0, "yesh_2025": 0.0, "yesh_2030": 0.0, "yesh_2035": 0.0, "yesh_2040": 0.0, "uni_2020": 0.0, "uni_2025": 0.0, "uni_2030": 0.0, "uni_2035": 0.0, "uni_2040": 0.0 }, "geometry": { "type": "Point", "coordinates": [ 35.225342802117133, 31.768503745781029 ] } },
{ "type": "Feature", "properties": { "Taz_num": "5209", "Taz_num_sh": 5209.0, "name": "קרית מטרסדוף", "in_jeru": 1, "in_metro": 1, "sector": "U. Orthodox", "apts_2020": 768.6547707, "apt_add_25": 23.1, "apt_add_30": 8.75, "apt_add_35": 108.75, "apt_add_40": 8.75, "apt_addAll": 149.35, "apts_2040": 918.0047707, "hh_2020": 5.373072344, "hh_2025": 5.479733504, "hh_2030": 5.571399839, "hh_2035": 5.406536923, "hh_2040": 5.45323064, "pop_2020": 4130.037691, "pop_2025": 4338.605144, "pop_2030": 4459.93215, "pop_2035": 4915.91949, "pop_2040": 5006.091743, "stud_2020": 1868.738351, "stud_2025": 1994.323993, "stud_2030": 1951.712738, "stud_2035": 2117.117395, "stud_2040": 2166.518626, "emp_2020": 257.6783806, "emp_2025": 273.2524938, "emp_2030": 270.4563692, "emp_2035": 299.6664587, "emp_2040": 306.2437258, "yesh_2020": 1369.677702, "yesh_2025": 1375.522336, "yesh_2030": 1371.507455, "yesh_2035": 1424.991042, "yesh_2040": 1416.579223, "uni_2020": 0.0, "uni_2025": 0.0, "uni_2030": 0.0, "uni_2035": 0.0, "uni_2040": 0.0 }, "geometry": { "type": "Point", "coordinates": [ 35.201336461987033, 31.79674785528249 ] } },
{ "type": "Feature", "properties": { "Taz_num": "0012", "Taz_num_sh": 12.0, "name": "גינות נביאים", "in_jeru": 1, "in_metro": 1, "sector": "Jewish", "apts_2020": 251.8405797, "apt_add_25": 0.0, "apt_add_30": 0.0, "apt_add_35": 0.0, "apt_add_40": 0.0, "apt_addAll": 0.0, "apts_2040": 251.8405797, "hh_2020": 5.11754665, "hh_2025": 5.271073049, "hh_2030": 5.429205241, "hh_2035": 5.592081398, "hh_2040": 5.75984384, "pop_2020": 1288.805915, "pop_2025": 1327.470092, "pop_2030": 1367.294195, "pop_2035": 1408.313021, "pop_2040": 1450.562412, "stud_2020": 322.2014787, "stud_2025": 333.800732, "stud_2030": 345.7479628, "stud_2035": 358.0536106, "stud_2040": 370.7284278, "emp_2020": 554.6873199, "emp_2025": 563.2155779, "emp_2030": 572.3028668, "emp_2035": 580.8871082, "emp_2040": 589.0021264, "yesh_2020": 0.0, "yesh_2025": 0.0, "yesh_2030": 0.0, "yesh_2035": 0.0, "yesh_2040": 0.0, "uni_2020": 0.0, "uni_2025": 0.0, "uni_2030": 0.0, "uni_2035": 0.0, "uni_2040": 0.0 }, "geometry": { "type": "Point", "coordinates": [ 35.223340864714288, 31.783414766620947 ] } },
{ "type": "Feature", "properties": { "Taz_num": "0105", "Taz_num_sh": 105.0, "name": "חבשים", "in_jeru": 1, "in_metro": 1, "sector": "Jewish", "apts_2020": 80.0, "apt_add_25": 0.0, "apt_add_30": 56.0, "apt_add_35": 0.0, "apt_add_40": 0.0, "apt_addAll": 56.0, "apts_2040": 136.0, "hh_2020": 5.0, "hh_2025": 4.95, "hh_2030": 5.0, "hh_2035": 4.939759036, "hh_2040": 4.886363636, "pop_2020": 400.0, "pop_2025": 396.0, "pop_2030": 680.0, "pop_2035": 671.8072289, "pop_2040": 664.5454545, "stud_2020": 710.2222222, "stud_2025": 639.2, "stud_2030": 696.5641026, "stud_2035": 654.6024096, "stud_2040": 617.4090909, "emp_2020": 1464.693398, "emp_2025": 1476.470552, "emp_2030": 1513.822967, "emp_2035": 1527.894012, "emp_2040": 1540.957388, "yesh_2020": 178.0, "yesh_2025": 178.0, "yesh_2030": 178.0, "yesh_2035": 178.0, "yesh_2040": 178.0, "uni_2020": 0.0, "uni_2025": 0.0, "uni_2030": 0.0, "uni_2035": 0.0, "uni_2040": 0.0 }, "geometry": { "type": "Point", "coordinates": [ 35.222205196641482, 31.784685538249107 ] } },
{ "type": "Feature", "properties": { "Taz_num": "4405", "Taz_num_sh": 4405.0, "name": "הולילנד דרום", "in_jeru": 1, "in_metro": 1, "sector": "Jewish", "apts_2020": 400.0, "apt_add_25": 430.2, "apt_add_30": 0.0, "apt_add_35": 0.0, "apt_add_40": 0.0, "apt_addAll": 430.2, "apts_2040": 830.2, "hh_2020": 3.5875, "hh_2025": 3.35, "hh_2030": 3.387931034, "hh_2035": 3.405172414, "hh_2040": 3.422413793, "pop_2020": 1435.0, "pop_2025": 2781.17, "pop_2030": 2812.660345, "pop_2035": 2826.974138, "pop_2040": 2841.287931, "stud_2020": 0.0, "stud_2025": 0.0, "stud_2030": 0.0, "stud_2035": 0.0, "stud_2040": 0.0, "emp_2020": 73.09484106, "emp_2025": 133.0715454, "emp_2030": 134.3953141, "emp_2035": 135.3898834, "emp_2040": 136.3168062, "yesh_2020": 0.0, "yesh_2025": 0.0, "yesh_2030": 0.0, "yesh_2035": 0.0, "yesh_2040": 0.0, "uni_2020": 0.0, "uni_2025": 0.0, "uni_2030": 0.0, "uni_2035": 0.0, "uni_2040": 0.0 }, "geometry": { "type": "Point", "coordinates": [ 35.189103010412133, 31.756465858217933 ] } },
{ "type": "Feature", "properties": { "Taz_num": "4404", "Taz_num_sh": 4404.0, "name": "הולילנד צפון", "in_jeru": 1, "in_metro": 1, "sector": "Jewish", "apts_2020": 193.0, "apt_add_25": 0.0, "apt_add_30": 31.5, "apt_add_35": 0.0, "apt_add_40": 0.0, "apt_addAll": 31.5, "apts_2040": 224.5, "hh_2020": 3.60446154, "hh_2025": 3.773109117, "hh_2030": 3.849289157, "hh_2035": 3.991179098, "hh_2040": 4.135806585, "pop_2020": 695.6610772, "pop_2025": 728.2100596, "pop_2030": 864.1654157, "pop_2035": 896.0197075, "pop_2040": 928.4885783, "stud_2020": 0.0, "stud_2025": 0.0, "stud_2030": 0.0, "stud_2035": 0.0, "stud_2040": 0.0, "emp_2020": 131.8864351, "emp_2025": 134.405507, "emp_2030": 140.5370424, "emp_2035": 142.960949, "emp_2040": 145.2529747, "yesh_2020": 159.0, "yesh_2025": 159.0, "yesh_2030": 159.0, "yesh_2035": 159.0, "yesh_2040": 159.0, "uni_2020": 0.0, "uni_2025": 0.0, "uni_2030": 0.0, "uni_2035": 0.0, "uni_2040": 0.0 }, "geometry": { "type": "Point", "coordinates": [ 35.191328189416481, 31.759249301772318 ] } },
{ "type": "Feature", "properties": { "Taz_num": "4804", "Taz_num_sh": 4804.0, "name": "מגרסה", "in_jeru": 1, "in_metro": 1, "sector": "Jewish", "apts_2020": 0.0, "apt_add_25": 0.0, "apt_add_30": 0.0, "apt_add_35": 0.0, "apt_add_40": 0.0, "apt_addAll": 0.0, "apts_2040": 0.0, "hh_2020": 0.0, "hh_2025": 0.0, "hh_2030": 0.0, "hh_2035": 0.0, "hh_2040": 0.0, "pop_2020": 0.0, "pop_2025": 0.0, "pop_2030": 0.0, "pop_2035": 0.0, "pop_2040": 0.0, "stud_2020": 0.0, "stud_2025": 0.0, "stud_2030": 0.0, "stud_2035": 0.0, "stud_2040": 0.0, "emp_2020": 0.0, "emp_2025": 0.0, "emp_2030": 0.0, "emp_2035": 0.0, "emp_2040": 0.0, "yesh_2020": 0.0, "yesh_2025": 0.0, "yesh_2030": 0.0, "yesh_2035": 0.0, "yesh_2040": 0.0, "uni_2020": 0.0, "uni_2025": 0.0, "uni_2030": 0.0, "uni_2035": 0.0, "uni_2040": 0.0 }, "geometry": { "type": "Point", "coordinates": [ 35.13180668785256, 31.786141815645891 ] } },
{ "type": "Feature", "properties": { "Taz_num": "4801", "Taz_num_sh": 4801.0, "name": "מחצבה", "in_jeru": 1, "in_metro": 1, "sector": "Jewish", "apts_2020": 0.0, "apt_add_25": 0.0, "apt_add_30": 0.0, "apt_add_35": 0.0, "apt_add_40": 0.0, "apt_addAll": 0.0, "apts_2040": 0.0, "hh_2020": 0.0, "hh_2025": 0.0, "hh_2030": 0.0, "hh_2035": 0.0, "hh_2040": 0.0, "pop_2020": 0.0, "pop_2025": 0.0, "pop_2030": 0.0, "pop_2035": 0.0, "pop_2040": 0.0, "stud_2020": 0.0, "stud_2025": 0.0, "stud_2030": 0.0, "stud_2035": 0.0, "stud_2040": 0.0, "emp_2020": 0.0, "emp_2025": 0.0, "emp_2030": 0.0, "emp_2035": 0.0, "emp_2040": 0.0, "yesh_2020": 0.0, "yesh_2025": 0.0, "yesh_2030": 0.0, "yesh_2035": 0.0, "yesh_2040": 0.0, "uni_2020": 0.0, "uni_2025": 0.0, "uni_2030": 0.0, "uni_2035": 0.0, "uni_2040": 0.0 }, "geometry": { "type": "Point", "coordinates": [ 35.141080634439632, 31.779244348975176 ] } },
{ "type": "Feature", "properties": { "Taz_num": "6802", "Taz_num_sh": 6802.0, "name": "כפר עקב מערב", "in_jeru": 1, "in_metro": 1, "sector": "arabs behined seperation wall", "apts_2020": 5189.643641, "apt_add_25": 295.6666667, "apt_add_30": 295.6666667, "apt_add_35": 295.6666667, "apt_add_40": 295.6666667, "apt_addAll": 1182.666667, "apts_2040": 6372.310307, "hh_2020": 4.954461776, "hh_2025": 5.432279259, "hh_2030": 5.938029879, "hh_2035": 6.447487365, "hh_2040": 6.925682918, "pop_2020": 25711.89105, "pop_2025": 29797.73741, "pop_2030": 34327.614, "pop_2035": 39179.08309, "pop_2040": 44132.60065, "stud_2020": 5632.921276, "stud_2025": 5779.267084, "stud_2030": 5917.275214, "stud_2035": 6047.638458, "stud_2040": 6170.974923, "emp_2020": 1243.889652, "emp_2025": 1280.071018, "emp_2030": 1315.488097, "emp_2035": 1350.204394, "emp_2040": 1920.972913, "yesh_2020": 0.0, "yesh_2025": 0.0, "yesh_2030": 0.0, "yesh_2035": 0.0, "yesh_2040": 0.0, "uni_2020": 0.0, "uni_2025": 0.0, "uni_2030": 0.0, "uni_2035": 0.0, "uni_2040": 0.0 }, "geometry": { "type": "Point", "coordinates": [ 35.214654697993602, 31.877927720028413 ] } },
{ "type": "Feature", "properties": { "Taz_num": "0708", "Taz_num_sh": 708.0, "name": "מתחם הכניסהלעיר דרום מערב", "in_jeru": 1, "in_metro": 1, "sector": "Jewish", "apts_2020": 0.0, "apt_add_25": 0.0, "apt_add_30": 0.0, "apt_add_35": 0.0, "apt_add_40": 0.0, "apt_addAll": 0.0, "apts_2040": 0.0, "hh_2020": 0.0, "hh_2025": 0.0, "hh_2030": 0.0, "hh_2035": 0.0, "hh_2040": 0.0, "pop_2020": 0.0, "pop_2025": 0.0, "pop_2030": 0.0, "pop_2035": 0.0, "pop_2040": 0.0, "stud_2020": 0.0, "stud_2025": 0.0, "stud_2030": 0.0, "stud_2035": 0.0, "stud_2040": 0.0, "emp_2020": 0.0, "emp_2025": 0.0, "emp_2030": 740.0, "emp_2035": 1110.0, "emp_2040": 1480.0, "yesh_2020": 0.0, "yesh_2025": 0.0, "yesh_2030": 0.0, "yesh_2035": 0.0, "yesh_2040": 0.0, "uni_2020": 0.0, "uni_2025": 0.0, "uni_2030": 0.0, "uni_2035": 0.0, "uni_2040": 0.0 }, "geometry": { "type": "Point", "coordinates": [ 35.199527864818194, 31.785546679624158 ] } },
{ "type": "Feature", "properties": { "Taz_num": "0704", "Taz_num_sh": 704.0, "name": "קירוי כביש 4", "in_jeru": 1, "in_metro": 1, "sector": "Jewish", "apts_2020": 0.0, "apt_add_25": 0.0, "apt_add_30": 0.0, "apt_add_35": 0.0, "apt_add_40": 0.0, "apt_addAll": 0.0, "apts_2040": 0.0, "hh_2020": 0.0, "hh_2025": 0.0, "hh_2030": 0.0, "hh_2035": 0.0, "hh_2040": 0.0, "pop_2020": 0.0, "pop_2025": 0.0, "pop_2030": 0.0, "pop_2035": 0.0, "pop_2040": 0.0, "stud_2020": 0.0, "stud_2025": 0.0, "stud_2030": 0.0, "stud_2035": 0.0, "stud_2040": 0.0, "emp_2020": 132.5332049, "emp_2025": 619.2018895, "emp_2030": 1102.266602, "emp_2035": 1587.133301, "emp_2040": 2072.0, "yesh_2020": 0.0, "yesh_2025": 0.0, "yesh_2030": 0.0, "yesh_2035": 0.0, "yesh_2040": 0.0, "uni_2020": 0.0, "uni_2025": 0.0, "uni_2030": 0.0, "uni_2035": 0.0, "uni_2040": 0.0 }, "geometry": { "type": "Point", "coordinates": [ 35.200416853972037, 31.786918895533702 ] } },
{ "type": "Feature", "properties": { "Taz_num": "3307", "Taz_num_sh": 3307.0, "name": "דיר טנטור", "in_jeru": 1, "in_metro": 1, "sector": "Arab", "apts_2020": 0.0, "apt_add_25": 0.0, "apt_add_30": 0.0, "apt_add_35": 0.0, "apt_add_40": 0.0, "apt_addAll": 0.0, "apts_2040": 0.0, "hh_2020": 0.0, "hh_2025": 0.0, "hh_2030": 0.0, "hh_2035": 0.0, "hh_2040": 0.0, "pop_2020": 0.0, "pop_2025": 0.0, "pop_2030": 0.0, "pop_2035": 0.0, "pop_2040": 0.0, "stud_2020": 0.0, "stud_2025": 0.0, "stud_2030": 0.0, "stud_2035": 0.0, "stud_2040": 0.0, "emp_2020": 0.0, "emp_2025": 0.0, "emp_2030": 0.0, "emp_2035": 0.0, "emp_2040": 0.0, "yesh_2020": 0.0, "yesh_2025": 0.0, "yesh_2030": 0.0, "yesh_2035": 0.0, "yesh_2040": 0.0, "uni_2020": 0.0, "uni_2025": 0.0, "uni_2030": 0.0, "uni_2035": 0.0, "uni_2040": 0.0 }, "geometry": { "type": "Point", "coordinates": [ 35.199385570272455, 31.725934456632398 ] } },
{ "type": "Feature", "properties": { "Taz_num": "2502", "Taz_num_sh": 2502.0, "name": "מנטאר", "in_jeru": 1, "in_metro": 1, "sector": "Arab", "apts_2020": 30.24, "apt_add_25": 1.12, "apt_add_30": 101.12, "apt_add_35": 101.12, "apt_add_40": 176.12, "apt_addAll": 379.48, "apts_2040": 409.72, "hh_2020": 4.134111204, "hh_2025": 4.134111204, "hh_2030": 4.134111204, "hh_2035": 4.134111204, "hh_2040": 4.134111204, "pop_2020": 125.0155228, "pop_2025": 129.6457274, "pop_2030": 547.6870523, "pop_2035": 965.7283773, "pop_2040": 1693.828043, "stud_2020": 48.19417018, "stud_2025": 49.48717829, "stud_2030": 197.2627877, "stud_2035": 339.4707334, "stud_2040": 567.0118212, "emp_2020": 3.490756952, "emp_2025": 3.695522695, "emp_2030": 25.02786023, "emp_2035": 45.84982858, "emp_2040": 85.14297594, "yesh_2020": 0.0, "yesh_2025": 0.0, "yesh_2030": 0.0, "yesh_2035": 0.0, "yesh_2040": 0.0, "uni_2020": 0.0, "uni_2025": 0.0, "uni_2030": 0.0, "uni_2035": 0.0, "uni_2040": 0.0 }, "geometry": { "type": "Point", "coordinates": [ 35.237798911595227, 31.716694502968249 ] } },
{ "type": "Feature", "properties": { "Taz_num": "6909", "Taz_num_sh": 6909.0, "name": "שכונת עטרות ט'", "in_jeru": 1, "in_metro": 1, "sector": "U. Orthodox", "apts_2020": 0.0, "apt_add_25": 0.0, "apt_add_30": 0.0, "apt_add_35": 0.0, "apt_add_40": 0.0, "apt_addAll": 0.0, "apts_2040": 0.0, "hh_2020": 0.0, "hh_2025": 0.0, "hh_2030": 0.0, "hh_2035": 0.0, "hh_2040": 0.0, "pop_2020": 0.0, "pop_2025": 0.0, "pop_2030": 0.0, "pop_2035": 0.0, "pop_2040": 0.0, "stud_2020": 0.0, "stud_2025": 0.0, "stud_2030": 0.0, "stud_2035": 0.0, "stud_2040": 0.0, "emp_2020": 0.0, "emp_2025": 0.0, "emp_2030": 0.0, "emp_2035": 0.0, "emp_2040": 0.0, "yesh_2020": 0.0, "yesh_2025": 0.0, "yesh_2030": 0.0, "yesh_2035": 0.0, "yesh_2040": 0.0, "uni_2020": 0.0, "uni_2025": 0.0, "uni_2030": 0.0, "uni_2035": 0.0, "uni_2040": 0.0 }, "geometry": { "type": "Point", "coordinates": [ 35.218433824106711, 31.862350370373214 ] } },
{ "type": "Feature", "properties": { "Taz_num": "6908", "Taz_num_sh": 6908.0, "name": "שכונת עטרות ח'", "in_jeru": 1, "in_metro": 1, "sector": "U. Orthodox", "apts_2020": 0.0, "apt_add_25": 0.0, "apt_add_30": 0.0, "apt_add_35": 0.0, "apt_add_40": 0.0, "apt_addAll": 0.0, "apts_2040": 0.0, "hh_2020": 0.0, "hh_2025": 0.0, "hh_2030": 0.0, "hh_2035": 0.0, "hh_2040": 0.0, "pop_2020": 0.0, "pop_2025": 0.0, "pop_2030": 0.0, "pop_2035": 0.0, "pop_2040": 0.0, "stud_2020": 0.0, "stud_2025": 0.0, "stud_2030": 0.0, "stud_2035": 0.0, "stud_2040": 0.0, "emp_2020": 0.0, "emp_2025": 0.0, "emp_2030": 0.0, "emp_2035": 0.0, "emp_2040": 0.0, "yesh_2020": 0.0, "yesh_2025": 0.0, "yesh_2030": 0.0, "yesh_2035": 0.0, "yesh_2040": 0.0, "uni_2020": 0.0, "uni_2025": 0.0, "uni_2030": 0.0, "uni_2035": 0.0, "uni_2040": 0.0 }, "geometry": { "type": "Point", "coordinates": [ 35.219710757669958, 31.865456229467263 ] } },
{ "type": "Feature", "properties": { "Taz_num": "6905", "Taz_num_sh": 6905.0, "name": "שכונת עטרות ה'", "in_jeru": 1, "in_metro": 1, "sector": "U. Orthodox", "apts_2020": 0.0, "apt_add_25": 0.0, "apt_add_30": 0.0, "apt_add_35": 0.0, "apt_add_40": 0.0, "apt_addAll": 0.0, "apts_2040": 0.0, "hh_2020": 0.0, "hh_2025": 0.0, "hh_2030": 0.0, "hh_2035": 0.0, "hh_2040": 0.0, "pop_2020": 0.0, "pop_2025": 0.0, "pop_2030": 0.0, "pop_2035": 0.0, "pop_2040": 0.0, "stud_2020": 0.0, "stud_2025": 0.0, "stud_2030": 0.0, "stud_2035": 0.0, "stud_2040": 0.0, "emp_2020": 0.0, "emp_2025": 0.0, "emp_2030": 0.0, "emp_2035": 0.0, "emp_2040": 0.0, "yesh_2020": 0.0, "yesh_2025": 0.0, "yesh_2030": 0.0, "yesh_2035": 0.0, "yesh_2040": 0.0, "uni_2020": 0.0, "uni_2025": 0.0, "uni_2030": 0.0, "uni_2035": 0.0, "uni_2040": 0.0 }, "geometry": { "type": "Point", "coordinates": [ 35.216495666259483, 31.86813045265637 ] } },
{ "type": "Feature", "properties": { "Taz_num": "6906", "Taz_num_sh": 6906.0, "name": "שכונת עטרות ו'", "in_jeru": 1, "in_metro": 1, "sector": "U. Orthodox", "apts_2020": 0.0, "apt_add_25": 0.0, "apt_add_30": 0.0, "apt_add_35": 0.0, "apt_add_40": 0.0, "apt_addAll": 0.0, "apts_2040": 0.0, "hh_2020": 0.0, "hh_2025": 0.0, "hh_2030": 0.0, "hh_2035": 0.0, "hh_2040": 0.0, "pop_2020": 0.0, "pop_2025": 0.0, "pop_2030": 0.0, "pop_2035": 0.0, "pop_2040": 0.0, "stud_2020": 0.0, "stud_2025": 0.0, "stud_2030": 0.0, "stud_2035": 0.0, "stud_2040": 0.0, "emp_2020": 0.0, "emp_2025": 0.0, "emp_2030": 0.0, "emp_2035": 0.0, "emp_2040": 0.0, "yesh_2020": 0.0, "yesh_2025": 0.0, "yesh_2030": 0.0, "yesh_2035": 0.0, "yesh_2040": 0.0, "uni_2020": 0.0, "uni_2025": 0.0, "uni_2030": 0.0, "uni_2035": 0.0, "uni_2040": 0.0 }, "geometry": { "type": "Point", "coordinates": [ 35.215426513680526, 31.865411029756036 ] } },
{ "type": "Feature", "properties": { "Taz_num": "6904", "Taz_num_sh": 6904.0, "name": "שכונת עטרות ד'", "in_jeru": 1, "in_metro": 1, "sector": "U. Orthodox", "apts_2020": 0.0, "apt_add_25": 0.0, "apt_add_30": 0.0, "apt_add_35": 0.0, "apt_add_40": 0.0, "apt_addAll": 0.0, "apts_2040": 0.0, "hh_2020": 0.0, "hh_2025": 0.0, "hh_2030": 0.0, "hh_2035": 0.0, "hh_2040": 0.0, "pop_2020": 0.0, "pop_2025": 0.0, "pop_2030": 0.0, "pop_2035": 0.0, "pop_2040": 0.0, "stud_2020": 0.0, "stud_2025": 0.0, "stud_2030": 0.0, "stud_2035": 0.0, "stud_2040": 0.0, "emp_2020": 0.0, "emp_2025": 0.0, "emp_2030": 0.0, "emp_2035": 0.0, "emp_2040": 0.0, "yesh_2020": 0.0, "yesh_2025": 0.0, "yesh_2030": 0.0, "yesh_2035": 0.0, "yesh_2040": 0.0, "uni_2020": 0.0, "uni_2025": 0.0, "uni_2030": 0.0, "uni_2035": 0.0, "uni_2040": 0.0 }, "geometry": { "type": "Point", "coordinates": [ 35.211049923343381, 31.866466115594008 ] } },
{ "type": "Feature", "properties": { "Taz_num": "6901", "Taz_num_sh": 6901.0, "name": "שכונת עטרות א'", "in_jeru": 1, "in_metro": 1, "sector": "U. Orthodox", "apts_2020": 0.0, "apt_add_25": 0.0, "apt_add_30": 0.0, "apt_add_35": 0.0, "apt_add_40": 0.0, "apt_addAll": 0.0, "apts_2040": 0.0, "hh_2020": 0.0, "hh_2025": 0.0, "hh_2030": 0.0, "hh_2035": 0.0, "hh_2040": 0.0, "pop_2020": 0.0, "pop_2025": 0.0, "pop_2030": 0.0, "pop_2035": 0.0, "pop_2040": 0.0, "stud_2020": 0.0, "stud_2025": 0.0, "stud_2030": 0.0, "stud_2035": 0.0, "stud_2040": 0.0, "emp_2020": 0.0, "emp_2025": 0.0, "emp_2030": 0.0, "emp_2035": 0.0, "emp_2040": 0.0, "yesh_2020": 0.0, "yesh_2025": 0.0, "yesh_2030": 0.0, "yesh_2035": 0.0, "yesh_2040": 0.0, "uni_2020": 0.0, "uni_2025": 0.0, "uni_2030": 0.0, "uni_2035": 0.0, "uni_2040": 0.0 }, "geometry": { "type": "Point", "coordinates": [ 35.208261169694438, 31.870204731007512 ] } },
{ "type": "Feature", "properties": { "Taz_num": "6902", "Taz_num_sh": 6902.0, "name": "שכונת עטרות ב'", "in_jeru": 1, "in_metro": 1, "sector": "U. Orthodox", "apts_2020": 0.0, "apt_add_25": 0.0, "apt_add_30": 0.0, "apt_add_35": 0.0, "apt_add_40": 0.0, "apt_addAll": 0.0, "apts_2040": 0.0, "hh_2020": 0.0, "hh_2025": 0.0, "hh_2030": 0.0, "hh_2035": 0.0, "hh_2040": 0.0, "pop_2020": 0.0, "pop_2025": 0.0, "pop_2030": 0.0, "pop_2035": 0.0, "pop_2040": 0.0, "stud_2020": 0.0, "stud_2025": 0.0, "stud_2030": 0.0, "stud_2035": 0.0, "stud_2040": 0.0, "emp_2020": 0.0, "emp_2025": 0.0, "emp_2030": 0.0, "emp_2035": 0.0, "emp_2040": 0.0, "yesh_2020": 0.0, "yesh_2025": 0.0, "yesh_2030": 0.0, "yesh_2035": 0.0, "yesh_2040": 0.0, "uni_2020": 0.0, "uni_2025": 0.0, "uni_2030": 0.0, "uni_2035": 0.0, "uni_2040": 0.0 }, "geometry": { "type": "Point", "coordinates": [ 35.207547275176154, 31.867888430895007 ] } },
{ "type": "Feature", "properties": { "Taz_num": "6705", "Taz_num_sh": 6705.0, "name": "עטרות הישנה", "in_jeru": 1, "in_metro": 1, "sector": "Arab", "apts_2020": 160.0, "apt_add_25": 0.0, "apt_add_30": 0.0, "apt_add_35": 0.0, "apt_add_40": 0.0, "apt_addAll": 0.0, "apts_2040": 160.0, "hh_2020": 3.770272187, "hh_2025": 3.770272187, "hh_2030": 3.770272187, "hh_2035": 3.8, "hh_2040": 3.8, "pop_2020": 603.2435499, "pop_2025": 603.2435499, "pop_2030": 603.2435499, "pop_2035": 608.0, "pop_2040": 608.0, "stud_2020": 0.0, "stud_2025": 0.0, "stud_2030": 0.0, "stud_2035": 0.0, "stud_2040": 0.0, "emp_2020": 0.0, "emp_2025": 0.0, "emp_2030": 0.0, "emp_2035": 0.0, "emp_2040": 0.0, "yesh_2020": 0.0, "yesh_2025": 0.0, "yesh_2030": 0.0, "yesh_2035": 0.0, "yesh_2040": 0.0, "uni_2020": 0.0, "uni_2025": 0.0, "uni_2030": 0.0, "uni_2035": 0.0, "uni_2040": 0.0 }, "geometry": { "type": "Point", "coordinates": [ 35.222003289185658, 31.862494824796475 ] } },
{ "type": "Feature", "properties": { "Taz_num": "6910", "Taz_num_sh": 6910.0, "name": "שכונת עטרות י'", "in_jeru": 1, "in_metro": 1, "sector": "U. Orthodox", "apts_2020": 0.0, "apt_add_25": 0.0, "apt_add_30": 0.0, "apt_add_35": 0.0, "apt_add_40": 0.0, "apt_addAll": 0.0, "apts_2040": 0.0, "hh_2020": 0.0, "hh_2025": 0.0, "hh_2030": 0.0, "hh_2035": 0.0, "hh_2040": 0.0, "pop_2020": 0.0, "pop_2025": 0.0, "pop_2030": 0.0, "pop_2035": 0.0, "pop_2040": 0.0, "stud_2020": 0.0, "stud_2025": 0.0, "stud_2030": 0.0, "stud_2035": 0.0, "stud_2040": 0.0, "emp_2020": 0.0, "emp_2025": 0.0, "emp_2030": 0.0, "emp_2035": 0.0, "emp_2040": 0.0, "yesh_2020": 0.0, "yesh_2025": 0.0, "yesh_2030": 0.0, "yesh_2035": 0.0, "yesh_2040": 0.0, "uni_2020": 0.0, "uni_2025": 0.0, "uni_2030": 0.0, "uni_2035": 0.0, "uni_2040": 0.0 }, "geometry": { "type": "Point", "coordinates": [ 35.224068042970643, 31.863667905687326 ] } },
{ "type": "Feature", "properties": { "Taz_num": "6903", "Taz_num_sh": 6903.0, "name": "שכונת עטרות ג'", "in_jeru": 1, "in_metro": 1, "sector": "U. Orthodox", "apts_2020": 0.0, "apt_add_25": 0.0, "apt_add_30": 0.0, "apt_add_35": 0.0, "apt_add_40": 0.0, "apt_addAll": 0.0, "apts_2040": 0.0, "hh_2020": 0.0, "hh_2025": 0.0, "hh_2030": 0.0, "hh_2035": 0.0, "hh_2040": 0.0, "pop_2020": 0.0, "pop_2025": 0.0, "pop_2030": 0.0, "pop_2035": 0.0, "pop_2040": 0.0, "stud_2020": 0.0, "stud_2025": 0.0, "stud_2030": 0.0, "stud_2035": 0.0, "stud_2040": 0.0, "emp_2020": 0.0, "emp_2025": 0.0, "emp_2030": 0.0, "emp_2035": 0.0, "emp_2040": 0.0, "yesh_2020": 0.0, "yesh_2025": 0.0, "yesh_2030": 0.0, "yesh_2035": 0.0, "yesh_2040": 0.0, "uni_2020": 0.0, "uni_2025": 0.0, "uni_2030": 0.0, "uni_2035": 0.0, "uni_2040": 0.0 }, "geometry": { "type": "Point", "coordinates": [ 35.212116770371424, 31.868842475175878 ] } },
{ "type": "Feature", "properties": { "Taz_num": "6803", "Taz_num_sh": 6803.0, "name": "קלנדיה צפון", "in_jeru": 1, "in_metro": 1, "sector": "Arab", "apts_2020": 0.0, "apt_add_25": 0.0, "apt_add_30": 0.0, "apt_add_35": 0.0, "apt_add_40": 0.0, "apt_addAll": 0.0, "apts_2040": 0.0, "hh_2020": 0.0, "hh_2025": 0.0, "hh_2030": 0.0, "hh_2035": 0.0, "hh_2040": 0.0, "pop_2020": 0.0, "pop_2025": 0.0, "pop_2030": 0.0, "pop_2035": 0.0, "pop_2040": 0.0, "stud_2020": 0.0, "stud_2025": 0.0, "stud_2030": 0.0, "stud_2035": 0.0, "stud_2040": 0.0, "emp_2020": 0.0, "emp_2025": 0.0, "emp_2030": 0.0, "emp_2035": 0.0, "emp_2040": 0.0, "yesh_2020": 0.0, "yesh_2025": 0.0, "yesh_2030": 0.0, "yesh_2035": 0.0, "yesh_2040": 0.0, "uni_2020": 0.0, "uni_2025": 0.0, "uni_2030": 0.0, "uni_2035": 0.0, "uni_2040": 0.0 }, "geometry": { "type": "Point", "coordinates": [ 35.208912446299401, 31.874667652758504 ] } },
{ "type": "Feature", "properties": { "Taz_num": "6704", "Taz_num_sh": 6704.0, "name": "קלנדיה הכפר", "in_jeru": 1, "in_metro": 1, "sector": "Arab", "apts_2020": 130.0, "apt_add_25": 0.0, "apt_add_30": 0.0, "apt_add_35": 0.0, "apt_add_40": 0.0, "apt_addAll": 0.0, "apts_2040": 130.0, "hh_2020": 3.770272187, "hh_2025": 3.770272187, "hh_2030": 3.770272187, "hh_2035": 3.8, "hh_2040": 3.8, "pop_2020": 490.1353843, "pop_2025": 490.1353843, "pop_2030": 490.1353843, "pop_2035": 494.0, "pop_2040": 494.0, "stud_2020": 0.0, "stud_2025": 0.0, "stud_2030": 0.0, "stud_2035": 0.0, "stud_2040": 0.0, "emp_2020": 706.2932131, "emp_2025": 706.2932131, "emp_2030": 706.2932131, "emp_2035": 706.2932131, "emp_2040": 887.7340194, "yesh_2020": 0.0, "yesh_2025": 0.0, "yesh_2030": 0.0, "yesh_2035": 0.0, "yesh_2040": 0.0, "uni_2020": 0.0, "uni_2025": 0.0, "uni_2030": 0.0, "uni_2035": 0.0, "uni_2040": 0.0 }, "geometry": { "type": "Point", "coordinates": [ 35.211102004258137, 31.863575446773794 ] } },
{ "type": "Feature", "properties": { "Taz_num": "6907", "Taz_num_sh": 6907.0, "name": "שכונת עטרות ז'", "in_jeru": 1, "in_metro": 1, "sector": "U. Orthodox", "apts_2020": 0.0, "apt_add_25": 0.0, "apt_add_30": 0.0, "apt_add_35": 0.0, "apt_add_40": 0.0, "apt_addAll": 0.0, "apts_2040": 0.0, "hh_2020": 0.0, "hh_2025": 0.0, "hh_2030": 0.0, "hh_2035": 0.0, "hh_2040": 0.0, "pop_2020": 0.0, "pop_2025": 0.0, "pop_2030": 0.0, "pop_2035": 0.0, "pop_2040": 0.0, "stud_2020": 0.0, "stud_2025": 0.0, "stud_2030": 0.0, "stud_2035": 0.0, "stud_2040": 0.0, "emp_2020": 0.0, "emp_2025": 0.0, "emp_2030": 0.0, "emp_2035": 0.0, "emp_2040": 0.0, "yesh_2020": 0.0, "yesh_2025": 0.0, "yesh_2030": 0.0, "yesh_2035": 0.0, "yesh_2040": 0.0, "uni_2020": 0.0, "uni_2025": 0.0, "uni_2030": 0.0, "uni_2035": 0.0, "uni_2040": 0.0 }, "geometry": { "type": "Point", "coordinates": [ 35.214780506912589, 31.863038934410376 ] } },
{ "type": "Feature", "properties": { "Taz_num": "3703", "Taz_num_sh": 3703.0, "name": "גונן ו' מזרח", "in_jeru": 1, "in_metro": 1, "sector": "Jewish", "apts_2020": 697.2, "apt_add_25": 100.5, "apt_add_30": 95.2, "apt_add_35": 199.6, "apt_add_40": 224.6, "apt_addAll": 619.9, "apts_2040": 1317.1, "hh_2020": 2.96143214, "hh_2025": 2.936133405, "hh_2030": 2.899649162, "hh_2035": 2.830416787, "hh_2040": 2.752881422, "pop_2020": 2064.710488, "pop_2025": 2342.153617, "pop_2030": 2589.096737, "pop_2035": 3092.23034, "pop_2040": 3625.820121, "stud_2020": 516.177622, "stud_2025": 599.4105607, "stud_2030": 673.4934966, "stud_2035": 824.4335776, "stud_2040": 984.5105119, "emp_2020": 402.0526822, "emp_2025": 419.9926036, "emp_2030": 436.3533455, "emp_2035": 469.094151, "emp_2040": 505.3772833, "yesh_2020": 0.0, "yesh_2025": 0.0, "yesh_2030": 0.0, "yesh_2035": 0.0, "yesh_2040": 0.0, "uni_2020": 0.0, "uni_2025": 0.0, "uni_2030": 0.0, "uni_2035": 0.0, "uni_2040": 0.0 }, "geometry": { "type": "Point", "coordinates": [ 35.209280639129396, 31.756091470493338 ] } },
{ "type": "Feature", "properties": { "Taz_num": "3709", "Taz_num_sh": 3709.0, "name": "גונן א", "in_jeru": 1, "in_metro": 1, "sector": "Jewish", "apts_2020": 423.0, "apt_add_25": 0.0, "apt_add_30": 436.0, "apt_add_35": 436.0, "apt_add_40": 0.0, "apt_addAll": 872.0, "apts_2040": 1295.0, "hh_2020": 2.96143214, "hh_2025": 2.936133405, "hh_2030": 3.5, "hh_2035": 3.5, "hh_2040": 3.6, "pop_2020": 1252.685795, "pop_2025": 1241.98443, "pop_2030": 3006.5, "pop_2035": 4532.5, "pop_2040": 4662.0, "stud_2020": 0.0, "stud_2025": 0.0, "stud_2030": 520.0, "stud_2035": 520.0, "stud_2040": 520.0, "emp_2020": 50.0, "emp_2025": 50.0, "emp_2030": 131.2386667, "emp_2035": 164.8106667, "emp_2040": 120.0, "yesh_2020": 0.0, "yesh_2025": 0.0, "yesh_2030": 0.0, "yesh_2035": 0.0, "yesh_2040": 0.0, "uni_2020": 0.0, "uni_2025": 0.0, "uni_2030": 0.0, "uni_2035": 0.0, "uni_2040": 0.0 }, "geometry": { "type": "Point", "coordinates": [ 35.211405377604407, 31.756489264340924 ] } },
{ "type": "Feature", "properties": { "Taz_num": "1304", "Taz_num_sh": 1304.0, "name": "שיח ג'ראח", "in_jeru": 1, "in_metro": 1, "sector": "Arab", "apts_2020": 170.4712042, "apt_add_25": 25.0, "apt_add_30": 25.0, "apt_add_35": 25.0, "apt_add_40": 25.0, "apt_addAll": 100.0, "apts_2040": 270.4712042, "hh_2020": 3.681430479, "hh_2025": 3.681430479, "hh_2030": 3.681430479, "hh_2035": 3.681430479, "hh_2040": 3.468438398, "pop_2020": 1075.13089, "pop_2025": 719.6136489, "pop_2030": 811.6494109, "pop_2035": 903.6851728, "pop_2040": 938.1127101, "stud_2020": 215.026178, "stud_2025": 143.9227298, "stud_2030": 162.3298822, "stud_2035": 180.7370346, "stud_2040": 187.622542, "emp_2020": 1962.280647, "emp_2025": 2025.80122, "emp_2030": 2116.364468, "emp_2035": 2490.116476, "emp_2040": 2570.703882, "yesh_2020": 0.0, "yesh_2025": 0.0, "yesh_2030": 0.0, "yesh_2035": 0.0, "yesh_2040": 0.0, "uni_2020": 0.0, "uni_2025": 0.0, "uni_2030": 0.0, "uni_2035": 0.0, "uni_2040": 0.0 }, "geometry": { "type": "Point", "coordinates": [ 35.23055107728981, 31.794468111309584 ] } },
{ "type": "Feature", "properties": { "Taz_num": "1306", "Taz_num_sh": 1306.0, "name": "שמעון הצדיק", "in_jeru": 1, "in_metro": 1, "sector": "Arab", "apts_2020": 517.1727749, "apt_add_25": 100.0, "apt_add_30": 5.0, "apt_add_35": 5.0, "apt_add_40": 5.0, "apt_addAll": 115.0, "apts_2040": 632.1727749, "hh_2020": 3.436867602, "hh_2025": 3.436867602, "hh_2030": 3.436867602, "hh_2035": 3.436867602, "hh_2040": 3.436867602, "pop_2020": 3261.71466, "pop_2025": 2121.141115, "pop_2030": 2138.325453, "pop_2035": 2155.509791, "pop_2040": 2172.694129, "stud_2020": 652.3429319000001, "stud_2025": 424.228223, "stud_2030": 427.6650906, "stud_2035": 431.1019582, "stud_2040": 434.5388258, "emp_2020": 230.4651178, "emp_2025": 242.5546028, "emp_2030": 244.519649, "emp_2035": 246.4846952, "emp_2040": 248.4497414, "yesh_2020": 0.0, "yesh_2025": 0.0, "yesh_2030": 0.0, "yesh_2035": 0.0, "yesh_2040": 0.0, "uni_2020": 0.0, "uni_2025": 0.0, "uni_2030": 0.0, "uni_2035": 0.0, "uni_2040": 0.0 }, "geometry": { "type": "Point", "coordinates": [ 35.231362405142399, 31.79193507890238 ] } },
{ "type": "Feature", "properties": { "Taz_num": "2402", "Taz_num_sh": 2402.0, "name": "צלעה", "in_jeru": 1, "in_metro": 1, "sector": "Arab", "apts_2020": 929.275792, "apt_add_25": 163.2657701, "apt_add_30": 276.7657701, "apt_add_35": 720.0657701, "apt_add_40": 832.5657701, "apt_addAll": 1992.66308, "apts_2040": 2921.938872, "hh_2020": 5.189701897, "hh_2025": 5.189701897, "hh_2030": 5.189701897, "hh_2035": 5.189701897, "hh_2040": 5.189701897, "pop_2020": 4822.664341, "pop_2025": 5669.965017, "pop_2030": 7106.296859, "pop_2035": 10843.22355, "pop_2040": 15163.99171, "stud_2020": 1210.352942, "stud_2025": 1404.590178, "stud_2030": 1646.701039, "stud_2035": 2444.121857, "stud_2040": 3241.523808, "emp_2020": 318.6051484, "emp_2025": 348.9816927, "emp_2030": 392.4861525, "emp_2035": 521.0281252, "emp_2040": 1064.755712, "yesh_2020": 0.0, "yesh_2025": 0.0, "yesh_2030": 0.0, "yesh_2035": 0.0, "yesh_2040": 0.0, "uni_2020": 0.0, "uni_2025": 0.0, "uni_2030": 0.0, "uni_2035": 0.0, "uni_2040": 0.0 }, "geometry": { "type": "Point", "coordinates": [ 35.255059974821499, 31.751553607300256 ] } },
{ "type": "Feature", "properties": { "Taz_num": "3205", "Taz_num_sh": 3205.0, "name": "תלפז_רח' רב החובל", "in_jeru": 1, "in_metro": 1, "sector": "Jewish", "apts_2020": 353.0, "apt_add_25": 0.0, "apt_add_30": 0.0, "apt_add_35": 100.0, "apt_add_40": 132.5182862, "apt_addAll": 232.5182862, "apts_2040": 585.5182862, "hh_2020": 3.8, "hh_2025": 3.8, "hh_2030": 3.8, "hh_2035": 3.8, "hh_2040": 3.8, "pop_2020": 1341.4, "pop_2025": 1341.4, "pop_2030": 1341.4, "pop_2035": 1721.4, "pop_2040": 2224.969488, "stud_2020": 380.0, "stud_2025": 380.0, "stud_2030": 380.0, "stud_2035": 494.0, "stud_2040": 645.0708463, "emp_2020": 138.8615825, "emp_2025": 108.8812696, "emp_2030": 79.57282921, "emp_2035": 82.63529848, "emp_2040": 104.2164023, "yesh_2020": 47.0, "yesh_2025": 47.0, "yesh_2030": 47.0, "yesh_2035": 47.0, "yesh_2040": 47.0, "uni_2020": 0.0, "uni_2025": 0.0, "uni_2030": 0.0, "uni_2035": 0.0, "uni_2040": 0.0 }, "geometry": { "type": "Point", "coordinates": [ 35.229848116353935, 31.749413747710257 ] } },
{ "type": "Feature", "properties": { "Taz_num": "3207", "Taz_num_sh": 3207.0, "name": "תלפז_רח' גרשון אבנר", "in_jeru": 1, "in_metro": 1, "sector": "Jewish", "apts_2020": 894.0, "apt_add_25": 0.0, "apt_add_30": 0.0, "apt_add_35": 30.0, "apt_add_40": 0.0, "apt_addAll": 30.0, "apts_2040": 924.0, "hh_2020": 3.7, "hh_2025": 3.7, "hh_2030": 3.7, "hh_2035": 4.0, "hh_2040": 4.0, "pop_2020": 3307.8, "pop_2025": 3307.8, "pop_2030": 3307.8, "pop_2035": 3696.0, "pop_2040": 3696.0, "stud_2020": 40.0, "stud_2025": 40.0, "stud_2030": 40.0, "stud_2035": 156.46, "stud_2040": 156.46, "emp_2020": 102.0066667, "emp_2025": 102.0066667, "emp_2030": 102.0066667, "emp_2035": 115.9821667, "emp_2040": 115.9821667, "yesh_2020": 0.0, "yesh_2025": 0.0, "yesh_2030": 0.0, "yesh_2035": 0.0, "yesh_2040": 0.0, "uni_2020": 0.0, "uni_2025": 0.0, "uni_2030": 0.0, "uni_2035": 0.0, "uni_2040": 0.0 }, "geometry": { "type": "Point", "coordinates": [ 35.230404051398672, 31.744337612766852 ] } },
{ "type": "Feature", "properties": { "Taz_num": "6611", "Taz_num_sh": 6611.0, "name": "תל עדסה מערב", "in_jeru": 1, "in_metro": 1, "sector": "Arab", "apts_2020": 0.0, "apt_add_25": 0.0, "apt_add_30": 145.0, "apt_add_35": 170.0, "apt_add_40": 170.0, "apt_addAll": 485.0, "apts_2040": 485.0, "hh_2020": 4.2, "hh_2025": 4.2, "hh_2030": 4.2, "hh_2035": 4.2, "hh_2040": 4.2, "pop_2020": 0.0, "pop_2025": 0.0, "pop_2030": 609.0, "pop_2035": 1323.0, "pop_2040": 2037.0, "stud_2020": 100.0, "stud_2025": 100.0, "stud_2030": 282.7, "stud_2035": 496.9, "stud_2040": 711.1, "emp_2020": 9.166666667, "emp_2025": 9.166666667, "emp_2030": 49.83916667, "emp_2035": 97.52416667, "emp_2040": 282.7091667, "yesh_2020": 0.0, "yesh_2025": 0.0, "yesh_2030": 0.0, "yesh_2035": 0.0, "yesh_2040": 0.0, "uni_2020": 0.0, "uni_2025": 0.0, "uni_2030": 0.0, "uni_2035": 0.0, "uni_2040": 0.0 }, "geometry": { "type": "Point", "coordinates": [ 35.216777568345179, 31.847119248247196 ] } },
{ "type": "Feature", "properties": { "Taz_num": "6607", "Taz_num_sh": 6607.0, "name": "שיכוני נוסייבה מערב", "in_jeru": 1, "in_metro": 1, "sector": "Arab", "apts_2020": 708.7686426, "apt_add_25": 0.0, "apt_add_30": 50.0, "apt_add_35": 60.0, "apt_add_40": 60.0, "apt_addAll": 170.0, "apts_2040": 878.7686426, "hh_2020": 4.2, "hh_2025": 4.2, "hh_2030": 4.2, "hh_2035": 4.2, "hh_2040": 4.2, "pop_2020": 2976.828299, "pop_2025": 2976.828299, "pop_2030": 3186.828299, "pop_2035": 3438.828299, "pop_2040": 3690.828299, "stud_2020": 100.0, "stud_2025": 100.0, "stud_2030": 163.0, "stud_2035": 238.6, "stud_2040": 314.2, "emp_2020": 145.7382941, "emp_2025": 217.4031737, "emp_2030": 301.1456179, "emp_2035": 387.7587624, "emp_2040": 507.3726004, "yesh_2020": 0.0, "yesh_2025": 0.0, "yesh_2030": 0.0, "yesh_2035": 0.0, "yesh_2040": 0.0, "uni_2020": 0.0, "uni_2025": 0.0, "uni_2030": 0.0, "uni_2035": 0.0, "uni_2040": 0.0 }, "geometry": { "type": "Point", "coordinates": [ 35.220105342659252, 31.841148644470938 ] } },
{ "type": "Feature", "properties": { "Taz_num": "6304", "Taz_num_sh": 6304.0, "name": "פסגת זאב דרום", "in_jeru": 1, "in_metro": 1, "sector": "Jewish", "apts_2020": 888.9625862, "apt_add_25": 0.0, "apt_add_30": 89.3, "apt_add_35": 0.0, "apt_add_40": 0.0, "apt_addAll": 89.3, "apts_2040": 978.2625862, "hh_2020": 4.001417042, "hh_2025": 3.982309848, "hh_2030": 3.913555986, "hh_2035": 3.867547987, "hh_2040": 3.807830575, "pop_2020": 3557.110042, "pop_2025": 3540.124462, "pop_2030": 3828.4854, "pop_2035": 3783.477497, "pop_2040": 3725.058186, "stud_2020": 816.1340829, "stud_2025": 838.9253389, "stud_2030": 866.8218123, "stud_2035": 842.3558939, "stud_2040": 796.3437734, "emp_2020": 176.1295565, "emp_2025": 178.218755, "emp_2030": 187.6520317, "emp_2035": 185.4093225, "emp_2040": 175.6733462, "yesh_2020": 0.0, "yesh_2025": 0.0, "yesh_2030": 0.0, "yesh_2035": 0.0, "yesh_2040": 0.0, "uni_2020": 0.0, "uni_2025": 0.0, "uni_2030": 0.0, "uni_2035": 0.0, "uni_2040": 0.0 }, "geometry": { "type": "Point", "coordinates": [ 35.243756630374527, 31.817903735893641 ] } },
{ "type": "Feature", "properties": { "Taz_num": "4603", "Taz_num_sh": 4603.0, "name": "גבעת משואה מזרח", "in_jeru": 1, "in_metro": 1, "sector": "Jewish", "apts_2020": 660.0, "apt_add_25": 0.0, "apt_add_30": 0.0, "apt_add_35": 0.0, "apt_add_40": 0.0, "apt_addAll": 0.0, "apts_2040": 660.0, "hh_2020": 3.6, "hh_2025": 3.6, "hh_2030": 3.6, "hh_2035": 3.6, "hh_2040": 3.6, "pop_2020": 2376.0, "pop_2025": 2376.0, "pop_2030": 2376.0, "pop_2035": 2376.0, "pop_2040": 2376.0, "stud_2020": 571.28, "stud_2025": 571.28, "stud_2030": 571.28, "stud_2035": 571.28, "stud_2040": 571.28, "emp_2020": 103.1873333, "emp_2025": 103.1873333, "emp_2030": 103.1873333, "emp_2035": 103.1873333, "emp_2040": 103.1873333, "yesh_2020": 0.0, "yesh_2025": 0.0, "yesh_2030": 0.0, "yesh_2035": 0.0, "yesh_2040": 0.0, "uni_2020": 0.0, "uni_2025": 0.0, "uni_2030": 0.0, "uni_2035": 0.0, "uni_2040": 0.0 }, "geometry": { "type": "Point", "coordinates": [ 35.171115429430628, 31.748501505953833 ] } },
{ "type": "Feature", "properties": { "Taz_num": "4612", "Taz_num_sh": 4612.0, "name": "גבעת משואה מערב", "in_jeru": 1, "in_metro": 1, "sector": "Jewish", "apts_2020": 556.0, "apt_add_25": 0.0, "apt_add_30": 0.0, "apt_add_35": 0.0, "apt_add_40": 0.0, "apt_addAll": 0.0, "apts_2040": 556.0, "hh_2020": 3.6, "hh_2025": 3.6, "hh_2030": 3.6, "hh_2035": 3.6, "hh_2040": 3.6, "pop_2020": 2001.6, "pop_2025": 2001.6, "pop_2030": 2001.6, "pop_2035": 2001.6, "pop_2040": 2001.6, "stud_2020": 95.048, "stud_2025": 95.048, "stud_2030": 95.048, "stud_2035": 95.048, "stud_2040": 95.048, "emp_2020": 51.52473333, "emp_2025": 51.52473333, "emp_2030": 51.52473333, "emp_2035": 51.52473333, "emp_2040": 51.52473333, "yesh_2020": 0.0, "yesh_2025": 0.0, "yesh_2030": 0.0, "yesh_2035": 0.0, "yesh_2040": 0.0, "uni_2020": 0.0, "uni_2025": 0.0, "uni_2030": 0.0, "uni_2035": 0.0, "uni_2040": 0.0 }, "geometry": { "type": "Point", "coordinates": [ 35.166689397209119, 31.750547070698364 ] } },
{ "type": "Feature", "properties": { "Taz_num": "4611", "Taz_num_sh": 4611.0, "name": "מורדות גבעת משואה צפון", "in_jeru": 1, "in_metro": 1, "sector": "Jewish", "apts_2020": 0.0, "apt_add_25": 0.0, "apt_add_30": 639.0, "apt_add_35": 0.0, "apt_add_40": 0.0, "apt_addAll": 639.0, "apts_2040": 639.0, "hh_2020": 3.6, "hh_2025": 3.6, "hh_2030": 3.6, "hh_2035": 3.6, "hh_2040": 3.6, "pop_2020": 0.0, "pop_2025": 0.0, "pop_2030": 2300.4, "pop_2035": 2300.4, "pop_2040": 2300.4, "stud_2020": 0.0, "stud_2025": 0.0, "stud_2030": 879.012, "stud_2035": 879.012, "stud_2040": 879.012, "emp_2020": 0.0, "emp_2025": 0.0, "emp_2030": 327.1059, "emp_2035": 327.1059, "emp_2040": 327.1059, "yesh_2020": 0.0, "yesh_2025": 0.0, "yesh_2030": 0.0, "yesh_2035": 0.0, "yesh_2040": 0.0, "uni_2020": 0.0, "uni_2025": 0.0, "uni_2030": 0.0, "uni_2035": 0.0, "uni_2040": 0.0 }, "geometry": { "type": "Point", "coordinates": [ 35.171323227147937, 31.75093028599359 ] } },
{ "type": "Feature", "properties": { "Taz_num": "6201", "Taz_num_sh": 6201.0, "name": "פסגת זאב מרכז - מזרח", "in_jeru": 1, "in_metro": 1, "sector": "Jewish", "apts_2020": 698.0, "apt_add_25": 0.0, "apt_add_30": 0.0, "apt_add_35": 0.0, "apt_add_40": 0.0, "apt_addAll": 0.0, "apts_2040": 698.0, "hh_2020": 3.5, "hh_2025": 3.316907352, "hh_2030": 3.311896377, "hh_2035": 3.273116955, "hh_2040": 3.229694339, "pop_2020": 2443.0, "pop_2025": 2315.201331, "pop_2030": 2311.703671, "pop_2035": 2284.635635, "pop_2040": 2254.326649, "stud_2020": 485.58, "stud_2025": 485.58, "stud_2030": 485.58, "stud_2035": 485.58, "stud_2040": 485.58, "emp_2020": 121.2915, "emp_2025": 121.2915, "emp_2030": 121.2915, "emp_2035": 121.2915, "emp_2040": 121.2915, "yesh_2020": 0.0, "yesh_2025": 0.0, "yesh_2030": 0.0, "yesh_2035": 0.0, "yesh_2040": 0.0, "uni_2020": 0.0, "uni_2025": 0.0, "uni_2030": 0.0, "uni_2035": 0.0, "uni_2040": 0.0 }, "geometry": { "type": "Point", "coordinates": [ 35.2458883930504, 31.830119402539662 ] } },
{ "type": "Feature", "properties": { "Taz_num": "6200", "Taz_num_sh": 6200.0, "name": "פסגת זאב מרכב - רחוב שחק", "in_jeru": 1, "in_metro": 1, "sector": "Jewish", "apts_2020": 305.0, "apt_add_25": 0.0, "apt_add_30": 72.1, "apt_add_35": 282.0, "apt_add_40": 0.0, "apt_addAll": 354.1, "apts_2040": 659.1, "hh_2020": 3.5, "hh_2025": 4.5, "hh_2030": 5.0, "hh_2035": 5.0, "hh_2040": 5.0, "pop_2020": 1067.5, "pop_2025": 1372.5, "pop_2030": 1885.5, "pop_2035": 3295.5, "pop_2040": 3295.5, "stud_2020": 80.05, "stud_2025": 98.35, "stud_2030": 791.035, "stud_2035": 1736.035, "stud_2040": 1736.035, "emp_2020": 40.88791667, "emp_2025": 42.56541667, "emp_2030": 113.9925417, "emp_2035": 231.6375417, "emp_2040": 231.6375417, "yesh_2020": 0.0, "yesh_2025": 0.0, "yesh_2030": 0.0, "yesh_2035": 0.0, "yesh_2040": 0.0, "uni_2020": 0.0, "uni_2025": 0.0, "uni_2030": 0.0, "uni_2035": 0.0, "uni_2040": 0.0 }, "geometry": { "type": "Point", "coordinates": [ 35.247395606753912, 31.833375775405958 ] } },
{ "type": "Feature", "properties": { "Taz_num": "4608", "Taz_num_sh": 4608.0, "name": "רחוב קוסטה ריקה", "in_jeru": 1, "in_metro": 1, "sector": "Jewish", "apts_2020": 852.0, "apt_add_25": 0.0, "apt_add_30": 0.0, "apt_add_35": 180.95, "apt_add_40": 250.25, "apt_addAll": 431.2, "apts_2040": 1283.2, "hh_2020": 2.687995125, "hh_2025": 2.759130772, "hh_2030": 2.830266419, "hh_2035": 2.901402066, "hh_2040": 2.972537713, "pop_2020": 2290.171846, "pop_2025": 2350.779418, "pop_2030": 2411.386989, "pop_2035": 2997.003264, "pop_2040": 3814.360394, "stud_2020": 510.7051554, "stud_2025": 522.8266697, "stud_2030": 534.9481839, "stud_2035": 622.7906252, "stud_2040": 745.3941946, "emp_2020": 65.55863924000001, "emp_2025": 66.66977805000001, "emp_2030": 67.78091686, "emp_2035": 79.81404064, "emp_2040": 96.55820117, "yesh_2020": 0.0, "yesh_2025": 0.0, "yesh_2030": 0.0, "yesh_2035": 0.0, "yesh_2040": 0.0, "uni_2020": 0.0, "uni_2025": 0.0, "uni_2030": 0.0, "uni_2035": 0.0, "uni_2040": 0.0 }, "geometry": { "type": "Point", "coordinates": [ 35.171911027139977, 31.753116179375738 ] } },
{ "type": "Feature", "properties": { "Taz_num": "4601", "Taz_num_sh": 4601.0, "name": "עיר גנים ג", "in_jeru": 1, "in_metro": 1, "sector": "Jewish", "apts_2020": 788.0, "apt_add_25": 0.0, "apt_add_30": 278.8, "apt_add_35": 0.0, "apt_add_40": 148.4, "apt_addAll": 427.2, "apts_2040": 1215.2, "hh_2020": 2.687995125, "hh_2025": 2.770441329, "hh_2030": 2.852887532, "hh_2035": 2.935333736, "hh_2040": 3.01777994, "pop_2020": 2118.140158, "pop_2025": 2183.107767, "pop_2030": 3043.460419, "pop_2035": 3131.41403, "pop_2040": 3667.206183, "stud_2020": 441.5442048, "stud_2025": 454.5377265, "stud_2030": 626.608257, "stud_2035": 639.8012985, "stud_2040": 720.1701215000001, "emp_2020": 101.1508854, "emp_2025": 102.3419583, "emp_2030": 184.4626902, "emp_2035": 185.6720524, "emp_2040": 208.7995545, "yesh_2020": 0.0, "yesh_2025": 0.0, "yesh_2030": 0.0, "yesh_2035": 0.0, "yesh_2040": 0.0, "uni_2020": 0.0, "uni_2025": 0.0, "uni_2030": 0.0, "uni_2035": 0.0, "uni_2040": 0.0 }, "geometry": { "type": "Point", "coordinates": [ 35.170692692697507, 31.753648029564268 ] } },
{ "type": "Feature", "properties": { "Taz_num": "4301", "Taz_num_sh": 4301.0, "name": "מלחה - אצטדיון טדי", "in_jeru": 1, "in_metro": 1, "sector": "Jewish", "apts_2020": 0.0, "apt_add_25": 0.0, "apt_add_30": 0.0, "apt_add_35": 0.0, "apt_add_40": 0.0, "apt_addAll": 0.0, "apts_2040": 0.0, "hh_2020": 0.0, "hh_2025": 0.0, "hh_2030": 0.0, "hh_2035": 0.0, "hh_2040": 0.0, "pop_2020": 0.0, "pop_2025": 0.0, "pop_2030": 0.0, "pop_2035": 0.0, "pop_2040": 0.0, "stud_2020": 0.0, "stud_2025": 0.0, "stud_2030": 0.0, "stud_2035": 0.0, "stud_2040": 0.0, "emp_2020": 588.5487015, "emp_2025": 597.8713618, "emp_2030": 607.9219879, "emp_2035": 617.1272344, "emp_2040": 625.5340665, "yesh_2020": 0.0, "yesh_2025": 0.0, "yesh_2030": 0.0, "yesh_2035": 0.0, "yesh_2040": 0.0, "uni_2020": 0.0, "uni_2025": 0.0, "uni_2030": 0.0, "uni_2035": 0.0, "uni_2040": 0.0 }, "geometry": { "type": "Point", "coordinates": [ 35.191928402331996, 31.752682524239738 ] } },
{ "type": "Feature", "properties": { "Taz_num": "3606", "Taz_num_sh": 3606.0, "name": "שרפאת", "in_jeru": 1, "in_metro": 1, "sector": "Arab", "apts_2020": 398.1826384, "apt_add_25": 74.73342837, "apt_add_30": 79.08943219, "apt_add_35": 91.68632829000001, "apt_add_40": 111.883772, "apt_addAll": 357.3929608, "apts_2040": 755.5755992000001, "hh_2020": 4.2, "hh_2025": 4.2, "hh_2030": 4.0, "hh_2035": 4.0, "hh_2040": 3.8, "pop_2020": 1672.367081, "pop_2025": 1986.24748, "pop_2030": 2302.605209, "pop_2035": 2669.350522, "pop_2040": 3094.508856, "stud_2020": 100.3420249, "stud_2025": 119.1748488, "stud_2030": 138.1563126, "stud_2035": 160.1610313, "stud_2040": 185.6705313, "emp_2020": 74.89815428, "emp_2025": 88.95551216, "emp_2030": 103.745236, "emp_2035": 120.8905794, "emp_2040": 141.6897726, "yesh_2020": 0.0, "yesh_2025": 0.0, "yesh_2030": 0.0, "yesh_2035": 0.0, "yesh_2040": 0.0, "uni_2020": 0.0, "uni_2025": 0.0, "uni_2030": 0.0, "uni_2035": 0.0, "uni_2040": 0.0 }, "geometry": { "type": "Point", "coordinates": [ 35.190159792300577, 31.743134235002394 ] } },
{ "type": "Feature", "properties": { "Taz_num": "4304", "Taz_num_sh": 4304.0, "name": "מלחה - תחנת הרכבת", "in_jeru": 1, "in_metro": 1, "sector": "Jewish", "apts_2020": 0.0, "apt_add_25": 0.0, "apt_add_30": 0.0, "apt_add_35": 0.0, "apt_add_40": 0.0, "apt_addAll": 0.0, "apts_2040": 0.0, "hh_2020": 0.0, "hh_2025": 0.0, "hh_2030": 0.0, "hh_2035": 0.0, "hh_2040": 0.0, "pop_2020": 0.0, "pop_2025": 0.0, "pop_2030": 0.0, "pop_2035": 0.0, "pop_2040": 0.0, "stud_2020": 0.0, "stud_2025": 0.0, "stud_2030": 0.0, "stud_2035": 0.0, "stud_2040": 0.0, "emp_2020": 252.2336055, "emp_2025": 256.925425, "emp_2030": 261.9836083, "emp_2035": 754.5618108, "emp_2040": 1259.51295, "yesh_2020": 0.0, "yesh_2025": 0.0, "yesh_2030": 0.0, "yesh_2035": 0.0, "yesh_2040": 0.0, "uni_2020": 0.0, "uni_2025": 0.0, "uni_2030": 0.0, "uni_2035": 0.0, "uni_2040": 0.0 }, "geometry": { "type": "Point", "coordinates": [ 35.190669690641265, 31.748525710865682 ] } },
{ "type": "Feature", "properties": { "Taz_num": "3604", "Taz_num_sh": 3604.0, "name": "בית צפפה צפון מערב", "in_jeru": 1, "in_metro": 1, "sector": "Arab", "apts_2020": 587.3623166, "apt_add_25": 110.2398633, "apt_add_30": 116.6654385, "apt_add_35": 155.2472182, "apt_add_40": 250.6306055, "apt_addAll": 632.7831254, "apts_2040": 1220.145442, "hh_2020": 4.2, "hh_2025": 4.2, "hh_2030": 4.0, "hh_2035": 4.0, "hh_2040": 3.8, "pop_2020": 2466.92173, "pop_2025": 2929.929155, "pop_2030": 3396.590909, "pop_2035": 4017.579782, "pop_2040": 4969.976083, "stud_2020": 148.0153038, "stud_2025": 175.7957493, "stud_2030": 203.7954546, "stud_2035": 241.0547869, "stud_2040": 298.198565, "emp_2020": 110.4828517, "emp_2025": 131.21897, "emp_2030": 153.035407, "emp_2035": 182.0666368, "emp_2040": 272.6588664, "yesh_2020": 0.0, "yesh_2025": 0.0, "yesh_2030": 0.0, "yesh_2035": 0.0, "yesh_2040": 0.0, "uni_2020": 0.0, "uni_2025": 0.0, "uni_2030": 0.0, "uni_2035": 0.0, "uni_2040": 0.0 }, "geometry": { "type": "Point", "coordinates": [ 35.197462058852253, 31.746437327857922 ] } },
{ "type": "Feature", "properties": { "Taz_num": "3609", "Taz_num_sh": 3609.0, "name": "בית צפפה מערב", "in_jeru": 1, "in_metro": 1, "sector": "Arab", "apts_2020": 279.9820169, "apt_add_25": 52.5487904, "apt_add_30": 250.0117133, "apt_add_35": 115.4320975, "apt_add_40": 151.8078295, "apt_addAll": 569.8004308, "apts_2040": 849.7824477, "hh_2020": 4.2, "hh_2025": 4.2, "hh_2030": 4.0, "hh_2035": 4.0, "hh_2040": 3.8, "pop_2020": 1175.924471, "pop_2025": 1396.629391, "pop_2030": 2396.676244, "pop_2035": 2858.404634, "pop_2040": 3435.274386, "stud_2020": 70.55546827000001, "stud_2025": 83.79776345000001, "stud_2030": 143.8005746, "stud_2035": 171.5042781, "stud_2040": 206.1164632, "emp_2020": 28.02619989, "emp_2025": 33.28633381, "emp_2030": 58.03749343, "emp_2035": 69.46527109, "emp_2040": 119.3897576, "yesh_2020": 0.0, "yesh_2025": 0.0, "yesh_2030": 0.0, "yesh_2035": 0.0, "yesh_2040": 0.0, "uni_2020": 0.0, "uni_2025": 0.0, "uni_2030": 0.0, "uni_2035": 0.0, "uni_2040": 0.0 }, "geometry": { "type": "Point", "coordinates": [ 35.199643297941911, 31.739500316901637 ] } },
{ "type": "Feature", "properties": { "Taz_num": "3506", "Taz_num_sh": 3506.0, "name": "גילה ב", "in_jeru": 1, "in_metro": 1, "sector": "Jewish", "apts_2020": 1000.0, "apt_add_25": 0.0, "apt_add_30": 0.0, "apt_add_35": 189.0, "apt_add_40": 0.0, "apt_addAll": 189.0, "apts_2040": 1189.0, "hh_2020": 3.4, "hh_2025": 3.4, "hh_2030": 3.4, "hh_2035": 3.4, "hh_2040": 3.4, "pop_2020": 3400.0, "pop_2025": 3400.0, "pop_2030": 3400.0, "pop_2035": 4042.6, "pop_2040": 4042.6, "stud_2020": 647.6549404, "stud_2025": 681.8418691000001, "stud_2030": 681.8418691000001, "stud_2035": 896.9867284, "stud_2040": 896.9867284, "emp_2020": 379.7128759, "emp_2025": 382.8466777, "emp_2030": 382.8466777, "emp_2035": 417.1212898, "emp_2040": 399.0151324, "yesh_2020": 0.0, "yesh_2025": 0.0, "yesh_2030": 0.0, "yesh_2035": 0.0, "yesh_2040": 0.0, "uni_2020": 0.0, "uni_2025": 0.0, "uni_2030": 0.0, "uni_2035": 0.0, "uni_2040": 0.0 }, "geometry": { "type": "Point", "coordinates": [ 35.182179285370736, 31.736144613587825 ] } },
{ "type": "Feature", "properties": { "Taz_num": "3509", "Taz_num_sh": 3509.0, "name": "מורדות גילה מערב", "in_jeru": 1, "in_metro": 1, "sector": "Jewish", "apts_2020": 300.0, "apt_add_25": 497.0, "apt_add_30": 0.0, "apt_add_35": 0.0, "apt_add_40": 0.0, "apt_addAll": 497.0, "apts_2040": 797.0, "hh_2020": 3.626866233, "hh_2025": 3.650701518, "hh_2030": 3.656736023, "hh_2035": 3.661151652, "hh_2040": 3.666359603, "pop_2020": 1088.05987, "pop_2025": 2909.60911, "pop_2030": 2914.41861, "pop_2035": 2917.937866, "pop_2040": 2922.088603, "stud_2020": 0.0, "stud_2025": 546.464772, "stud_2030": 547.9076221, "stud_2035": 900.0, "stud_2040": 900.0, "emp_2020": 33.0, "emp_2025": 137.7626041, "emp_2030": 137.8948654, "emp_2035": 170.17, "emp_2040": 170.17, "yesh_2020": 0.0, "yesh_2025": 0.0, "yesh_2030": 0.0, "yesh_2035": 0.0, "yesh_2040": 0.0, "uni_2020": 0.0, "uni_2025": 0.0, "uni_2030": 0.0, "uni_2035": 0.0, "uni_2040": 0.0 }, "geometry": { "type": "Point", "coordinates": [ 35.176454167800294, 31.737381539230029 ] } },
{ "type": "Feature", "properties": { "Taz_num": "3505", "Taz_num_sh": 3505.0, "name": "גילה - המחנכת", "in_jeru": 1, "in_metro": 1, "sector": "Jewish", "apts_2020": 525.0, "apt_add_25": 0.0, "apt_add_30": 0.0, "apt_add_35": 0.0, "apt_add_40": 0.0, "apt_addAll": 0.0, "apts_2040": 525.0, "hh_2020": 2.9, "hh_2025": 3.2, "hh_2030": 3.2, "hh_2035": 3.4, "hh_2040": 3.4, "pop_2020": 1522.5, "pop_2025": 1680.0, "pop_2030": 1680.0, "pop_2035": 1785.0, "pop_2040": 1785.0, "stud_2020": 100.0, "stud_2025": 147.25, "stud_2030": 147.25, "stud_2035": 178.75, "stud_2040": 178.75, "emp_2020": 66.91666667, "emp_2025": 71.24791667, "emp_2030": 71.24791667, "emp_2035": 74.13541667, "emp_2040": 74.13541667, "yesh_2020": 0.0, "yesh_2025": 0.0, "yesh_2030": 0.0, "yesh_2035": 0.0, "yesh_2040": 0.0, "uni_2020": 0.0, "uni_2025": 0.0, "uni_2030": 0.0, "uni_2035": 0.0, "uni_2040": 0.0 }, "geometry": { "type": "Point", "coordinates": [ 35.178284091552818, 31.737123851605777 ] } },
{ "type": "Feature", "properties": { "Taz_num": "2403", "Taz_num_sh": 2403.0, "name": "עבידייה", "in_jeru": 1, "in_metro": 1, "sector": "Arab", "apts_2020": 1693.489733, "apt_add_25": 148.358879, "apt_add_30": 110.758879, "apt_add_35": 121.558879, "apt_add_40": 92.15887898, "apt_addAll": 472.8355159, "apts_2040": 2166.325249, "hh_2020": 5.189701897, "hh_2025": 5.189701897, "hh_2030": 5.189701897, "hh_2035": 5.129652304, "hh_2040": 5.132206908, "pop_2020": 8788.706878000001, "pop_2025": 9558.645233, "pop_2030": 10133.4508, "pop_2035": 10639.7523, "pop_2040": 11118.02941, "stud_2020": 2940.957246, "stud_2025": 3157.216238, "stud_2030": 3130.887865, "stud_2035": 3197.677765, "stud_2040": 3168.854016, "emp_2020": 670.3459184, "emp_2025": 701.5932929000001, "emp_2030": 707.7082925, "emp_2035": 723.1907337, "emp_2040": 1012.734103, "yesh_2020": 0.0, "yesh_2025": 0.0, "yesh_2030": 0.0, "yesh_2035": 0.0, "yesh_2040": 0.0, "uni_2020": 0.0, "uni_2025": 0.0, "uni_2030": 0.0, "uni_2035": 0.0, "uni_2040": 0.0 }, "geometry": { "type": "Point", "coordinates": [ 35.245510408256273, 31.745320065494113 ] } },
{ "type": "Feature", "properties": { "Taz_num": "6211", "Taz_num_sh": 6211.0, "name": "פסגת זאב מרכז - פארק", "in_jeru": 1, "in_metro": 1, "sector": "Jewish", "apts_2020": 1015.0, "apt_add_25": 0.0, "apt_add_30": 0.0, "apt_add_35": 0.0, "apt_add_40": 0.0, "apt_addAll": 0.0, "apts_2040": 1015.0, "hh_2020": 3.1, "hh_2025": 3.1, "hh_2030": 3.1, "hh_2035": 3.101316404, "hh_2040": 3.017467866, "pop_2020": 3146.5, "pop_2025": 3146.5, "pop_2030": 3146.5, "pop_2035": 3147.83615, "pop_2040": 3062.729884, "stud_2020": 234.6277466, "stud_2025": 266.7554931, "stud_2030": 298.8832397, "stud_2035": 331.0109862, "stud_2040": 363.1387328, "emp_2020": 133.1575434, "emp_2025": 136.1025869, "emp_2030": 139.0476303, "emp_2035": 141.9926737, "emp_2040": 144.9377172, "yesh_2020": 0.0, "yesh_2025": 0.0, "yesh_2030": 0.0, "yesh_2035": 0.0, "yesh_2040": 0.0, "uni_2020": 0.0, "uni_2025": 0.0, "uni_2030": 0.0, "uni_2035": 0.0, "uni_2040": 0.0 }, "geometry": { "type": "Point", "coordinates": [ 35.240942677030596, 31.83210260409772 ] } },
{ "type": "Feature", "properties": { "Taz_num": "6212", "Taz_num_sh": 6212.0, "name": "פסגת זאב מרכז - סיירת גולני", "in_jeru": 1, "in_metro": 1, "sector": "Jewish", "apts_2020": 529.0, "apt_add_25": 0.0, "apt_add_30": 0.0, "apt_add_35": 0.0, "apt_add_40": 0.0, "apt_addAll": 0.0, "apts_2040": 529.0, "hh_2020": 3.1, "hh_2025": 3.1, "hh_2030": 3.1, "hh_2035": 3.101316404, "hh_2040": 3.017467866, "pop_2020": 1639.9, "pop_2025": 1639.9, "pop_2030": 1639.9, "pop_2035": 1640.596378, "pop_2040": 1596.240501, "stud_2020": 547.464742, "stud_2025": 622.4294839, "stud_2030": 697.3942259, "stud_2035": 772.3589679, "stud_2040": 847.3237099, "emp_2020": 108.374268, "emp_2025": 115.246036, "emp_2030": 122.117804, "emp_2035": 128.9895721, "emp_2040": 135.8613401, "yesh_2020": 0.0, "yesh_2025": 0.0, "yesh_2030": 0.0, "yesh_2035": 0.0, "yesh_2040": 0.0, "uni_2020": 0.0, "uni_2025": 0.0, "uni_2030": 0.0, "uni_2035": 0.0, "uni_2040": 0.0 }, "geometry": { "type": "Point", "coordinates": [ 35.243255689120403, 31.829722399903034 ] } },
{ "type": "Feature", "properties": { "Taz_num": "4307", "Taz_num_sh": 4307.0, "name": "מלחה - מע_ר דרום מערב מגורים", "in_jeru": 1, "in_metro": 1, "sector": "Jewish", "apts_2020": 0.0, "apt_add_25": 0.0, "apt_add_30": 0.0, "apt_add_35": 0.0, "apt_add_40": 250.0, "apt_addAll": 250.0, "apts_2040": 250.0, "hh_2020": 0.0, "hh_2025": 0.0, "hh_2030": 0.0, "hh_2035": 0.0, "hh_2040": 3.7, "pop_2020": 0.0, "pop_2025": 0.0, "pop_2030": 0.0, "pop_2035": 0.0, "pop_2040": 925.0, "stud_2020": 0.0, "stud_2025": 0.0, "stud_2030": 0.0, "stud_2035": 0.0, "stud_2040": 323.75, "emp_2020": 0.0, "emp_2025": 0.0, "emp_2030": 0.0, "emp_2035": 0.0, "emp_2040": 947.8602833, "yesh_2020": 0.0, "yesh_2025": 0.0, "yesh_2030": 0.0, "yesh_2035": 0.0, "yesh_2040": 0.0, "uni_2020": 0.0, "uni_2025": 0.0, "uni_2030": 0.0, "uni_2035": 0.0, "uni_2040": 0.0 }, "geometry": { "type": "Point", "coordinates": [ 35.192307039781731, 31.750084598827282 ] } },
{ "type": "Feature", "properties": { "Taz_num": "4306", "Taz_num_sh": 4306.0, "name": "מלחה - מע_ר דרום מערב עסקים", "in_jeru": 1, "in_metro": 1, "sector": "Jewish", "apts_2020": 0.0, "apt_add_25": 0.0, "apt_add_30": 0.0, "apt_add_35": 0.0, "apt_add_40": 0.0, "apt_addAll": 0.0, "apts_2040": 0.0, "hh_2020": 0.0, "hh_2025": 0.0, "hh_2030": 0.0, "hh_2035": 0.0, "hh_2040": 0.0, "pop_2020": 0.0, "pop_2025": 0.0, "pop_2030": 0.0, "pop_2035": 0.0, "pop_2040": 0.0, "stud_2020": 0.0, "stud_2025": 0.0, "stud_2030": 0.0, "stud_2035": 0.0, "stud_2040": 0.0, "emp_2020": 0.0, "emp_2025": 0.0, "emp_2030": 0.0, "emp_2035": 0.0, "emp_2040": 1944.0256, "yesh_2020": 0.0, "yesh_2025": 0.0, "yesh_2030": 0.0, "yesh_2035": 0.0, "yesh_2040": 0.0, "uni_2020": 0.0, "uni_2025": 0.0, "uni_2030": 0.0, "uni_2035": 0.0, "uni_2040": 0.0 }, "geometry": { "type": "Point", "coordinates": [ 35.189465706917673, 31.750772688671432 ] } },
{ "type": "Feature", "properties": { "Taz_num": "3003", "Taz_num_sh": 3003.0, "name": "מסוף אגד תלפיות", "in_jeru": 1, "in_metro": 1, "sector": "Jewish", "apts_2020": 4.578461538, "apt_add_25": 0.0, "apt_add_30": 302.0, "apt_add_35": 224.0, "apt_add_40": 309.3, "apt_addAll": 835.3, "apts_2040": 839.8784615, "hh_2020": 3.7, "hh_2025": 3.7, "hh_2030": 3.7, "hh_2035": 3.7, "hh_2040": 3.7, "pop_2020": 16.94030769, "pop_2025": 16.94030769, "pop_2030": 1134.340308, "pop_2035": 1963.140308, "pop_2040": 3107.550308, "stud_2020": 183.0, "stud_2025": 183.0, "stud_2030": 255.4342768, "stud_2035": 442.0660373, "stud_2040": 699.7678387, "emp_2020": 497.4160745, "emp_2025": 503.6680419, "emp_2030": 536.9246146, "emp_2035": 581.6642311000001, "emp_2040": 646.5871131, "yesh_2020": 0.0, "yesh_2025": 0.0, "yesh_2030": 0.0, "yesh_2035": 0.0, "yesh_2040": 0.0, "uni_2020": 0.0, "uni_2025": 0.0, "uni_2030": 0.0, "uni_2035": 0.0, "uni_2040": 0.0 }, "geometry": { "type": "Point", "coordinates": [ 35.212852127316012, 31.74374859335877 ] } },
{ "type": "Feature", "properties": { "Taz_num": "3601", "Taz_num_sh": 3601.0, "name": "בית צפפה מזרח", "in_jeru": 1, "in_metro": 1, "sector": "Arab", "apts_2020": 121.3926206, "apt_add_25": 206.970248, "apt_add_30": 206.970248, "apt_add_35": 206.970248, "apt_add_40": 206.970248, "apt_addAll": 827.8809921, "apts_2040": 949.2736126, "hh_2020": 4.02991453, "hh_2025": 4.02991453, "hh_2030": 4.02991453, "hh_2035": 4.02991453, "hh_2040": 4.02991453, "pop_2020": 489.2018855, "pop_2025": 1323.274295, "pop_2030": 2157.346705, "pop_2035": 2991.419115, "pop_2040": 3825.491524, "stud_2020": 0.0, "stud_2025": 271.151694, "stud_2030": 542.303388, "stud_2035": 813.455082, "stud_2040": 1084.606776, "emp_2020": 169.798137, "emp_2025": 210.590418, "emp_2030": 251.3826991, "emp_2035": 292.1749801, "emp_2040": 915.383898, "yesh_2020": 0.0, "yesh_2025": 0.0, "yesh_2030": 0.0, "yesh_2035": 0.0, "yesh_2040": 0.0, "uni_2020": 0.0, "uni_2025": 0.0, "uni_2030": 0.0, "uni_2035": 0.0, "uni_2040": 0.0 }, "geometry": { "type": "Point", "coordinates": [ 35.209643771949004, 31.742586438842491 ] } },
{ "type": "Feature", "properties": { "Taz_num": "3305", "Taz_num_sh": 3305.0, "name": "הר חומה ג'", "in_jeru": 1, "in_metro": 1, "sector": "Jewish", "apts_2020": 950.0, "apt_add_25": 0.0, "apt_add_30": 240.45, "apt_add_35": 240.45, "apt_add_40": 0.0, "apt_addAll": 480.9, "apts_2040": 1430.9, "hh_2020": 3.8, "hh_2025": 3.8, "hh_2030": 3.8, "hh_2035": 3.8, "hh_2040": 3.8, "pop_2020": 3610.0, "pop_2025": 3610.0, "pop_2030": 4523.71, "pop_2035": 5437.42, "pop_2040": 5437.42, "stud_2020": 720.238478, "stud_2025": 1509.907439, "stud_2030": 1892.072958, "stud_2035": 2274.238478, "stud_2040": 2274.238478, "emp_2020": 137.1695525, "emp_2025": 208.6358628, "emp_2030": 262.8248718, "emp_2035": 317.6281518, "emp_2040": 318.6511605, "yesh_2020": 0.0, "yesh_2025": 0.0, "yesh_2030": 0.0, "yesh_2035": 0.0, "yesh_2040": 0.0, "uni_2020": 0.0, "uni_2025": 0.0, "uni_2030": 0.0, "uni_2035": 0.0, "uni_2040": 0.0 }, "geometry": { "type": "Point", "coordinates": [ 35.231326292489477, 31.719219027680378 ] } },
{ "type": "Feature", "properties": { "Taz_num": "3304", "Taz_num_sh": 3304.0, "name": "הר חומה ב'", "in_jeru": 1, "in_metro": 1, "sector": "Jewish", "apts_2020": 1213.0, "apt_add_25": 0.0, "apt_add_30": 0.0, "apt_add_35": 0.0, "apt_add_40": 0.0, "apt_addAll": 0.0, "apts_2040": 1213.0, "hh_2020": 3.9, "hh_2025": 3.9, "hh_2030": 3.9, "hh_2035": 3.9, "hh_2040": 3.9, "pop_2020": 4730.7, "pop_2025": 4730.7, "pop_2030": 4730.7, "pop_2035": 4730.7, "pop_2040": 4730.7, "stud_2020": 1088.775621, "stud_2025": 1088.775621, "stud_2030": 1088.775621, "stud_2035": 1088.775621, "stud_2040": 1088.775621, "emp_2020": 243.5913964, "emp_2025": 238.4425378, "emp_2030": 219.4121019, "emp_2035": 206.5481489, "emp_2040": 193.205432, "yesh_2020": 0.0, "yesh_2025": 0.0, "yesh_2030": 0.0, "yesh_2035": 0.0, "yesh_2040": 0.0, "uni_2020": 0.0, "uni_2025": 0.0, "uni_2030": 0.0, "uni_2035": 0.0, "uni_2040": 0.0 }, "geometry": { "type": "Point", "coordinates": [ 35.227366407547045, 31.722468712269841 ] } },
{ "type": "Feature", "properties": { "Taz_num": "3301", "Taz_num_sh": 3301.0, "name": "הר חומה דרום", "in_jeru": 1, "in_metro": 1, "sector": "Jewish", "apts_2020": 1358.0, "apt_add_25": 19.0, "apt_add_30": 0.0, "apt_add_35": 0.0, "apt_add_40": 0.0, "apt_addAll": 19.0, "apts_2040": 1377.0, "hh_2020": 3.7, "hh_2025": 3.7, "hh_2030": 3.7, "hh_2035": 3.7, "hh_2040": 3.7, "pop_2020": 5024.6, "pop_2025": 5094.9, "pop_2030": 5094.9, "pop_2035": 5094.9, "pop_2040": 5094.9, "stud_2020": 903.3771462, "stud_2025": 1119.383314, "stud_2030": 1119.383314, "stud_2035": 1119.383314, "stud_2040": 1119.383314, "emp_2020": 466.353938, "emp_2025": 253.240943, "emp_2030": 230.4786418, "emp_2035": 222.8940655, "emp_2040": 208.6391372, "yesh_2020": 0.0, "yesh_2025": 0.0, "yesh_2030": 0.0, "yesh_2035": 0.0, "yesh_2040": 0.0, "uni_2020": 0.0, "uni_2025": 0.0, "uni_2030": 0.0, "uni_2035": 0.0, "uni_2040": 0.0 }, "geometry": { "type": "Point", "coordinates": [ 35.219385397380002, 31.719383505884455 ] } },
{ "type": "Feature", "properties": { "Taz_num": "3302", "Taz_num_sh": 3302.0, "name": "הר חומה א' מרכז", "in_jeru": 1, "in_metro": 1, "sector": "Jewish", "apts_2020": 1008.0, "apt_add_25": 0.0, "apt_add_30": 0.0, "apt_add_35": 0.0, "apt_add_40": 0.0, "apt_addAll": 0.0, "apts_2040": 1008.0, "hh_2020": 3.7, "hh_2025": 3.7, "hh_2030": 3.7, "hh_2035": 3.7, "hh_2040": 3.7, "pop_2020": 3729.6, "pop_2025": 3729.6, "pop_2030": 3729.6, "pop_2035": 3729.6, "pop_2040": 3729.6, "stud_2020": 670.5479848, "stud_2025": 819.4178511, "stud_2030": 819.4178511, "stud_2035": 819.4178511, "stud_2040": 819.4178511, "emp_2020": 346.1596241, "emp_2025": 180.5600009, "emp_2030": 169.3435873, "emp_2035": 163.5736622, "emp_2040": 152.729303, "yesh_2020": 0.0, "yesh_2025": 0.0, "yesh_2030": 0.0, "yesh_2035": 0.0, "yesh_2040": 0.0, "uni_2020": 0.0, "uni_2025": 0.0, "uni_2030": 0.0, "uni_2035": 0.0, "uni_2040": 0.0 }, "geometry": { "type": "Point", "coordinates": [ 35.220395145906998, 31.724335923367487 ] } },
{ "type": "Feature", "properties": { "Taz_num": "3303", "Taz_num_sh": 3303.0, "name": "הר חומה א' צפון", "in_jeru": 1, "in_metro": 1, "sector": "Jewish", "apts_2020": 2533.0, "apt_add_25": 0.0, "apt_add_30": 90.8, "apt_add_35": 0.0, "apt_add_40": 0.0, "apt_addAll": 90.8, "apts_2040": 2623.8, "hh_2020": 3.632083238, "hh_2025": 3.632083238, "hh_2030": 3.632083238, "hh_2035": 3.632083238, "hh_2040": 3.632083238, "pop_2020": 9200.066842, "pop_2025": 9200.066842, "pop_2030": 9529.86, "pop_2035": 9529.86, "pop_2040": 9529.86, "stud_2020": 1685.017902, "stud_2025": 2021.315691, "stud_2030": 2093.773435, "stud_2035": 2093.773435, "stud_2040": 2093.773435, "emp_2020": 869.8634205, "emp_2025": 984.121033, "emp_2030": 1002.975288, "emp_2035": 1005.660908, "emp_2040": 1010.70843, "yesh_2020": 0.0, "yesh_2025": 0.0, "yesh_2030": 0.0, "yesh_2035": 0.0, "yesh_2040": 0.0, "uni_2020": 0.0, "uni_2025": 0.0, "uni_2030": 0.0, "uni_2035": 0.0, "uni_2040": 0.0 }, "geometry": { "type": "Point", "coordinates": [ 35.223456721890571, 31.726414859686663 ] } },
{ "type": "Feature", "properties": { "Taz_num": "3103", "Taz_num_sh": 3103.0, "name": "קיבוץ רמת רחל", "in_jeru": 1, "in_metro": 1, "sector": "Jewish", "apts_2020": 189.0, "apt_add_25": 0.0, "apt_add_30": 352.8, "apt_add_35": 691.05, "apt_add_40": 65.85667879, "apt_addAll": 1109.706679, "apts_2040": 1298.706679, "hh_2020": 3.2, "hh_2025": 3.8, "hh_2030": 3.8, "hh_2035": 3.8, "hh_2040": 3.8, "pop_2020": 604.8, "pop_2025": 718.2, "pop_2030": 2058.84, "pop_2035": 4684.83, "pop_2040": 4935.085379, "stud_2020": 32.38170476, "stud_2025": 183.106924, "stud_2030": 524.9065155, "stud_2035": 1194.409372, "stud_2040": 1258.21262, "emp_2020": 448.2467949, "emp_2025": 464.7914532, "emp_2030": 533.0461959, "emp_2035": 664.2517264000001, "emp_2040": 574.0126535000001, "yesh_2020": 0.0, "yesh_2025": 0.0, "yesh_2030": 0.0, "yesh_2035": 0.0, "yesh_2040": 0.0, "uni_2020": 0.0, "uni_2025": 0.0, "uni_2030": 0.0, "uni_2035": 0.0, "uni_2040": 0.0 }, "geometry": { "type": "Point", "coordinates": [ 35.219551023524581, 31.739685563529374 ] } },
{ "type": "Feature", "properties": { "Taz_num": "3113", "Taz_num_sh": 3113.0, "name": "אמת המים התחתונה", "in_jeru": 1, "in_metro": 1, "sector": "Jewish", "apts_2020": 0.0, "apt_add_25": 0.0, "apt_add_30": 0.0, "apt_add_35": 217.5, "apt_add_40": 217.5, "apt_addAll": 435.0, "apts_2040": 435.0, "hh_2020": 3.403448276, "hh_2025": 3.403448276, "hh_2030": 3.403448276, "hh_2035": 3.403448276, "hh_2040": 3.403448276, "pop_2020": 0.0, "pop_2025": 0.0, "pop_2030": 0.0, "pop_2035": 740.25, "pop_2040": 1480.5, "stud_2020": 0.0, "stud_2025": 0.0, "stud_2030": 0.0, "stud_2035": 243.0, "stud_2040": 486.0, "emp_2020": 0.0, "emp_2025": 0.0, "emp_2030": 0.0, "emp_2035": 46.2, "emp_2040": 92.4, "yesh_2020": 0.0, "yesh_2025": 0.0, "yesh_2030": 0.0, "yesh_2035": 0.0, "yesh_2040": 0.0, "uni_2020": 0.0, "uni_2025": 0.0, "uni_2030": 0.0, "uni_2035": 0.0, "uni_2040": 0.0 }, "geometry": { "type": "Point", "coordinates": [ 35.21741358067294, 31.735948131046449 ] } },
{ "type": "Feature", "properties": { "Taz_num": "3306", "Taz_num_sh": 3306.0, "name": "מנזר מר אליאס", "in_jeru": 1, "in_metro": 1, "sector": "Jewish", "apts_2020": 0.0, "apt_add_25": 0.0, "apt_add_30": 0.0, "apt_add_35": 0.0, "apt_add_40": 0.0, "apt_addAll": 0.0, "apts_2040": 0.0, "hh_2020": 0.0, "hh_2025": 0.0, "hh_2030": 0.0, "hh_2035": 0.0, "hh_2040": 0.0, "pop_2020": 0.0, "pop_2025": 0.0, "pop_2030": 0.0, "pop_2035": 0.0, "pop_2040": 0.0, "stud_2020": 441.0, "stud_2025": 441.0, "stud_2030": 441.0, "stud_2035": 441.0, "stud_2040": 441.0, "emp_2020": 51.58458552, "emp_2025": 48.05443095, "emp_2030": 44.95113258, "emp_2035": 42.64531816, "emp_2040": 40.425, "yesh_2020": 0.0, "yesh_2025": 0.0, "yesh_2030": 0.0, "yesh_2035": 0.0, "yesh_2040": 0.0, "uni_2020": 0.0, "uni_2025": 0.0, "uni_2030": 0.0, "uni_2035": 0.0, "uni_2040": 0.0 }, "geometry": { "type": "Point", "coordinates": [ 35.210682818475618, 31.724548244509784 ] } },
{ "type": "Feature", "properties": { "Taz_num": "3310", "Taz_num_sh": 3310.0, "name": "הר חומה ה' דרום", "in_jeru": 1, "in_metro": 1, "sector": "Jewish", "apts_2020": 0.0, "apt_add_25": 0.0, "apt_add_30": 0.0, "apt_add_35": 40.0, "apt_add_40": 230.8205252, "apt_addAll": 270.8205252, "apts_2040": 270.8205252, "hh_2020": 2.780874881, "hh_2025": 2.780874881, "hh_2030": 2.780874881, "hh_2035": 2.780874881, "hh_2040": 2.780874881, "pop_2020": 0.0, "pop_2025": 0.0, "pop_2030": 0.0, "pop_2035": 111.2349952, "pop_2040": 753.1179958, "stud_2020": 0.0, "stud_2025": 0.0, "stud_2030": 0.0, "stud_2035": 28.35964609, "stud_2040": 192.0093562, "emp_2020": 0.0, "emp_2025": 0.0, "emp_2030": 0.0, "emp_2035": 6.999634225, "emp_2040": 47.39111542, "yesh_2020": 0.0, "yesh_2025": 0.0, "yesh_2030": 0.0, "yesh_2035": 0.0, "yesh_2040": 0.0, "uni_2020": 0.0, "uni_2025": 0.0, "uni_2030": 0.0, "uni_2035": 0.0, "uni_2040": 0.0 }, "geometry": { "type": "Point", "coordinates": [ 35.215638614524707, 31.729693289481276 ] } },
{ "type": "Feature", "properties": { "Taz_num": "3308", "Taz_num_sh": 3308.0, "name": "גבעת המטוס", "in_jeru": 1, "in_metro": 1, "sector": "Jewish", "apts_2020": 0.0, "apt_add_25": 0.0, "apt_add_30": 696.2083571, "apt_add_35": 696.2083571, "apt_add_40": 504.7041785, "apt_addAll": 1897.120893, "apts_2040": 1897.120893, "hh_2020": 3.8, "hh_2025": 3.8, "hh_2030": 3.8, "hh_2035": 3.8, "hh_2040": 3.8, "pop_2020": 0.0, "pop_2025": 0.0, "pop_2030": 2645.591757, "pop_2035": 5291.183514, "pop_2040": 7209.059392, "stud_2020": 0.0, "stud_2025": 0.0, "stud_2030": 674.5003743, "stud_2035": 1349.000749, "stud_2040": 1837.968101, "emp_2020": 19.17857725, "emp_2025": 15.76389357, "emp_2030": 125.1533166, "emp_2035": 234.8914623, "emp_2040": 314.558718, "yesh_2020": 0.0, "yesh_2025": 0.0, "yesh_2030": 0.0, "yesh_2035": 0.0, "yesh_2040": 0.0, "uni_2020": 0.0, "uni_2025": 0.0, "uni_2030": 0.0, "uni_2035": 0.0, "uni_2040": 0.0 }, "geometry": { "type": "Point", "coordinates": [ 35.208847841429844, 31.738166063667801 ] } },
{ "type": "Feature", "properties": { "Taz_num": "3602", "Taz_num_sh": 3602.0, "name": "בית צפפה מרכז", "in_jeru": 1, "in_metro": 1, "sector": "Arab", "apts_2020": 656.8739334000001, "apt_add_25": 123.2862418, "apt_add_30": 130.4722542, "apt_add_35": 151.2531017, "apt_add_40": 184.5724205, "apt_addAll": 589.5840183, "apts_2040": 1246.457952, "hh_2020": 4.2, "hh_2025": 4.2, "hh_2030": 4.0, "hh_2035": 4.0, "hh_2040": 3.8, "pop_2020": 2758.87052, "pop_2025": 3276.672736, "pop_2030": 3798.561753, "pop_2035": 4403.57416, "pop_2040": 5104.949358, "stud_2020": 2115.17741, "stud_2025": 2244.627964, "stud_2030": 2375.100219, "stud_2035": 2526.35332, "stud_2040": 2701.69712, "emp_2020": 302.2754616, "emp_2025": 334.4839923, "emp_2030": 367.9718709, "emp_2035": 406.7935003, "emp_2040": 453.3211313, "yesh_2020": 0.0, "yesh_2025": 0.0, "yesh_2030": 0.0, "yesh_2035": 0.0, "yesh_2040": 0.0, "uni_2020": 0.0, "uni_2025": 0.0, "uni_2030": 0.0, "uni_2035": 0.0, "uni_2040": 0.0 }, "geometry": { "type": "Point", "coordinates": [ 35.205870079156036, 31.744912541732035 ] } },
{ "type": "Feature", "properties": { "Taz_num": "3610", "Taz_num_sh": 3610.0, "name": "בית צפפה דרום", "in_jeru": 1, "in_metro": 1, "sector": "Arab", "apts_2020": 401.8931108, "apt_add_25": 75.42983322000001, "apt_add_30": 79.82642855, "apt_add_35": 92.54070906, "apt_add_40": 112.926363, "apt_addAll": 360.7233338, "apts_2040": 762.6164446, "hh_2020": 4.2, "hh_2025": 4.2, "hh_2030": 4.0, "hh_2035": 4.0, "hh_2040": 3.8, "pop_2020": 1687.951065, "pop_2025": 2004.756365, "pop_2030": 2324.062079, "pop_2035": 2694.224915, "pop_2040": 3123.345095, "stud_2020": 101.2770639, "stud_2025": 120.2853819, "stud_2030": 139.4437247, "stud_2035": 161.6534949, "stud_2040": 187.4007057, "emp_2020": 53.49197304, "emp_2025": 63.53168385, "emp_2030": 74.06877241, "emp_2035": 86.28414601, "emp_2040": 101.0662069, "yesh_2020": 0.0, "yesh_2025": 0.0, "yesh_2030": 0.0, "yesh_2035": 0.0, "yesh_2040": 0.0, "uni_2020": 0.0, "uni_2025": 0.0, "uni_2030": 0.0, "uni_2035": 0.0, "uni_2040": 0.0 }, "geometry": { "type": "Point", "coordinates": [ 35.205150866323009, 31.735297075978696 ] } },
{ "type": "Feature", "properties": { "Taz_num": "3309", "Taz_num_sh": 3309.0, "name": "הר חומה ה' צפון", "in_jeru": 1, "in_metro": 1, "sector": "Jewish", "apts_2020": 0.0, "apt_add_25": 0.0, "apt_add_30": 215.6, "apt_add_35": 215.6, "apt_add_40": 191.5387418, "apt_addAll": 622.7387418, "apts_2040": 622.7387418, "hh_2020": 3.8, "hh_2025": 3.8, "hh_2030": 3.8, "hh_2035": 3.8, "hh_2040": 3.8, "pop_2020": 0.0, "pop_2025": 0.0, "pop_2030": 819.28, "pop_2035": 1638.56, "pop_2040": 2366.407219, "stud_2020": 0.0, "stud_2025": 0.0, "stud_2030": 208.8775281, "stud_2035": 417.7550563, "stud_2040": 603.3215633, "emp_2020": 0.0, "emp_2025": 0.0, "emp_2030": 42.86310675, "emp_2035": 85.72621349000001, "emp_2040": 185.1124049, "yesh_2020": 0.0, "yesh_2025": 0.0, "yesh_2030": 0.0, "yesh_2035": 0.0, "yesh_2040": 0.0, "uni_2020": 0.0, "uni_2025": 0.0, "uni_2030": 0.0, "uni_2035": 0.0, "uni_2040": 0.0 }, "geometry": { "type": "Point", "coordinates": [ 35.211730403170442, 31.732975392769504 ] } },
{ "type": "Feature", "properties": { "Taz_num": "3603", "Taz_num_sh": 3603.0, "name": "בית צפפה מרכז דרום", "in_jeru": 1, "in_metro": 1, "sector": "Arab", "apts_2020": 530.7029381, "apt_add_25": 99.60567385, "apt_add_30": 105.4114117, "apt_add_35": 122.2007167, "apt_add_40": 149.1201293, "apt_addAll": 476.3379316, "apts_2040": 1007.04087, "hh_2020": 4.2, "hh_2025": 4.2, "hh_2030": 4.0, "hh_2035": 4.0, "hh_2040": 3.8, "pop_2020": 2228.95234, "pop_2025": 2647.29617, "pop_2030": 3068.941817, "pop_2035": 3557.744684, "pop_2040": 4124.401175, "stud_2020": 133.7371404, "stud_2025": 158.8377702, "stud_2030": 184.136509, "stud_2035": 213.464681, "stud_2040": 247.4640705, "emp_2020": 70.63656106000001, "emp_2025": 83.89407625, "emp_2030": 97.8083826, "emp_2035": 113.9388772, "emp_2040": 133.4587021, "yesh_2020": 0.0, "yesh_2025": 0.0, "yesh_2030": 0.0, "yesh_2035": 0.0, "yesh_2040": 0.0, "uni_2020": 0.0, "uni_2025": 0.0, "uni_2030": 0.0, "uni_2035": 0.0, "uni_2040": 0.0 }, "geometry": { "type": "Point", "coordinates": [ 35.202853187624633, 31.74174674571568 ] } },
{ "type": "Feature", "properties": { "Taz_num": "5902", "Taz_num_sh": 5902.0, "name": "רמת שלמה - דרום מזרח", "in_jeru": 1, "in_metro": 1, "sector": "U. Orthodox", "apts_2020": 315.0, "apt_add_25": 0.0, "apt_add_30": 5.0, "apt_add_35": 5.0, "apt_add_40": 5.0, "apt_addAll": 15.0, "apts_2040": 330.0, "hh_2020": 6.964560617, "hh_2025": 6.88214884, "hh_2030": 6.963632402, "hh_2035": 7.054419085, "hh_2040": 7.031780699, "pop_2020": 2193.836594, "pop_2025": 2167.876885, "pop_2030": 2228.362369, "pop_2035": 2292.686203, "pop_2040": 2320.487631, "stud_2020": 1803.630196, "stud_2025": 1803.630196, "stud_2030": 1803.630196, "stud_2035": 1803.630196, "stud_2040": 1803.630196, "emp_2020": 217.3077679, "emp_2025": 217.3077679, "emp_2030": 218.1327679, "emp_2035": 218.9577679, "emp_2040": 219.7827679, "yesh_2020": 329.0754892, "yesh_2025": 325.1815327, "yesh_2030": 334.2543553, "yesh_2035": 343.9029304, "yesh_2040": 348.0731446, "uni_2020": 0.0, "uni_2025": 0.0, "uni_2030": 0.0, "uni_2035": 0.0, "uni_2040": 0.0 }, "geometry": { "type": "Point", "coordinates": [ 35.222294675766705, 31.809804144370613 ] } },
{ "type": "Feature", "properties": { "Taz_num": "4718", "Taz_num_sh": 4718.0, "name": "הדסה מגורים שלב ב", "in_jeru": 1, "in_metro": 1, "sector": null, "apts_2020": 0.0, "apt_add_25": 0.0, "apt_add_30": 0.0, "apt_add_35": 0.0, "apt_add_40": 0.0, "apt_addAll": 0.0, "apts_2040": 0.0, "hh_2020": 0.0, "hh_2025": 0.0, "hh_2030": 0.0, "hh_2035": 0.0, "hh_2040": 0.0, "pop_2020": 0.0, "pop_2025": 0.0, "pop_2030": 0.0, "pop_2035": 0.0, "pop_2040": 0.0, "stud_2020": 0.0, "stud_2025": 0.0, "stud_2030": 0.0, "stud_2035": 0.0, "stud_2040": 0.0, "emp_2020": 0.0, "emp_2025": 0.0, "emp_2030": 0.0, "emp_2035": 0.0, "emp_2040": 0.0, "yesh_2020": 0.0, "yesh_2025": 0.0, "yesh_2030": 0.0, "yesh_2035": 0.0, "yesh_2040": 0.0, "uni_2020": 0.0, "uni_2025": 0.0, "uni_2030": 0.0, "uni_2035": 0.0, "uni_2040": 0.0 }, "geometry": { "type": "Point", "coordinates": [ 35.150881900025077, 31.768414984647965 ] } },
{ "type": "Feature", "properties": { "Taz_num": "4716", "Taz_num_sh": 4716.0, "name": "הדסה בית חולים", "in_jeru": 1, "in_metro": 1, "sector": "Jewish", "apts_2020": 0.0, "apt_add_25": 0.0, "apt_add_30": 0.0, "apt_add_35": 0.0, "apt_add_40": 0.0, "apt_addAll": 0.0, "apts_2040": 0.0, "hh_2020": 0.0, "hh_2025": 0.0, "hh_2030": 0.0, "hh_2035": 0.0, "hh_2040": 0.0, "pop_2020": 0.0, "pop_2025": 0.0, "pop_2030": 0.0, "pop_2035": 0.0, "pop_2040": 0.0, "stud_2020": 0.0, "stud_2025": 0.0, "stud_2030": 0.0, "stud_2035": 0.0, "stud_2040": 0.0, "emp_2020": 5350.0, "emp_2025": 5724.554358, "emp_2030": 6125.327521, "emp_2035": 6554.154806, "emp_2040": 7013.0, "yesh_2020": 0.0, "yesh_2025": 0.0, "yesh_2030": 0.0, "yesh_2035": 0.0, "yesh_2040": 0.0, "uni_2020": 3774.96, "uni_2025": 4039.2072, "uni_2030": 4321.951704, "uni_2035": 4624.488323, "uni_2040": 4948.202506 }, "geometry": { "type": "Point", "coordinates": [ 35.149151376397015, 31.765131002327617 ] } },
{ "type": "Feature", "properties": { "Taz_num": "4715", "Taz_num_sh": 4715.0, "name": "הדסה תעסוקה מרכז תחבורה", "in_jeru": 1, "in_metro": 1, "sector": null, "apts_2020": 0.0, "apt_add_25": 0.0, "apt_add_30": 0.0, "apt_add_35": 0.0, "apt_add_40": 0.0, "apt_addAll": 0.0, "apts_2040": 0.0, "hh_2020": 0.0, "hh_2025": 0.0, "hh_2030": 0.0, "hh_2035": 0.0, "hh_2040": 0.0, "pop_2020": 0.0, "pop_2025": 0.0, "pop_2030": 0.0, "pop_2035": 0.0, "pop_2040": 0.0, "stud_2020": 0.0, "stud_2025": 0.0, "stud_2030": 0.0, "stud_2035": 0.0, "stud_2040": 0.0, "emp_2020": 1155.0, "emp_2025": 1212.754788, "emp_2030": 1273.397315, "emp_2035": 1337.071969, "emp_2040": 2244.0, "yesh_2020": 0.0, "yesh_2025": 0.0, "yesh_2030": 0.0, "yesh_2035": 0.0, "yesh_2040": 0.0, "uni_2020": 0.0, "uni_2025": 0.0, "uni_2030": 0.0, "uni_2035": 0.0, "uni_2040": 0.0 }, "geometry": { "type": "Point", "coordinates": [ 35.148134114157301, 31.763909529400383 ] } },
{ "type": "Feature", "properties": { "Taz_num": "4717", "Taz_num_sh": 4717.0, "name": "הדסה הרחבת בה_ח", "in_jeru": 1, "in_metro": 1, "sector": null, "apts_2020": 320.0, "apt_add_25": 0.0, "apt_add_30": 0.0, "apt_add_35": 0.0, "apt_add_40": 0.0, "apt_addAll": 0.0, "apts_2040": 320.0, "hh_2020": 2.5, "hh_2025": 2.5, "hh_2030": 2.5, "hh_2035": 2.5, "hh_2040": 2.5, "pop_2020": 800.0, "pop_2025": 800.0, "pop_2030": 800.0, "pop_2035": 800.0, "pop_2040": 800.0, "stud_2020": 0.0, "stud_2025": 0.0, "stud_2030": 0.0, "stud_2035": 0.0, "stud_2040": 0.0, "emp_2020": 2.24, "emp_2025": 2.24, "emp_2030": 2.24, "emp_2035": 2.24, "emp_2040": 1934.24, "yesh_2020": 0.0, "yesh_2025": 0.0, "yesh_2030": 0.0, "yesh_2035": 0.0, "yesh_2040": 0.0, "uni_2020": 0.0, "uni_2025": 0.0, "uni_2030": 0.0, "uni_2035": 0.0, "uni_2040": 0.0 }, "geometry": { "type": "Point", "coordinates": [ 35.151844045173306, 31.765524831183242 ] } },
{ "type": "Feature", "properties": { "Taz_num": "4714", "Taz_num_sh": 4714.0, "name": "הדסה מגורים מזרח", "in_jeru": 1, "in_metro": 1, "sector": null, "apts_2020": 0.0, "apt_add_25": 0.0, "apt_add_30": 0.0, "apt_add_35": 0.0, "apt_add_40": 0.0, "apt_addAll": 0.0, "apts_2040": 0.0, "hh_2020": 0.0, "hh_2025": 0.0, "hh_2030": 0.0, "hh_2035": 0.0, "hh_2040": 0.0, "pop_2020": 0.0, "pop_2025": 0.0, "pop_2030": 0.0, "pop_2035": 0.0, "pop_2040": 0.0, "stud_2020": 0.0, "stud_2025": 0.0, "stud_2030": 0.0, "stud_2035": 0.0, "stud_2040": 0.0, "emp_2020": 0.0, "emp_2025": 0.0, "emp_2030": 0.0, "emp_2035": 0.0, "emp_2040": 0.0, "yesh_2020": 0.0, "yesh_2025": 0.0, "yesh_2030": 0.0, "yesh_2035": 0.0, "yesh_2040": 0.0, "uni_2020": 0.0, "uni_2025": 0.0, "uni_2030": 0.0, "uni_2035": 0.0, "uni_2040": 0.0 }, "geometry": { "type": "Point", "coordinates": [ 35.144942983519563, 31.764987421246875 ] } },
{ "type": "Feature", "properties": { "Taz_num": "4712", "Taz_num_sh": 4712.0, "name": "הדסה מגורים מערב", "in_jeru": 1, "in_metro": 1, "sector": null, "apts_2020": 0.0, "apt_add_25": 0.0, "apt_add_30": 0.0, "apt_add_35": 0.0, "apt_add_40": 0.0, "apt_addAll": 0.0, "apts_2040": 0.0, "hh_2020": 0.0, "hh_2025": 0.0, "hh_2030": 0.0, "hh_2035": 0.0, "hh_2040": 0.0, "pop_2020": 0.0, "pop_2025": 0.0, "pop_2030": 0.0, "pop_2035": 0.0, "pop_2040": 0.0, "stud_2020": 0.0, "stud_2025": 0.0, "stud_2030": 0.0, "stud_2035": 0.0, "stud_2040": 0.0, "emp_2020": 0.0, "emp_2025": 0.0, "emp_2030": 0.0, "emp_2035": 0.0, "emp_2040": 0.0, "yesh_2020": 0.0, "yesh_2025": 0.0, "yesh_2030": 0.0, "yesh_2035": 0.0, "yesh_2040": 0.0, "uni_2020": 0.0, "uni_2025": 0.0, "uni_2030": 0.0, "uni_2035": 0.0, "uni_2040": 0.0 }, "geometry": { "type": "Point", "coordinates": [ 35.140256445866363, 31.76385211006065 ] } },
{ "type": "Feature", "properties": { "Taz_num": "4713", "Taz_num_sh": 4713.0, "name": "הדסה מגורים מרכז", "in_jeru": 1, "in_metro": 1, "sector": null, "apts_2020": 0.0, "apt_add_25": 0.0, "apt_add_30": 0.0, "apt_add_35": 0.0, "apt_add_40": 0.0, "apt_addAll": 0.0, "apts_2040": 0.0, "hh_2020": 0.0, "hh_2025": 0.0, "hh_2030": 0.0, "hh_2035": 0.0, "hh_2040": 0.0, "pop_2020": 0.0, "pop_2025": 0.0, "pop_2030": 0.0, "pop_2035": 0.0, "pop_2040": 0.0, "stud_2020": 0.0, "stud_2025": 0.0, "stud_2030": 0.0, "stud_2035": 0.0, "stud_2040": 0.0, "emp_2020": 0.0, "emp_2025": 0.0, "emp_2030": 0.0, "emp_2035": 0.0, "emp_2040": 0.0, "yesh_2020": 0.0, "yesh_2025": 0.0, "yesh_2030": 0.0, "yesh_2035": 0.0, "yesh_2040": 0.0, "uni_2020": 0.0, "uni_2025": 0.0, "uni_2030": 0.0, "uni_2035": 0.0, "uni_2040": 0.0 }, "geometry": { "type": "Point", "coordinates": [ 35.142167882953501, 31.764741676659824 ] } },
{ "type": "Feature", "properties": { "Taz_num": "2504", "Taz_num_sh": 2504.0, "name": "אום טובה", "in_jeru": 1, "in_metro": 1, "sector": "Arab", "apts_2020": 1717.061843, "apt_add_25": 282.9965344, "apt_add_30": 282.9965344, "apt_add_35": 282.9965344, "apt_add_40": 282.9965344, "apt_addAll": 1131.986138, "apts_2040": 2849.047981, "hh_2020": 4.6, "hh_2025": 4.6, "hh_2030": 4.6, "hh_2035": 4.6, "hh_2040": 4.6, "pop_2020": 7898.484477, "pop_2025": 9200.268536, "pop_2030": 10502.05259, "pop_2035": 11803.83665, "pop_2040": 13105.62071, "stud_2020": 2435.927293, "stud_2025": 2798.023375, "stud_2030": 3160.119457, "stud_2035": 3522.215539, "stud_2040": 3884.311622, "emp_2020": 472.3470337, "emp_2025": 527.3299077, "emp_2030": 582.3127818, "emp_2035": 637.2956558, "emp_2040": 2911.277225, "yesh_2020": 0.0, "yesh_2025": 0.0, "yesh_2030": 0.0, "yesh_2035": 0.0, "yesh_2040": 0.0, "uni_2020": 0.0, "uni_2025": 0.0, "uni_2030": 0.0, "uni_2035": 0.0, "uni_2040": 0.0 }, "geometry": { "type": "Point", "coordinates": [ 35.229173991145935, 31.731872427441999 ] } },
{ "type": "Feature", "properties": { "Taz_num": "2501", "Taz_num_sh": 2501.0, "name": "זעקוקה", "in_jeru": 1, "in_metro": 1, "sector": "Arab", "apts_2020": 1744.330182, "apt_add_25": 552.6108435, "apt_add_30": 552.6108435, "apt_add_35": 552.6108435, "apt_add_40": 552.6108435, "apt_addAll": 2210.443374, "apts_2040": 3954.773556, "hh_2020": 4.608066635, "hh_2025": 4.608066635, "hh_2030": 4.608066635, "hh_2035": 4.608066635, "hh_2040": 4.608066635, "pop_2020": 8037.989711, "pop_2025": 10584.4573, "pop_2030": 13130.92489, "pop_2035": 15677.39248, "pop_2040": 18223.86007, "stud_2020": 2722.749044, "stud_2025": 3479.256807, "stud_2030": 4235.76457, "stud_2035": 4992.272332, "stud_2040": 5748.780095, "emp_2020": 792.6601907, "emp_2025": 904.5577705, "emp_2030": 1016.45535, "emp_2035": 1128.35293, "emp_2040": 3689.277816, "yesh_2020": 0.0, "yesh_2025": 0.0, "yesh_2030": 0.0, "yesh_2035": 0.0, "yesh_2040": 0.0, "uni_2020": 0.0, "uni_2025": 0.0, "uni_2030": 0.0, "uni_2035": 0.0, "uni_2040": 0.0 }, "geometry": { "type": "Point", "coordinates": [ 35.240603163521207, 31.729266248914151 ] } }
]
}
